序号,交易营业部名称,买入金额,买入金额-占总成交比例,卖出金额,卖出金额-占总成交比例,净额,类型,代码,名称
1,深股通专用,59860850.69,0.025723108067,147989177.34,0.063593175799,-88128326.65,日跌幅偏离值达到7%的前5只证券,000582,北部湾港
2,机构专用,36136212.97,0.015528274334,85167994.0,0.036597968259,-49031781.03,日跌幅偏离值达到7%的前5只证券,000582,北部湾港
3,机构专用,36028667.0,0.015482060212,59459459.17,0.025550624092,-23430792.17,日跌幅偏离值达到7%的前5只证券,000582,北部湾港
4,东方财富证券股份有限公司拉萨团结路第二证券营业部,19650272.0,0.00844401749,11638723.0,0.005001334362,8011549.0,日跌幅偏离值达到7%的前5只证券,000582,北部湾港
5,国信证券股份有限公司浙江互联网分公司,17809692.27,0.007653092691,10226156.0,0.004394333072,7583536.27,日跌幅偏离值达到7%的前5只证券,000582,北部湾港
1,深股通专用,59860850.69,0.025723108067,147989177.34,0.063593175799,-88128326.65,日跌幅偏离值达到7%的前5只证券,000582,北部湾港
2,机构专用,36136212.97,0.015528274334,85167994.0,0.036597968259,-49031781.03,日跌幅偏离值达到7%的前5只证券,000582,北部湾港
3,机构专用,36028667.0,0.015482060212,59459459.17,0.025550624092,-23430792.17,日跌幅偏离值达到7%的前5只证券,000582,北部湾港
4,中国银河证券股份有限公司莆田幸福路证券营业部,971593.0,0.000417508128,44535362.0,0.019137515025,-43563769.0,日跌幅偏离值达到7%的前5只证券,000582,北部湾港
5,机构专用,13637792.0,0.005860364384,36449333.7,0.015662827022,-22811541.7,日跌幅偏离值达到7%的前5只证券,000582,北部湾港
1,深股通专用,506421958.11,0.067831218302,553014553.28,0.074071928136,-46592595.17,连续三个交易日内，涨幅偏离值累计达到20%的证券,000700,模塑科技
2,机构专用,178919190.4,0.023964811296,95439779.58,0.012783404076,83479410.82,连续三个交易日内，涨幅偏离值累计达到20%的证券,000700,模塑科技
3,机构专用,167918840.35,0.022491401359,0.0,0.0,167918840.35,连续三个交易日内，涨幅偏离值累计达到20%的证券,000700,模塑科技
4,机构专用,131684462.48,0.017638092856,77120079.08,0.010329625001,54564383.4,连续三个交易日内，涨幅偏离值累计达到20%的证券,000700,模塑科技
5,机构专用,101528189.68,0.013598898483,81632551.0,0.010934034946,19895638.68,连续三个交易日内，涨幅偏离值累计达到20%的证券,000700,模塑科技
1,深股通专用,506421958.11,0.067831218302,553014553.28,0.074071928136,-46592595.17,连续三个交易日内，涨幅偏离值累计达到20%的证券,000700,模塑科技
2,机构专用,178919190.4,0.023964811296,95439779.58,0.012783404076,83479410.82,连续三个交易日内，涨幅偏离值累计达到20%的证券,000700,模塑科技
3,机构专用,71257703.0,0.009544406064,90112129.2,0.01206980742,-18854426.2,连续三个交易日内，涨幅偏离值累计达到20%的证券,000700,模塑科技
4,华泰证券股份有限公司江阴福泰路证券营业部,37856439.25,0.005070570803,90096907.6,0.012067768607,-52240468.35,连续三个交易日内，涨幅偏离值累计达到20%的证券,000700,模塑科技
5,机构专用,101528189.68,0.013598898483,81632551.0,0.010934034946,19895638.68,连续三个交易日内，涨幅偏离值累计达到20%的证券,000700,模塑科技
1,深股通专用,1228270557.82,0.06156662573,574144158.45,0.028778772147,654126399.37,日涨幅偏离值达到7%的前5只证券,000725,京东方A
2,国泰海通证券股份有限公司北京知春路证券营业部,421705949.98,0.021137861056,22542840.0,0.001129951853,399163109.98,日涨幅偏离值达到7%的前5只证券,000725,京东方A
3,机构专用,398376213.11,0.019968466277,530092519.59,0.026570699385,-131716306.48,日涨幅偏离值达到7%的前5只证券,000725,京东方A
4,国泰海通证券股份有限公司湛江万豪世家证券营业部,352561570.0,0.017672023553,2230598.0,0.000111807933,350330972.0,日涨幅偏离值达到7%的前5只证券,000725,京东方A
5,国泰海通证券股份有限公司武汉紫阳东路证券营业部,317159812.0,0.015897522999,1870943.0,9.3780354e-05,315288869.0,日涨幅偏离值达到7%的前5只证券,000725,京东方A
1,深股通专用,1228270557.82,0.06156662573,574144158.45,0.028778772147,654126399.37,日涨幅偏离值达到7%的前5只证券,000725,京东方A
2,机构专用,398376213.11,0.019968466277,530092519.59,0.026570699385,-131716306.48,日涨幅偏离值达到7%的前5只证券,000725,京东方A
3,中国银河证券股份有限公司温州三友路证券营业部,6195504.0,0.000310547439,222658712.0,0.011160688905,-216463208.0,日涨幅偏离值达到7%的前5只证券,000725,京东方A
4,机构专用,247443298.0,0.012403007481,191740536.81,0.009610926348,55702761.19,日涨幅偏离值达到7%的前5只证券,000725,京东方A
5,机构专用,181736468.12,0.009109475956,134849959.75,0.006759306367,46886508.37,日涨幅偏离值达到7%的前5只证券,000725,京东方A
1,深股通专用,235144768.21,0.053643754911,140662351.47,0.032089409281,94482416.74,日涨幅偏离值达到7%的前5只证券,000733,振华科技
2,国泰海通证券股份有限公司北京知春路证券营业部,102853963.0,0.023464152848,3915004.0,0.000893132842,98938959.0,日涨幅偏离值达到7%的前5只证券,000733,振华科技
3,广发证券股份有限公司郑州农业路证券营业部,92287383.0,0.021053590912,444621.0,0.000101431727,91842762.0,日涨幅偏离值达到7%的前5只证券,000733,振华科技
4,机构专用,91535788.0,0.020882128973,37931360.28,0.008653310085,53604427.72,日涨幅偏离值达到7%的前5只证券,000733,振华科技
5,广发证券股份有限公司珠海柠溪路证券营业部,88617876.39,0.020216463577,637514.0,0.000145436554,87980362.39,日涨幅偏离值达到7%的前5只证券,000733,振华科技
1,深股通专用,235144768.21,0.053643754911,140662351.47,0.032089409281,94482416.74,日涨幅偏离值达到7%的前5只证券,000733,振华科技
2,中国中金财富证券有限公司南昌红谷中大道证券营业部,117040.0,2.6700424e-05,49536343.9,0.01130076383,-49419303.9,日涨幅偏离值达到7%的前5只证券,000733,振华科技
3,机构专用,81225186.58,0.018529963625,39777737.0,0.009074525412,41447449.58,日涨幅偏离值达到7%的前5只证券,000733,振华科技
4,机构专用,91535788.0,0.020882128973,37931360.28,0.008653310085,53604427.72,日涨幅偏离值达到7%的前5只证券,000733,振华科技
5,机构专用,40834544.0,0.009315615597,37894753.95,0.008644959056,2939790.05,日涨幅偏离值达到7%的前5只证券,000733,振华科技
1,深股通专用,16712677.0,0.039601645949,28502779.28,0.067538968987,-11790102.28,日跌幅偏离值达到7%的前5只证券,000759,中百集团
2,国信证券股份有限公司深圳互联网分公司,8541413.0,0.020239367609,7114837.0,0.01685901402,1426576.0,日跌幅偏离值达到7%的前5只证券,000759,中百集团
3,东方财富证券股份有限公司拉萨金融城南环路证券营业部,7030558.0,0.0166593101,4723713.0,0.011193108668,2306845.0,日跌幅偏离值达到7%的前5只证券,000759,中百集团
4,机构专用,6452616.0,0.015289843409,4578346.0,0.01084865323,1874270.0,日跌幅偏离值达到7%的前5只证券,000759,中百集团
5,机构专用,5485439.28,0.012998062742,7581597.0,0.01796502859,-2096157.72,日跌幅偏离值达到7%的前5只证券,000759,中百集团
1,深股通专用,16712677.0,0.039601645949,28502779.28,0.067538968987,-11790102.28,日跌幅偏离值达到7%的前5只证券,000759,中百集团
2,机构专用,1813373.0,0.004296891247,11519450.0,0.02729599695,-9706077.0,日跌幅偏离值达到7%的前5只证券,000759,中百集团
3,机构专用,940290.0,0.002228071043,8424822.0,0.019963098552,-7484532.0,日跌幅偏离值达到7%的前5只证券,000759,中百集团
4,机构专用,5485439.28,0.012998062742,7581597.0,0.01796502859,-2096157.72,日跌幅偏离值达到7%的前5只证券,000759,中百集团
5,国信证券股份有限公司深圳互联网分公司,8541413.0,0.020239367609,7114837.0,0.01685901402,1426576.0,日跌幅偏离值达到7%的前5只证券,000759,中百集团
1,机构专用,27496885.0,0.044918004011,23537498.0,0.038450080057,3959387.0,日振幅值达到15%的前5只证券,000802,北京文化
2,机构专用,22297772.0,0.036424904571,20296664.0,0.033155960574,2001108.0,日振幅值达到15%的前5只证券,000802,北京文化
3,机构专用,18099973.0,0.029567518641,16292980.0,0.026615674502,1806993.0,日振幅值达到15%的前5只证券,000802,北京文化
4,机构专用,17862149.0,0.029179017202,37690885.0,0.061570586036,-19828736.0,日振幅值达到15%的前5只证券,000802,北京文化
5,机构专用,16765059.99,0.027386848797,13572366.0,0.022171369245,3192693.99,日振幅值达到15%的前5只证券,000802,北京文化
1,机构专用,17862149.0,0.029179017202,37690885.0,0.061570586036,-19828736.0,日振幅值达到15%的前5只证券,000802,北京文化
2,大同证券有限责任公司浙江分公司,0.0,0.0,28323326.0,0.046268050758,-28323326.0,日振幅值达到15%的前5只证券,000802,北京文化
3,机构专用,27496885.0,0.044918004011,23537498.0,0.038450080057,3959387.0,日振幅值达到15%的前5只证券,000802,北京文化
4,机构专用,22297772.0,0.036424904571,20296664.0,0.033155960574,2001108.0,日振幅值达到15%的前5只证券,000802,北京文化
5,机构专用,18099973.0,0.029567518641,16292980.0,0.026615674502,1806993.0,日振幅值达到15%的前5只证券,000802,北京文化
1,机构专用,3896792.0,0.024125943379,4410378.58,0.027305677055,-513586.58,日跌幅偏离值达到7%的前5只证券,001278,一彬科技
2,机构专用,3537675.0,0.021902566712,6576317.0,0.040715504339,-3038642.0,日跌幅偏离值达到7%的前5只证券,001278,一彬科技
3,民生证券股份有限公司浙江分公司,3264781.0,0.020213016643,0.0,0.0,3264781.0,日跌幅偏离值达到7%的前5只证券,001278,一彬科技
4,国投证券股份有限公司北京北苑路证券营业部,2815054.0,0.017428652443,0.0,0.0,2815054.0,日跌幅偏离值达到7%的前5只证券,001278,一彬科技
5,机构专用,2536765.0,0.015705700678,5218761.0,0.032310560172,-2681996.0,日跌幅偏离值达到7%的前5只证券,001278,一彬科技
1,机构专用,0.0,0.0,8750696.0,0.054177589212,-8750696.0,日跌幅偏离值达到7%的前5只证券,001278,一彬科技
2,机构专用,2260122.5,0.013992942776,6900336.0,0.042721581145,-4640213.5,日跌幅偏离值达到7%的前5只证券,001278,一彬科技
3,机构专用,3537675.0,0.021902566712,6576317.0,0.040715504339,-3038642.0,日跌幅偏离值达到7%的前5只证券,001278,一彬科技
4,机构专用,2536765.0,0.015705700678,5218761.0,0.032310560172,-2681996.0,日跌幅偏离值达到7%的前5只证券,001278,一彬科技
5,机构专用,3896792.0,0.024125943379,4410378.58,0.027305677055,-513586.58,日跌幅偏离值达到7%的前5只证券,001278,一彬科技
1,深股通专用,1064631606.67,0.083901774121,505100679.77,0.03980611028,559530926.9,日涨幅偏离值达到7%的前5只证券,001309,德明利
2,机构专用,259752405.43,0.020470637459,283175729.82,0.02231658911,-23423324.39,日涨幅偏离值达到7%的前5只证券,001309,德明利
3,国泰海通证券股份有限公司北京知春路证券营业部,255020641.8,0.020097735358,9563286.0,0.000753666016,245457355.8,日涨幅偏离值达到7%的前5只证券,001309,德明利
4,中信建投证券股份有限公司安徽分公司,184387257.0,0.014531240563,1011005.0,7.9675554e-05,183376252.0,日涨幅偏离值达到7%的前5只证券,001309,德明利
5,机构专用,164871317.25,0.012993223132,157880264.25,0.012442270346,6991053.0,日涨幅偏离值达到7%的前5只证券,001309,德明利
1,深股通专用,1064631606.67,0.083901774121,505100679.77,0.03980611028,559530926.9,日涨幅偏离值达到7%的前5只证券,001309,德明利
2,华泰证券股份有限公司上海武定路证券营业部,59282086.0,0.004671918585,482785885.08,0.038047519936,-423503799.08,日涨幅偏离值达到7%的前5只证券,001309,德明利
3,机构专用,259752405.43,0.020470637459,283175729.82,0.02231658911,-23423324.39,日涨幅偏离值达到7%的前5只证券,001309,德明利
4,机构专用,0.0,0.0,268760593.0,0.021180557129,-268760593.0,日涨幅偏离值达到7%的前5只证券,001309,德明利
5,华泰证券股份有限公司上海分公司,1264311.0,9.9638161e-05,177856433.75,0.014016557687,-176592122.75,日涨幅偏离值达到7%的前5只证券,001309,德明利
1,深股通专用,177527833.68,0.039535568132,178211294.46,0.039687775308,-683460.78,日涨幅偏离值达到7%的前5只证券,001896,豫能控股
2,开源证券股份有限公司西安太华路证券营业部,105125716.0,0.023411567759,17969746.0,0.004001874537,87155970.0,日涨幅偏离值达到7%的前5只证券,001896,豫能控股
3,国金证券股份有限公司深圳分公司,85116190.03,0.018955432849,13780665.22,0.003068963426,71335524.81,日涨幅偏离值达到7%的前5只证券,001896,豫能控股
4,国泰海通证券股份有限公司深圳海岸城海德三道证券营业部,83515111.0,0.01859887147,212299.0,4.727913e-05,83302812.0,日涨幅偏离值达到7%的前5只证券,001896,豫能控股
5,机构专用,64136260.47,0.014283188405,50720452.0,0.011295478823,13415808.47,日涨幅偏离值达到7%的前5只证券,001896,豫能控股
1,深股通专用,177527833.68,0.039535568132,178211294.46,0.039687775308,-683460.78,日涨幅偏离值达到7%的前5只证券,001896,豫能控股
2,国泰海通证券股份有限公司成都北一环路证券营业部,1322157.0,0.000294445254,112571472.0,0.025069742635,-111249315.0,日涨幅偏离值达到7%的前5只证券,001896,豫能控股
3,国泰海通证券股份有限公司北京知春路证券营业部,3412922.0,0.000760060028,112282095.84,0.02500529837,-108869173.84,日涨幅偏离值达到7%的前5只证券,001896,豫能控股
4,机构专用,49108062.98,0.010936398702,95962031.33,0.021370809011,-46853968.35,日涨幅偏离值达到7%的前5只证券,001896,豫能控股
5,华泰证券股份有限公司深圳彩田路证券营业部,40224953.9,0.008958124327,76343496.13,0.017001748008,-36118542.23,日涨幅偏离值达到7%的前5只证券,001896,豫能控股
1,东方财富证券股份有限公司拉萨东环路第二证券营业部,19071699.34,0.018890213278,14102341.0,0.013968143293,4969358.34,连续三个交易日内，跌幅偏离值累计达到12%的ST证券、*ST证券和未完成股改证券,002055,ST得润
2,华泰证券股份有限公司上海武定路证券营业部,11701422.0,0.011590071409,1178552.0,0.001167336913,10522870.0,连续三个交易日内，跌幅偏离值累计达到12%的ST证券、*ST证券和未完成股改证券,002055,ST得润
3,东方财富证券股份有限公司拉萨团结路第一证券营业部,11496202.0,0.01138680428,11024803.0,0.010919891107,471399.0,连续三个交易日内，跌幅偏离值累计达到12%的ST证券、*ST证券和未完成股改证券,002055,ST得润
4,机构专用,10652564.0,0.010551194329,7381195.0,0.007310955637,3271369.0,连续三个交易日内，跌幅偏离值累计达到12%的ST证券、*ST证券和未完成股改证券,002055,ST得润
5,东方财富证券股份有限公司拉萨金融城南环路证券营业部,10646506.0,0.010545193977,7865933.66,0.00779108153,2780572.34,连续三个交易日内，跌幅偏离值累计达到12%的ST证券、*ST证券和未完成股改证券,002055,ST得润
1,浙商证券股份有限公司杭州五星路证券营业部,0.0,0.0,18354221.0,0.018179562454,-18354221.0,连续三个交易日内，跌幅偏离值累计达到12%的ST证券、*ST证券和未完成股改证券,002055,ST得润
2,信达证券股份有限公司深圳湾科技生态园证券营业部,0.0,0.0,17480510.0,0.017314165677,-17480510.0,连续三个交易日内，跌幅偏离值累计达到12%的ST证券、*ST证券和未完成股改证券,002055,ST得润
3,东亚前海证券有限责任公司上海分公司,0.0,0.0,17287946.0,0.017123434114,-17287946.0,连续三个交易日内，跌幅偏离值累计达到12%的ST证券、*ST证券和未完成股改证券,002055,ST得润
4,中信建投证券股份有限公司上海营口路证券营业部,9570809.0,0.009479733297,15425167.68,0.01527838197,-5854358.68,连续三个交易日内，跌幅偏离值累计达到12%的ST证券、*ST证券和未完成股改证券,002055,ST得润
5,中国银河证券股份有限公司威海统一路证券营业部,6668430.0,0.0066049733,14627754.0,0.014488556469,-7959324.0,连续三个交易日内，跌幅偏离值累计达到12%的ST证券、*ST证券和未完成股改证券,002055,ST得润
1,深股通专用,646097994.37,0.072887789719,750346414.92,0.08464829203,-104248420.55,连续三个交易日内，涨幅偏离值累计达到20%的证券,002056,横店东磁
2,机构专用,207409464.07,0.023398335136,200160348.0,0.022580545803,7249116.07,连续三个交易日内，涨幅偏离值累计达到20%的证券,002056,横店东磁
3,机构专用,203241762.4,0.022928167196,0.0,0.0,203241762.4,连续三个交易日内，涨幅偏离值累计达到20%的证券,002056,横店东磁
4,机构专用,120889763.1,0.013637850154,211495100.24,0.023859245079,-90605337.14,连续三个交易日内，涨幅偏离值累计达到20%的证券,002056,横店东磁
5,机构专用,89337910.34,0.010078413615,149377785.68,0.016851649017,-60039875.34,连续三个交易日内，涨幅偏离值累计达到20%的证券,002056,横店东磁
1,深股通专用,646097994.37,0.072887789719,750346414.92,0.08464829203,-104248420.55,连续三个交易日内，涨幅偏离值累计达到20%的证券,002056,横店东磁
2,机构专用,120889763.1,0.013637850154,211495100.24,0.023859245079,-90605337.14,连续三个交易日内，涨幅偏离值累计达到20%的证券,002056,横店东磁
3,机构专用,207409464.07,0.023398335136,200160348.0,0.022580545803,7249116.07,连续三个交易日内，涨幅偏离值累计达到20%的证券,002056,横店东磁
4,机构专用,89337910.34,0.010078413615,149377785.68,0.016851649017,-60039875.34,连续三个交易日内，涨幅偏离值累计达到20%的证券,002056,横店东磁
5,中国国际金融股份有限公司上海分公司,82874736.0,0.009349288163,106384267.84,0.012001452119,-23509531.84,连续三个交易日内，涨幅偏离值累计达到20%的证券,002056,横店东磁
1,招商证券股份有限公司深圳深南大道车公庙证券营业部,7555256.0,0.015910837634,358664.0,0.000755321152,7196592.0,连续三个交易日内，跌幅偏离值累计达到12%的ST证券、*ST证券和未完成股改证券,002082,ST万邦
2,东方财富证券股份有限公司山南香曲东路证券营业部,7421491.0,0.015629137954,5834919.0,0.012287928935,1586572.0,连续三个交易日内，跌幅偏离值累计达到12%的ST证券、*ST证券和未完成股改证券,002082,ST万邦
3,机构专用,7010990.0,0.014764651727,3553897.0,0.00748425707,3457093.0,连续三个交易日内，跌幅偏离值累计达到12%的ST证券、*ST证券和未完成股改证券,002082,ST万邦
4,长城证券股份有限公司四川分公司,6980000.0,0.014699388967,0.0,0.0,6980000.0,连续三个交易日内，跌幅偏离值累计达到12%的ST证券、*ST证券和未完成股改证券,002082,ST万邦
5,民生证券股份有限公司深圳深南大道科技园证券营业部,6840400.0,0.014405401187,0.0,0.0,6840400.0,连续三个交易日内，跌幅偏离值累计达到12%的ST证券、*ST证券和未完成股改证券,002082,ST万邦
1,上海证券有限责任公司温州月乐西街证券营业部,0.0,0.0,17702504.0,0.037280228077,-17702504.0,连续三个交易日内，跌幅偏离值累计达到12%的ST证券、*ST证券和未完成股改证券,002082,ST万邦
2,深股通专用,0.0,0.0,8089193.0,0.017035271394,-8089193.0,连续三个交易日内，跌幅偏离值累计达到12%的ST证券、*ST证券和未完成股改证券,002082,ST万邦
3,国泰海通证券股份有限公司上海闵行区号文路证券营业部,268020.0,0.000564431265,7843555.0,0.016517975047,-7575535.0,连续三个交易日内，跌幅偏离值累计达到12%的ST证券、*ST证券和未完成股改证券,002082,ST万邦
4,平安证券股份有限公司上海巨鹿路营业部,205686.0,0.000433160246,6916426.0,0.014565506595,-6710740.0,连续三个交易日内，跌幅偏离值累计达到12%的ST证券、*ST证券和未完成股改证券,002082,ST万邦
5,东方财富证券股份有限公司山南香曲东路证券营业部,7421491.0,0.015629137954,5834919.0,0.012287928935,1586572.0,连续三个交易日内，跌幅偏离值累计达到12%的ST证券、*ST证券和未完成股改证券,002082,ST万邦
1,深股通专用,23215145.0,0.013852850263,18334708.0,0.01094061504,4880437.0,日换手率达到20%的前5只证券,002137,实益达
2,东方财富证券股份有限公司拉萨金融城南环路证券营业部,19165171.0,0.011436165664,10002704.0,0.005968774295,9162467.0,日换手率达到20%的前5只证券,002137,实益达
3,机构专用,18950969.16,0.011308347982,10238505.0,0.006109480543,8712464.16,日换手率达到20%的前5只证券,002137,实益达
4,国信证券股份有限公司浙江互联网分公司,16393249.0,0.009782115241,2002488.0,0.001194916785,14390761.0,日换手率达到20%的前5只证券,002137,实益达
5,东方财富证券股份有限公司拉萨团结路第一证券营业部,14859887.0,0.008867133483,10079481.0,0.006014588365,4780406.0,日换手率达到20%的前5只证券,002137,实益达
1,开源证券股份有限公司西安太华路证券营业部,2034.0,1.213721e-06,59181371.34,0.035314475767,-59179337.34,日换手率达到20%的前5只证券,002137,实益达
2,国新证券股份有限公司北京分公司,137574.0,8.2092618e-05,58880942.24,0.035135204893,-58743368.24,日换手率达到20%的前5只证券,002137,实益达
3,国新证券股份有限公司北京中关村大街证券营业部,0.0,0.0,25319064.0,0.015108292556,-25319064.0,日换手率达到20%的前5只证券,002137,实益达
4,广发证券股份有限公司广州科韵路证券营业部,142739.0,8.5174656e-05,22748969.0,0.013574675549,-22606230.0,日换手率达到20%的前5只证券,002137,实益达
5,华鑫证券有限责任公司上海茅台路证券营业部,44479.0,2.6541334e-05,20935830.68,0.012492746762,-20891351.68,日换手率达到20%的前5只证券,002137,实益达
1,深股通专用,5031485653.99,0.073584862074,4309686501.56,0.063028637783,721799152.43,连续三个交易日内，涨幅偏离值累计达到20%的证券,002384,东山精密
2,机构专用,1541412723.85,0.02254297249,1344914984.16,0.019669217089,196497739.69,连续三个交易日内，涨幅偏离值累计达到20%的证券,002384,东山精密
3,机构专用,1163221134.86,0.017011966774,712445987.31,0.010419435395,450775147.55,连续三个交易日内，涨幅偏离值累计达到20%的证券,002384,东山精密
4,机构专用,1023688840.21,0.014971324037,871293999.65,0.01274256814,152394840.56,连续三个交易日内，涨幅偏离值累计达到20%的证券,002384,东山精密
5,机构专用,827649731.64,0.01210427606,688884581.3,0.010074852715,138765150.34,连续三个交易日内，涨幅偏离值累计达到20%的证券,002384,东山精密
1,深股通专用,5031485653.99,0.073584862074,4309686501.56,0.063028637783,721799152.43,连续三个交易日内，涨幅偏离值累计达到20%的证券,002384,东山精密
2,机构专用,1541412723.85,0.02254297249,1344914984.16,0.019669217089,196497739.69,连续三个交易日内，涨幅偏离值累计达到20%的证券,002384,东山精密
3,机构专用,1023688840.21,0.014971324037,871293999.65,0.01274256814,152394840.56,连续三个交易日内，涨幅偏离值累计达到20%的证券,002384,东山精密
4,国泰海通证券股份有限公司上海分公司,140522259.35,0.00205512085,782468751.07,0.011443509747,-641946491.72,连续三个交易日内，涨幅偏离值累计达到20%的证券,002384,东山精密
5,机构专用,1163221134.86,0.017011966774,712445987.31,0.010419435395,450775147.55,连续三个交易日内，涨幅偏离值累计达到20%的证券,002384,东山精密
1,深股通专用,131827057.5,0.056245469276,190338626.38,0.081210076027,-58511568.88,日换手率达到20%的前5只证券,002421,达实智能
2,机构专用,33614103.0,0.014341828099,36319357.0,0.015496054581,-2705254.0,日换手率达到20%的前5只证券,002421,达实智能
3,机构专用,32495271.0,0.013864466076,58955544.43,0.025154033821,-26460273.43,日换手率达到20%的前5只证券,002421,达实智能
4,中国银河证券股份有限公司庄河世纪大街证券营业部,30068323.56,0.012828982161,17414002.0,0.00742987618,12654321.56,日换手率达到20%的前5只证券,002421,达实智能
5,国信证券股份有限公司浙江互联网分公司,24652414.0,0.010518224563,20349386.0,0.008682290167,4303028.0,日换手率达到20%的前5只证券,002421,达实智能
1,深股通专用,131827057.5,0.056245469276,190338626.38,0.081210076027,-58511568.88,日换手率达到20%的前5只证券,002421,达实智能
2,东莞证券股份有限公司南京分公司,12657742.0,0.005400565349,67746437.26,0.028904765287,-55088695.26,日换手率达到20%的前5只证券,002421,达实智能
3,机构专用,32495271.0,0.013864466076,58955544.43,0.025154033821,-26460273.43,日换手率达到20%的前5只证券,002421,达实智能
4,机构专用,15727912.0,0.00671048727,43504919.72,0.018561854234,-27777007.72,日换手率达到20%的前5只证券,002421,达实智能
5,机构专用,8374869.0,0.003573230306,36339525.0,0.015504659481,-27964656.0,日换手率达到20%的前5只证券,002421,达实智能
1,深股通专用,966777375.86,0.067213591902,1990709719.12,0.138400788016,-1023932343.26,连续三个交易日内，涨幅偏离值累计达到20%的证券,002484,江海股份
2,机构专用,465595859.75,0.032369779113,456082011.73,0.031708344626,9513848.02,连续三个交易日内，涨幅偏离值累计达到20%的证券,002484,江海股份
3,中信证券股份有限公司杭州延安路证券营业部,447282298.79,0.031096559194,6417613.0,0.000446173889,440864685.79,连续三个交易日内，涨幅偏离值累计达到20%的证券,002484,江海股份
4,机构专用,315628500.77,0.021943547473,406399513.7,0.028254251439,-90771012.93,连续三个交易日内，涨幅偏离值累计达到20%的证券,002484,江海股份
5,机构专用,287694510.04,0.020001483147,0.0,0.0,287694510.04,连续三个交易日内，涨幅偏离值累计达到20%的证券,002484,江海股份
1,深股通专用,966777375.86,0.067213591902,1990709719.12,0.138400788016,-1023932343.26,连续三个交易日内，涨幅偏离值累计达到20%的证券,002484,江海股份
2,机构专用,465595859.75,0.032369779113,456082011.73,0.031708344626,9513848.02,连续三个交易日内，涨幅偏离值累计达到20%的证券,002484,江海股份
3,机构专用,315628500.77,0.021943547473,406399513.7,0.028254251439,-90771012.93,连续三个交易日内，涨幅偏离值累计达到20%的证券,002484,江海股份
4,机构专用,171299351.51,0.011909303003,367338778.29,0.025538618662,-196039426.78,连续三个交易日内，涨幅偏离值累计达到20%的证券,002484,江海股份
5,机构专用,280958146.7,0.01953314867,290180199.37,0.020174296571,-9222052.67,连续三个交易日内，涨幅偏离值累计达到20%的证券,002484,江海股份
1,深股通专用,257548836.0,0.044489158866,74522142.09,0.012873004864,183026693.91,日涨幅偏离值达到7%的前5只证券,002491,通鼎互联
2,国泰海通证券股份有限公司武汉紫阳东路证券营业部,208334463.0,0.035987835028,1952502.0,0.000337276507,206381961.0,日涨幅偏离值达到7%的前5只证券,002491,通鼎互联
3,机构专用,148057981.79,0.025575635191,139559003.75,0.024107516017,8498978.04,日涨幅偏离值达到7%的前5只证券,002491,通鼎互联
4,国泰海通证券股份有限公司上海长宁区江苏路证券营业部,127000272.0,0.021938112262,3063381.0,0.000529170491,123936891.0,日涨幅偏离值达到7%的前5只证券,002491,通鼎互联
5,机构专用,123626775.54,0.021355372218,72389581.81,0.012504624969,51237193.73,日涨幅偏离值达到7%的前5只证券,002491,通鼎互联
1,机构专用,148057981.79,0.025575635191,139559003.75,0.024107516017,8498978.04,日涨幅偏离值达到7%的前5只证券,002491,通鼎互联
2,机构专用,75279061.46,0.013003755624,117482096.38,0.020293936214,-42203034.92,日涨幅偏离值达到7%的前5只证券,002491,通鼎互联
3,深股通专用,257548836.0,0.044489158866,74522142.09,0.012873004864,183026693.91,日涨幅偏离值达到7%的前5只证券,002491,通鼎互联
4,国信证券股份有限公司浙江互联网分公司,37173839.0,0.00642143391,72970851.48,0.012605033882,-35797012.48,日涨幅偏离值达到7%的前5只证券,002491,通鼎互联
5,机构专用,123626775.54,0.021355372218,72389581.81,0.012504624969,51237193.73,日涨幅偏离值达到7%的前5只证券,002491,通鼎互联
1,中国银河证券股份有限公司北京珠市口大街证券营业部,2938139.72,0.025764157871,4980.0,4.366896e-05,2933159.72,连续三个交易日内，涨幅偏离值累计达到12%的ST证券、*ST证券和未完成股改证券,002501,*ST利源
2,华源证券股份有限公司湖北分公司,2351228.0,0.020617606771,0.0,0.0,2351228.0,连续三个交易日内，涨幅偏离值累计达到12%的ST证券、*ST证券和未完成股改证券,002501,*ST利源
3,中信建投证券股份有限公司上海营口路证券营业部,2015423.0,0.017672977223,819502.0,0.007186104446,1195921.0,连续三个交易日内，涨幅偏离值累计达到12%的ST证券、*ST证券和未完成股改证券,002501,*ST利源
4,国泰海通证券股份有限公司成都北一环路证券营业部,1687204.0,0.014794868304,78000.0,0.000683971664,1609204.0,连续三个交易日内，涨幅偏离值累计达到12%的ST证券、*ST证券和未完成股改证券,002501,*ST利源
5,德邦证券股份有限公司上海乍浦路证券营业部,1659170.0,0.014549041873,0.0,0.0,1659170.0,连续三个交易日内，涨幅偏离值累计达到12%的ST证券、*ST证券和未完成股改证券,002501,*ST利源
1,光大证券股份有限公司郑州金融岛证券营业部,0.0,0.0,2820450.0,0.024732152312,-2820450.0,连续三个交易日内，涨幅偏离值累计达到12%的ST证券、*ST证券和未完成股改证券,002501,*ST利源
2,浙商证券股份有限公司宁波四明中路证券营业部,0.0,0.0,1566528.0,0.013736676451,-1566528.0,连续三个交易日内，涨幅偏离值累计达到12%的ST证券、*ST证券和未完成股改证券,002501,*ST利源
3,国泰海通证券股份有限公司辽源人民大街证券营业部,929339.0,0.008149250544,1566003.0,0.013732072796,-636664.0,连续三个交易日内，涨幅偏离值累计达到12%的ST证券、*ST证券和未完成股改证券,002501,*ST利源
4,华源证券股份有限公司江苏分公司,0.0,0.0,1470000.0,0.01289023521,-1470000.0,连续三个交易日内，涨幅偏离值累计达到12%的ST证券、*ST证券和未完成股改证券,002501,*ST利源
5,东方财富证券股份有限公司山南香曲东路证券营业部,516303.0,0.004527392592,1391639.0,0.012203097985,-875336.0,连续三个交易日内，涨幅偏离值累计达到12%的ST证券、*ST证券和未完成股改证券,002501,*ST利源
1,深股通专用,94687210.8,0.01990896818,65809415.2,0.01383711213,28877795.6,日换手率达到20%的前5只证券,002579,中京电子
2,机构专用,69299141.1,0.014570863197,22331357.53,0.004695399545,46967783.57,日换手率达到20%的前5只证券,002579,中京电子
3,机构专用,68064035.73,0.014311169482,15860775.0,0.003334892454,52203260.73,日换手率达到20%的前5只证券,002579,中京电子
4,机构专用,54589995.0,0.011478112664,48106477.0,0.010114885756,6483518.0,日换手率达到20%的前5只证券,002579,中京电子
5,国信证券股份有限公司浙江互联网分公司,53572224.23,0.011264115803,57306936.26,0.012049377744,-3734712.03,日换手率达到20%的前5只证券,002579,中京电子
1,深股通专用,94687210.8,0.01990896818,65809415.2,0.01383711213,28877795.6,日换手率达到20%的前5只证券,002579,中京电子
2,国信证券股份有限公司浙江互联网分公司,53572224.23,0.011264115803,57306936.26,0.012049377744,-3734712.03,日换手率达到20%的前5只证券,002579,中京电子
3,东方财富证券股份有限公司拉萨金融城南环路证券营业部,48951599.91,0.010292581614,52190393.63,0.010973571587,-3238793.72,日换手率达到20%的前5只证券,002579,中京电子
4,东方财富证券股份有限公司山南香曲东路证券营业部,41419248.73,0.008708826652,49477255.42,0.010403106137,-8058006.69,日换手率达到20%的前5只证券,002579,中京电子
5,东方财富证券股份有限公司拉萨团结路第一证券营业部,42531264.28,0.008942639455,48209794.92,0.010136609421,-5678530.64,日换手率达到20%的前5只证券,002579,中京电子
1,机构专用,58117696.0,0.020704329875,26258316.59,0.009354480409,31859379.41,连续三个交易日内，跌幅偏离值累计达到20%的证券,002606,大连电瓷
2,中国国际金融股份有限公司上海分公司,23296144.0,0.008299211486,4666915.0,0.001662580493,18629229.0,连续三个交易日内，跌幅偏离值累计达到20%的证券,002606,大连电瓷
3,机构专用,22904365.37,0.008159641019,6104948.0,0.002174877291,16799417.37,连续三个交易日内，跌幅偏离值累计达到20%的证券,002606,大连电瓷
4,机构专用,22444813.0,0.007995926272,17918359.16,0.006383384828,4526453.84,连续三个交易日内，跌幅偏离值累计达到20%的证券,002606,大连电瓷
5,中银国际证券股份有限公司大连分公司,19232212.34,0.006851442778,2707664.0,0.000964600673,16524548.34,连续三个交易日内，跌幅偏离值累计达到20%的证券,002606,大连电瓷
1,机构专用,58117696.0,0.020704329875,26258316.59,0.009354480409,31859379.41,连续三个交易日内，跌幅偏离值累计达到20%的证券,002606,大连电瓷
2,东方财富证券股份有限公司拉萨团结路第一证券营业部,18992608.0,0.006766084141,22340474.0,0.007958755682,-3347866.0,连续三个交易日内，跌幅偏离值累计达到20%的证券,002606,大连电瓷
3,东方财富证券股份有限公司昌都两江大道证券营业部,14730824.0,0.005247830875,19695686.0,0.007016554477,-4964862.0,连续三个交易日内，跌幅偏离值累计达到20%的证券,002606,大连电瓷
4,东方财富证券股份有限公司拉萨金融城南环路证券营业部,16379693.0,0.005835237638,19693344.0,0.007015720143,-3313651.0,连续三个交易日内，跌幅偏离值累计达到20%的证券,002606,大连电瓷
5,东方财富证券股份有限公司拉萨东环路第二证券营业部,15117626.0,0.005385628426,19134184.82,0.006816520641,-4016558.82,连续三个交易日内，跌幅偏离值累计达到20%的证券,002606,大连电瓷
1,华泰证券股份有限公司北京月坛南街证券营业部,13629785.0,0.025428981322,2435495.0,0.004543883624,11194290.0,连续三个交易日内，跌幅偏离值累计达到12%的ST证券、*ST证券和未完成股改证券,002620,*ST瑞和
2,中信建投证券股份有限公司上海营口路证券营业部,12807709.0,0.023895240676,12309862.5,0.022966412426,497846.5,连续三个交易日内，跌幅偏离值累计达到12%的ST证券、*ST证券和未完成股改证券,002620,*ST瑞和
3,机构专用,10428545.25,0.019456453816,8931211.56,0.016662890276,1497333.69,连续三个交易日内，跌幅偏离值累计达到12%的ST证券、*ST证券和未完成股改证券,002620,*ST瑞和
4,机构专用,9064722.0,0.01691197964,9157633.46,0.017085323811,-92911.46,连续三个交易日内，跌幅偏离值累计达到12%的ST证券、*ST证券和未完成股改证券,002620,*ST瑞和
5,国金证券股份有限公司深圳分公司,9000458.25,0.016792083274,5166646.91,0.009639371991,3833811.34,连续三个交易日内，跌幅偏离值累计达到12%的ST证券、*ST证券和未完成股改证券,002620,*ST瑞和
1,华泰证券股份有限公司上海武定路证券营业部,464493.0,0.000866600891,14208489.0,0.026508664765,-13743996.0,连续三个交易日内，跌幅偏离值累计达到12%的ST证券、*ST证券和未完成股改证券,002620,*ST瑞和
2,中信建投证券股份有限公司上海营口路证券营业部,12807709.0,0.023895240676,12309862.5,0.022966412426,497846.5,连续三个交易日内，跌幅偏离值累计达到12%的ST证券、*ST证券和未完成股改证券,002620,*ST瑞和
3,机构专用,9064722.0,0.01691197964,9157633.46,0.017085323811,-92911.46,连续三个交易日内，跌幅偏离值累计达到12%的ST证券、*ST证券和未完成股改证券,002620,*ST瑞和
4,东方财富证券股份有限公司拉萨东环路第二证券营业部,7471904.75,0.013940273183,9127531.75,0.017029163291,-1655627.0,连续三个交易日内，跌幅偏离值累计达到12%的ST证券、*ST证券和未完成股改证券,002620,*ST瑞和
5,机构专用,10428545.25,0.019456453816,8931211.56,0.016662890276,1497333.69,连续三个交易日内，跌幅偏离值累计达到12%的ST证券、*ST证券和未完成股改证券,002620,*ST瑞和
1,中泰证券股份有限公司湖北分公司,3205496.0,0.022233605423,121037.0,0.0008395234,3084459.0,连续三个交易日内，涨幅偏离值累计达到12%的ST证券、*ST证券和未完成股改证券,002630,*ST华西
2,中邮证券有限责任公司武汉中北路证券营业部,2711189.0,0.018805048097,174000.0,0.001206879479,2537189.0,连续三个交易日内，涨幅偏离值累计达到12%的ST证券、*ST证券和未完成股改证券,002630,*ST华西
3,东方财富证券股份有限公司拉萨团结路第二证券营业部,2144002.0,0.014870988607,2044979.0,0.014184156269,99023.0,连续三个交易日内，涨幅偏离值累计达到12%的ST证券、*ST证券和未完成股改证券,002630,*ST华西
4,机构专用,2134403.0,0.014804409089,1596141.0,0.011070975972,538262.0,连续三个交易日内，涨幅偏离值累计达到12%的ST证券、*ST证券和未完成股改证券,002630,*ST华西
5,东莞证券股份有限公司四川分公司,1910643.0,0.013252389823,1788400.0,0.0124045015,122243.0,连续三个交易日内，涨幅偏离值累计达到12%的ST证券、*ST证券和未完成股改证券,002630,*ST华西
1,东方财富证券股份有限公司拉萨团结路第一证券营业部,1613961.0,0.011194577077,3632753.26,0.025197099788,-2018792.26,连续三个交易日内，涨幅偏离值累计达到12%的ST证券、*ST证券和未完成股改证券,002630,*ST华西
2,国泰海通证券股份有限公司上海普陀区大渡河路证券营业部,805000.0,0.005583551614,3630627.74,0.025182356992,-2825627.74,连续三个交易日内，涨幅偏离值累计达到12%的ST证券、*ST证券和未完成股改证券,002630,*ST华西
3,东方财富证券股份有限公司昌都两江大道证券营业部,965809.0,0.006698937144,3079817.0,0.021361884699,-2114008.0,连续三个交易日内，涨幅偏离值累计达到12%的ST证券、*ST证券和未完成股改证券,002630,*ST华西
4,东方财富证券股份有限公司拉萨团结路第二证券营业部,2144002.0,0.014870988607,2044979.0,0.014184156269,99023.0,连续三个交易日内，涨幅偏离值累计达到12%的ST证券、*ST证券和未完成股改证券,002630,*ST华西
5,联储证券股份有限公司陕西分公司,568762.0,0.00394498383,1901359.0,0.013187995173,-1332597.0,连续三个交易日内，涨幅偏离值累计达到12%的ST证券、*ST证券和未完成股改证券,002630,*ST华西
1,深股通专用,240286489.06,0.095401593498,159475250.76,0.063316889374,80811238.3,日振幅值达到15%的前5只证券,002645,华宏科技
2,国新证券股份有限公司北京分公司,56388200.0,0.022387959288,3559.0,1.413039e-06,56384641.0,日振幅值达到15%的前5只证券,002645,华宏科技
3,中信证券股份有限公司北京呼家楼证券营业部,53819437.0,0.021368076379,169599.0,6.7336349e-05,53649838.0,日振幅值达到15%的前5只证券,002645,华宏科技
4,开源证券股份有限公司西安太华路证券营业部,53290820.0,0.021158198144,50654192.75,0.020111370908,2636627.25,日振幅值达到15%的前5只证券,002645,华宏科技
5,金元证券股份有限公司广州花城大道证券营业部,47428662.0,0.018830729726,450470.0,0.00017885132,46978192.0,日振幅值达到15%的前5只证券,002645,华宏科技
6,深股通专用,502694225.6,0.082610881336,367085274.71,0.06032541558,135608950.89,连续三个交易日内，涨幅偏离值累计达到20%的证券,002645,华宏科技
7,中信证券股份有限公司西安朱雀大街证券营业部,124884011.92,0.020522969559,221689.0,3.6431538e-05,124662322.92,连续三个交易日内，涨幅偏离值累计达到20%的证券,002645,华宏科技
8,机构专用,118732721.0,0.019512089508,109801440.0,0.018044356327,8931281.0,连续三个交易日内，涨幅偏离值累计达到20%的证券,002645,华宏科技
9,开源证券股份有限公司西安太华路证券营业部,105127341.0,0.017276232449,50754167.75,0.008340749338,54373173.25,连续三个交易日内，涨幅偏离值累计达到20%的证券,002645,华宏科技
10,国盛证券股份有限公司南昌金融大街证券营业部,100502752.0,0.016516244859,146359333.0,0.024052143182,-45856581.0,连续三个交易日内，涨幅偏离值累计达到20%的证券,002645,华宏科技
1,深股通专用,240286489.06,0.095401593498,159475250.76,0.063316889374,80811238.3,日振幅值达到15%的前5只证券,002645,华宏科技
2,中信建投证券股份有限公司西安锦业路证券营业部,46648043.0,0.018520798457,141192160.62,0.056057904734,-94544117.62,日振幅值达到15%的前5只证券,002645,华宏科技
3,广发证券股份有限公司深圳深南东路证券营业部,1527260.8,0.000606372479,95933458.0,0.038088719839,-94406197.2,日振幅值达到15%的前5只证券,002645,华宏科技
4,国泰海通证券股份有限公司成都北一环路证券营业部,480845.0,0.000190911189,86042902.97,0.034161846072,-85562057.97,日振幅值达到15%的前5只证券,002645,华宏科技
5,中信证券股份有限公司赣州登峰大道证券营业部,2298420.0,0.000912547898,83245864.0,0.033051330138,-80947444.0,日振幅值达到15%的前5只证券,002645,华宏科技
6,深股通专用,502694225.6,0.082610881336,367085274.71,0.06032541558,135608950.89,连续三个交易日内，涨幅偏离值累计达到20%的证券,002645,华宏科技
7,中信证券股份有限公司赣州登峰大道证券营业部,2590763.0,0.000425756263,181409323.6,0.029812127019,-178818560.6,连续三个交易日内，涨幅偏离值累计达到20%的证券,002645,华宏科技
8,国盛证券股份有限公司南昌金融大街证券营业部,100502752.0,0.016516244859,146359333.0,0.024052143182,-45856581.0,连续三个交易日内，涨幅偏离值累计达到20%的证券,002645,华宏科技
9,中信建投证券股份有限公司西安锦业路证券营业部,47099925.0,0.007740224807,142042782.62,0.023342777502,-94942857.62,连续三个交易日内，涨幅偏离值累计达到20%的证券,002645,华宏科技
10,机构专用,118732721.0,0.019512089508,109801440.0,0.018044356327,8931281.0,连续三个交易日内，涨幅偏离值累计达到20%的证券,002645,华宏科技
1,深股通专用,240286489.06,0.095401593498,159475250.76,0.063316889374,80811238.3,日振幅值达到15%的前5只证券,002645,华宏科技
2,国新证券股份有限公司北京分公司,56388200.0,0.022387959288,3559.0,1.413039e-06,56384641.0,日振幅值达到15%的前5只证券,002645,华宏科技
3,中信证券股份有限公司北京呼家楼证券营业部,53819437.0,0.021368076379,169599.0,6.7336349e-05,53649838.0,日振幅值达到15%的前5只证券,002645,华宏科技
4,开源证券股份有限公司西安太华路证券营业部,53290820.0,0.021158198144,50654192.75,0.020111370908,2636627.25,日振幅值达到15%的前5只证券,002645,华宏科技
5,金元证券股份有限公司广州花城大道证券营业部,47428662.0,0.018830729726,450470.0,0.00017885132,46978192.0,日振幅值达到15%的前5只证券,002645,华宏科技
6,深股通专用,502694225.6,0.082610881336,367085274.71,0.06032541558,135608950.89,连续三个交易日内，涨幅偏离值累计达到20%的证券,002645,华宏科技
7,中信证券股份有限公司西安朱雀大街证券营业部,124884011.92,0.020522969559,221689.0,3.6431538e-05,124662322.92,连续三个交易日内，涨幅偏离值累计达到20%的证券,002645,华宏科技
8,机构专用,118732721.0,0.019512089508,109801440.0,0.018044356327,8931281.0,连续三个交易日内，涨幅偏离值累计达到20%的证券,002645,华宏科技
9,开源证券股份有限公司西安太华路证券营业部,105127341.0,0.017276232449,50754167.75,0.008340749338,54373173.25,连续三个交易日内，涨幅偏离值累计达到20%的证券,002645,华宏科技
10,国盛证券股份有限公司南昌金融大街证券营业部,100502752.0,0.016516244859,146359333.0,0.024052143182,-45856581.0,连续三个交易日内，涨幅偏离值累计达到20%的证券,002645,华宏科技
1,深股通专用,240286489.06,0.095401593498,159475250.76,0.063316889374,80811238.3,日振幅值达到15%的前5只证券,002645,华宏科技
2,中信建投证券股份有限公司西安锦业路证券营业部,46648043.0,0.018520798457,141192160.62,0.056057904734,-94544117.62,日振幅值达到15%的前5只证券,002645,华宏科技
3,广发证券股份有限公司深圳深南东路证券营业部,1527260.8,0.000606372479,95933458.0,0.038088719839,-94406197.2,日振幅值达到15%的前5只证券,002645,华宏科技
4,国泰海通证券股份有限公司成都北一环路证券营业部,480845.0,0.000190911189,86042902.97,0.034161846072,-85562057.97,日振幅值达到15%的前5只证券,002645,华宏科技
5,中信证券股份有限公司赣州登峰大道证券营业部,2298420.0,0.000912547898,83245864.0,0.033051330138,-80947444.0,日振幅值达到15%的前5只证券,002645,华宏科技
6,深股通专用,502694225.6,0.082610881336,367085274.71,0.06032541558,135608950.89,连续三个交易日内，涨幅偏离值累计达到20%的证券,002645,华宏科技
7,中信证券股份有限公司赣州登峰大道证券营业部,2590763.0,0.000425756263,181409323.6,0.029812127019,-178818560.6,连续三个交易日内，涨幅偏离值累计达到20%的证券,002645,华宏科技
8,国盛证券股份有限公司南昌金融大街证券营业部,100502752.0,0.016516244859,146359333.0,0.024052143182,-45856581.0,连续三个交易日内，涨幅偏离值累计达到20%的证券,002645,华宏科技
9,中信建投证券股份有限公司西安锦业路证券营业部,47099925.0,0.007740224807,142042782.62,0.023342777502,-94942857.62,连续三个交易日内，涨幅偏离值累计达到20%的证券,002645,华宏科技
10,机构专用,118732721.0,0.019512089508,109801440.0,0.018044356327,8931281.0,连续三个交易日内，涨幅偏离值累计达到20%的证券,002645,华宏科技
1,东莞证券股份有限公司四川分公司,1488162.0,0.030885321649,0.0,0.0,1488162.0,连续三个交易日内，涨幅偏离值累计达到12%的ST证券、*ST证券和未完成股改证券,002717,*ST岭南
2,东亚前海证券有限责任公司浙江分公司,1472308.0,0.030556287653,0.0,0.0,1472308.0,连续三个交易日内，涨幅偏离值累计达到12%的ST证券、*ST证券和未完成股改证券,002717,*ST岭南
3,国泰海通证券股份有限公司芜湖文化路证券营业部,1034172.0,0.021463210901,0.0,0.0,1034172.0,连续三个交易日内，涨幅偏离值累计达到12%的ST证券、*ST证券和未完成股改证券,002717,*ST岭南
4,华泰证券股份有限公司厦门厦禾路证券营业部,1003899.5,0.020834935283,0.0,0.0,1003899.5,连续三个交易日内，涨幅偏离值累计达到12%的ST证券、*ST证券和未完成股改证券,002717,*ST岭南
5,联储证券股份有限公司宁波分公司,974610.0,0.020227060852,0.0,0.0,974610.0,连续三个交易日内，涨幅偏离值累计达到12%的ST证券、*ST证券和未完成股改证券,002717,*ST岭南
1,东方财富证券股份有限公司拉萨金融城南环路证券营业部,261156.0,0.00542003294,1133025.0,0.023514806561,-871869.0,连续三个交易日内，涨幅偏离值累计达到12%的ST证券、*ST证券和未完成股改证券,002717,*ST岭南
2,东方财富证券股份有限公司昌都两江大道证券营业部,142559.0,0.002958670205,1113609.0,0.023111846799,-971050.0,连续三个交易日内，涨幅偏离值累计达到12%的ST证券、*ST证券和未完成股改证券,002717,*ST岭南
3,东方财富证券股份有限公司拉萨团结路第二证券营业部,172339.0,0.003576724475,821438.0,0.017048128392,-649099.0,连续三个交易日内，涨幅偏离值累计达到12%的ST证券、*ST证券和未完成股改证券,002717,*ST岭南
4,信达证券股份有限公司抚顺临江东路证券营业部,0.0,0.0,626592.0,0.013004293526,-626592.0,连续三个交易日内，涨幅偏离值累计达到12%的ST证券、*ST证券和未完成股改证券,002717,*ST岭南
5,国泰海通证券股份有限公司南京广州路证券营业部,0.0,0.0,533746.0,0.011077367174,-533746.0,连续三个交易日内，涨幅偏离值累计达到12%的ST证券、*ST证券和未完成股改证券,002717,*ST岭南
1,深股通专用,93475894.39,0.073376374819,68952406.8,0.05412601483,24523487.59,日换手率达到20%的前5只证券,002735,王子新材
2,东方财富证券股份有限公司拉萨金融城南环路证券营业部,13953392.27,0.010953084192,8304631.6,0.00651894015,5648760.67,日换手率达到20%的前5只证券,002735,王子新材
3,东方财富证券股份有限公司拉萨团结路第一证券营业部,13800459.0,0.010833035178,5755708.0,0.004518095176,8044751.0,日换手率达到20%的前5只证券,002735,王子新材
4,申万宏源证券有限公司上海徐汇区上中西路证券营业部,13620830.03,0.010692030669,154647.0,0.000121394252,13466183.03,日换手率达到20%的前5只证券,002735,王子新材
5,机构专用,13219457.0,0.010376962297,12895065.3,0.010122322455,324391.7,日换手率达到20%的前5只证券,002735,王子新材
1,开源证券股份有限公司西安太华路证券营业部,0.0,0.0,75830017.4,0.059524777116,-75830017.4,日换手率达到20%的前5只证券,002735,王子新材
2,深股通专用,93475894.39,0.073376374819,68952406.8,0.05412601483,24523487.59,日换手率达到20%的前5只证券,002735,王子新材
3,华鑫证券有限责任公司上海东大名路证券营业部,117118.0,9.1934871e-05,19698511.68,0.015462867575,-19581393.68,日换手率达到20%的前5只证券,002735,王子新材
4,东方财富证券股份有限公司上海东方路证券营业部,4130771.0,0.003242557915,18117288.0,0.01422164424,-13986517.0,日换手率达到20%的前5只证券,002735,王子新材
5,机构专用,13219457.0,0.010376962297,12895065.3,0.010122322455,324391.7,日换手率达到20%的前5只证券,002735,王子新材
1,申万宏源证券有限公司上海黄浦区中山南一路证券营业部,55361204.0,0.036095183963,6394686.0,0.004169298189,48966518.0,日振幅值达到15%的前5只证券,002787,华源控股
2,机构专用,37079859.0,0.024175853038,25893678.0,0.016882527896,11186181.0,日振幅值达到15%的前5只证券,002787,华源控股
3,机构专用,37069696.0,0.024169226821,26487044.0,0.017269399087,10582652.0,日振幅值达到15%的前5只证券,002787,华源控股
4,机构专用,29309806.0,0.019109823542,5546214.0,0.003616099365,23763592.0,日振幅值达到15%的前5只证券,002787,华源控股
5,机构专用,26452045.0,0.017246579942,48160076.0,0.031400090267,-21708031.0,日振幅值达到15%的前5只证券,002787,华源控股
6,申万宏源证券有限公司上海黄浦区中山南一路证券营业部,55361204.0,0.029626956633,6394686.0,0.003422163376,48966518.0,连续三个交易日内，涨幅偏离值累计达到20%的证券,002787,华源控股
7,机构专用,47452155.0,0.025394370728,33410463.0,0.017879855691,14041692.0,连续三个交易日内，涨幅偏离值累计达到20%的证券,002787,华源控股
8,机构专用,44554446.0,0.023843640385,42952906.0,0.022986564442,1601540.0,连续三个交易日内，涨幅偏离值累计达到20%的证券,002787,华源控股
9,机构专用,40130285.0,0.021476017996,37459571.0,0.020046765701,2670714.0,连续三个交易日内，涨幅偏离值累计达到20%的证券,002787,华源控股
10,机构专用,29992816.0,0.016050876692,9457131.0,0.005061053405,20535685.0,连续三个交易日内，涨幅偏离值累计达到20%的证券,002787,华源控股
1,机构专用,26452045.0,0.017246579942,48160076.0,0.031400090267,-21708031.0,日振幅值达到15%的前5只证券,002787,华源控股
2,机构专用,15453360.0,0.010075501105,33410463.0,0.021783428126,-17957103.0,日振幅值达到15%的前5只证券,002787,华源控股
3,机构专用,16550696.0,0.010790957813,32676639.44,0.02130497942,-16125943.44,日振幅值达到15%的前5只证券,002787,华源控股
4,机构专用,17740.0,1.1566377e-05,32591088.0,0.021249200377,-32573348.0,日振幅值达到15%的前5只证券,002787,华源控股
5,机构专用,20044644.0,0.013068991647,28812123.74,0.018785337594,-8767479.74,日振幅值达到15%的前5只证券,002787,华源控股
6,机构专用,29558545.0,0.015818473364,61023278.0,0.032657057295,-31464733.0,连续三个交易日内，涨幅偏离值累计达到20%的证券,002787,华源控股
7,机构专用,20611941.0,0.011030632248,46053116.44,0.024645664925,-25441175.44,连续三个交易日内，涨幅偏离值累计达到20%的证券,002787,华源控股
8,机构专用,44554446.0,0.023843640385,42952906.0,0.022986564442,1601540.0,连续三个交易日内，涨幅偏离值累计达到20%的证券,002787,华源控股
9,机构专用,25020260.0,0.013389776674,38466632.74,0.020585702219,-13446372.74,连续三个交易日内，涨幅偏离值累计达到20%的证券,002787,华源控股
10,机构专用,40130285.0,0.021476017996,37459571.0,0.020046765701,2670714.0,连续三个交易日内，涨幅偏离值累计达到20%的证券,002787,华源控股
1,申万宏源证券有限公司上海黄浦区中山南一路证券营业部,55361204.0,0.036095183963,6394686.0,0.004169298189,48966518.0,日振幅值达到15%的前5只证券,002787,华源控股
2,机构专用,37079859.0,0.024175853038,25893678.0,0.016882527896,11186181.0,日振幅值达到15%的前5只证券,002787,华源控股
3,机构专用,37069696.0,0.024169226821,26487044.0,0.017269399087,10582652.0,日振幅值达到15%的前5只证券,002787,华源控股
4,机构专用,29309806.0,0.019109823542,5546214.0,0.003616099365,23763592.0,日振幅值达到15%的前5只证券,002787,华源控股
5,机构专用,26452045.0,0.017246579942,48160076.0,0.031400090267,-21708031.0,日振幅值达到15%的前5只证券,002787,华源控股
6,申万宏源证券有限公司上海黄浦区中山南一路证券营业部,55361204.0,0.029626956633,6394686.0,0.003422163376,48966518.0,连续三个交易日内，涨幅偏离值累计达到20%的证券,002787,华源控股
7,机构专用,47452155.0,0.025394370728,33410463.0,0.017879855691,14041692.0,连续三个交易日内，涨幅偏离值累计达到20%的证券,002787,华源控股
8,机构专用,44554446.0,0.023843640385,42952906.0,0.022986564442,1601540.0,连续三个交易日内，涨幅偏离值累计达到20%的证券,002787,华源控股
9,机构专用,40130285.0,0.021476017996,37459571.0,0.020046765701,2670714.0,连续三个交易日内，涨幅偏离值累计达到20%的证券,002787,华源控股
10,机构专用,29992816.0,0.016050876692,9457131.0,0.005061053405,20535685.0,连续三个交易日内，涨幅偏离值累计达到20%的证券,002787,华源控股
1,机构专用,26452045.0,0.017246579942,48160076.0,0.031400090267,-21708031.0,日振幅值达到15%的前5只证券,002787,华源控股
2,机构专用,15453360.0,0.010075501105,33410463.0,0.021783428126,-17957103.0,日振幅值达到15%的前5只证券,002787,华源控股
3,机构专用,16550696.0,0.010790957813,32676639.44,0.02130497942,-16125943.44,日振幅值达到15%的前5只证券,002787,华源控股
4,机构专用,17740.0,1.1566377e-05,32591088.0,0.021249200377,-32573348.0,日振幅值达到15%的前5只证券,002787,华源控股
5,机构专用,20044644.0,0.013068991647,28812123.74,0.018785337594,-8767479.74,日振幅值达到15%的前5只证券,002787,华源控股
6,机构专用,29558545.0,0.015818473364,61023278.0,0.032657057295,-31464733.0,连续三个交易日内，涨幅偏离值累计达到20%的证券,002787,华源控股
7,机构专用,20611941.0,0.011030632248,46053116.44,0.024645664925,-25441175.44,连续三个交易日内，涨幅偏离值累计达到20%的证券,002787,华源控股
8,机构专用,44554446.0,0.023843640385,42952906.0,0.022986564442,1601540.0,连续三个交易日内，涨幅偏离值累计达到20%的证券,002787,华源控股
9,机构专用,25020260.0,0.013389776674,38466632.74,0.020585702219,-13446372.74,连续三个交易日内，涨幅偏离值累计达到20%的证券,002787,华源控股
10,机构专用,40130285.0,0.021476017996,37459571.0,0.020046765701,2670714.0,连续三个交易日内，涨幅偏离值累计达到20%的证券,002787,华源控股
1,深股通专用,197029570.05,0.023644446956,200269482.88,0.024033251272,-3239912.83,连续三个交易日内，涨幅偏离值累计达到20%的证券,002859,洁美科技
2,机构专用,132793030.77,0.015935769293,138825026.68,0.016659636311,-6031995.91,连续三个交易日内，涨幅偏离值累计达到20%的证券,002859,洁美科技
3,东方证券股份有限公司上海浦东新区源深路证券营业部,101810952.15,0.012217778565,167985.0,2.0158966e-05,101642967.15,连续三个交易日内，涨幅偏离值累计达到20%的证券,002859,洁美科技
4,中国国际金融股份有限公司上海分公司,95641367.06,0.011477400218,223663166.03,0.026840599936,-128021798.97,连续三个交易日内，涨幅偏离值累计达到20%的证券,002859,洁美科技
5,机构专用,75520296.92,0.00906278004,5259843.0,0.000631205147,70260453.92,连续三个交易日内，涨幅偏离值累计达到20%的证券,002859,洁美科技
1,中国国际金融股份有限公司上海分公司,95641367.06,0.011477400218,223663166.03,0.026840599936,-128021798.97,连续三个交易日内，涨幅偏离值累计达到20%的证券,002859,洁美科技
2,深股通专用,197029570.05,0.023644446956,200269482.88,0.024033251272,-3239912.83,连续三个交易日内，涨幅偏离值累计达到20%的证券,002859,洁美科技
3,机构专用,0.0,0.0,189588288.77,0.022751459267,-189588288.77,连续三个交易日内，涨幅偏离值累计达到20%的证券,002859,洁美科技
4,国泰海通证券股份有限公司杭州延安路证券营业部,15596079.12,0.00187160062,161303382.06,0.019357141469,-145707302.94,连续三个交易日内，涨幅偏离值累计达到20%的证券,002859,洁美科技
5,机构专用,132793030.77,0.015935769293,138825026.68,0.016659636311,-6031995.91,连续三个交易日内，涨幅偏离值累计达到20%的证券,002859,洁美科技
1,深股通专用,12224242.0,0.031558578374,3792725.0,0.009791446305,8431517.0,日跌幅偏离值达到7%的前5只证券,002866,传艺科技
2,东方财富证券股份有限公司拉萨团结路第二证券营业部,6718976.0,0.017345969647,1126703.0,0.002908740266,5592273.0,日跌幅偏离值达到7%的前5只证券,002866,传艺科技
3,机构专用,3332443.0,0.0086031644,353633.0,0.000912952701,2978810.0,日跌幅偏离值达到7%的前5只证券,002866,传艺科技
4,东方财富证券股份有限公司拉萨团结路第一证券营业部,2931804.0,0.007568859182,1838160.0,0.004745465316,1093644.0,日跌幅偏离值达到7%的前5只证券,002866,传艺科技
5,东方财富证券股份有限公司拉萨东环路第二证券营业部,2856481.0,0.007374402397,3251207.0,0.008393442384,-394726.0,日跌幅偏离值达到7%的前5只证券,002866,传艺科技
1,国联民生证券股份有限公司宁波财神殿南路证券营业部,0.0,0.0,4750258.0,0.012263450723,-4750258.0,日跌幅偏离值达到7%的前5只证券,002866,传艺科技
2,国泰海通证券股份有限公司武汉建设大道证券营业部,152095.0,0.000392654365,4642497.0,0.011985250736,-4490402.0,日跌幅偏离值达到7%的前5只证券,002866,传艺科技
3,东方财富证券股份有限公司拉萨东城区江苏大道证券营业部,2144645.0,0.005536698907,4437011.0,0.01145476009,-2292366.0,日跌幅偏离值达到7%的前5只证券,002866,传艺科技
4,招商证券股份有限公司上海浦东新区长柳路证券营业部,911199.0,0.002352386762,3999403.0,0.010325014265,-3088204.0,日跌幅偏离值达到7%的前5只证券,002866,传艺科技
5,深股通专用,12224242.0,0.031558578374,3792725.0,0.009791446305,8431517.0,日跌幅偏离值达到7%的前5只证券,002866,传艺科技
1,机构专用,8224738.0,0.033766124007,16538080.0,0.067896005942,-8313342.0,日跌幅偏离值达到7%的前5只证券,002875,安奈儿
2,机构专用,7898882.0,0.032428343508,8819618.0,0.036208364945,-920736.0,日跌幅偏离值达到7%的前5只证券,002875,安奈儿
3,机构专用,6762736.0,0.027763970403,9420939.0,0.038677048988,-2658203.0,日跌幅偏离值达到7%的前5只证券,002875,安奈儿
4,机构专用,5962502.0,0.024478662047,3112402.0,0.012777762877,2850100.0,日跌幅偏离值达到7%的前5只证券,002875,安奈儿
5,申万宏源证券有限公司深圳金田路证券营业部,3228557.0,0.013254629634,8208.0,3.3697407e-05,3220349.0,日跌幅偏离值达到7%的前5只证券,002875,安奈儿
1,机构专用,8224738.0,0.033766124007,16538080.0,0.067896005942,-8313342.0,日跌幅偏离值达到7%的前5只证券,002875,安奈儿
2,机构专用,6762736.0,0.027763970403,9420939.0,0.038677048988,-2658203.0,日跌幅偏离值达到7%的前5只证券,002875,安奈儿
3,机构专用,7898882.0,0.032428343508,8819618.0,0.036208364945,-920736.0,日跌幅偏离值达到7%的前5只证券,002875,安奈儿
4,平安证券股份有限公司浙江分公司,153845.0,0.000631600587,7434010.0,0.030519841912,-7280165.0,日跌幅偏离值达到7%的前5只证券,002875,安奈儿
5,申万宏源证券有限公司福州古田路证券营业部,9815.0,4.0294841e-05,7054932.0,0.028963561973,-7045117.0,日跌幅偏离值达到7%的前5只证券,002875,安奈儿
1,深股通专用,139409040.78,0.04865793084,215349701.36,0.075163495973,-75940660.58,日振幅值达到15%的前5只证券,002897,意华股份
2,机构专用,118369524.42,0.041314509451,52349570.99,0.018271568261,66019953.43,日振幅值达到15%的前5只证券,002897,意华股份
3,机构专用,79865748.56,0.027875538403,51104367.8,0.017836955051,28761380.76,日振幅值达到15%的前5只证券,002897,意华股份
4,机构专用,59392423.0,0.020729734561,23357762.11,0.008152558593,36034660.89,日振幅值达到15%的前5只证券,002897,意华股份
5,方正证券股份有限公司慈溪人和路证券营业部,52333981.0,0.018266126887,0.0,0.0,52333981.0,日振幅值达到15%的前5只证券,002897,意华股份
1,深股通专用,139409040.78,0.04865793084,215349701.36,0.075163495973,-75940660.58,日振幅值达到15%的前5只证券,002897,意华股份
2,广发证券股份有限公司深圳后海证券营业部,48075.0,1.6779615e-05,65546767.0,0.022877784953,-65498692.0,日振幅值达到15%的前5只证券,002897,意华股份
3,长江证券股份有限公司乐清旭阳路证券营业部,8658.0,3.021901e-06,56897658.0,0.019858986852,-56889000.0,日振幅值达到15%的前5只证券,002897,意华股份
4,机构专用,118369524.42,0.041314509451,52349570.99,0.018271568261,66019953.43,日振幅值达到15%的前5只证券,002897,意华股份
5,机构专用,79865748.56,0.027875538403,51104367.8,0.017836955051,28761380.76,日振幅值达到15%的前5只证券,002897,意华股份
1,国新证券股份有限公司北京分公司,27146420.0,0.03966234272,7290.0,1.0651072e-05,27139130.0,日振幅值达到15%的前5只证券,002951,金时科技
2,国新证券股份有限公司北京中关村大街证券营业部,23370397.0,0.034145375166,83450.0,0.000121924825,23286947.0,日振幅值达到15%的前5只证券,002951,金时科技
3,深股通专用,18331310.57,0.026783005727,16999104.0,0.02483658209,1332206.57,日振幅值达到15%的前5只证券,002951,金时科技
4,机构专用,11092741.0,0.016207076117,2973141.0,0.004343914862,8119600.0,日振幅值达到15%的前5只证券,002951,金时科技
5,中国国际金融股份有限公司上海分公司,9656557.0,0.014108736004,3632850.0,0.005307784295,6023707.0,日振幅值达到15%的前5只证券,002951,金时科技
6,深股通专用,53671487.57,0.023683092878,52602077.0,0.023211204525,1069410.57,连续三个交易日内，涨幅偏离值累计达到20%的证券,002951,金时科技
7,国新证券股份有限公司北京分公司,27153167.0,0.011981612679,7290.0,3.216787e-06,27145877.0,连续三个交易日内，涨幅偏离值累计达到20%的证券,002951,金时科技
8,国新证券股份有限公司北京中关村大街证券营业部,23526489.0,0.010381303916,240183.0,0.000105983205,23286306.0,连续三个交易日内，涨幅偏离值累计达到20%的证券,002951,金时科技
9,机构专用,21064898.0,0.009295101708,15666154.88,0.006912851085,5398743.12,连续三个交易日内，涨幅偏离值累计达到20%的证券,002951,金时科技
10,东方财富证券股份有限公司拉萨团结路第一证券营业部,18717049.04,0.008259089339,19459497.0,0.008586702096,-742447.96,连续三个交易日内，涨幅偏离值累计达到20%的证券,002951,金时科技
1,深股通专用,18331310.57,0.026783005727,16999104.0,0.02483658209,1332206.57,日振幅值达到15%的前5只证券,002951,金时科技
2,国泰海通证券股份有限公司厦门展鸿路证券营业部,6669.0,9.743759e-06,9740624.0,0.014231562298,-9733955.0,日振幅值达到15%的前5只证券,002951,金时科技
3,国泰海通证券股份有限公司上海松江区中山东路证券营业部,6928.0,1.0122171e-05,8710887.8,0.012727063728,-8703959.8,日振幅值达到15%的前5只证券,002951,金时科技
4,东北证券股份有限公司杭州长乐路证券营业部,771705.0,0.00112750146,8243320.0,0.012043922661,-7471615.0,日振幅值达到15%的前5只证券,002951,金时科技
5,平安证券股份有限公司浙江分公司,1315497.0,0.001922010079,7201520.0,0.010521798246,-5886023.0,日振幅值达到15%的前5只证券,002951,金时科技
6,深股通专用,53671487.57,0.023683092878,52602077.0,0.023211204525,1069410.57,连续三个交易日内，涨幅偏离值累计达到20%的证券,002951,金时科技
7,开源证券股份有限公司西安太华路证券营业部,65590.0,2.8942258e-05,44597442.85,0.01967907783,-44531852.85,连续三个交易日内，涨幅偏离值累计达到20%的证券,002951,金时科技
8,机构专用,13998405.0,0.006176939391,20664562.0,0.009118449353,-6666157.0,连续三个交易日内，涨幅偏离值累计达到20%的证券,002951,金时科技
9,东方财富证券股份有限公司拉萨团结路第一证券营业部,18717049.04,0.008259089339,19459497.0,0.008586702096,-742447.96,连续三个交易日内，涨幅偏离值累计达到20%的证券,002951,金时科技
10,国泰海通证券股份有限公司上海长宁区江苏路证券营业部,18415396.0,0.00812598185,19248629.0,0.008493654434,-833233.0,连续三个交易日内，涨幅偏离值累计达到20%的证券,002951,金时科技
1,国新证券股份有限公司北京分公司,27146420.0,0.03966234272,7290.0,1.0651072e-05,27139130.0,日振幅值达到15%的前5只证券,002951,金时科技
2,国新证券股份有限公司北京中关村大街证券营业部,23370397.0,0.034145375166,83450.0,0.000121924825,23286947.0,日振幅值达到15%的前5只证券,002951,金时科技
3,深股通专用,18331310.57,0.026783005727,16999104.0,0.02483658209,1332206.57,日振幅值达到15%的前5只证券,002951,金时科技
4,机构专用,11092741.0,0.016207076117,2973141.0,0.004343914862,8119600.0,日振幅值达到15%的前5只证券,002951,金时科技
5,中国国际金融股份有限公司上海分公司,9656557.0,0.014108736004,3632850.0,0.005307784295,6023707.0,日振幅值达到15%的前5只证券,002951,金时科技
6,深股通专用,53671487.57,0.023683092878,52602077.0,0.023211204525,1069410.57,连续三个交易日内，涨幅偏离值累计达到20%的证券,002951,金时科技
7,国新证券股份有限公司北京分公司,27153167.0,0.011981612679,7290.0,3.216787e-06,27145877.0,连续三个交易日内，涨幅偏离值累计达到20%的证券,002951,金时科技
8,国新证券股份有限公司北京中关村大街证券营业部,23526489.0,0.010381303916,240183.0,0.000105983205,23286306.0,连续三个交易日内，涨幅偏离值累计达到20%的证券,002951,金时科技
9,机构专用,21064898.0,0.009295101708,15666154.88,0.006912851085,5398743.12,连续三个交易日内，涨幅偏离值累计达到20%的证券,002951,金时科技
10,东方财富证券股份有限公司拉萨团结路第一证券营业部,18717049.04,0.008259089339,19459497.0,0.008586702096,-742447.96,连续三个交易日内，涨幅偏离值累计达到20%的证券,002951,金时科技
1,深股通专用,18331310.57,0.026783005727,16999104.0,0.02483658209,1332206.57,日振幅值达到15%的前5只证券,002951,金时科技
2,国泰海通证券股份有限公司厦门展鸿路证券营业部,6669.0,9.743759e-06,9740624.0,0.014231562298,-9733955.0,日振幅值达到15%的前5只证券,002951,金时科技
3,国泰海通证券股份有限公司上海松江区中山东路证券营业部,6928.0,1.0122171e-05,8710887.8,0.012727063728,-8703959.8,日振幅值达到15%的前5只证券,002951,金时科技
4,东北证券股份有限公司杭州长乐路证券营业部,771705.0,0.00112750146,8243320.0,0.012043922661,-7471615.0,日振幅值达到15%的前5只证券,002951,金时科技
5,平安证券股份有限公司浙江分公司,1315497.0,0.001922010079,7201520.0,0.010521798246,-5886023.0,日振幅值达到15%的前5只证券,002951,金时科技
6,深股通专用,53671487.57,0.023683092878,52602077.0,0.023211204525,1069410.57,连续三个交易日内，涨幅偏离值累计达到20%的证券,002951,金时科技
7,开源证券股份有限公司西安太华路证券营业部,65590.0,2.8942258e-05,44597442.85,0.01967907783,-44531852.85,连续三个交易日内，涨幅偏离值累计达到20%的证券,002951,金时科技
8,机构专用,13998405.0,0.006176939391,20664562.0,0.009118449353,-6666157.0,连续三个交易日内，涨幅偏离值累计达到20%的证券,002951,金时科技
9,东方财富证券股份有限公司拉萨团结路第一证券营业部,18717049.04,0.008259089339,19459497.0,0.008586702096,-742447.96,连续三个交易日内，涨幅偏离值累计达到20%的证券,002951,金时科技
10,国泰海通证券股份有限公司上海长宁区江苏路证券营业部,18415396.0,0.00812598185,19248629.0,0.008493654434,-833233.0,连续三个交易日内，涨幅偏离值累计达到20%的证券,002951,金时科技
1,机构专用,137213781.4,0.028202942719,207172604.4,0.042582290461,-69958823.0,连续三个交易日内，涨幅偏离值累计达到20%的证券,002980,华盛昌
2,机构专用,118377570.4,0.024331344877,113676301.0,0.023365045208,4701269.4,连续三个交易日内，涨幅偏离值累计达到20%的证券,002980,华盛昌
3,机构专用,104081348.8,0.021392897188,120927664.0,0.024855491526,-16846315.2,连续三个交易日内，涨幅偏离值累计达到20%的证券,002980,华盛昌
4,机构专用,91068161.8,0.018718164637,98913274.0,0.020330650262,-7845112.2,连续三个交易日内，涨幅偏离值累计达到20%的证券,002980,华盛昌
5,机构专用,79666448.0,0.016374654547,69490848.6,0.014283160208,10175599.4,连续三个交易日内，涨幅偏离值累计达到20%的证券,002980,华盛昌
1,机构专用,137213781.4,0.028202942719,207172604.4,0.042582290461,-69958823.0,连续三个交易日内，涨幅偏离值累计达到20%的证券,002980,华盛昌
2,机构专用,104081348.8,0.021392897188,120927664.0,0.024855491526,-16846315.2,连续三个交易日内，涨幅偏离值累计达到20%的证券,002980,华盛昌
3,机构专用,118377570.4,0.024331344877,113676301.0,0.023365045208,4701269.4,连续三个交易日内，涨幅偏离值累计达到20%的证券,002980,华盛昌
4,机构专用,91068161.8,0.018718164637,98913274.0,0.020330650262,-7845112.2,连续三个交易日内，涨幅偏离值累计达到20%的证券,002980,华盛昌
5,机构专用,79666448.0,0.016374654547,69490848.6,0.014283160208,10175599.4,连续三个交易日内，涨幅偏离值累计达到20%的证券,002980,华盛昌
1,机构专用,20555997.0,0.028640417689,8920502.0,0.012428825675,11635495.0,日换手率达到20%的前5只证券,002995,天地在线
2,机构专用,20403850.7,0.028428434122,24883330.0,0.034669637513,-4479479.3,日换手率达到20%的前5只证券,002995,天地在线
3,机构专用,18284424.84,0.025475464149,13523153.0,0.01884164268,4761271.84,日换手率达到20%的前5只证券,002995,天地在线
4,中国国际金融股份有限公司上海分公司,13867039.7,0.019320775787,5309472.0,0.007397622007,8557567.7,日换手率达到20%的前5只证券,002995,天地在线
5,机构专用,13553252.8,0.018883580361,4726722.0,0.006585683603,8826530.8,日换手率达到20%的前5只证券,002995,天地在线
1,机构专用,20403850.7,0.028428434122,24883330.0,0.034669637513,-4479479.3,日换手率达到20%的前5只证券,002995,天地在线
2,招商证券股份有限公司深圳建安路证券营业部,163284.0,0.000227501588,21897208.0,0.030509110473,-21733924.0,日换手率达到20%的前5只证券,002995,天地在线
3,机构专用,11108414.0,0.015477216543,20331807.0,0.028328056521,-9223393.0,日换手率达到20%的前5只证券,002995,天地在线
4,机构专用,18284424.84,0.025475464149,13523153.0,0.01884164268,4761271.84,日换手率达到20%的前5只证券,002995,天地在线
5,国信证券股份有限公司厦门湖滨北路证券营业部,108470.0,0.000151129916,9499211.0,0.013235133804,-9390741.0,日换手率达到20%的前5只证券,002995,天地在线
1,机构专用,23517142.0,0.052183077759,31544550.0,0.069995397634,-8027408.0,连续三个交易日内，跌幅偏离值累计达到20%的证券,003030,祖名股份
2,中国国际金融股份有限公司上海分公司,22455079.68,0.049826427421,9863618.38,0.021886756686,12591461.3,连续三个交易日内，跌幅偏离值累计达到20%的证券,003030,祖名股份
3,机构专用,21263527.0,0.047182446016,25518462.0,0.056623882563,-4254935.0,连续三个交易日内，跌幅偏离值累计达到20%的证券,003030,祖名股份
4,机构专用,17232424.38,0.038237679621,13711152.0,0.030424194869,3521272.38,连续三个交易日内，跌幅偏离值累计达到20%的证券,003030,祖名股份
5,机构专用,13268026.0,0.029440925792,10619973.0,0.023565060621,2648053.0,连续三个交易日内，跌幅偏离值累计达到20%的证券,003030,祖名股份
1,机构专用,23517142.0,0.052183077759,31544550.0,0.069995397634,-8027408.0,连续三个交易日内，跌幅偏离值累计达到20%的证券,003030,祖名股份
2,机构专用,21263527.0,0.047182446016,25518462.0,0.056623882563,-4254935.0,连续三个交易日内，跌幅偏离值累计达到20%的证券,003030,祖名股份
3,机构专用,1779974.0,0.003949651775,20623203.0,0.045761606822,-18843229.0,连续三个交易日内，跌幅偏离值累计达到20%的证券,003030,祖名股份
4,机构专用,17232424.38,0.038237679621,13711152.0,0.030424194869,3521272.38,连续三个交易日内，跌幅偏离值累计达到20%的证券,003030,祖名股份
5,机构专用,0.0,0.0,13228833.84,0.029353960823,-13228833.84,连续三个交易日内，跌幅偏离值累计达到20%的证券,003030,祖名股份
1,华宝证券股份有限公司上海东大名路证券营业部,95181670.0,0.057525341197,,,95181670.0,"非上市首日,当日收盘价涨幅达15%的前五只可转债",113701,祥和转债
2,国泰海通证券股份有限公司成都双庆路证券营业部,57255170.0,0.034603544879,,,57255170.0,"非上市首日,当日收盘价涨幅达15%的前五只可转债",113701,祥和转债
3,华鑫证券有限责任公司上海分公司,55085960.0,0.033292530423,,,55085960.0,"非上市首日,当日收盘价涨幅达15%的前五只可转债",113701,祥和转债
4,华鑫证券有限责任公司上海陆家嘴证券营业部,53675870.0,0.032440308473,,,53675870.0,"非上市首日,当日收盘价涨幅达15%的前五只可转债",113701,祥和转债
5,国泰海通证券股份有限公司重庆中山三路证券营业部,51156480.0,0.030917654275,,,51156480.0,"非上市首日,当日收盘价涨幅达15%的前五只可转债",113701,祥和转债
1,华宝证券股份有限公司上海东大名路证券营业部,,,87928040.0,0.053141434709,-87928040.0,"非上市首日,当日收盘价涨幅达15%的前五只可转债",113701,祥和转债
2,国泰海通证券股份有限公司成都双庆路证券营业部,,,56432810.0,0.034106531751,-56432810.0,"非上市首日,当日收盘价涨幅达15%的前五只可转债",113701,祥和转债
3,华鑫证券有限责任公司上海分公司,,,54829160.0,0.03313732714,-54829160.0,"非上市首日,当日收盘价涨幅达15%的前五只可转债",113701,祥和转债
4,华鑫证券有限责任公司上海陆家嘴证券营业部,,,53680820.0,0.032443300125,-53680820.0,"非上市首日,当日收盘价涨幅达15%的前五只可转债",113701,祥和转债
5,国泰海通证券股份有限公司重庆中山三路证券营业部,,,51133870.0,0.030903989376,-51133870.0,"非上市首日,当日收盘价涨幅达15%的前五只可转债",113701,祥和转债
1,华鑫证券有限责任公司上海分公司,583951580.0,0.076028891703,,,583951580.0,连续3个交易日内日收盘价格涨幅偏离值达到30%的可转债,118033,华特转债
2,华鑫证券有限责任公司上海陆家嘴证券营业部,448230460.0,0.058358374681,,,448230460.0,连续3个交易日内日收盘价格涨幅偏离值达到30%的可转债,118033,华特转债
3,华宝证券股份有限公司上海东大名路证券营业部,411035340.0,0.053515672225,,,411035340.0,连续3个交易日内日收盘价格涨幅偏离值达到30%的可转债,118033,华特转债
4,国泰海通证券股份有限公司成都双庆路证券营业部,296173270.0,0.038560946218,,,296173270.0,连续3个交易日内日收盘价格涨幅偏离值达到30%的可转债,118033,华特转债
5,国泰海通证券股份有限公司天津高新区梅苑路证券营业部,182374850.0,0.023744704518,,,182374850.0,连续3个交易日内日收盘价格涨幅偏离值达到30%的可转债,118033,华特转债
1,华鑫证券有限责任公司上海分公司,,,584268110.0,0.076070103039,-584268110.0,连续3个交易日内日收盘价格涨幅偏离值达到30%的可转债,118033,华特转债
2,华鑫证券有限责任公司上海陆家嘴证券营业部,,,448253090.0,0.058361321045,-448253090.0,连续3个交易日内日收盘价格涨幅偏离值达到30%的可转债,118033,华特转债
3,华宝证券股份有限公司上海东大名路证券营业部,,,418071920.0,0.054431815613,-418071920.0,连续3个交易日内日收盘价格涨幅偏离值达到30%的可转债,118033,华特转债
4,国泰海通证券股份有限公司成都双庆路证券营业部,,,296872820.0,0.038652025706,-296872820.0,连续3个交易日内日收盘价格涨幅偏离值达到30%的可转债,118033,华特转债
5,国泰海通证券股份有限公司天津高新区梅苑路证券营业部,,,183799710.0,0.023930217376,-183799710.0,连续3个交易日内日收盘价格涨幅偏离值达到30%的可转债,118033,华特转债
1,深股通专用,105741769.53,0.051373305967,63512548.06,0.030856770969,42229221.47,日涨幅达到15%的前5只证券,300726,宏达电子
2,华泰证券股份有限公司北京东三环北路证券营业部,60477064.08,0.029382019336,100428.0,4.8791678e-05,60376636.08,日涨幅达到15%的前5只证券,300726,宏达电子
3,机构专用,51476304.0,0.025009113496,40679082.69,0.019763419609,10797221.31,日涨幅达到15%的前5只证券,300726,宏达电子
4,机构专用,37470881.44,0.018204755468,13361561.14,0.006491546072,24109320.3,日涨幅达到15%的前5只证券,300726,宏达电子
5,开源证券股份有限公司西安太华路证券营业部,37235687.04,0.018090489233,0.0,0.0,37235687.04,日涨幅达到15%的前5只证券,300726,宏达电子
6,深股通专用,264579327.95,0.047475387157,329282902.05,0.059085618593,-64703574.1,连续三个交易日内，涨幅偏离值累计达到30%的证券,300726,宏达电子
7,机构专用,130217808.69,0.023365925562,107406352.29,0.019272700545,22811456.4,连续三个交易日内，涨幅偏离值累计达到30%的证券,300726,宏达电子
8,机构专用,111537714.44,0.02001402081,78342442.43,0.01405755247,33195272.01,连续三个交易日内，涨幅偏离值累计达到30%的证券,300726,宏达电子
9,机构专用,94054192.02,0.016876825618,98034310.34,0.017591007106,-3980118.32,连续三个交易日内，涨幅偏离值累计达到30%的证券,300726,宏达电子
10,机构专用,82238697.82,0.014756685825,62389926.26,0.011195076829,19848771.56,连续三个交易日内，涨幅偏离值累计达到30%的证券,300726,宏达电子
1,深股通专用,105741769.53,0.051373305967,63512548.06,0.030856770969,42229221.47,日涨幅达到15%的前5只证券,300726,宏达电子
2,机构专用,51476304.0,0.025009113496,40679082.69,0.019763419609,10797221.31,日涨幅达到15%的前5只证券,300726,宏达电子
3,国泰海通证券股份有限公司乌鲁木齐友好北路证券营业部,0.0,0.0,33963227.4,0.016500605963,-33963227.4,日涨幅达到15%的前5只证券,300726,宏达电子
4,国泰海通证券股份有限公司乌鲁木齐北京路证券营业部,74252.0,3.6074398e-05,26975868.0,0.013105885466,-26901616.0,日涨幅达到15%的前5只证券,300726,宏达电子
5,西南证券股份有限公司义乌香山路证券营业部,0.0,0.0,24039936.0,0.011679499908,-24039936.0,日涨幅达到15%的前5只证券,300726,宏达电子
6,深股通专用,264579327.95,0.047475387157,329282902.05,0.059085618593,-64703574.1,连续三个交易日内，涨幅偏离值累计达到30%的证券,300726,宏达电子
7,机构专用,130217808.69,0.023365925562,107406352.29,0.019272700545,22811456.4,连续三个交易日内，涨幅偏离值累计达到30%的证券,300726,宏达电子
8,机构专用,94054192.02,0.016876825618,98034310.34,0.017591007106,-3980118.32,连续三个交易日内，涨幅偏离值累计达到30%的证券,300726,宏达电子
9,机构专用,111537714.44,0.02001402081,78342442.43,0.01405755247,33195272.01,连续三个交易日内，涨幅偏离值累计达到30%的证券,300726,宏达电子
10,机构专用,61242235.64,0.01098913838,66801858.58,0.011986741834,-5559622.94,连续三个交易日内，涨幅偏离值累计达到30%的证券,300726,宏达电子
1,深股通专用,105741769.53,0.051373305967,63512548.06,0.030856770969,42229221.47,日涨幅达到15%的前5只证券,300726,宏达电子
2,华泰证券股份有限公司北京东三环北路证券营业部,60477064.08,0.029382019336,100428.0,4.8791678e-05,60376636.08,日涨幅达到15%的前5只证券,300726,宏达电子
3,机构专用,51476304.0,0.025009113496,40679082.69,0.019763419609,10797221.31,日涨幅达到15%的前5只证券,300726,宏达电子
4,机构专用,37470881.44,0.018204755468,13361561.14,0.006491546072,24109320.3,日涨幅达到15%的前5只证券,300726,宏达电子
5,开源证券股份有限公司西安太华路证券营业部,37235687.04,0.018090489233,0.0,0.0,37235687.04,日涨幅达到15%的前5只证券,300726,宏达电子
6,深股通专用,264579327.95,0.047475387157,329282902.05,0.059085618593,-64703574.1,连续三个交易日内，涨幅偏离值累计达到30%的证券,300726,宏达电子
7,机构专用,130217808.69,0.023365925562,107406352.29,0.019272700545,22811456.4,连续三个交易日内，涨幅偏离值累计达到30%的证券,300726,宏达电子
8,机构专用,111537714.44,0.02001402081,78342442.43,0.01405755247,33195272.01,连续三个交易日内，涨幅偏离值累计达到30%的证券,300726,宏达电子
9,机构专用,94054192.02,0.016876825618,98034310.34,0.017591007106,-3980118.32,连续三个交易日内，涨幅偏离值累计达到30%的证券,300726,宏达电子
10,机构专用,82238697.82,0.014756685825,62389926.26,0.011195076829,19848771.56,连续三个交易日内，涨幅偏离值累计达到30%的证券,300726,宏达电子
1,深股通专用,105741769.53,0.051373305967,63512548.06,0.030856770969,42229221.47,日涨幅达到15%的前5只证券,300726,宏达电子
2,机构专用,51476304.0,0.025009113496,40679082.69,0.019763419609,10797221.31,日涨幅达到15%的前5只证券,300726,宏达电子
3,国泰海通证券股份有限公司乌鲁木齐友好北路证券营业部,0.0,0.0,33963227.4,0.016500605963,-33963227.4,日涨幅达到15%的前5只证券,300726,宏达电子
4,国泰海通证券股份有限公司乌鲁木齐北京路证券营业部,74252.0,3.6074398e-05,26975868.0,0.013105885466,-26901616.0,日涨幅达到15%的前5只证券,300726,宏达电子
5,西南证券股份有限公司义乌香山路证券营业部,0.0,0.0,24039936.0,0.011679499908,-24039936.0,日涨幅达到15%的前5只证券,300726,宏达电子
6,深股通专用,264579327.95,0.047475387157,329282902.05,0.059085618593,-64703574.1,连续三个交易日内，涨幅偏离值累计达到30%的证券,300726,宏达电子
7,机构专用,130217808.69,0.023365925562,107406352.29,0.019272700545,22811456.4,连续三个交易日内，涨幅偏离值累计达到30%的证券,300726,宏达电子
8,机构专用,94054192.02,0.016876825618,98034310.34,0.017591007106,-3980118.32,连续三个交易日内，涨幅偏离值累计达到30%的证券,300726,宏达电子
9,机构专用,111537714.44,0.02001402081,78342442.43,0.01405755247,33195272.01,连续三个交易日内，涨幅偏离值累计达到30%的证券,300726,宏达电子
10,机构专用,61242235.64,0.01098913838,66801858.58,0.011986741834,-5559622.94,连续三个交易日内，涨幅偏离值累计达到30%的证券,300726,宏达电子
1,深股通专用,296540735.67,0.081829609474,301310688.29,0.083145864926,-4769952.62,日换手率达到30%的前5只证券,301013,利和兴
2,机构专用,67759110.6,0.018697942278,0.0,0.0,67759110.6,日换手率达到30%的前5只证券,301013,利和兴
3,中国国际金融股份有限公司上海分公司,60002316.1,0.016557475933,31825478.53,0.008782154241,28176837.57,日换手率达到30%的前5只证券,301013,利和兴
4,机构专用,47561011.0,0.013124331629,34105951.06,0.009411444433,13455059.94,日换手率达到30%的前5只证券,301013,利和兴
5,机构专用,46131929.05,0.012729980351,76550090.64,0.021123789311,-30418161.59,日换手率达到30%的前5只证券,301013,利和兴
1,深股通专用,296540735.67,0.081829609474,301310688.29,0.083145864926,-4769952.62,日换手率达到30%的前5只证券,301013,利和兴
2,机构专用,46131929.05,0.012729980351,76550090.64,0.021123789311,-30418161.59,日换手率达到30%的前5只证券,301013,利和兴
3,机构专用,45166726.16,0.012463635239,47385909.33,0.013076012799,-2219183.17,日换手率达到30%的前5只证券,301013,利和兴
4,国泰海通证券股份有限公司成都龙腾东路营业部,17585.0,4.852533e-06,38049613.65,0.010499687399,-38032028.65,日换手率达到30%的前5只证券,301013,利和兴
5,机构专用,43077119.4,0.011887013937,36244175.82,0.01000148174,6832943.58,日换手率达到30%的前5只证券,301013,利和兴
1,深股通专用,242386494.75,0.0967237994,83415307.36,0.033286695549,158971187.39,日涨幅达到15%的前5只证券,301123,奕东电子
2,机构专用,64648310.83,0.025797766723,22782025.0,0.009091117136,41866285.83,日涨幅达到15%的前5只证券,301123,奕东电子
3,机构专用,60039867.9,0.023958777673,33773269.6,0.0134771492,26266598.3,日涨幅达到15%的前5只证券,301123,奕东电子
4,机构专用,46677540.0,0.018626570016,6102774.0,0.002435298587,40574766.0,日涨幅达到15%的前5只证券,301123,奕东电子
5,招商证券股份有限公司深圳益田路免税商务大厦证券营业部,41938693.0,0.016735543509,3770613.0,0.001504654852,38168080.0,日涨幅达到15%的前5只证券,301123,奕东电子
1,深股通专用,242386494.75,0.0967237994,83415307.36,0.033286695549,158971187.39,日涨幅达到15%的前5只证券,301123,奕东电子
2,机构专用,60039867.9,0.023958777673,33773269.6,0.0134771492,26266598.3,日涨幅达到15%的前5只证券,301123,奕东电子
3,天风证券股份有限公司上海浦东分公司,726110.0,0.000289752604,24236607.99,0.00967156529,-23510497.99,日涨幅达到15%的前5只证券,301123,奕东电子
4,机构专用,64648310.83,0.025797766723,22782025.0,0.009091117136,41866285.83,日涨幅达到15%的前5只证券,301123,奕东电子
5,广发证券股份有限公司佛山顺德容桂证券营业部,1943212.0,0.000775434489,20256530.0,0.008083323893,-18313318.0,日涨幅达到15%的前5只证券,301123,奕东电子
1,东方财富证券股份有限公司拉萨东环路第二证券营业部,2657070.0,0.014411858231,3028928.0,0.016428803505,-371858.0,日换手率达到30%的前5只证券,301139,*ST元道
2,东方财富证券股份有限公司拉萨团结路第一证券营业部,2422867.0,0.013141549043,2323998.0,0.012605286916,98869.0,日换手率达到30%的前5只证券,301139,*ST元道
3,东方财富证券股份有限公司拉萨东环路第一证券营业部,2232338.0,0.012108126161,1927099.0,0.010452520101,305239.0,日换手率达到30%的前5只证券,301139,*ST元道
4,东方财富证券股份有限公司拉萨金融城南环路证券营业部,2052483.0,0.011132598696,2720615.0,0.014756524172,-668132.0,日换手率达到30%的前5只证券,301139,*ST元道
5,机构专用,1935693.0,0.010499133668,3267588.0,0.01772328731,-1331895.0,日换手率达到30%的前5只证券,301139,*ST元道
1,机构专用,1935693.0,0.010499133668,3267588.0,0.01772328731,-1331895.0,日换手率达到30%的前5只证券,301139,*ST元道
2,机构专用,407482.0,0.00221016865,3168733.0,0.017187101118,-2761251.0,日换手率达到30%的前5只证券,301139,*ST元道
3,东方财富证券股份有限公司拉萨东环路第二证券营业部,2657070.0,0.014411858231,3028928.0,0.016428803505,-371858.0,日换手率达到30%的前5只证券,301139,*ST元道
4,东方财富证券股份有限公司拉萨金融城南环路证券营业部,2052483.0,0.011132598696,2720615.0,0.014756524172,-668132.0,日换手率达到30%的前5只证券,301139,*ST元道
5,机构专用,259877.0,0.001409564099,2666997.0,0.014465701945,-2407120.0,日换手率达到30%的前5只证券,301139,*ST元道
1,国投证券股份有限公司深圳深南大道华侨城大厦证券营业部,62743230.0,0.035357262185,6324640.0,0.003564081013,56418590.0,日涨幅达到15%的前5只证券,301188,力诺药包
2,机构专用,55725127.0,0.031402398723,32986132.0,0.018588448787,22738995.0,日涨幅达到15%的前5只证券,301188,力诺药包
3,机构专用,53521796.96,0.030160771254,81086058.43,0.045693870518,-27564261.47,日涨幅达到15%的前5只证券,301188,力诺药包
4,机构专用,51251226.0,0.028881251969,46160498.0,0.026012508926,5090728.0,日涨幅达到15%的前5只证券,301188,力诺药包
5,开源证券股份有限公司西安太华路证券营业部,49216896.0,0.027734859933,0.0,0.0,49216896.0,日涨幅达到15%的前5只证券,301188,力诺药包
1,机构专用,53521796.96,0.030160771254,81086058.43,0.045693870518,-27564261.47,日涨幅达到15%的前5只证券,301188,力诺药包
2,华林证券股份有限公司深圳泰然路证券营业部,0.0,0.0,49086000.0,0.027661097008,-49086000.0,日涨幅达到15%的前5只证券,301188,力诺药包
3,机构专用,51251226.0,0.028881251969,46160498.0,0.026012508926,5090728.0,日涨幅达到15%的前5只证券,301188,力诺药包
4,机构专用,38284476.0,0.021574188252,41160943.58,0.023195144304,-2876467.58,日涨幅达到15%的前5只证券,301188,力诺药包
5,中国国际金融股份有限公司上海分公司,25049355.56,0.014115891581,34437775.42,0.01940648345,-9388419.86,日涨幅达到15%的前5只证券,301188,力诺药包
1,机构专用,141986421.42,0.064502230125,61032954.35,0.027726325006,80953467.07,日涨幅达到15%的前5只证券,301319,唯特偶
2,机构专用,100861541.54,0.045819834729,32067247.85,0.01456765358,68794293.69,日涨幅达到15%的前5只证券,301319,唯特偶
3,机构专用,84748562.75,0.038499958254,7654019.7,0.003477102494,77094543.05,日涨幅达到15%的前5只证券,301319,唯特偶
4,华福证券股份有限公司杭州江南大道证券营业部,62925024.03,0.02858586293,205514.99,9.3362274e-05,62719509.04,日涨幅达到15%的前5只证券,301319,唯特偶
5,机构专用,39425445.14,0.017910368539,0.0,0.0,39425445.14,日涨幅达到15%的前5只证券,301319,唯特偶
1,机构专用,141986421.42,0.064502230125,61032954.35,0.027726325006,80953467.07,日涨幅达到15%的前5只证券,301319,唯特偶
2,招商证券股份有限公司深圳建安路证券营业部,4921979.3,0.002235978894,50983987.14,0.023161234985,-46062007.84,日涨幅达到15%的前5只证券,301319,唯特偶
3,机构专用,0.0,0.0,50664683.06,0.023016180091,-50664683.06,日涨幅达到15%的前5只证券,301319,唯特偶
4,国泰海通证券股份有限公司深圳海岸城海德三道证券营业部,2056610.0,0.000934286041,45620349.08,0.020724617364,-43563739.08,日涨幅达到15%的前5只证券,301319,唯特偶
5,机构专用,100861541.54,0.045819834729,32067247.85,0.01456765358,68794293.69,日涨幅达到15%的前5只证券,301319,唯特偶
1,机构专用,13630386.24,0.01888466578,5067621.0,0.007021101765,8562765.24,日换手率达到30%的前5只证券,301329,信音电子
2,机构专用,10426069.0,0.014445139338,10890260.47,0.015088268639,-464191.47,日换手率达到30%的前5只证券,301329,信音电子
3,中信证券股份有限公司临安万马路证券营业部,8856467.0,0.012270482754,269830.0,0.000373844826,8586637.0,日换手率达到30%的前5只证券,301329,信音电子
4,东方财富证券股份有限公司拉萨东环路第二证券营业部,5890978.0,0.008161848732,6885110.0,0.009539201525,-994132.0,日换手率达到30%的前5只证券,301329,信音电子
5,国信证券股份有限公司深圳互联网分公司,5882357.47,0.008149905136,2238287.0,0.003101108154,3644070.47,日换手率达到30%的前5只证券,301329,信音电子
1,机构专用,5275269.9,0.007308795746,24184177.5,0.033506762113,-18908907.6,日换手率达到30%的前5只证券,301329,信音电子
2,机构专用,0.0,0.0,12540961.39,0.017375286382,-12540961.39,日换手率达到30%的前5只证券,301329,信音电子
3,机构专用,10426069.0,0.014445139338,10890260.47,0.015088268639,-464191.47,日换手率达到30%的前5只证券,301329,信音电子
4,东方财富证券股份有限公司拉萨东环路第二证券营业部,5890978.0,0.008161848732,6885110.0,0.009539201525,-994132.0,日换手率达到30%的前5只证券,301329,信音电子
5,东方财富证券股份有限公司拉萨金融城南环路证券营业部,4682396.0,0.006487379151,5795380.0,0.008029399347,-1112984.0,日换手率达到30%的前5只证券,301329,信音电子
1,中国银河证券股份有限公司深圳南山海岸城证券营业部,82524906.04,0.076679089619,0.0,0.0,82524906.04,日涨幅达到15%的前5只证券,301468,博盈特焊
2,机构专用,44826613.0,0.041651230404,0.0,0.0,44826613.0,日涨幅达到15%的前5只证券,301468,博盈特焊
3,机构专用,36527551.5,0.033940049489,19360182.1,0.017988764962,17167369.4,日涨幅达到15%的前5只证券,301468,博盈特焊
4,机构专用,36027126.1,0.033475072721,19603874.5,0.018215194925,16423251.6,日涨幅达到15%的前5只证券,301468,博盈特焊
5,机构专用,35875425.95,0.033334118554,25295838.9,0.023503957667,10579587.05,日涨幅达到15%的前5只证券,301468,博盈特焊
1,机构专用,35875425.95,0.033334118554,25295838.9,0.023503957667,10579587.05,日涨幅达到15%的前5只证券,301468,博盈特焊
2,机构专用,18033395.7,0.016755964125,20508941.5,0.019056149698,-2475545.8,日涨幅达到15%的前5只证券,301468,博盈特焊
3,机构专用,36027126.1,0.033475072721,19603874.5,0.018215194925,16423251.6,日涨幅达到15%的前5只证券,301468,博盈特焊
4,机构专用,36527551.5,0.033940049489,19360182.1,0.017988764962,17167369.4,日涨幅达到15%的前5只证券,301468,博盈特焊
5,国信证券股份有限公司佛山南海大沥证券营业部,4792.0,4.452549e-06,17395200.3,0.01616297657,-17390408.3,日涨幅达到15%的前5只证券,301468,博盈特焊
1,机构专用,65085705.62,0.038793285742,0.0,0.0,65085705.62,日换手率达到30%的前5只证券,301563,云汉芯城
2,机构专用,57158725.62,0.034068537085,54930461.78,0.03274041634,2228263.84,日换手率达到30%的前5只证券,301563,云汉芯城
3,深股通专用,55045188.06,0.03280879709,125535509.02,0.07482341669,-70490320.96,日换手率达到30%的前5只证券,301563,云汉芯城
4,机构专用,28124484.08,0.016763145407,33780099.88,0.020134084044,-5655615.8,日换手率达到30%的前5只证券,301563,云汉芯城
5,机构专用,28097635.26,0.016747142601,29623169.92,0.017656412946,-1525534.66,日换手率达到30%的前5只证券,301563,云汉芯城
1,深股通专用,55045188.06,0.03280879709,125535509.02,0.07482341669,-70490320.96,日换手率达到30%的前5只证券,301563,云汉芯城
2,机构专用,57158725.62,0.034068537085,54930461.78,0.03274041634,2228263.84,日换手率达到30%的前5只证券,301563,云汉芯城
3,机构专用,28124484.08,0.016763145407,33780099.88,0.020134084044,-5655615.8,日换手率达到30%的前5只证券,301563,云汉芯城
4,机构专用,28097635.26,0.016747142601,29623169.92,0.017656412946,-1525534.66,日换手率达到30%的前5只证券,301563,云汉芯城
5,机构专用,17537799.45,0.010453122677,26714844.4,0.015922952398,-9177044.95,日换手率达到30%的前5只证券,301563,云汉芯城
1,机构专用,18149104.24,0.023847762174,9835386.33,0.012923610498,8313717.91,日换手率达到30%的前5只证券,301591,肯特股份
2,国泰海通证券股份有限公司上海杨浦区黄兴路证券营业部,10853163.0,0.014260960025,19074461.5,0.025063673416,-8221298.5,日换手率达到30%的前5只证券,301591,肯特股份
3,机构专用,9743053.1,0.012802285452,6459621.0,0.008487884763,3283432.1,日换手率达到30%的前5只证券,301591,肯特股份
4,招商证券股份有限公司深圳壹海城证券营业部,8898018.5,0.011691917475,1072666.0,0.00140947362,7825352.5,日换手率达到30%的前5只证券,301591,肯特股份
5,东方财富证券股份有限公司拉萨金融城南环路证券营业部,8075066.87,0.010610566324,9079543.52,0.011930439743,-1004476.65,日换手率达到30%的前5只证券,301591,肯特股份
1,国泰海通证券股份有限公司上海杨浦区黄兴路证券营业部,10853163.0,0.014260960025,19074461.5,0.025063673416,-8221298.5,日换手率达到30%的前5只证券,301591,肯特股份
2,机构专用,816820.0,0.001073294243,12953981.88,0.017021417421,-12137161.88,日换手率达到30%的前5只证券,301591,肯特股份
3,广发证券股份有限公司晋江崇德路证券营业部,7740091.7,0.010170411918,12890290.2,0.016937727118,-5150198.5,日换手率达到30%的前5只证券,301591,肯特股份
4,机构专用,2650926.0,0.003483293277,10842111.26,0.014246438137,-8191185.26,日换手率达到30%的前5只证券,301591,肯特股份
5,华泰证券股份有限公司厦门厦禾路证券营业部,703191.0,0.000923986744,10092632.1,0.013261629161,-9389441.1,日换手率达到30%的前5只证券,301591,肯特股份
1,沪股通专用,1907990571.31,0.06545002499,,,1907990571.31,非ST、*ST和S证券连续三个交易日内收盘价格涨幅偏离值累计达到20%的证券,600105,永鼎股份
2,中信证券股份有限公司上海分公司,651201748.9,0.022338250188,,,651201748.9,非ST、*ST和S证券连续三个交易日内收盘价格涨幅偏离值累计达到20%的证券,600105,永鼎股份
3,高盛(中国)证券有限责任公司上海浦东新区世纪大道证券营业部,593054867.84,0.020343630888,,,593054867.84,非ST、*ST和S证券连续三个交易日内收盘价格涨幅偏离值累计达到20%的证券,600105,永鼎股份
4,国泰海通证券股份有限公司总部,577213693.14,0.019800229209,,,577213693.14,非ST、*ST和S证券连续三个交易日内收盘价格涨幅偏离值累计达到20%的证券,600105,永鼎股份
5,摩根大通证券(中国)有限公司上海银城中路证券营业部,510974081.81,0.01752800403,,,510974081.81,非ST、*ST和S证券连续三个交易日内收盘价格涨幅偏离值累计达到20%的证券,600105,永鼎股份
1,沪股通专用,,,1368210373.66,0.04693388138,-1368210373.66,非ST、*ST和S证券连续三个交易日内收盘价格涨幅偏离值累计达到20%的证券,600105,永鼎股份
2,中信证券股份有限公司上海分公司,,,637767980.34,0.021877430045,-637767980.34,非ST、*ST和S证券连续三个交易日内收盘价格涨幅偏离值累计达到20%的证券,600105,永鼎股份
3,国泰海通证券股份有限公司总部,,,477868010.96,0.016392362588,-477868010.96,非ST、*ST和S证券连续三个交易日内收盘价格涨幅偏离值累计达到20%的证券,600105,永鼎股份
4,高盛(中国)证券有限责任公司上海浦东新区世纪大道证券营业部,,,412106823.44,0.014136548837,-412106823.44,非ST、*ST和S证券连续三个交易日内收盘价格涨幅偏离值累计达到20%的证券,600105,永鼎股份
5,国泰海通证券股份有限公司北京知春路证券营业部,,,277454667.0,0.009517560077,-277454667.0,非ST、*ST和S证券连续三个交易日内收盘价格涨幅偏离值累计达到20%的证券,600105,永鼎股份
1,沪股通专用,39078029.0,0.021230863223,,,39078029.0,有价格涨跌幅限制的日换手率达到20%的前五只证券,600121,郑州煤电
2,国信证券股份有限公司浙江互联网分公司,28400637.0,0.015429898974,,,28400637.0,有价格涨跌幅限制的日换手率达到20%的前五只证券,600121,郑州煤电
3,东方财富证券股份有限公司山南香曲东路证券营业部,23942091.4,0.013007597384,,,23942091.4,有价格涨跌幅限制的日换手率达到20%的前五只证券,600121,郑州煤电
4,东方财富证券股份有限公司拉萨金融城南环路证券营业部,23353260.38,0.012687688955,,,23353260.38,有价格涨跌幅限制的日换手率达到20%的前五只证券,600121,郑州煤电
5,东方财富证券股份有限公司拉萨东城区江苏大道证券营业部,20774739.6,0.011286793787,,,20774739.6,有价格涨跌幅限制的日换手率达到20%的前五只证券,600121,郑州煤电
1,沪股通专用,,,60147857.68,0.032677977171,-60147857.68,有价格涨跌幅限制的日换手率达到20%的前五只证券,600121,郑州煤电
2,中信证券股份有限公司深圳深南中路中信大厦证券营业部,,,31882031.0,0.01732131985,-31882031.0,有价格涨跌幅限制的日换手率达到20%的前五只证券,600121,郑州煤电
3,国泰海通证券股份有限公司总部,,,29290211.34,0.015913199479,-29290211.34,有价格涨跌幅限制的日换手率达到20%的前五只证券,600121,郑州煤电
4,国金证券股份有限公司成都武成大街证券营业部,,,20349084.2,0.011055537713,-20349084.2,有价格涨跌幅限制的日换手率达到20%的前五只证券,600121,郑州煤电
5,中国国际金融股份有限公司上海分公司,,,17942224.3,0.009747904891,-17942224.3,有价格涨跌幅限制的日换手率达到20%的前五只证券,600121,郑州煤电
1,沪股通专用,446853442.71,0.058957178251,,,446853442.71,非ST、*ST和S证券连续三个交易日内收盘价格涨幅偏离值累计达到20%的证券,600246,万通发展
2,高盛(中国)证券有限责任公司上海浦东新区世纪大道证券营业部,190625013.18,0.025150780562,,,190625013.18,非ST、*ST和S证券连续三个交易日内收盘价格涨幅偏离值累计达到20%的证券,600246,万通发展
3,联储证券股份有限公司杭州环城北路证券营业部,150961740.0,0.019917667323,,,150961740.0,非ST、*ST和S证券连续三个交易日内收盘价格涨幅偏离值累计达到20%的证券,600246,万通发展
4,国泰海通证券股份有限公司总部,145636627.11,0.019215079853,,,145636627.11,非ST、*ST和S证券连续三个交易日内收盘价格涨幅偏离值累计达到20%的证券,600246,万通发展
5,瑞银证券有限责任公司上海花园石桥路证券营业部,122334180.72,0.016140589754,,,122334180.72,非ST、*ST和S证券连续三个交易日内收盘价格涨幅偏离值累计达到20%的证券,600246,万通发展
1,沪股通专用,,,305422181.83,0.04029694816,-305422181.83,非ST、*ST和S证券连续三个交易日内收盘价格涨幅偏离值累计达到20%的证券,600246,万通发展
2,长城证券股份有限公司北京崇文门外大街证券营业部,,,232119665.05,0.03062552318,-232119665.05,非ST、*ST和S证券连续三个交易日内收盘价格涨幅偏离值累计达到20%的证券,600246,万通发展
3,信达证券股份有限公司北京中关村南大街证券营业部,,,162987198.6,0.021504288436,-162987198.6,非ST、*ST和S证券连续三个交易日内收盘价格涨幅偏离值累计达到20%的证券,600246,万通发展
4,高盛(中国)证券有限责任公司上海浦东新区世纪大道证券营业部,,,137995945.0,0.018206979626,-137995945.0,非ST、*ST和S证券连续三个交易日内收盘价格涨幅偏离值累计达到20%的证券,600246,万通发展
5,国泰海通证券股份有限公司总部,,,115596407.35,0.015251617962,-115596407.35,非ST、*ST和S证券连续三个交易日内收盘价格涨幅偏离值累计达到20%的证券,600246,万通发展
1,国泰海通证券股份有限公司昆明人民中路证券营业部,40528200.0,0.013694498868,,,40528200.0,有价格涨跌幅限制的日换手率达到20%的前五只证券,600255,鑫科材料
2,中泰证券股份有限公司宁波分公司,36781936.0,0.012428634406,,,36781936.0,有价格涨跌幅限制的日换手率达到20%的前五只证券,600255,鑫科材料
3,中信证券(山东)有限责任公司淄博分公司,31255759.0,0.010561336458,,,31255759.0,有价格涨跌幅限制的日换手率达到20%的前五只证券,600255,鑫科材料
4,东方财富证券股份有限公司山南香曲东路证券营业部,30675818.0,0.010365374107,,,30675818.0,有价格涨跌幅限制的日换手率达到20%的前五只证券,600255,鑫科材料
5,国盛证券股份有限公司杭州建设三路证券营业部,27072163.9,0.0091476976,,,27072163.9,有价格涨跌幅限制的日换手率达到20%的前五只证券,600255,鑫科材料
1,开源证券股份有限公司西安太华路证券营业部,,,101329361.0,0.034239241307,-101329361.0,有价格涨跌幅限制的日换手率达到20%的前五只证券,600255,鑫科材料
2,沪股通专用,,,57318849.67,0.019368067714,-57318849.67,有价格涨跌幅限制的日换手率达到20%的前五只证券,600255,鑫科材料
3,甬兴证券有限公司宁波和源路证券营业部,,,56201612.71,0.018990552792,-56201612.71,有价格涨跌幅限制的日换手率达到20%的前五只证券,600255,鑫科材料
4,甬兴证券有限公司青岛分公司,,,35718976.0,0.012069459695,-35718976.0,有价格涨跌幅限制的日换手率达到20%的前五只证券,600255,鑫科材料
5,国泰海通证券股份有限公司上海长宁区天山路证券营业部,,,29697271.5,0.01003472276,-29697271.5,有价格涨跌幅限制的日换手率达到20%的前五只证券,600255,鑫科材料
1,东方财富证券股份有限公司拉萨金融城南环路证券营业部,8370188.0,0.014313431468,,,8370188.0,有价格涨跌幅限制的日收盘价格跌幅偏离值达到7%的前五只证券,600280,中央商场
2,中信证券股份有限公司杭州崇仁路证券营业部,8062349.0,0.0137870117,,,8062349.0,有价格涨跌幅限制的日收盘价格跌幅偏离值达到7%的前五只证券,600280,中央商场
3,国信证券股份有限公司浙江互联网分公司,7357005.0,0.01258083891,,,7357005.0,有价格涨跌幅限制的日收盘价格跌幅偏离值达到7%的前五只证券,600280,中央商场
4,东方财富证券股份有限公司山南香曲东路证券营业部,5748478.0,0.009830178952,,,5748478.0,有价格涨跌幅限制的日收盘价格跌幅偏离值达到7%的前五只证券,600280,中央商场
5,东方财富证券股份有限公司拉萨团结路第一证券营业部,5461583.0,0.009339574449,,,5461583.0,有价格涨跌幅限制的日收盘价格跌幅偏离值达到7%的前五只证券,600280,中央商场
1,长城证券股份有限公司西北分公司,,,18375351.0,0.03142275027,-18375351.0,有价格涨跌幅限制的日收盘价格跌幅偏离值达到7%的前五只证券,600280,中央商场
2,国泰海通证券股份有限公司总部,,,18103688.7,0.030958194431,-18103688.7,有价格涨跌幅限制的日收盘价格跌幅偏离值达到7%的前五只证券,600280,中央商场
3,东吴证券股份有限公司苏州相城采莲路证券营业部,,,12844440.0,0.021964621546,-12844440.0,有价格涨跌幅限制的日收盘价格跌幅偏离值达到7%的前五只证券,600280,中央商场
4,东吴证券股份有限公司苏州永昌泾大道证券营业部,,,12330932.0,0.021086497713,-12330932.0,有价格涨跌幅限制的日收盘价格跌幅偏离值达到7%的前五只证券,600280,中央商场
5,东吴证券股份有限公司苏州相城区青龙港路证券营业部,,,7028861.0,0.012019696597,-7028861.0,有价格涨跌幅限制的日收盘价格跌幅偏离值达到7%的前五只证券,600280,中央商场
1,国泰海通证券股份有限公司上海松江区中山东路证券营业部,21811971.6,0.079412611252,,,21811971.6,有价格涨跌幅限制的日收盘价格涨幅偏离值达到7%的前五只证券,600293,三峡新材
2,东亚前海证券有限责任公司深圳分公司,13071240.0,0.047589521926,,,13071240.0,有价格涨跌幅限制的日收盘价格涨幅偏离值达到7%的前五只证券,600293,三峡新材
3,国泰海通证券股份有限公司上海自贸试验区第二分公司,11897260.0,0.043315317875,,,11897260.0,有价格涨跌幅限制的日收盘价格涨幅偏离值达到7%的前五只证券,600293,三峡新材
4,华泰证券股份有限公司北京东三环北路证券营业部,7206792.0,0.026238351212,,,7206792.0,有价格涨跌幅限制的日收盘价格涨幅偏离值达到7%的前五只证券,600293,三峡新材
5,华鑫证券有限责任公司上海徐汇区瑞平路证券营业部,6836760.0,0.024891145746,,,6836760.0,有价格涨跌幅限制的日收盘价格涨幅偏离值达到7%的前五只证券,600293,三峡新材
1,国泰海通证券股份有限公司总部,,,6212292.12,0.022617594968,-6212292.12,有价格涨跌幅限制的日收盘价格涨幅偏离值达到7%的前五只证券,600293,三峡新材
2,华泰证券股份有限公司成都蜀金路证券营业部,,,4184150.5,0.015233575541,-4184150.5,有价格涨跌幅限制的日收盘价格涨幅偏离值达到7%的前五只证券,600293,三峡新材
3,中国中金财富证券有限公司北京万寿路证券营业部,,,3499162.0,0.012739682442,-3499162.0,有价格涨跌幅限制的日收盘价格涨幅偏离值达到7%的前五只证券,600293,三峡新材
4,华福证券股份有限公司泉州丰海路证券营业部,,,3447572.0,0.012551854551,-3447572.0,有价格涨跌幅限制的日收盘价格涨幅偏离值达到7%的前五只证券,600293,三峡新材
5,中信证券股份有限公司深圳深南中路中信大厦证券营业部,,,3134930.0,0.011413593505,-3134930.0,有价格涨跌幅限制的日收盘价格涨幅偏离值达到7%的前五只证券,600293,三峡新材
1,沪股通专用,187301712.69,0.04956626077,,,187301712.69,非ST、*ST和S证券连续三个交易日内收盘价格涨幅偏离值累计达到20%的证券,600367,红星发展
2,中信证券股份有限公司杭州延安路证券营业部,110339432.0,0.029199482381,,,110339432.0,非ST、*ST和S证券连续三个交易日内收盘价格涨幅偏离值累计达到20%的证券,600367,红星发展
3,高盛(中国)证券有限责任公司上海浦东新区世纪大道证券营业部,100569054.0,0.026613915508,,,100569054.0,非ST、*ST和S证券连续三个交易日内收盘价格涨幅偏离值累计达到20%的证券,600367,红星发展
4,国泰海通证券股份有限公司总部,77724727.36,0.020568547128,,,77724727.36,非ST、*ST和S证券连续三个交易日内收盘价格涨幅偏离值累计达到20%的证券,600367,红星发展
5,中信证券股份有限公司上海分公司,65228025.0,0.017261504181,,,65228025.0,非ST、*ST和S证券连续三个交易日内收盘价格涨幅偏离值累计达到20%的证券,600367,红星发展
1,沪股通专用,,,118379463.0,0.031327141907,-118379463.0,非ST、*ST和S证券连续三个交易日内收盘价格涨幅偏离值累计达到20%的证券,600367,红星发展
2,国泰海通证券股份有限公司总部,,,59269068.0,0.015684566029,-59269068.0,非ST、*ST和S证券连续三个交易日内收盘价格涨幅偏离值累计达到20%的证券,600367,红星发展
3,华泰证券股份有限公司总部,,,55415633.0,0.014664819005,-55415633.0,非ST、*ST和S证券连续三个交易日内收盘价格涨幅偏离值累计达到20%的证券,600367,红星发展
4,东亚前海证券有限责任公司深圳分公司,,,48079937.0,0.012723549939,-48079937.0,非ST、*ST和S证券连续三个交易日内收盘价格涨幅偏离值累计达到20%的证券,600367,红星发展
5,国泰海通证券股份有限公司南京太平南路证券营业部,,,38199978.0,0.010108984289,-38199978.0,非ST、*ST和S证券连续三个交易日内收盘价格涨幅偏离值累计达到20%的证券,600367,红星发展
1,沪股通专用,22782225.0,0.027380599785,,,22782225.0,非ST、*ST和S证券连续三个交易日内收盘价格涨幅偏离值累计达到20%的证券,600403,大有能源
2,国投证券股份有限公司深圳红荔西路证券营业部,22297075.0,0.026797526886,,,22297075.0,非ST、*ST和S证券连续三个交易日内收盘价格涨幅偏离值累计达到20%的证券,600403,大有能源
3,国信证券股份有限公司北京朝阳门证券营业部,16889608.0,0.020298614256,,,16889608.0,非ST、*ST和S证券连续三个交易日内收盘价格涨幅偏离值累计达到20%的证券,600403,大有能源
4,中国银河证券股份有限公司庄河世纪大街证券营业部,16072828.28,0.019316975342,,,16072828.28,非ST、*ST和S证券连续三个交易日内收盘价格涨幅偏离值累计达到20%的证券,600403,大有能源
5,广发证券股份有限公司西安南广济街证券营业部,13527027.0,0.016257328359,,,13527027.0,非ST、*ST和S证券连续三个交易日内收盘价格涨幅偏离值累计达到20%的证券,600403,大有能源
1,沪股通专用,,,37275665.0,0.044799402389,-37275665.0,非ST、*ST和S证券连续三个交易日内收盘价格涨幅偏离值累计达到20%的证券,600403,大有能源
2,东吴证券股份有限公司太仓上海东路证券营业部,,,25125589.0,0.030196949454,-25125589.0,非ST、*ST和S证券连续三个交易日内收盘价格涨幅偏离值累计达到20%的证券,600403,大有能源
3,国新证券股份有限公司北京中关村大街证券营业部,,,24567935.0,0.029526738314,-24567935.0,非ST、*ST和S证券连续三个交易日内收盘价格涨幅偏离值累计达到20%的证券,600403,大有能源
4,国投证券股份有限公司深圳红荔西路证券营业部,,,24484100.0,0.029425982019,-24484100.0,非ST、*ST和S证券连续三个交易日内收盘价格涨幅偏离值累计达到20%的证券,600403,大有能源
5,方正证券股份有限公司广西分公司,,,14616986.0,0.017567285185,-14616986.0,非ST、*ST和S证券连续三个交易日内收盘价格涨幅偏离值累计达到20%的证券,600403,大有能源
1,国泰海通证券股份有限公司总部,21878795.88,0.043012051315,,,21878795.88,有价格涨跌幅限制的日收盘价格涨幅偏离值达到7%的前五只证券,600408,安泰集团
2,华泰证券股份有限公司总部,21175766.0,0.041629947956,,,21175766.0,有价格涨跌幅限制的日收盘价格涨幅偏离值达到7%的前五只证券,600408,安泰集团
3,高盛(中国)证券有限责任公司上海浦东新区世纪大道证券营业部,19092362.02,0.037534133937,,,19092362.02,有价格涨跌幅限制的日收盘价格涨幅偏离值达到7%的前五只证券,600408,安泰集团
4,广发证券股份有限公司佛山顺德诚德路证券营业部,9490800.47,0.018658193032,,,9490800.47,有价格涨跌幅限制的日收盘价格涨幅偏离值达到7%的前五只证券,600408,安泰集团
5,国泰海通证券股份有限公司上海浦东新区福山路证券营业部,8562682.0,0.016833582597,,,8562682.0,有价格涨跌幅限制的日收盘价格涨幅偏离值达到7%的前五只证券,600408,安泰集团
1,国泰海通证券股份有限公司总部,,,20934656.0,0.041155944005,-20934656.0,有价格涨跌幅限制的日收盘价格涨幅偏离值达到7%的前五只证券,600408,安泰集团
2,高盛(中国)证券有限责任公司上海浦东新区世纪大道证券营业部,,,8642184.0,0.016989877492,-8642184.0,有价格涨跌幅限制的日收盘价格涨幅偏离值达到7%的前五只证券,600408,安泰集团
3,瑞银证券有限责任公司上海花园石桥路证券营业部,,,8471310.0,0.016653952184,-8471310.0,有价格涨跌幅限制的日收盘价格涨幅偏离值达到7%的前五只证券,600408,安泰集团
4,国泰海通证券股份有限公司襄阳长虹路证券营业部,,,5987949.0,0.011771853034,-5987949.0,有价格涨跌幅限制的日收盘价格涨幅偏离值达到7%的前五只证券,600408,安泰集团
5,中信证券股份有限公司上海分公司,,,5934413.0,0.011666605323,-5934413.0,有价格涨跌幅限制的日收盘价格涨幅偏离值达到7%的前五只证券,600408,安泰集团
1,东方财富证券股份有限公司拉萨团结路第二证券营业部,391119.0,0.088398323248,,,391119.0,退市整理的证券,600421,退市华嵘
2,东方财富证券股份有限公司拉萨金融城南环路证券营业部,349241.0,0.078933313926,,,349241.0,退市整理的证券,600421,退市华嵘
3,民生证券股份有限公司北京第一分公司,239283.0,0.054081279564,,,239283.0,退市整理的证券,600421,退市华嵘
4,长城证券股份有限公司厦门展鸿路证券营业部,199980.0,0.045198255986,,,199980.0,退市整理的证券,600421,退市华嵘
5,中国国际金融股份有限公司上海分公司,166330.0,0.03759288888,,,166330.0,退市整理的证券,600421,退市华嵘
1,东方财富证券股份有限公司拉萨东环路第二证券营业部,,,656709.0,0.148425349988,-656709.0,退市整理的证券,600421,退市华嵘
2,湘财证券股份有限公司上海陆家嘴证券营业部,,,374038.83,0.084537967733,-374038.83,退市整理的证券,600421,退市华嵘
3,华泰证券股份有限公司泰州分公司,,,330068.0,0.07459994978,-330068.0,退市整理的证券,600421,退市华嵘
4,国海证券股份有限公司贵港中山路证券营业部,,,299013.0,0.067581088695,-299013.0,退市整理的证券,600421,退市华嵘
5,广发证券股份有限公司天津西康路证券营业部,,,246246.0,0.05565501422,-246246.0,退市整理的证券,600421,退市华嵘
1,开源证券股份有限公司西安太华路证券营业部,31912382.0,0.074641546753,,,31912382.0,非ST、*ST和S证券连续三个交易日内收盘价格涨幅偏离值累计达到20%的证券,600439,瑞贝卡
2,华泰证券股份有限公司总部,13951250.0,0.032631311544,,,13951250.0,非ST、*ST和S证券连续三个交易日内收盘价格涨幅偏离值累计达到20%的证券,600439,瑞贝卡
3,华鑫证券有限责任公司绍兴胜利东路证券营业部,12299808.0,0.028768667092,,,12299808.0,非ST、*ST和S证券连续三个交易日内收盘价格涨幅偏离值累计达到20%的证券,600439,瑞贝卡
4,国泰海通证券股份有限公司南京金融城证券营业部,12077921.0,0.028249683931,,,12077921.0,非ST、*ST和S证券连续三个交易日内收盘价格涨幅偏离值累计达到20%的证券,600439,瑞贝卡
5,东方财富证券股份有限公司拉萨团结路第一证券营业部,10477998.0,0.024507539976,,,10477998.0,非ST、*ST和S证券连续三个交易日内收盘价格涨幅偏离值累计达到20%的证券,600439,瑞贝卡
1,开源证券股份有限公司西安太华路证券营业部,,,35134581.0,0.08217811727,-35134581.0,非ST、*ST和S证券连续三个交易日内收盘价格涨幅偏离值累计达到20%的证券,600439,瑞贝卡
2,国泰海通证券股份有限公司总部,,,13293738.0,0.031093422185,-13293738.0,非ST、*ST和S证券连续三个交易日内收盘价格涨幅偏离值累计达到20%的证券,600439,瑞贝卡
3,五矿证券有限公司杭州中山北路证券营业部,,,9183000.0,0.021478601122,-9183000.0,非ST、*ST和S证券连续三个交易日内收盘价格涨幅偏离值累计达到20%的证券,600439,瑞贝卡
4,高盛(中国)证券有限责任公司上海浦东新区世纪大道证券营业部,,,9159599.0,0.021423867294,-9159599.0,非ST、*ST和S证券连续三个交易日内收盘价格涨幅偏离值累计达到20%的证券,600439,瑞贝卡
5,华泰证券股份有限公司长沙湘江中路证券营业部,,,6505990.0,0.015217201798,-6505990.0,非ST、*ST和S证券连续三个交易日内收盘价格涨幅偏离值累计达到20%的证券,600439,瑞贝卡
1,沪股通专用,2340247697.66,0.117872346361,,,2340247697.66,非ST、*ST和S证券连续三个交易日内收盘价格涨幅偏离值累计达到20%的证券,600549,厦门钨业
2,机构专用,662680177.21,0.033377521299,,,662680177.21,非ST、*ST和S证券连续三个交易日内收盘价格涨幅偏离值累计达到20%的证券,600549,厦门钨业
3,高盛(中国)证券有限责任公司上海浦东新区世纪大道证券营业部,466649784.38,0.023503967152,,,466649784.38,非ST、*ST和S证券连续三个交易日内收盘价格涨幅偏离值累计达到20%的证券,600549,厦门钨业
4,机构专用,304977692.89,0.01536095358,,,304977692.89,非ST、*ST和S证券连续三个交易日内收盘价格涨幅偏离值累计达到20%的证券,600549,厦门钨业
5,国泰海通证券股份有限公司总部,289132535.93,0.014562873175,,,289132535.93,非ST、*ST和S证券连续三个交易日内收盘价格涨幅偏离值累计达到20%的证券,600549,厦门钨业
1,沪股通专用,,,1753561948.81,0.088322471849,-1753561948.81,非ST、*ST和S证券连续三个交易日内收盘价格涨幅偏离值累计达到20%的证券,600549,厦门钨业
2,高盛(中国)证券有限责任公司上海浦东新区世纪大道证券营业部,,,348592273.1,0.017557709466,-348592273.1,非ST、*ST和S证券连续三个交易日内收盘价格涨幅偏离值累计达到20%的证券,600549,厦门钨业
3,国泰海通证券股份有限公司总部,,,300848202.32,0.015152961604,-300848202.32,非ST、*ST和S证券连续三个交易日内收盘价格涨幅偏离值累计达到20%的证券,600549,厦门钨业
4,摩根大通证券(中国)有限公司上海银城中路证券营业部,,,248479218.34,0.012515268583,-248479218.34,非ST、*ST和S证券连续三个交易日内收盘价格涨幅偏离值累计达到20%的证券,600549,厦门钨业
5,国泰海通证券股份有限公司海口国贸大道证券营业部,,,217964384.15,0.010978313709,-217964384.15,非ST、*ST和S证券连续三个交易日内收盘价格涨幅偏离值累计达到20%的证券,600549,厦门钨业
1,平安证券股份有限公司深圳深南东路罗湖商务中心证券营业部,375464.0,0.116833584085,,,375464.0,退市整理的证券,600599,退市熊猫
2,财信证券股份有限公司杭州庆春路证券营业部,220400.0,0.068582132861,,,220400.0,退市整理的证券,600599,退市熊猫
3,广发证券股份有限公司安徽分公司,202513.0,0.063016213575,,,202513.0,退市整理的证券,600599,退市熊猫
4,兴业证券股份有限公司湖北分公司,191952.0,0.059729934514,,,191952.0,退市整理的证券,600599,退市熊猫
5,中国银河证券股份有限公司北京远大路证券营业部,155609.0,0.04842103953,,,155609.0,退市整理的证券,600599,退市熊猫
1,平安证券股份有限公司济南解放路证券营业部,,,429972.48,0.133795053311,-429972.48,退市整理的证券,600599,退市熊猫
2,方正证券股份有限公司宁波江澄北路证券营业部,,,244118.0,0.075962491423,-244118.0,退市整理的证券,600599,退市熊猫
3,中国银河证券股份有限公司合肥金城证券营业部,,,205061.0,0.063809077797,-205061.0,退市整理的证券,600599,退市熊猫
4,长城证券股份有限公司成都天晖中街证券营业部,,,168136.64,0.052319280323,-168136.64,退市整理的证券,600599,退市熊猫
5,东方财富证券股份有限公司拉萨东环路第一证券营业部,,,162438.0,0.050546027666,-162438.0,退市整理的证券,600599,退市熊猫
1,中信证券股份有限公司北京天通苑证券营业部,4185708.98,0.059872555566,,,4185708.98,退市整理的证券,600636,退市国化
2,中国中金财富证券有限公司北京望京启阳路证券营业部,3237372.0,0.04630750391,,,3237372.0,退市整理的证券,600636,退市国化
3,浙商证券股份有限公司永康望春西路证券营业部,2123701.64,0.030377516701,,,2123701.64,退市整理的证券,600636,退市国化
4,申万宏源证券有限公司上海黄浦区陆家浜路证券营业部,1477840.9,0.021139097779,,,1477840.9,退市整理的证券,600636,退市国化
5,东方财富证券股份有限公司拉萨团结路第二证券营业部,1380822.0,0.019751335393,,,1380822.0,退市整理的证券,600636,退市国化
6,中信证券股份有限公司北京天通苑证券营业部,13793966.98,0.071760897507,,,13793966.98,非ST、*ST和S证券连续三个交易日内收盘价格跌幅偏离值累计达到20%的证券,600636,退市国化
7,东方财富证券股份有限公司拉萨东环路第二证券营业部,6266900.8,0.032602544768,,,6266900.8,非ST、*ST和S证券连续三个交易日内收盘价格跌幅偏离值累计达到20%的证券,600636,退市国化
8,中国中金财富证券有限公司广州番禺东兴路证券营业部,5658482.36,0.029437345563,,,5658482.36,非ST、*ST和S证券连续三个交易日内收盘价格跌幅偏离值累计达到20%的证券,600636,退市国化
9,东方财富证券股份有限公司拉萨团结路第一证券营业部,5621439.0,0.029244633433,,,5621439.0,非ST、*ST和S证券连续三个交易日内收盘价格跌幅偏离值累计达到20%的证券,600636,退市国化
10,浙商证券股份有限公司宁波四明中路证券营业部,3295755.0,0.017145635995,,,3295755.0,非ST、*ST和S证券连续三个交易日内收盘价格跌幅偏离值累计达到20%的证券,600636,退市国化
1,中国中金财富证券有限公司广州番禺东兴路证券营业部,,,3723183.0,0.053256564686,-3723183.0,退市整理的证券,600636,退市国化
2,东方财富证券股份有限公司拉萨团结路第一证券营业部,,,2783350.1,0.039813155745,-2783350.1,退市整理的证券,600636,退市国化
3,东方财富证券股份有限公司拉萨金融城南环路证券营业部,,,1930741.63,0.027617408682,-1930741.63,退市整理的证券,600636,退市国化
4,德邦证券股份有限公司北京朝阳北路证券营业部,,,1614810.0,0.02309830949,-1614810.0,退市整理的证券,600636,退市国化
5,长城证券股份有限公司前海分公司,,,1117292.3,0.015981795589,-1117292.3,退市整理的证券,600636,退市国化
6,中国中金财富证券有限公司广州番禺东兴路证券营业部,,,5076732.0,0.026410882761,-5076732.0,非ST、*ST和S证券连续三个交易日内收盘价格跌幅偏离值累计达到20%的证券,600636,退市国化
7,中国银河证券股份有限公司威海统一路证券营业部,,,3602683.07,0.018742379977,-3602683.07,非ST、*ST和S证券连续三个交易日内收盘价格跌幅偏离值累计达到20%的证券,600636,退市国化
8,华西证券股份有限公司成都西玉龙街证券营业部,,,3368852.0,0.017525911396,-3368852.0,非ST、*ST和S证券连续三个交易日内收盘价格跌幅偏离值累计达到20%的证券,600636,退市国化
9,招商证券股份有限公司北京金融大街证券营业部,,,3360096.6,0.017480362834,-3360096.6,非ST、*ST和S证券连续三个交易日内收盘价格跌幅偏离值累计达到20%的证券,600636,退市国化
10,东方财富证券股份有限公司拉萨团结路第一证券营业部,,,3125949.1,0.016262248076,-3125949.1,非ST、*ST和S证券连续三个交易日内收盘价格跌幅偏离值累计达到20%的证券,600636,退市国化
1,中信证券股份有限公司北京天通苑证券营业部,4185708.98,0.059872555566,,,4185708.98,退市整理的证券,600636,退市国化
2,中国中金财富证券有限公司北京望京启阳路证券营业部,3237372.0,0.04630750391,,,3237372.0,退市整理的证券,600636,退市国化
3,浙商证券股份有限公司永康望春西路证券营业部,2123701.64,0.030377516701,,,2123701.64,退市整理的证券,600636,退市国化
4,申万宏源证券有限公司上海黄浦区陆家浜路证券营业部,1477840.9,0.021139097779,,,1477840.9,退市整理的证券,600636,退市国化
5,东方财富证券股份有限公司拉萨团结路第二证券营业部,1380822.0,0.019751335393,,,1380822.0,退市整理的证券,600636,退市国化
6,中信证券股份有限公司北京天通苑证券营业部,13793966.98,0.071760897507,,,13793966.98,非ST、*ST和S证券连续三个交易日内收盘价格跌幅偏离值累计达到20%的证券,600636,退市国化
7,东方财富证券股份有限公司拉萨东环路第二证券营业部,6266900.8,0.032602544768,,,6266900.8,非ST、*ST和S证券连续三个交易日内收盘价格跌幅偏离值累计达到20%的证券,600636,退市国化
8,中国中金财富证券有限公司广州番禺东兴路证券营业部,5658482.36,0.029437345563,,,5658482.36,非ST、*ST和S证券连续三个交易日内收盘价格跌幅偏离值累计达到20%的证券,600636,退市国化
9,东方财富证券股份有限公司拉萨团结路第一证券营业部,5621439.0,0.029244633433,,,5621439.0,非ST、*ST和S证券连续三个交易日内收盘价格跌幅偏离值累计达到20%的证券,600636,退市国化
10,浙商证券股份有限公司宁波四明中路证券营业部,3295755.0,0.017145635995,,,3295755.0,非ST、*ST和S证券连续三个交易日内收盘价格跌幅偏离值累计达到20%的证券,600636,退市国化
1,中国中金财富证券有限公司广州番禺东兴路证券营业部,,,3723183.0,0.053256564686,-3723183.0,退市整理的证券,600636,退市国化
2,东方财富证券股份有限公司拉萨团结路第一证券营业部,,,2783350.1,0.039813155745,-2783350.1,退市整理的证券,600636,退市国化
3,东方财富证券股份有限公司拉萨金融城南环路证券营业部,,,1930741.63,0.027617408682,-1930741.63,退市整理的证券,600636,退市国化
4,德邦证券股份有限公司北京朝阳北路证券营业部,,,1614810.0,0.02309830949,-1614810.0,退市整理的证券,600636,退市国化
5,长城证券股份有限公司前海分公司,,,1117292.3,0.015981795589,-1117292.3,退市整理的证券,600636,退市国化
6,中国中金财富证券有限公司广州番禺东兴路证券营业部,,,5076732.0,0.026410882761,-5076732.0,非ST、*ST和S证券连续三个交易日内收盘价格跌幅偏离值累计达到20%的证券,600636,退市国化
7,中国银河证券股份有限公司威海统一路证券营业部,,,3602683.07,0.018742379977,-3602683.07,非ST、*ST和S证券连续三个交易日内收盘价格跌幅偏离值累计达到20%的证券,600636,退市国化
8,华西证券股份有限公司成都西玉龙街证券营业部,,,3368852.0,0.017525911396,-3368852.0,非ST、*ST和S证券连续三个交易日内收盘价格跌幅偏离值累计达到20%的证券,600636,退市国化
9,招商证券股份有限公司北京金融大街证券营业部,,,3360096.6,0.017480362834,-3360096.6,非ST、*ST和S证券连续三个交易日内收盘价格跌幅偏离值累计达到20%的证券,600636,退市国化
10,东方财富证券股份有限公司拉萨团结路第一证券营业部,,,3125949.1,0.016262248076,-3125949.1,非ST、*ST和S证券连续三个交易日内收盘价格跌幅偏离值累计达到20%的证券,600636,退市国化
1,沪股通专用,596775433.74,0.041850890716,,,596775433.74,非ST、*ST和S证券连续三个交易日内收盘价格涨幅偏离值累计达到20%的证券,600667,太极实业
2,国泰海通证券股份有限公司总部,309458683.96,0.021701834277,,,309458683.96,非ST、*ST和S证券连续三个交易日内收盘价格涨幅偏离值累计达到20%的证券,600667,太极实业
3,高盛(中国)证券有限责任公司上海浦东新区世纪大道证券营业部,235111477.06,0.016487985557,,,235111477.06,非ST、*ST和S证券连续三个交易日内收盘价格涨幅偏离值累计达到20%的证券,600667,太极实业
4,摩根大通证券(中国)有限公司上海银城中路证券营业部,127843168.88,0.00896543354,,,127843168.88,非ST、*ST和S证券连续三个交易日内收盘价格涨幅偏离值累计达到20%的证券,600667,太极实业
5,中信证券股份有限公司上海分公司,123602712.84,0.008668057254,,,123602712.84,非ST、*ST和S证券连续三个交易日内收盘价格涨幅偏离值累计达到20%的证券,600667,太极实业
1,沪股通专用,,,613294694.88,0.043009359637,-613294694.88,非ST、*ST和S证券连续三个交易日内收盘价格涨幅偏离值累计达到20%的证券,600667,太极实业
2,国泰海通证券股份有限公司总部,,,215630782.45,0.015121836123,-215630782.45,非ST、*ST和S证券连续三个交易日内收盘价格涨幅偏离值累计达到20%的证券,600667,太极实业
3,国泰海通证券股份有限公司武汉紫阳东路证券营业部,,,202306523.97,0.014187427543,-202306523.97,非ST、*ST和S证券连续三个交易日内收盘价格涨幅偏离值累计达到20%的证券,600667,太极实业
4,高盛(中国)证券有限责任公司上海浦东新区世纪大道证券营业部,,,144495490.68,0.010133233789,-144495490.68,非ST、*ST和S证券连续三个交易日内收盘价格涨幅偏离值累计达到20%的证券,600667,太极实业
5,华泰证券股份有限公司总部,,,142709904.94,0.010008013564,-142709904.94,非ST、*ST和S证券连续三个交易日内收盘价格涨幅偏离值累计达到20%的证券,600667,太极实业
1,浙商证券股份有限公司杭州五星路证券营业部,166340448.8,0.280078038078,,,166340448.8,有价格涨跌幅限制的日收盘价格涨幅偏离值达到7%的前五只证券,600688,上海石化
2,东莞证券股份有限公司常熟东南大道证券营业部,33612410.0,0.056595361596,,,33612410.0,有价格涨跌幅限制的日收盘价格涨幅偏离值达到7%的前五只证券,600688,上海石化
3,华鑫证券有限责任公司绍兴胜利东路证券营业部,26499200.0,0.044618395587,,,26499200.0,有价格涨跌幅限制的日收盘价格涨幅偏离值达到7%的前五只证券,600688,上海石化
4,第一创业证券股份有限公司合肥分公司,9300408.0,0.015659690982,,,9300408.0,有价格涨跌幅限制的日收盘价格涨幅偏离值达到7%的前五只证券,600688,上海石化
5,华鑫证券有限责任公司天津海河东路证券营业部,7948117.32,0.013382752791,,,7948117.32,有价格涨跌幅限制的日收盘价格涨幅偏离值达到7%的前五只证券,600688,上海石化
6,浙商证券股份有限公司杭州五星路证券营业部,166340448.8,0.226835382152,,,166340448.8,非ST、*ST和S证券连续三个交易日内收盘价格涨幅偏离值累计达到20%的证券,600688,上海石化
7,国泰海通证券股份有限公司南京太平南路证券营业部,43667763.88,0.059548918973,,,43667763.88,非ST、*ST和S证券连续三个交易日内收盘价格涨幅偏离值累计达到20%的证券,600688,上海石化
8,东莞证券股份有限公司常熟东南大道证券营业部,39008242.0,0.053194815482,,,39008242.0,非ST、*ST和S证券连续三个交易日内收盘价格涨幅偏离值累计达到20%的证券,600688,上海石化
9,华鑫证券有限责任公司绍兴胜利东路证券营业部,26499200.0,0.03613646712,,,26499200.0,非ST、*ST和S证券连续三个交易日内收盘价格涨幅偏离值累计达到20%的证券,600688,上海石化
10,甬兴证券有限公司宁波和源路证券营业部,14188738.0,0.019348918617,,,14188738.0,非ST、*ST和S证券连续三个交易日内收盘价格涨幅偏离值累计达到20%的证券,600688,上海石化
1,国泰海通证券股份有限公司南京太平南路证券营业部,,,48085177.92,0.080964085342,-48085177.92,有价格涨跌幅限制的日收盘价格涨幅偏离值达到7%的前五只证券,600688,上海石化
2,国信证券股份有限公司深圳泰然九路证券营业部,,,35697202.0,0.060105659045,-35697202.0,有价格涨跌幅限制的日收盘价格涨幅偏离值达到7%的前五只证券,600688,上海石化
3,广发证券股份有限公司上海玉兰路证券营业部,,,25379744.0,0.042733496018,-25379744.0,有价格涨跌幅限制的日收盘价格涨幅偏离值达到7%的前五只证券,600688,上海石化
4,华泰证券股份有限公司南宁民族大道证券营业部,,,16079674.0,0.027074374149,-16079674.0,有价格涨跌幅限制的日收盘价格涨幅偏离值达到7%的前五只证券,600688,上海石化
5,国金证券股份有限公司深圳湾一号证券营业部,,,10193404.0,0.017163285384,-10193404.0,有价格涨跌幅限制的日收盘价格涨幅偏离值达到7%的前五只证券,600688,上海石化
6,国泰海通证券股份有限公司南京太平南路证券营业部,,,48145349.92,0.065654919935,-48145349.92,非ST、*ST和S证券连续三个交易日内收盘价格涨幅偏离值累计达到20%的证券,600688,上海石化
7,国信证券股份有限公司深圳泰然九路证券营业部,,,36238750.0,0.049418110654,-36238750.0,非ST、*ST和S证券连续三个交易日内收盘价格涨幅偏离值累计达到20%的证券,600688,上海石化
8,广发证券股份有限公司上海玉兰路证券营业部,,,33171404.0,0.045235227854,-33171404.0,非ST、*ST和S证券连续三个交易日内收盘价格涨幅偏离值累计达到20%的证券,600688,上海石化
9,华泰证券股份有限公司南宁民族大道证券营业部,,,16111295.0,0.021970673908,-16111295.0,非ST、*ST和S证券连续三个交易日内收盘价格涨幅偏离值累计达到20%的证券,600688,上海石化
10,机构专用,,,10355924.0,0.014122181316,-10355924.0,非ST、*ST和S证券连续三个交易日内收盘价格涨幅偏离值累计达到20%的证券,600688,上海石化
1,浙商证券股份有限公司杭州五星路证券营业部,166340448.8,0.280078038078,,,166340448.8,有价格涨跌幅限制的日收盘价格涨幅偏离值达到7%的前五只证券,600688,上海石化
2,东莞证券股份有限公司常熟东南大道证券营业部,33612410.0,0.056595361596,,,33612410.0,有价格涨跌幅限制的日收盘价格涨幅偏离值达到7%的前五只证券,600688,上海石化
3,华鑫证券有限责任公司绍兴胜利东路证券营业部,26499200.0,0.044618395587,,,26499200.0,有价格涨跌幅限制的日收盘价格涨幅偏离值达到7%的前五只证券,600688,上海石化
4,第一创业证券股份有限公司合肥分公司,9300408.0,0.015659690982,,,9300408.0,有价格涨跌幅限制的日收盘价格涨幅偏离值达到7%的前五只证券,600688,上海石化
5,华鑫证券有限责任公司天津海河东路证券营业部,7948117.32,0.013382752791,,,7948117.32,有价格涨跌幅限制的日收盘价格涨幅偏离值达到7%的前五只证券,600688,上海石化
6,浙商证券股份有限公司杭州五星路证券营业部,166340448.8,0.226835382152,,,166340448.8,非ST、*ST和S证券连续三个交易日内收盘价格涨幅偏离值累计达到20%的证券,600688,上海石化
7,国泰海通证券股份有限公司南京太平南路证券营业部,43667763.88,0.059548918973,,,43667763.88,非ST、*ST和S证券连续三个交易日内收盘价格涨幅偏离值累计达到20%的证券,600688,上海石化
8,东莞证券股份有限公司常熟东南大道证券营业部,39008242.0,0.053194815482,,,39008242.0,非ST、*ST和S证券连续三个交易日内收盘价格涨幅偏离值累计达到20%的证券,600688,上海石化
9,华鑫证券有限责任公司绍兴胜利东路证券营业部,26499200.0,0.03613646712,,,26499200.0,非ST、*ST和S证券连续三个交易日内收盘价格涨幅偏离值累计达到20%的证券,600688,上海石化
10,甬兴证券有限公司宁波和源路证券营业部,14188738.0,0.019348918617,,,14188738.0,非ST、*ST和S证券连续三个交易日内收盘价格涨幅偏离值累计达到20%的证券,600688,上海石化
1,国泰海通证券股份有限公司南京太平南路证券营业部,,,48085177.92,0.080964085342,-48085177.92,有价格涨跌幅限制的日收盘价格涨幅偏离值达到7%的前五只证券,600688,上海石化
2,国信证券股份有限公司深圳泰然九路证券营业部,,,35697202.0,0.060105659045,-35697202.0,有价格涨跌幅限制的日收盘价格涨幅偏离值达到7%的前五只证券,600688,上海石化
3,广发证券股份有限公司上海玉兰路证券营业部,,,25379744.0,0.042733496018,-25379744.0,有价格涨跌幅限制的日收盘价格涨幅偏离值达到7%的前五只证券,600688,上海石化
4,华泰证券股份有限公司南宁民族大道证券营业部,,,16079674.0,0.027074374149,-16079674.0,有价格涨跌幅限制的日收盘价格涨幅偏离值达到7%的前五只证券,600688,上海石化
5,国金证券股份有限公司深圳湾一号证券营业部,,,10193404.0,0.017163285384,-10193404.0,有价格涨跌幅限制的日收盘价格涨幅偏离值达到7%的前五只证券,600688,上海石化
6,国泰海通证券股份有限公司南京太平南路证券营业部,,,48145349.92,0.065654919935,-48145349.92,非ST、*ST和S证券连续三个交易日内收盘价格涨幅偏离值累计达到20%的证券,600688,上海石化
7,国信证券股份有限公司深圳泰然九路证券营业部,,,36238750.0,0.049418110654,-36238750.0,非ST、*ST和S证券连续三个交易日内收盘价格涨幅偏离值累计达到20%的证券,600688,上海石化
8,广发证券股份有限公司上海玉兰路证券营业部,,,33171404.0,0.045235227854,-33171404.0,非ST、*ST和S证券连续三个交易日内收盘价格涨幅偏离值累计达到20%的证券,600688,上海石化
9,华泰证券股份有限公司南宁民族大道证券营业部,,,16111295.0,0.021970673908,-16111295.0,非ST、*ST和S证券连续三个交易日内收盘价格涨幅偏离值累计达到20%的证券,600688,上海石化
10,机构专用,,,10355924.0,0.014122181316,-10355924.0,非ST、*ST和S证券连续三个交易日内收盘价格涨幅偏离值累计达到20%的证券,600688,上海石化
1,东方财富证券股份有限公司拉萨金融城南环路证券营业部,525563.0,0.18533278322,,,525563.0,有价格涨跌幅限制的日价格振幅达到15%的前五只证券,600696,退市岩石
2,国泰海通证券股份有限公司上海长宁区江苏路证券营业部,486588.0,0.171588769228,,,486588.0,有价格涨跌幅限制的日价格振幅达到15%的前五只证券,600696,退市岩石
3,东方财富证券股份有限公司拉萨东环路第一证券营业部,224022.71,0.078998621191,,,224022.71,有价格涨跌幅限制的日价格振幅达到15%的前五只证券,600696,退市岩石
4,中信建投证券股份有限公司济南和平路证券营业部,137166.0,0.048369760701,,,137166.0,有价格涨跌幅限制的日价格振幅达到15%的前五只证券,600696,退市岩石
5,广发证券股份有限公司焦作人民路证券营业部,136000.0,0.04795858635,,,136000.0,有价格涨跌幅限制的日价格振幅达到15%的前五只证券,600696,退市岩石
6,东方财富证券股份有限公司拉萨金融城南环路证券营业部,525563.0,0.18533278322,,,525563.0,退市整理的证券,600696,退市岩石
7,国泰海通证券股份有限公司上海长宁区江苏路证券营业部,486588.0,0.171588769228,,,486588.0,退市整理的证券,600696,退市岩石
8,东方财富证券股份有限公司拉萨东环路第一证券营业部,224022.71,0.078998621191,,,224022.71,退市整理的证券,600696,退市岩石
9,中信建投证券股份有限公司济南和平路证券营业部,137166.0,0.048369760701,,,137166.0,退市整理的证券,600696,退市岩石
10,广发证券股份有限公司焦作人民路证券营业部,136000.0,0.04795858635,,,136000.0,退市整理的证券,600696,退市岩石
11,东方财富证券股份有限公司拉萨金融城南环路证券营业部,534011.0,0.053590295178,,,534011.0,非ST、*ST和S证券连续三个交易日内收盘价格涨幅偏离值累计达到20%的证券,600696,退市岩石
12,中山证券有限责任公司张家港人民东路证券营业部,528230.0,0.053010147023,,,528230.0,非ST、*ST和S证券连续三个交易日内收盘价格涨幅偏离值累计达到20%的证券,600696,退市岩石
13,国泰海通证券股份有限公司上海长宁区江苏路证券营业部,486588.0,0.048831193646,,,486588.0,非ST、*ST和S证券连续三个交易日内收盘价格涨幅偏离值累计达到20%的证券,600696,退市岩石
14,国金证券股份有限公司上海静安区南京西路证券营业部,446190.0,0.044777081007,,,446190.0,非ST、*ST和S证券连续三个交易日内收盘价格涨幅偏离值累计达到20%的证券,600696,退市岩石
15,国海证券股份有限公司钦州扬帆北大道证券营业部,365091.0,0.036638448378,,,365091.0,非ST、*ST和S证券连续三个交易日内收盘价格涨幅偏离值累计达到20%的证券,600696,退市岩石
1,东方财富证券股份有限公司拉萨金融城南环路证券营业部,,,188139.0,0.066344709392,-188139.0,有价格涨跌幅限制的日价格振幅达到15%的前五只证券,600696,退市岩石
2,兴业证券股份有限公司湖北分公司,,,178858.26,0.063071980196,-178858.26,有价格涨跌幅限制的日价格振幅达到15%的前五只证券,600696,退市岩石
3,东方财富证券股份有限公司拉萨东环路第一证券营业部,,,141542.0,0.049912898744,-141542.0,有价格涨跌幅限制的日价格振幅达到15%的前五只证券,600696,退市岩石
4,方正证券股份有限公司贵阳中华中路证券营业部,,,92400.0,0.032583627785,-92400.0,有价格涨跌幅限制的日价格振幅达到15%的前五只证券,600696,退市岩石
5,光大证券股份有限公司宁海民生路证券营业部,,,79538.0,0.028048015008,-79538.0,有价格涨跌幅限制的日价格振幅达到15%的前五只证券,600696,退市岩石
6,东方财富证券股份有限公司拉萨金融城南环路证券营业部,,,188139.0,0.066344709392,-188139.0,退市整理的证券,600696,退市岩石
7,兴业证券股份有限公司湖北分公司,,,178858.26,0.063071980196,-178858.26,退市整理的证券,600696,退市岩石
8,东方财富证券股份有限公司拉萨东环路第一证券营业部,,,141542.0,0.049912898744,-141542.0,退市整理的证券,600696,退市岩石
9,方正证券股份有限公司贵阳中华中路证券营业部,,,92400.0,0.032583627785,-92400.0,退市整理的证券,600696,退市岩石
10,光大证券股份有限公司宁海民生路证券营业部,,,79538.0,0.028048015008,-79538.0,退市整理的证券,600696,退市岩石
11,东方证券股份有限公司上海黄浦区北京东路证券营业部,,,364200.0,0.036549032705,-364200.0,非ST、*ST和S证券连续三个交易日内收盘价格涨幅偏离值累计达到20%的证券,600696,退市岩石
12,东吴证券股份有限公司上海西藏南路证券营业部,,,321026.0,0.032216336555,-321026.0,非ST、*ST和S证券连续三个交易日内收盘价格涨幅偏离值累计达到20%的证券,600696,退市岩石
13,华泰证券股份有限公司上海黄浦区黄陂南路证券营业部,,,282338.0,0.028333829753,-282338.0,非ST、*ST和S证券连续三个交易日内收盘价格涨幅偏离值累计达到20%的证券,600696,退市岩石
14,东方财富证券股份有限公司拉萨金融城南环路证券营业部,,,269240.0,0.027019389252,-269240.0,非ST、*ST和S证券连续三个交易日内收盘价格涨幅偏离值累计达到20%的证券,600696,退市岩石
15,五矿证券有限公司上海分公司,,,254600.0,0.025550202435,-254600.0,非ST、*ST和S证券连续三个交易日内收盘价格涨幅偏离值累计达到20%的证券,600696,退市岩石
1,东方财富证券股份有限公司拉萨金融城南环路证券营业部,525563.0,0.18533278322,,,525563.0,有价格涨跌幅限制的日价格振幅达到15%的前五只证券,600696,退市岩石
2,国泰海通证券股份有限公司上海长宁区江苏路证券营业部,486588.0,0.171588769228,,,486588.0,有价格涨跌幅限制的日价格振幅达到15%的前五只证券,600696,退市岩石
3,东方财富证券股份有限公司拉萨东环路第一证券营业部,224022.71,0.078998621191,,,224022.71,有价格涨跌幅限制的日价格振幅达到15%的前五只证券,600696,退市岩石
4,中信建投证券股份有限公司济南和平路证券营业部,137166.0,0.048369760701,,,137166.0,有价格涨跌幅限制的日价格振幅达到15%的前五只证券,600696,退市岩石
5,广发证券股份有限公司焦作人民路证券营业部,136000.0,0.04795858635,,,136000.0,有价格涨跌幅限制的日价格振幅达到15%的前五只证券,600696,退市岩石
6,东方财富证券股份有限公司拉萨金融城南环路证券营业部,525563.0,0.18533278322,,,525563.0,退市整理的证券,600696,退市岩石
7,国泰海通证券股份有限公司上海长宁区江苏路证券营业部,486588.0,0.171588769228,,,486588.0,退市整理的证券,600696,退市岩石
8,东方财富证券股份有限公司拉萨东环路第一证券营业部,224022.71,0.078998621191,,,224022.71,退市整理的证券,600696,退市岩石
9,中信建投证券股份有限公司济南和平路证券营业部,137166.0,0.048369760701,,,137166.0,退市整理的证券,600696,退市岩石
10,广发证券股份有限公司焦作人民路证券营业部,136000.0,0.04795858635,,,136000.0,退市整理的证券,600696,退市岩石
11,东方财富证券股份有限公司拉萨金融城南环路证券营业部,534011.0,0.053590295178,,,534011.0,非ST、*ST和S证券连续三个交易日内收盘价格涨幅偏离值累计达到20%的证券,600696,退市岩石
12,中山证券有限责任公司张家港人民东路证券营业部,528230.0,0.053010147023,,,528230.0,非ST、*ST和S证券连续三个交易日内收盘价格涨幅偏离值累计达到20%的证券,600696,退市岩石
13,国泰海通证券股份有限公司上海长宁区江苏路证券营业部,486588.0,0.048831193646,,,486588.0,非ST、*ST和S证券连续三个交易日内收盘价格涨幅偏离值累计达到20%的证券,600696,退市岩石
14,国金证券股份有限公司上海静安区南京西路证券营业部,446190.0,0.044777081007,,,446190.0,非ST、*ST和S证券连续三个交易日内收盘价格涨幅偏离值累计达到20%的证券,600696,退市岩石
15,国海证券股份有限公司钦州扬帆北大道证券营业部,365091.0,0.036638448378,,,365091.0,非ST、*ST和S证券连续三个交易日内收盘价格涨幅偏离值累计达到20%的证券,600696,退市岩石
1,东方财富证券股份有限公司拉萨金融城南环路证券营业部,,,188139.0,0.066344709392,-188139.0,有价格涨跌幅限制的日价格振幅达到15%的前五只证券,600696,退市岩石
2,兴业证券股份有限公司湖北分公司,,,178858.26,0.063071980196,-178858.26,有价格涨跌幅限制的日价格振幅达到15%的前五只证券,600696,退市岩石
3,东方财富证券股份有限公司拉萨东环路第一证券营业部,,,141542.0,0.049912898744,-141542.0,有价格涨跌幅限制的日价格振幅达到15%的前五只证券,600696,退市岩石
4,方正证券股份有限公司贵阳中华中路证券营业部,,,92400.0,0.032583627785,-92400.0,有价格涨跌幅限制的日价格振幅达到15%的前五只证券,600696,退市岩石
5,光大证券股份有限公司宁海民生路证券营业部,,,79538.0,0.028048015008,-79538.0,有价格涨跌幅限制的日价格振幅达到15%的前五只证券,600696,退市岩石
6,东方财富证券股份有限公司拉萨金融城南环路证券营业部,,,188139.0,0.066344709392,-188139.0,退市整理的证券,600696,退市岩石
7,兴业证券股份有限公司湖北分公司,,,178858.26,0.063071980196,-178858.26,退市整理的证券,600696,退市岩石
8,东方财富证券股份有限公司拉萨东环路第一证券营业部,,,141542.0,0.049912898744,-141542.0,退市整理的证券,600696,退市岩石
9,方正证券股份有限公司贵阳中华中路证券营业部,,,92400.0,0.032583627785,-92400.0,退市整理的证券,600696,退市岩石
10,光大证券股份有限公司宁海民生路证券营业部,,,79538.0,0.028048015008,-79538.0,退市整理的证券,600696,退市岩石
11,东方证券股份有限公司上海黄浦区北京东路证券营业部,,,364200.0,0.036549032705,-364200.0,非ST、*ST和S证券连续三个交易日内收盘价格涨幅偏离值累计达到20%的证券,600696,退市岩石
12,东吴证券股份有限公司上海西藏南路证券营业部,,,321026.0,0.032216336555,-321026.0,非ST、*ST和S证券连续三个交易日内收盘价格涨幅偏离值累计达到20%的证券,600696,退市岩石
13,华泰证券股份有限公司上海黄浦区黄陂南路证券营业部,,,282338.0,0.028333829753,-282338.0,非ST、*ST和S证券连续三个交易日内收盘价格涨幅偏离值累计达到20%的证券,600696,退市岩石
14,东方财富证券股份有限公司拉萨金融城南环路证券营业部,,,269240.0,0.027019389252,-269240.0,非ST、*ST和S证券连续三个交易日内收盘价格涨幅偏离值累计达到20%的证券,600696,退市岩石
15,五矿证券有限公司上海分公司,,,254600.0,0.025550202435,-254600.0,非ST、*ST和S证券连续三个交易日内收盘价格涨幅偏离值累计达到20%的证券,600696,退市岩石
1,东方财富证券股份有限公司拉萨金融城南环路证券营业部,525563.0,0.18533278322,,,525563.0,有价格涨跌幅限制的日价格振幅达到15%的前五只证券,600696,退市岩石
2,国泰海通证券股份有限公司上海长宁区江苏路证券营业部,486588.0,0.171588769228,,,486588.0,有价格涨跌幅限制的日价格振幅达到15%的前五只证券,600696,退市岩石
3,东方财富证券股份有限公司拉萨东环路第一证券营业部,224022.71,0.078998621191,,,224022.71,有价格涨跌幅限制的日价格振幅达到15%的前五只证券,600696,退市岩石
4,中信建投证券股份有限公司济南和平路证券营业部,137166.0,0.048369760701,,,137166.0,有价格涨跌幅限制的日价格振幅达到15%的前五只证券,600696,退市岩石
5,广发证券股份有限公司焦作人民路证券营业部,136000.0,0.04795858635,,,136000.0,有价格涨跌幅限制的日价格振幅达到15%的前五只证券,600696,退市岩石
6,东方财富证券股份有限公司拉萨金融城南环路证券营业部,525563.0,0.18533278322,,,525563.0,退市整理的证券,600696,退市岩石
7,国泰海通证券股份有限公司上海长宁区江苏路证券营业部,486588.0,0.171588769228,,,486588.0,退市整理的证券,600696,退市岩石
8,东方财富证券股份有限公司拉萨东环路第一证券营业部,224022.71,0.078998621191,,,224022.71,退市整理的证券,600696,退市岩石
9,中信建投证券股份有限公司济南和平路证券营业部,137166.0,0.048369760701,,,137166.0,退市整理的证券,600696,退市岩石
10,广发证券股份有限公司焦作人民路证券营业部,136000.0,0.04795858635,,,136000.0,退市整理的证券,600696,退市岩石
11,东方财富证券股份有限公司拉萨金融城南环路证券营业部,534011.0,0.053590295178,,,534011.0,非ST、*ST和S证券连续三个交易日内收盘价格涨幅偏离值累计达到20%的证券,600696,退市岩石
12,中山证券有限责任公司张家港人民东路证券营业部,528230.0,0.053010147023,,,528230.0,非ST、*ST和S证券连续三个交易日内收盘价格涨幅偏离值累计达到20%的证券,600696,退市岩石
13,国泰海通证券股份有限公司上海长宁区江苏路证券营业部,486588.0,0.048831193646,,,486588.0,非ST、*ST和S证券连续三个交易日内收盘价格涨幅偏离值累计达到20%的证券,600696,退市岩石
14,国金证券股份有限公司上海静安区南京西路证券营业部,446190.0,0.044777081007,,,446190.0,非ST、*ST和S证券连续三个交易日内收盘价格涨幅偏离值累计达到20%的证券,600696,退市岩石
15,国海证券股份有限公司钦州扬帆北大道证券营业部,365091.0,0.036638448378,,,365091.0,非ST、*ST和S证券连续三个交易日内收盘价格涨幅偏离值累计达到20%的证券,600696,退市岩石
1,东方财富证券股份有限公司拉萨金融城南环路证券营业部,,,188139.0,0.066344709392,-188139.0,有价格涨跌幅限制的日价格振幅达到15%的前五只证券,600696,退市岩石
2,兴业证券股份有限公司湖北分公司,,,178858.26,0.063071980196,-178858.26,有价格涨跌幅限制的日价格振幅达到15%的前五只证券,600696,退市岩石
3,东方财富证券股份有限公司拉萨东环路第一证券营业部,,,141542.0,0.049912898744,-141542.0,有价格涨跌幅限制的日价格振幅达到15%的前五只证券,600696,退市岩石
4,方正证券股份有限公司贵阳中华中路证券营业部,,,92400.0,0.032583627785,-92400.0,有价格涨跌幅限制的日价格振幅达到15%的前五只证券,600696,退市岩石
5,光大证券股份有限公司宁海民生路证券营业部,,,79538.0,0.028048015008,-79538.0,有价格涨跌幅限制的日价格振幅达到15%的前五只证券,600696,退市岩石
6,东方财富证券股份有限公司拉萨金融城南环路证券营业部,,,188139.0,0.066344709392,-188139.0,退市整理的证券,600696,退市岩石
7,兴业证券股份有限公司湖北分公司,,,178858.26,0.063071980196,-178858.26,退市整理的证券,600696,退市岩石
8,东方财富证券股份有限公司拉萨东环路第一证券营业部,,,141542.0,0.049912898744,-141542.0,退市整理的证券,600696,退市岩石
9,方正证券股份有限公司贵阳中华中路证券营业部,,,92400.0,0.032583627785,-92400.0,退市整理的证券,600696,退市岩石
10,光大证券股份有限公司宁海民生路证券营业部,,,79538.0,0.028048015008,-79538.0,退市整理的证券,600696,退市岩石
11,东方证券股份有限公司上海黄浦区北京东路证券营业部,,,364200.0,0.036549032705,-364200.0,非ST、*ST和S证券连续三个交易日内收盘价格涨幅偏离值累计达到20%的证券,600696,退市岩石
12,东吴证券股份有限公司上海西藏南路证券营业部,,,321026.0,0.032216336555,-321026.0,非ST、*ST和S证券连续三个交易日内收盘价格涨幅偏离值累计达到20%的证券,600696,退市岩石
13,华泰证券股份有限公司上海黄浦区黄陂南路证券营业部,,,282338.0,0.028333829753,-282338.0,非ST、*ST和S证券连续三个交易日内收盘价格涨幅偏离值累计达到20%的证券,600696,退市岩石
14,东方财富证券股份有限公司拉萨金融城南环路证券营业部,,,269240.0,0.027019389252,-269240.0,非ST、*ST和S证券连续三个交易日内收盘价格涨幅偏离值累计达到20%的证券,600696,退市岩石
15,五矿证券有限公司上海分公司,,,254600.0,0.025550202435,-254600.0,非ST、*ST和S证券连续三个交易日内收盘价格涨幅偏离值累计达到20%的证券,600696,退市岩石
1,沪股通专用,229239646.31,0.039856108792,,,229239646.31,有价格涨跌幅限制的日价格振幅达到15%的前五只证券,600726,华电能源
2,国泰海通证券股份有限公司武汉紫阳东路证券营业部,209126975.0,0.036359275549,,,209126975.0,有价格涨跌幅限制的日价格振幅达到15%的前五只证券,600726,华电能源
3,国信证券股份有限公司浙江互联网分公司,91619570.0,0.015929179826,,,91619570.0,有价格涨跌幅限制的日价格振幅达到15%的前五只证券,600726,华电能源
4,国泰海通证券股份有限公司上海自贸试验区第二分公司,57649798.0,0.010023120598,,,57649798.0,有价格涨跌幅限制的日价格振幅达到15%的前五只证券,600726,华电能源
5,国泰海通证券股份有限公司上海分公司,56464424.0,0.009817028869,,,56464424.0,有价格涨跌幅限制的日价格振幅达到15%的前五只证券,600726,华电能源
1,沪股通专用,,,101302382.8,0.017612654943,-101302382.8,有价格涨跌幅限制的日价格振幅达到15%的前五只证券,600726,华电能源
2,国泰海通证券股份有限公司总部,,,86443300.0,0.015029222146,-86443300.0,有价格涨跌幅限制的日价格振幅达到15%的前五只证券,600726,华电能源
3,机构专用,,,82093133.0,0.01427289255,-82093133.0,有价格涨跌幅限制的日价格振幅达到15%的前五只证券,600726,华电能源
4,国信证券股份有限公司浙江互联网分公司,,,65622169.0,0.011409214544,-65622169.0,有价格涨跌幅限制的日价格振幅达到15%的前五只证券,600726,华电能源
5,东方财富证券股份有限公司拉萨东环路第二证券营业部,,,53547989.0,0.00930997107,-53547989.0,有价格涨跌幅限制的日价格振幅达到15%的前五只证券,600726,华电能源
1,机构专用,70508180.51,0.046371085934,,,70508180.51,有价格涨跌幅限制的日价格振幅达到15%的前五只证券,601001,晋控煤业
2,机构专用,59105660.0,0.038871994983,,,59105660.0,有价格涨跌幅限制的日价格振幅达到15%的前五只证券,601001,晋控煤业
3,沪股通专用,56103743.2,0.036897725602,,,56103743.2,有价格涨跌幅限制的日价格振幅达到15%的前五只证券,601001,晋控煤业
4,中国国际金融股份有限公司北京建国门外大街证券营业部,52962754.15,0.034831992632,,,52962754.15,有价格涨跌幅限制的日价格振幅达到15%的前五只证券,601001,晋控煤业
5,机构专用,46514924.1,0.030591450908,,,46514924.1,有价格涨跌幅限制的日价格振幅达到15%的前五只证券,601001,晋控煤业
1,沪股通专用,,,101680812.03,0.066872377622,-101680812.03,有价格涨跌幅限制的日价格振幅达到15%的前五只证券,601001,晋控煤业
2,机构专用,,,60604494.4,0.039857732783,-60604494.4,有价格涨跌幅限制的日价格振幅达到15%的前五只证券,601001,晋控煤业
3,机构专用,,,56111888.2,0.036903082321,-56111888.2,有价格涨跌幅限制的日价格振幅达到15%的前五只证券,601001,晋控煤业
4,中信证券股份有限公司上海分公司,,,34909886.4,0.02295917056,-34909886.4,有价格涨跌幅限制的日价格振幅达到15%的前五只证券,601001,晋控煤业
5,高盛(中国)证券有限责任公司上海浦东新区世纪大道证券营业部,,,32837600.0,0.02159629082,-32837600.0,有价格涨跌幅限制的日价格振幅达到15%的前五只证券,601001,晋控煤业
1,沪股通专用,930855554.9,0.05021324943,,,930855554.9,非ST、*ST和S证券连续三个交易日内收盘价格涨幅偏离值累计达到20%的证券,601208,东材科技
2,高盛(中国)证券有限责任公司上海浦东新区世纪大道证券营业部,470056941.08,0.025356336227,,,470056941.08,非ST、*ST和S证券连续三个交易日内收盘价格涨幅偏离值累计达到20%的证券,601208,东材科技
3,中信证券股份有限公司上海分公司,415237593.87,0.022399209806,,,415237593.87,非ST、*ST和S证券连续三个交易日内收盘价格涨幅偏离值累计达到20%的证券,601208,东材科技
4,国泰海通证券股份有限公司总部,303273498.54,0.016359517594,,,303273498.54,非ST、*ST和S证券连续三个交易日内收盘价格涨幅偏离值累计达到20%的证券,601208,东材科技
5,国泰海通证券股份有限公司上海分公司,280493986.23,0.015130719713,,,280493986.23,非ST、*ST和S证券连续三个交易日内收盘价格涨幅偏离值累计达到20%的证券,601208,东材科技
1,沪股通专用,,,915268481.03,0.049372434091,-915268481.03,非ST、*ST和S证券连续三个交易日内收盘价格涨幅偏离值累计达到20%的证券,601208,东材科技
2,高盛(中国)证券有限责任公司上海浦东新区世纪大道证券营业部,,,310751683.76,0.016762914209,-310751683.76,非ST、*ST和S证券连续三个交易日内收盘价格涨幅偏离值累计达到20%的证券,601208,东材科技
3,中信证券股份有限公司上海分公司,,,289796867.51,0.015632546119,-289796867.51,非ST、*ST和S证券连续三个交易日内收盘价格涨幅偏离值累计达到20%的证券,601208,东材科技
4,国泰海通证券股份有限公司上海分公司,,,285270458.0,0.015388377485,-285270458.0,非ST、*ST和S证券连续三个交易日内收盘价格涨幅偏离值累计达到20%的证券,601208,东材科技
5,中国银河证券股份有限公司北京阜成路证券营业部,,,217476088.0,0.011731337901,-217476088.0,非ST、*ST和S证券连续三个交易日内收盘价格涨幅偏离值累计达到20%的证券,601208,东材科技
1,沪股通专用,376212484.03,0.062631682129,,,376212484.03,有价格涨跌幅限制的日收盘价格跌幅偏离值达到7%的前五只证券,601600,中国铝业
2,国泰海通证券股份有限公司宁波广福街证券营业部,83053829.0,0.013826763434,,,83053829.0,有价格涨跌幅限制的日收盘价格跌幅偏离值达到7%的前五只证券,601600,中国铝业
3,国信证券股份有限公司广州东风中路证券营业部,80685123.0,0.013432422343,,,80685123.0,有价格涨跌幅限制的日收盘价格跌幅偏离值达到7%的前五只证券,601600,中国铝业
4,长城证券股份有限公司四川分公司,78397439.0,0.013051569758,,,78397439.0,有价格涨跌幅限制的日收盘价格跌幅偏离值达到7%的前五只证券,601600,中国铝业
5,中信证券股份有限公司上海分公司,71509337.7,0.011904841807,,,71509337.7,有价格涨跌幅限制的日收盘价格跌幅偏离值达到7%的前五只证券,601600,中国铝业
1,沪股通专用,,,574306099.6,0.095610216571,-574306099.6,有价格涨跌幅限制的日收盘价格跌幅偏离值达到7%的前五只证券,601600,中国铝业
2,机构专用,,,165047546.02,0.02747703991,-165047546.02,有价格涨跌幅限制的日收盘价格跌幅偏离值达到7%的前五只证券,601600,中国铝业
3,摩根大通证券(中国)有限公司上海银城中路证券营业部,,,148590403.0,0.024737262274,-148590403.0,有价格涨跌幅限制的日收盘价格跌幅偏离值达到7%的前五只证券,601600,中国铝业
4,瑞银证券有限责任公司上海花园石桥路证券营业部,,,143418250.05,0.023876204618,-143418250.05,有价格涨跌幅限制的日收盘价格跌幅偏离值达到7%的前五只证券,601600,中国铝业
5,中信证券股份有限公司上海分公司,,,142472680.02,0.023718786552,-142472680.02,有价格涨跌幅限制的日收盘价格跌幅偏离值达到7%的前五只证券,601600,中国铝业
1,沪股通专用,2082110819.54,0.080122598846,,,2082110819.54,非ST、*ST和S证券连续三个交易日内收盘价格涨幅偏离值累计达到20%的证券,601869,长飞光纤
2,瑞银证券有限责任公司上海花园石桥路证券营业部,698436027.37,0.026876816121,,,698436027.37,非ST、*ST和S证券连续三个交易日内收盘价格涨幅偏离值累计达到20%的证券,601869,长飞光纤
3,高盛(中国)证券有限责任公司上海浦东新区世纪大道证券营业部,529384495.94,0.020371471684,,,529384495.94,非ST、*ST和S证券连续三个交易日内收盘价格涨幅偏离值累计达到20%的证券,601869,长飞光纤
4,摩根大通证券(中国)有限公司上海银城中路证券营业部,519184587.92,0.019978964652,,,519184587.92,非ST、*ST和S证券连续三个交易日内收盘价格涨幅偏离值累计达到20%的证券,601869,长飞光纤
5,中信证券股份有限公司上海分公司,482838512.36,0.01858031574,,,482838512.36,非ST、*ST和S证券连续三个交易日内收盘价格涨幅偏离值累计达到20%的证券,601869,长飞光纤
1,沪股通专用,,,1508456739.21,0.058047570311,-1508456739.21,非ST、*ST和S证券连续三个交易日内收盘价格涨幅偏离值累计达到20%的证券,601869,长飞光纤
2,瑞银证券有限责任公司上海花园石桥路证券营业部,,,723798375.17,0.027852795497,-723798375.17,非ST、*ST和S证券连续三个交易日内收盘价格涨幅偏离值累计达到20%的证券,601869,长飞光纤
3,中信证券股份有限公司上海分公司,,,511656727.84,0.019689281842,-511656727.84,非ST、*ST和S证券连续三个交易日内收盘价格涨幅偏离值累计达到20%的证券,601869,长飞光纤
4,高盛(中国)证券有限责任公司上海浦东新区世纪大道证券营业部,,,470252081.0,0.018095971881,-470252081.0,非ST、*ST和S证券连续三个交易日内收盘价格涨幅偏离值累计达到20%的证券,601869,长飞光纤
5,摩根大通证券(中国)有限公司上海银城中路证券营业部,,,441932459.0,0.017006192368,-441932459.0,非ST、*ST和S证券连续三个交易日内收盘价格涨幅偏离值累计达到20%的证券,601869,长飞光纤
1,国信证券股份有限公司北京朝阳门证券营业部,16889925.0,0.058018915047,,,16889925.0,非ST、*ST和S证券连续三个交易日内收盘价格涨幅偏离值累计达到20%的证券,603135,中重科技
2,平安证券股份有限公司浙江分公司,13089372.0,0.044963560353,,,13089372.0,非ST、*ST和S证券连续三个交易日内收盘价格涨幅偏离值累计达到20%的证券,603135,中重科技
3,平安证券股份有限公司杭州曙光路证券营业部,12878892.0,0.044240536346,,,12878892.0,非ST、*ST和S证券连续三个交易日内收盘价格涨幅偏离值累计达到20%的证券,603135,中重科技
4,华泰证券股份有限公司总部,12338112.2,0.042382892972,,,12338112.2,非ST、*ST和S证券连续三个交易日内收盘价格涨幅偏离值累计达到20%的证券,603135,中重科技
5,国信证券股份有限公司北京分公司,12024492.0,0.041305570027,,,12024492.0,非ST、*ST和S证券连续三个交易日内收盘价格涨幅偏离值累计达到20%的证券,603135,中重科技
1,国泰海通证券股份有限公司常州延陵中路证券营业部,,,25510200.0,0.087630592003,-25510200.0,非ST、*ST和S证券连续三个交易日内收盘价格涨幅偏离值累计达到20%的证券,603135,中重科技
2,沪股通专用,,,18398250.0,0.063200192053,-18398250.0,非ST、*ST和S证券连续三个交易日内收盘价格涨幅偏离值累计达到20%的证券,603135,中重科技
3,机构专用,,,8905875.0,0.030592747158,-8905875.0,非ST、*ST和S证券连续三个交易日内收盘价格涨幅偏离值累计达到20%的证券,603135,中重科技
4,国信证券股份有限公司深圳互联网分公司,,,6772841.0,0.023265519924,-6772841.0,非ST、*ST和S证券连续三个交易日内收盘价格涨幅偏离值累计达到20%的证券,603135,中重科技
5,中信证券股份有限公司总部(非营业场所),,,5292694.0,0.018181037723,-5292694.0,非ST、*ST和S证券连续三个交易日内收盘价格涨幅偏离值累计达到20%的证券,603135,中重科技
1,国新证券股份有限公司北京分公司,24602445.0,0.030456885802,,,24602445.0,有价格涨跌幅限制的日收盘价格涨幅偏离值达到7%的前五只证券,603330,天洋新材
2,国新证券股份有限公司北京中关村大街证券营业部,23452543.0,0.029033351113,,,23452543.0,有价格涨跌幅限制的日收盘价格涨幅偏离值达到7%的前五只证券,603330,天洋新材
3,平安证券股份有限公司杭州曙光路证券营业部,14317874.0,0.017724980316,,,14317874.0,有价格涨跌幅限制的日收盘价格涨幅偏离值达到7%的前五只证券,603330,天洋新材
4,东方财富证券股份有限公司拉萨金融城南环路证券营业部,13262437.26,0.016418390005,,,13262437.26,有价格涨跌幅限制的日收盘价格涨幅偏离值达到7%的前五只证券,603330,天洋新材
5,联储证券股份有限公司浙江分公司,11308171.0,0.013999083131,,,11308171.0,有价格涨跌幅限制的日收盘价格涨幅偏离值达到7%的前五只证券,603330,天洋新材
6,国新证券股份有限公司北京分公司,24602445.0,0.027065916753,,,24602445.0,非ST、*ST和S证券连续三个交易日内收盘价格涨幅偏离值累计达到20%的证券,603330,天洋新材
7,国新证券股份有限公司北京中关村大街证券营业部,23452543.0,0.025800873714,,,23452543.0,非ST、*ST和S证券连续三个交易日内收盘价格涨幅偏离值累计达到20%的证券,603330,天洋新材
8,平安证券股份有限公司杭州曙光路证券营业部,14506829.0,0.01595941485,,,14506829.0,非ST、*ST和S证券连续三个交易日内收盘价格涨幅偏离值累计达到20%的证券,603330,天洋新材
9,东方财富证券股份有限公司拉萨金融城南环路证券营业部,14022532.26,0.015426624907,,,14022532.26,非ST、*ST和S证券连续三个交易日内收盘价格涨幅偏离值累计达到20%的证券,603330,天洋新材
10,中国银河证券股份有限公司台州黄岩委羽街证券营业部,13391119.2,0.014731987715,,,13391119.2,非ST、*ST和S证券连续三个交易日内收盘价格涨幅偏离值累计达到20%的证券,603330,天洋新材
1,中邮证券有限责任公司北京珠市口东大街证券营业部,,,34068918.0,0.042176017259,-34068918.0,有价格涨跌幅限制的日收盘价格涨幅偏离值达到7%的前五只证券,603330,天洋新材
2,华龙证券股份有限公司太原南中环街证券营业部,,,13810812.79,0.017097257934,-13810812.79,有价格涨跌幅限制的日收盘价格涨幅偏离值达到7%的前五只证券,603330,天洋新材
3,联储证券股份有限公司浙江分公司,,,12888699.0,0.015955716336,-12888699.0,有价格涨跌幅限制的日收盘价格涨幅偏离值达到7%的前五只证券,603330,天洋新材
4,华泰证券股份有限公司北京东三环北路证券营业部,,,11669930.0,0.014446926935,-11669930.0,有价格涨跌幅限制的日收盘价格涨幅偏离值达到7%的前五只证券,603330,天洋新材
5,中信证券股份有限公司上海分公司,,,11628860.2,0.014396084093,-11628860.2,有价格涨跌幅限制的日收盘价格涨幅偏离值达到7%的前五只证券,603330,天洋新材
6,中邮证券有限责任公司北京珠市口东大街证券营业部,,,38490978.0,0.042345124897,-38490978.0,非ST、*ST和S证券连续三个交易日内收盘价格涨幅偏离值累计达到20%的证券,603330,天洋新材
7,机构专用,,,14571765.0,0.016030852968,-14571765.0,非ST、*ST和S证券连续三个交易日内收盘价格涨幅偏离值累计达到20%的证券,603330,天洋新材
8,华龙证券股份有限公司太原南中环街证券营业部,,,13829622.79,0.015214399185,-13829622.79,非ST、*ST和S证券连续三个交易日内收盘价格涨幅偏离值累计达到20%的证券,603330,天洋新材
9,联储证券股份有限公司浙江分公司,,,12888699.0,0.01417925959,-12888699.0,非ST、*ST和S证券连续三个交易日内收盘价格涨幅偏离值累计达到20%的证券,603330,天洋新材
10,中泰证券股份有限公司成都新光华街证券营业部,,,12121746.0,0.013335510684,-12121746.0,非ST、*ST和S证券连续三个交易日内收盘价格涨幅偏离值累计达到20%的证券,603330,天洋新材
1,国新证券股份有限公司北京分公司,24602445.0,0.030456885802,,,24602445.0,有价格涨跌幅限制的日收盘价格涨幅偏离值达到7%的前五只证券,603330,天洋新材
2,国新证券股份有限公司北京中关村大街证券营业部,23452543.0,0.029033351113,,,23452543.0,有价格涨跌幅限制的日收盘价格涨幅偏离值达到7%的前五只证券,603330,天洋新材
3,平安证券股份有限公司杭州曙光路证券营业部,14317874.0,0.017724980316,,,14317874.0,有价格涨跌幅限制的日收盘价格涨幅偏离值达到7%的前五只证券,603330,天洋新材
4,东方财富证券股份有限公司拉萨金融城南环路证券营业部,13262437.26,0.016418390005,,,13262437.26,有价格涨跌幅限制的日收盘价格涨幅偏离值达到7%的前五只证券,603330,天洋新材
5,联储证券股份有限公司浙江分公司,11308171.0,0.013999083131,,,11308171.0,有价格涨跌幅限制的日收盘价格涨幅偏离值达到7%的前五只证券,603330,天洋新材
6,国新证券股份有限公司北京分公司,24602445.0,0.027065916753,,,24602445.0,非ST、*ST和S证券连续三个交易日内收盘价格涨幅偏离值累计达到20%的证券,603330,天洋新材
7,国新证券股份有限公司北京中关村大街证券营业部,23452543.0,0.025800873714,,,23452543.0,非ST、*ST和S证券连续三个交易日内收盘价格涨幅偏离值累计达到20%的证券,603330,天洋新材
8,平安证券股份有限公司杭州曙光路证券营业部,14506829.0,0.01595941485,,,14506829.0,非ST、*ST和S证券连续三个交易日内收盘价格涨幅偏离值累计达到20%的证券,603330,天洋新材
9,东方财富证券股份有限公司拉萨金融城南环路证券营业部,14022532.26,0.015426624907,,,14022532.26,非ST、*ST和S证券连续三个交易日内收盘价格涨幅偏离值累计达到20%的证券,603330,天洋新材
10,中国银河证券股份有限公司台州黄岩委羽街证券营业部,13391119.2,0.014731987715,,,13391119.2,非ST、*ST和S证券连续三个交易日内收盘价格涨幅偏离值累计达到20%的证券,603330,天洋新材
1,中邮证券有限责任公司北京珠市口东大街证券营业部,,,34068918.0,0.042176017259,-34068918.0,有价格涨跌幅限制的日收盘价格涨幅偏离值达到7%的前五只证券,603330,天洋新材
2,华龙证券股份有限公司太原南中环街证券营业部,,,13810812.79,0.017097257934,-13810812.79,有价格涨跌幅限制的日收盘价格涨幅偏离值达到7%的前五只证券,603330,天洋新材
3,联储证券股份有限公司浙江分公司,,,12888699.0,0.015955716336,-12888699.0,有价格涨跌幅限制的日收盘价格涨幅偏离值达到7%的前五只证券,603330,天洋新材
4,华泰证券股份有限公司北京东三环北路证券营业部,,,11669930.0,0.014446926935,-11669930.0,有价格涨跌幅限制的日收盘价格涨幅偏离值达到7%的前五只证券,603330,天洋新材
5,中信证券股份有限公司上海分公司,,,11628860.2,0.014396084093,-11628860.2,有价格涨跌幅限制的日收盘价格涨幅偏离值达到7%的前五只证券,603330,天洋新材
6,中邮证券有限责任公司北京珠市口东大街证券营业部,,,38490978.0,0.042345124897,-38490978.0,非ST、*ST和S证券连续三个交易日内收盘价格涨幅偏离值累计达到20%的证券,603330,天洋新材
7,机构专用,,,14571765.0,0.016030852968,-14571765.0,非ST、*ST和S证券连续三个交易日内收盘价格涨幅偏离值累计达到20%的证券,603330,天洋新材
8,华龙证券股份有限公司太原南中环街证券营业部,,,13829622.79,0.015214399185,-13829622.79,非ST、*ST和S证券连续三个交易日内收盘价格涨幅偏离值累计达到20%的证券,603330,天洋新材
9,联储证券股份有限公司浙江分公司,,,12888699.0,0.01417925959,-12888699.0,非ST、*ST和S证券连续三个交易日内收盘价格涨幅偏离值累计达到20%的证券,603330,天洋新材
10,中泰证券股份有限公司成都新光华街证券营业部,,,12121746.0,0.013335510684,-12121746.0,非ST、*ST和S证券连续三个交易日内收盘价格涨幅偏离值累计达到20%的证券,603330,天洋新材
1,瑞银证券有限责任公司上海花园石桥路证券营业部,47499249.6,0.043790434998,,,47499249.6,有价格涨跌幅限制的日价格振幅达到15%的前五只证券,603435,嘉德利
2,开源证券股份有限公司西安太华路证券营业部,42028495.95,0.038746846223,,,42028495.95,有价格涨跌幅限制的日价格振幅达到15%的前五只证券,603435,嘉德利
3,东亚前海证券有限责任公司深圳分公司,22334047.3,0.020590170471,,,22334047.3,有价格涨跌幅限制的日价格振幅达到15%的前五只证券,603435,嘉德利
4,高盛(中国)证券有限责任公司上海浦东新区世纪大道证券营业部,21368456.64,0.019699974618,,,21368456.64,有价格涨跌幅限制的日价格振幅达到15%的前五只证券,603435,嘉德利
5,国泰海通证券股份有限公司总部,20164744.53,0.018590250205,,,20164744.53,有价格涨跌幅限制的日价格振幅达到15%的前五只证券,603435,嘉德利
6,瑞银证券有限责任公司上海花园石桥路证券营业部,47499249.6,0.043790434998,,,47499249.6,有价格涨跌幅限制的日换手率达到20%的前五只证券,603435,嘉德利
7,开源证券股份有限公司西安太华路证券营业部,42028495.95,0.038746846223,,,42028495.95,有价格涨跌幅限制的日换手率达到20%的前五只证券,603435,嘉德利
8,东亚前海证券有限责任公司深圳分公司,22334047.3,0.020590170471,,,22334047.3,有价格涨跌幅限制的日换手率达到20%的前五只证券,603435,嘉德利
9,高盛(中国)证券有限责任公司上海浦东新区世纪大道证券营业部,21368456.64,0.019699974618,,,21368456.64,有价格涨跌幅限制的日换手率达到20%的前五只证券,603435,嘉德利
10,国泰海通证券股份有限公司总部,20164744.53,0.018590250205,,,20164744.53,有价格涨跌幅限制的日换手率达到20%的前五只证券,603435,嘉德利
1,中信证券股份有限公司深圳深南中路中信大厦证券营业部,,,21650420.11,0.019959921946,-21650420.11,有价格涨跌幅限制的日价格振幅达到15%的前五只证券,603435,嘉德利
2,第一创业证券股份有限公司温州雪山路证券营业部,,,18658363.76,0.017201489966,-18658363.76,有价格涨跌幅限制的日价格振幅达到15%的前五只证券,603435,嘉德利
3,华泰证券股份有限公司总部,,,13023348.78,0.012006465639,-13023348.78,有价格涨跌幅限制的日价格振幅达到15%的前五只证券,603435,嘉德利
4,国金证券股份有限公司深圳分公司,,,12625919.14,0.011640067918,-12625919.14,有价格涨跌幅限制的日价格振幅达到15%的前五只证券,603435,嘉德利
5,东方财富证券股份有限公司拉萨金融城南环路证券营业部,,,11669927.0,0.010758721117,-11669927.0,有价格涨跌幅限制的日价格振幅达到15%的前五只证券,603435,嘉德利
6,中信证券股份有限公司深圳深南中路中信大厦证券营业部,,,21650420.11,0.019959921946,-21650420.11,有价格涨跌幅限制的日换手率达到20%的前五只证券,603435,嘉德利
7,第一创业证券股份有限公司温州雪山路证券营业部,,,18658363.76,0.017201489966,-18658363.76,有价格涨跌幅限制的日换手率达到20%的前五只证券,603435,嘉德利
8,华泰证券股份有限公司总部,,,13023348.78,0.012006465639,-13023348.78,有价格涨跌幅限制的日换手率达到20%的前五只证券,603435,嘉德利
9,国金证券股份有限公司深圳分公司,,,12625919.14,0.011640067918,-12625919.14,有价格涨跌幅限制的日换手率达到20%的前五只证券,603435,嘉德利
10,东方财富证券股份有限公司拉萨金融城南环路证券营业部,,,11669927.0,0.010758721117,-11669927.0,有价格涨跌幅限制的日换手率达到20%的前五只证券,603435,嘉德利
1,瑞银证券有限责任公司上海花园石桥路证券营业部,47499249.6,0.043790434998,,,47499249.6,有价格涨跌幅限制的日价格振幅达到15%的前五只证券,603435,嘉德利
2,开源证券股份有限公司西安太华路证券营业部,42028495.95,0.038746846223,,,42028495.95,有价格涨跌幅限制的日价格振幅达到15%的前五只证券,603435,嘉德利
3,东亚前海证券有限责任公司深圳分公司,22334047.3,0.020590170471,,,22334047.3,有价格涨跌幅限制的日价格振幅达到15%的前五只证券,603435,嘉德利
4,高盛(中国)证券有限责任公司上海浦东新区世纪大道证券营业部,21368456.64,0.019699974618,,,21368456.64,有价格涨跌幅限制的日价格振幅达到15%的前五只证券,603435,嘉德利
5,国泰海通证券股份有限公司总部,20164744.53,0.018590250205,,,20164744.53,有价格涨跌幅限制的日价格振幅达到15%的前五只证券,603435,嘉德利
6,瑞银证券有限责任公司上海花园石桥路证券营业部,47499249.6,0.043790434998,,,47499249.6,有价格涨跌幅限制的日换手率达到20%的前五只证券,603435,嘉德利
7,开源证券股份有限公司西安太华路证券营业部,42028495.95,0.038746846223,,,42028495.95,有价格涨跌幅限制的日换手率达到20%的前五只证券,603435,嘉德利
8,东亚前海证券有限责任公司深圳分公司,22334047.3,0.020590170471,,,22334047.3,有价格涨跌幅限制的日换手率达到20%的前五只证券,603435,嘉德利
9,高盛(中国)证券有限责任公司上海浦东新区世纪大道证券营业部,21368456.64,0.019699974618,,,21368456.64,有价格涨跌幅限制的日换手率达到20%的前五只证券,603435,嘉德利
10,国泰海通证券股份有限公司总部,20164744.53,0.018590250205,,,20164744.53,有价格涨跌幅限制的日换手率达到20%的前五只证券,603435,嘉德利
1,中信证券股份有限公司深圳深南中路中信大厦证券营业部,,,21650420.11,0.019959921946,-21650420.11,有价格涨跌幅限制的日价格振幅达到15%的前五只证券,603435,嘉德利
2,第一创业证券股份有限公司温州雪山路证券营业部,,,18658363.76,0.017201489966,-18658363.76,有价格涨跌幅限制的日价格振幅达到15%的前五只证券,603435,嘉德利
3,华泰证券股份有限公司总部,,,13023348.78,0.012006465639,-13023348.78,有价格涨跌幅限制的日价格振幅达到15%的前五只证券,603435,嘉德利
4,国金证券股份有限公司深圳分公司,,,12625919.14,0.011640067918,-12625919.14,有价格涨跌幅限制的日价格振幅达到15%的前五只证券,603435,嘉德利
5,东方财富证券股份有限公司拉萨金融城南环路证券营业部,,,11669927.0,0.010758721117,-11669927.0,有价格涨跌幅限制的日价格振幅达到15%的前五只证券,603435,嘉德利
6,中信证券股份有限公司深圳深南中路中信大厦证券营业部,,,21650420.11,0.019959921946,-21650420.11,有价格涨跌幅限制的日换手率达到20%的前五只证券,603435,嘉德利
7,第一创业证券股份有限公司温州雪山路证券营业部,,,18658363.76,0.017201489966,-18658363.76,有价格涨跌幅限制的日换手率达到20%的前五只证券,603435,嘉德利
8,华泰证券股份有限公司总部,,,13023348.78,0.012006465639,-13023348.78,有价格涨跌幅限制的日换手率达到20%的前五只证券,603435,嘉德利
9,国金证券股份有限公司深圳分公司,,,12625919.14,0.011640067918,-12625919.14,有价格涨跌幅限制的日换手率达到20%的前五只证券,603435,嘉德利
10,东方财富证券股份有限公司拉萨金融城南环路证券营业部,,,11669927.0,0.010758721117,-11669927.0,有价格涨跌幅限制的日换手率达到20%的前五只证券,603435,嘉德利
1,中国国际金融股份有限公司上海分公司,75719124.86,0.031889572246,,,75719124.86,有价格涨跌幅限制的日换手率达到20%的前五只证券,603459,红板科技
2,开源证券股份有限公司西安太华路证券营业部,67883521.75,0.028589560103,,,67883521.75,有价格涨跌幅限制的日换手率达到20%的前五只证券,603459,红板科技
3,中信证券股份有限公司上海分公司,61183461.85,0.025767788924,,,61183461.85,有价格涨跌幅限制的日换手率达到20%的前五只证券,603459,红板科技
4,高盛(中国)证券有限责任公司上海浦东新区世纪大道证券营业部,52011290.46,0.021904872881,,,52011290.46,有价格涨跌幅限制的日换手率达到20%的前五只证券,603459,红板科技
5,瑞银证券有限责任公司上海花园石桥路证券营业部,32562370.94,0.013713841549,,,32562370.94,有价格涨跌幅限制的日换手率达到20%的前五只证券,603459,红板科技
1,中信证券股份有限公司深圳深南中路中信大厦证券营业部,,,35651756.36,0.015014955102,-35651756.36,有价格涨跌幅限制的日换手率达到20%的前五只证券,603459,红板科技
2,东方财富证券股份有限公司山南香曲东路证券营业部,,,31799268.75,0.013392456398,-31799268.75,有价格涨跌幅限制的日换手率达到20%的前五只证券,603459,红板科技
3,高盛(中国)证券有限责任公司上海浦东新区世纪大道证券营业部,,,30806025.0,0.012974145722,-30806025.0,有价格涨跌幅限制的日换手率达到20%的前五只证券,603459,红板科技
4,中信证券股份有限公司上海分公司,,,29936076.0,0.012607761383,-29936076.0,有价格涨跌幅限制的日换手率达到20%的前五只证券,603459,红板科技
5,华泰证券股份有限公司总部,,,29778253.84,0.012541293616,-29778253.84,有价格涨跌幅限制的日换手率达到20%的前五只证券,603459,红板科技
1,中国国际金融股份有限公司上海分公司,24659747.49,0.063470040639,,,24659747.49,有价格涨跌幅限制的日收盘价格跌幅偏离值达到7%的前五只证券,603637,镇海股份
2,高盛(中国)证券有限责任公司上海浦东新区世纪大道证券营业部,22826990.0,0.05875283125,,,22826990.0,有价格涨跌幅限制的日收盘价格跌幅偏离值达到7%的前五只证券,603637,镇海股份
3,中信证券股份有限公司上海分公司,18073018.0,0.046516907255,,,18073018.0,有价格涨跌幅限制的日收盘价格跌幅偏离值达到7%的前五只证券,603637,镇海股份
4,华泰证券股份有限公司张家港杨舍东街证券营业部,17263715.0,0.044433897511,,,17263715.0,有价格涨跌幅限制的日收盘价格跌幅偏离值达到7%的前五只证券,603637,镇海股份
5,瑞银证券有限责任公司上海花园石桥路证券营业部,14520765.0,0.037374005757,,,14520765.0,有价格涨跌幅限制的日收盘价格跌幅偏离值达到7%的前五只证券,603637,镇海股份
6,高盛(中国)证券有限责任公司上海浦东新区世纪大道证券营业部,66187264.8,0.056431440387,,,66187264.8,非ST、*ST和S证券连续三个交易日内收盘价格跌幅偏离值累计达到20%的证券,603637,镇海股份
7,中国国际金融股份有限公司上海分公司,44674651.67,0.038089728441,,,44674651.67,非ST、*ST和S证券连续三个交易日内收盘价格跌幅偏离值累计达到20%的证券,603637,镇海股份
8,国泰海通证券股份有限公司总部,37473490.21,0.031949998769,,,37473490.21,非ST、*ST和S证券连续三个交易日内收盘价格跌幅偏离值累计达到20%的证券,603637,镇海股份
9,中信证券股份有限公司上海分公司,33631804.92,0.028674567535,,,33631804.92,非ST、*ST和S证券连续三个交易日内收盘价格跌幅偏离值累计达到20%的证券,603637,镇海股份
10,瑞银证券有限责任公司上海花园石桥路证券营业部,27118795.6,0.023121558232,,,27118795.6,非ST、*ST和S证券连续三个交易日内收盘价格跌幅偏离值累计达到20%的证券,603637,镇海股份
1,中信证券股份有限公司余姚南雷路证券营业部,,,23244753.0,0.059828082917,-23244753.0,有价格涨跌幅限制的日收盘价格跌幅偏离值达到7%的前五只证券,603637,镇海股份
2,高盛(中国)证券有限责任公司上海浦东新区世纪大道证券营业部,,,10745245.0,0.027656452569,-10745245.0,有价格涨跌幅限制的日收盘价格跌幅偏离值达到7%的前五只证券,603637,镇海股份
3,国泰海通证券股份有限公司总部,,,9827021.0,0.025293098499,-9827021.0,有价格涨跌幅限制的日收盘价格跌幅偏离值达到7%的前五只证券,603637,镇海股份
4,中信证券股份有限公司浙江分公司,,,8647922.8,0.022258298135,-8647922.8,有价格涨跌幅限制的日收盘价格跌幅偏离值达到7%的前五只证券,603637,镇海股份
5,光大证券股份有限公司宁海民生路证券营业部,,,6895186.4,0.017747049567,-6895186.4,有价格涨跌幅限制的日收盘价格跌幅偏离值达到7%的前五只证券,603637,镇海股份
6,中信证券股份有限公司余姚南雷路证券营业部,,,33505545.0,0.028566917986,-33505545.0,非ST、*ST和S证券连续三个交易日内收盘价格跌幅偏离值累计达到20%的证券,603637,镇海股份
7,高盛(中国)证券有限责任公司上海浦东新区世纪大道证券营业部,,,33203429.13,0.028309333181,-33203429.13,非ST、*ST和S证券连续三个交易日内收盘价格跌幅偏离值累计达到20%的证券,603637,镇海股份
8,华泰证券股份有限公司上海黄浦区来福士广场证券营业部,,,27144170.0,0.023143192513,-27144170.0,非ST、*ST和S证券连续三个交易日内收盘价格跌幅偏离值累计达到20%的证券,603637,镇海股份
9,国泰海通证券股份有限公司总部,,,20504979.28,0.017482600609,-20504979.28,非ST、*ST和S证券连续三个交易日内收盘价格跌幅偏离值累计达到20%的证券,603637,镇海股份
10,光大证券股份有限公司宁海民生路证券营业部,,,16427035.4,0.014005734664,-16427035.4,非ST、*ST和S证券连续三个交易日内收盘价格跌幅偏离值累计达到20%的证券,603637,镇海股份
1,中国国际金融股份有限公司上海分公司,24659747.49,0.063470040639,,,24659747.49,有价格涨跌幅限制的日收盘价格跌幅偏离值达到7%的前五只证券,603637,镇海股份
2,高盛(中国)证券有限责任公司上海浦东新区世纪大道证券营业部,22826990.0,0.05875283125,,,22826990.0,有价格涨跌幅限制的日收盘价格跌幅偏离值达到7%的前五只证券,603637,镇海股份
3,中信证券股份有限公司上海分公司,18073018.0,0.046516907255,,,18073018.0,有价格涨跌幅限制的日收盘价格跌幅偏离值达到7%的前五只证券,603637,镇海股份
4,华泰证券股份有限公司张家港杨舍东街证券营业部,17263715.0,0.044433897511,,,17263715.0,有价格涨跌幅限制的日收盘价格跌幅偏离值达到7%的前五只证券,603637,镇海股份
5,瑞银证券有限责任公司上海花园石桥路证券营业部,14520765.0,0.037374005757,,,14520765.0,有价格涨跌幅限制的日收盘价格跌幅偏离值达到7%的前五只证券,603637,镇海股份
6,高盛(中国)证券有限责任公司上海浦东新区世纪大道证券营业部,66187264.8,0.056431440387,,,66187264.8,非ST、*ST和S证券连续三个交易日内收盘价格跌幅偏离值累计达到20%的证券,603637,镇海股份
7,中国国际金融股份有限公司上海分公司,44674651.67,0.038089728441,,,44674651.67,非ST、*ST和S证券连续三个交易日内收盘价格跌幅偏离值累计达到20%的证券,603637,镇海股份
8,国泰海通证券股份有限公司总部,37473490.21,0.031949998769,,,37473490.21,非ST、*ST和S证券连续三个交易日内收盘价格跌幅偏离值累计达到20%的证券,603637,镇海股份
9,中信证券股份有限公司上海分公司,33631804.92,0.028674567535,,,33631804.92,非ST、*ST和S证券连续三个交易日内收盘价格跌幅偏离值累计达到20%的证券,603637,镇海股份
10,瑞银证券有限责任公司上海花园石桥路证券营业部,27118795.6,0.023121558232,,,27118795.6,非ST、*ST和S证券连续三个交易日内收盘价格跌幅偏离值累计达到20%的证券,603637,镇海股份
1,中信证券股份有限公司余姚南雷路证券营业部,,,23244753.0,0.059828082917,-23244753.0,有价格涨跌幅限制的日收盘价格跌幅偏离值达到7%的前五只证券,603637,镇海股份
2,高盛(中国)证券有限责任公司上海浦东新区世纪大道证券营业部,,,10745245.0,0.027656452569,-10745245.0,有价格涨跌幅限制的日收盘价格跌幅偏离值达到7%的前五只证券,603637,镇海股份
3,国泰海通证券股份有限公司总部,,,9827021.0,0.025293098499,-9827021.0,有价格涨跌幅限制的日收盘价格跌幅偏离值达到7%的前五只证券,603637,镇海股份
4,中信证券股份有限公司浙江分公司,,,8647922.8,0.022258298135,-8647922.8,有价格涨跌幅限制的日收盘价格跌幅偏离值达到7%的前五只证券,603637,镇海股份
5,光大证券股份有限公司宁海民生路证券营业部,,,6895186.4,0.017747049567,-6895186.4,有价格涨跌幅限制的日收盘价格跌幅偏离值达到7%的前五只证券,603637,镇海股份
6,中信证券股份有限公司余姚南雷路证券营业部,,,33505545.0,0.028566917986,-33505545.0,非ST、*ST和S证券连续三个交易日内收盘价格跌幅偏离值累计达到20%的证券,603637,镇海股份
7,高盛(中国)证券有限责任公司上海浦东新区世纪大道证券营业部,,,33203429.13,0.028309333181,-33203429.13,非ST、*ST和S证券连续三个交易日内收盘价格跌幅偏离值累计达到20%的证券,603637,镇海股份
8,华泰证券股份有限公司上海黄浦区来福士广场证券营业部,,,27144170.0,0.023143192513,-27144170.0,非ST、*ST和S证券连续三个交易日内收盘价格跌幅偏离值累计达到20%的证券,603637,镇海股份
9,国泰海通证券股份有限公司总部,,,20504979.28,0.017482600609,-20504979.28,非ST、*ST和S证券连续三个交易日内收盘价格跌幅偏离值累计达到20%的证券,603637,镇海股份
10,光大证券股份有限公司宁海民生路证券营业部,,,16427035.4,0.014005734664,-16427035.4,非ST、*ST和S证券连续三个交易日内收盘价格跌幅偏离值累计达到20%的证券,603637,镇海股份
1,中信证券股份有限公司上海分公司,289947355.73,0.073231026742,,,289947355.73,有价格涨跌幅限制的日价格振幅达到15%的前五只证券,603773,沃格光电
2,沪股通专用,149141803.9,0.03766824292,,,149141803.9,有价格涨跌幅限制的日价格振幅达到15%的前五只证券,603773,沃格光电
3,国泰海通证券股份有限公司上虞市民大道证券营业部,37385116.0,0.00944223279,,,37385116.0,有价格涨跌幅限制的日价格振幅达到15%的前五只证券,603773,沃格光电
4,东方财富证券股份有限公司拉萨金融城南环路证券营业部,35850588.0,0.009054662223,,,35850588.0,有价格涨跌幅限制的日价格振幅达到15%的前五只证券,603773,沃格光电
5,东北证券股份有限公司佛山分公司,32600943.0,0.008233910334,,,32600943.0,有价格涨跌幅限制的日价格振幅达到15%的前五只证券,603773,沃格光电
1,沪股通专用,,,179083804.4,0.045230593105,-179083804.4,有价格涨跌幅限制的日价格振幅达到15%的前五只证券,603773,沃格光电
2,机构专用,,,123694816.88,0.031241183145,-123694816.88,有价格涨跌幅限制的日价格振幅达到15%的前五只证券,603773,沃格光电
3,中信证券股份有限公司上海分公司,,,101525941.32,0.025642064936,-101525941.32,有价格涨跌幅限制的日价格振幅达到15%的前五只证券,603773,沃格光电
4,东方财富证券股份有限公司拉萨金融城南环路证券营业部,,,41945311.0,0.010593985876,-41945311.0,有价格涨跌幅限制的日价格振幅达到15%的前五只证券,603773,沃格光电
5,招商证券股份有限公司成都天府三街证券营业部,,,35561839.0,0.008981733861,-35561839.0,有价格涨跌幅限制的日价格振幅达到15%的前五只证券,603773,沃格光电
1,国泰海通证券股份有限公司总部,9575982.5,0.047668408012,,,9575982.5,有价格涨跌幅限制的日收盘价格跌幅偏离值达到7%的前五只证券,603829,洛凯股份
2,高盛(中国)证券有限责任公司上海浦东新区世纪大道证券营业部,8626370.0,0.04294131958,,,8626370.0,有价格涨跌幅限制的日收盘价格跌幅偏离值达到7%的前五只证券,603829,洛凯股份
3,广发证券股份有限公司佛山季华六路证券营业部,8311464.0,0.041373744901,,,8311464.0,有价格涨跌幅限制的日收盘价格跌幅偏离值达到7%的前五只证券,603829,洛凯股份
4,中信证券股份有限公司深圳滨海大道证券营业部,8113076.0,0.040386186692,,,8113076.0,有价格涨跌幅限制的日收盘价格跌幅偏离值达到7%的前五只证券,603829,洛凯股份
5,中国国际金融股份有限公司上海分公司,6347061.0,0.031595117621,,,6347061.0,有价格涨跌幅限制的日收盘价格跌幅偏离值达到7%的前五只证券,603829,洛凯股份
1,国泰海通证券股份有限公司总部,,,11253280.0,0.056017849084,-11253280.0,有价格涨跌幅限制的日收盘价格跌幅偏离值达到7%的前五只证券,603829,洛凯股份
2,中信证券股份有限公司深圳滨海大道证券营业部,,,9121715.0,0.045407103907,-9121715.0,有价格涨跌幅限制的日收盘价格跌幅偏离值达到7%的前五只证券,603829,洛凯股份
3,高盛(中国)证券有限责任公司上海浦东新区世纪大道证券营业部,,,8521471.0,0.042419141481,-8521471.0,有价格涨跌幅限制的日收盘价格跌幅偏离值达到7%的前五只证券,603829,洛凯股份
4,招商证券股份有限公司深圳前海大道证券营业部,,,7531596.0,0.037491629826,-7531596.0,有价格涨跌幅限制的日收盘价格跌幅偏离值达到7%的前五只证券,603829,洛凯股份
5,国泰海通证券股份有限公司上虞市民大道证券营业部,,,7529706.0,0.03748222157,-7529706.0,有价格涨跌幅限制的日收盘价格跌幅偏离值达到7%的前五只证券,603829,洛凯股份
1,沪股通专用,115960871.76,0.030747261464,,,115960871.76,有价格涨跌幅限制的日换手率达到20%的前五只证券,603890,春秋电子
2,华泰证券股份有限公司深圳彩田路证券营业部,110606896.0,0.029327643881,,,110606896.0,有价格涨跌幅限制的日换手率达到20%的前五只证券,603890,春秋电子
3,中国中金财富证券有限公司湖南分公司,67739412.97,0.017961243395,,,67739412.97,有价格涨跌幅限制的日换手率达到20%的前五只证券,603890,春秋电子
4,国信证券股份有限公司浙江互联网分公司,36148905.22,0.009584955887,,,36148905.22,有价格涨跌幅限制的日换手率达到20%的前五只证券,603890,春秋电子
5,东方财富证券股份有限公司拉萨金融城南环路证券营业部,35424137.42,0.009392782228,,,35424137.42,有价格涨跌幅限制的日换手率达到20%的前五只证券,603890,春秋电子
1,沪股通专用,,,234835775.54,0.062267184457,-234835775.54,有价格涨跌幅限制的日换手率达到20%的前五只证券,603890,春秋电子
2,瑞银证券有限责任公司上海花园石桥路证券营业部,,,48693664.1,0.012911224269,-48693664.1,有价格涨跌幅限制的日换手率达到20%的前五只证券,603890,春秋电子
3,高盛(中国)证券有限责任公司上海浦东新区世纪大道证券营业部,,,47976197.81,0.01272098662,-47976197.81,有价格涨跌幅限制的日换手率达到20%的前五只证券,603890,春秋电子
4,中国银河证券股份有限公司桂林中山中路证券营业部,,,39765733.98,0.010543965403,-39765733.98,有价格涨跌幅限制的日换手率达到20%的前五只证券,603890,春秋电子
5,东方证券股份有限公司张家港东环路证券营业部,,,36522884.0,0.009684117123,-36522884.0,有价格涨跌幅限制的日换手率达到20%的前五只证券,603890,春秋电子
1,沪股通专用,82553271.0,0.080176589775,,,82553271.0,非ST、*ST和S证券连续三个交易日内收盘价格涨幅偏离值累计达到20%的证券,605018,长华集团
2,中国国际金融股份有限公司上海分公司,40178921.06,0.039022183281,,,40178921.06,非ST、*ST和S证券连续三个交易日内收盘价格涨幅偏离值累计达到20%的证券,605018,长华集团
3,瑞银证券有限责任公司上海花园石桥路证券营业部,23929361.41,0.023240443051,,,23929361.41,非ST、*ST和S证券连续三个交易日内收盘价格涨幅偏离值累计达到20%的证券,605018,长华集团
4,摩根大通证券(中国)有限公司上海银城中路证券营业部,22075061.0,0.021439527333,,,22075061.0,非ST、*ST和S证券连续三个交易日内收盘价格涨幅偏离值累计达到20%的证券,605018,长华集团
5,中泰证券股份有限公司常州惠国路证券营业部,18137232.0,0.017615067121,,,18137232.0,非ST、*ST和S证券连续三个交易日内收盘价格涨幅偏离值累计达到20%的证券,605018,长华集团
1,沪股通专用,,,105099061.78,0.102073294734,-105099061.78,非ST、*ST和S证券连续三个交易日内收盘价格涨幅偏离值累计达到20%的证券,605018,长华集团
2,高盛(中国)证券有限责任公司上海浦东新区世纪大道证券营业部,,,30551207.0,0.029671647908,-30551207.0,非ST、*ST和S证券连续三个交易日内收盘价格涨幅偏离值累计达到20%的证券,605018,长华集团
3,摩根大通证券(中国)有限公司上海银城中路证券营业部,,,25197141.0,0.024471723688,-25197141.0,非ST、*ST和S证券连续三个交易日内收盘价格涨幅偏离值累计达到20%的证券,605018,长华集团
4,瑞银证券有限责任公司上海花园石桥路证券营业部,,,23026193.0,0.022363276559,-23026193.0,非ST、*ST和S证券连续三个交易日内收盘价格涨幅偏离值累计达到20%的证券,605018,长华集团
5,国泰海通证券股份有限公司总部,,,19372698.79,0.018814965233,-19372698.79,非ST、*ST和S证券连续三个交易日内收盘价格涨幅偏离值累计达到20%的证券,605018,长华集团
1,沪股通专用,17551625.48,0.071874553329,,,17551625.48,有价格涨跌幅限制的日收盘价格跌幅偏离值达到7%的前五只证券,605077,华康股份
2,国泰海通证券股份有限公司总部,5255092.0,0.021519795453,,,5255092.0,有价格涨跌幅限制的日收盘价格跌幅偏离值达到7%的前五只证券,605077,华康股份
3,中信证券股份有限公司上海分公司,4967665.0,0.020342771293,,,4967665.0,有价格涨跌幅限制的日收盘价格跌幅偏离值达到7%的前五只证券,605077,华康股份
4,东方财富证券股份有限公司拉萨东环路第一证券营业部,4493525.0,0.018401150515,,,4493525.0,有价格涨跌幅限制的日收盘价格跌幅偏离值达到7%的前五只证券,605077,华康股份
5,麦高证券有限责任公司北京分公司,3180741.0,0.013025251643,,,3180741.0,有价格涨跌幅限制的日收盘价格跌幅偏离值达到7%的前五只证券,605077,华康股份
6,沪股通专用,60692781.86,0.069041390839,,,60692781.86,非ST、*ST和S证券连续三个交易日内收盘价格跌幅偏离值累计达到20%的证券,605077,华康股份
7,麦高证券有限责任公司北京分公司,15350000.0,0.017461472631,,,15350000.0,非ST、*ST和S证券连续三个交易日内收盘价格跌幅偏离值累计达到20%的证券,605077,华康股份
8,中信证券股份有限公司上海分公司,14650464.0,0.016665711803,,,14650464.0,非ST、*ST和S证券连续三个交易日内收盘价格跌幅偏离值累计达到20%的证券,605077,华康股份
9,东方财富证券股份有限公司拉萨东环路第一证券营业部,14358034.0,0.01633305653,,,14358034.0,非ST、*ST和S证券连续三个交易日内收盘价格跌幅偏离值累计达到20%的证券,605077,华康股份
10,国泰海通证券股份有限公司总部,12795145.14,0.014555184148,,,12795145.14,非ST、*ST和S证券连续三个交易日内收盘价格跌幅偏离值累计达到20%的证券,605077,华康股份
1,沪股通专用,,,27576222.34,0.112925646997,-27576222.34,有价格涨跌幅限制的日收盘价格跌幅偏离值达到7%的前五只证券,605077,华康股份
2,麦高证券有限责任公司北京分公司,,,7276176.0,0.029796208934,-7276176.0,有价格涨跌幅限制的日收盘价格跌幅偏离值达到7%的前五只证券,605077,华康股份
3,浙商证券股份有限公司开化长兴路证券营业部,,,4670884.0,0.019127442158,-4670884.0,有价格涨跌幅限制的日收盘价格跌幅偏离值达到7%的前五只证券,605077,华康股份
4,华宝证券股份有限公司上海东大名路证券营业部,,,4235943.0,0.01734634273,-4235943.0,有价格涨跌幅限制的日收盘价格跌幅偏离值达到7%的前五只证券,605077,华康股份
5,国泰海通证券股份有限公司总部,,,3628745.0,0.014859844538,-3628745.0,有价格涨跌幅限制的日收盘价格跌幅偏离值达到7%的前五只证券,605077,华康股份
6,沪股通专用,,,76962529.34,0.087549127017,-76962529.34,非ST、*ST和S证券连续三个交易日内收盘价格跌幅偏离值累计达到20%的证券,605077,华康股份
7,国泰海通证券股份有限公司总部,,,20884142.74,0.023756865595,-20884142.74,非ST、*ST和S证券连续三个交易日内收盘价格跌幅偏离值累计达到20%的证券,605077,华康股份
8,中国银河证券股份有限公司北京安贞门证券营业部,,,19274784.2,0.021926131387,-19274784.2,非ST、*ST和S证券连续三个交易日内收盘价格跌幅偏离值累计达到20%的证券,605077,华康股份
9,光大证券股份有限公司烟台锦华街证券营业部,,,18781691.88,0.021365211644,-18781691.88,非ST、*ST和S证券连续三个交易日内收盘价格跌幅偏离值累计达到20%的证券,605077,华康股份
10,江海证券有限公司北京东三环北路证券营业部,,,18585258.0,0.021141757258,-18585258.0,非ST、*ST和S证券连续三个交易日内收盘价格跌幅偏离值累计达到20%的证券,605077,华康股份
1,沪股通专用,17551625.48,0.071874553329,,,17551625.48,有价格涨跌幅限制的日收盘价格跌幅偏离值达到7%的前五只证券,605077,华康股份
2,国泰海通证券股份有限公司总部,5255092.0,0.021519795453,,,5255092.0,有价格涨跌幅限制的日收盘价格跌幅偏离值达到7%的前五只证券,605077,华康股份
3,中信证券股份有限公司上海分公司,4967665.0,0.020342771293,,,4967665.0,有价格涨跌幅限制的日收盘价格跌幅偏离值达到7%的前五只证券,605077,华康股份
4,东方财富证券股份有限公司拉萨东环路第一证券营业部,4493525.0,0.018401150515,,,4493525.0,有价格涨跌幅限制的日收盘价格跌幅偏离值达到7%的前五只证券,605077,华康股份
5,麦高证券有限责任公司北京分公司,3180741.0,0.013025251643,,,3180741.0,有价格涨跌幅限制的日收盘价格跌幅偏离值达到7%的前五只证券,605077,华康股份
6,沪股通专用,60692781.86,0.069041390839,,,60692781.86,非ST、*ST和S证券连续三个交易日内收盘价格跌幅偏离值累计达到20%的证券,605077,华康股份
7,麦高证券有限责任公司北京分公司,15350000.0,0.017461472631,,,15350000.0,非ST、*ST和S证券连续三个交易日内收盘价格跌幅偏离值累计达到20%的证券,605077,华康股份
8,中信证券股份有限公司上海分公司,14650464.0,0.016665711803,,,14650464.0,非ST、*ST和S证券连续三个交易日内收盘价格跌幅偏离值累计达到20%的证券,605077,华康股份
9,东方财富证券股份有限公司拉萨东环路第一证券营业部,14358034.0,0.01633305653,,,14358034.0,非ST、*ST和S证券连续三个交易日内收盘价格跌幅偏离值累计达到20%的证券,605077,华康股份
10,国泰海通证券股份有限公司总部,12795145.14,0.014555184148,,,12795145.14,非ST、*ST和S证券连续三个交易日内收盘价格跌幅偏离值累计达到20%的证券,605077,华康股份
1,沪股通专用,,,27576222.34,0.112925646997,-27576222.34,有价格涨跌幅限制的日收盘价格跌幅偏离值达到7%的前五只证券,605077,华康股份
2,麦高证券有限责任公司北京分公司,,,7276176.0,0.029796208934,-7276176.0,有价格涨跌幅限制的日收盘价格跌幅偏离值达到7%的前五只证券,605077,华康股份
3,浙商证券股份有限公司开化长兴路证券营业部,,,4670884.0,0.019127442158,-4670884.0,有价格涨跌幅限制的日收盘价格跌幅偏离值达到7%的前五只证券,605077,华康股份
4,华宝证券股份有限公司上海东大名路证券营业部,,,4235943.0,0.01734634273,-4235943.0,有价格涨跌幅限制的日收盘价格跌幅偏离值达到7%的前五只证券,605077,华康股份
5,国泰海通证券股份有限公司总部,,,3628745.0,0.014859844538,-3628745.0,有价格涨跌幅限制的日收盘价格跌幅偏离值达到7%的前五只证券,605077,华康股份
6,沪股通专用,,,76962529.34,0.087549127017,-76962529.34,非ST、*ST和S证券连续三个交易日内收盘价格跌幅偏离值累计达到20%的证券,605077,华康股份
7,国泰海通证券股份有限公司总部,,,20884142.74,0.023756865595,-20884142.74,非ST、*ST和S证券连续三个交易日内收盘价格跌幅偏离值累计达到20%的证券,605077,华康股份
8,中国银河证券股份有限公司北京安贞门证券营业部,,,19274784.2,0.021926131387,-19274784.2,非ST、*ST和S证券连续三个交易日内收盘价格跌幅偏离值累计达到20%的证券,605077,华康股份
9,光大证券股份有限公司烟台锦华街证券营业部,,,18781691.88,0.021365211644,-18781691.88,非ST、*ST和S证券连续三个交易日内收盘价格跌幅偏离值累计达到20%的证券,605077,华康股份
10,江海证券有限公司北京东三环北路证券营业部,,,18585258.0,0.021141757258,-18585258.0,非ST、*ST和S证券连续三个交易日内收盘价格跌幅偏离值累计达到20%的证券,605077,华康股份
1,东亚前海证券有限责任公司深圳分公司,16789910.0,0.041639319998,,,16789910.0,有价格涨跌幅限制的日收盘价格涨幅偏离值达到7%的前五只证券,605162,新中港
2,国泰海通证券股份有限公司总部,15827285.01,0.039251990346,,,15827285.01,有价格涨跌幅限制的日收盘价格涨幅偏离值达到7%的前五只证券,605162,新中港
3,中信证券股份有限公司深圳深南中路中信大厦证券营业部,14406565.15,0.035728576053,,,14406565.15,有价格涨跌幅限制的日收盘价格涨幅偏离值达到7%的前五只证券,605162,新中港
4,华泰证券股份有限公司总部,13752376.11,0.034106173861,,,13752376.11,有价格涨跌幅限制的日收盘价格涨幅偏离值达到7%的前五只证券,605162,新中港
5,中信证券股份有限公司深圳滨海大道证券营业部,10388269.3,0.025763120208,,,10388269.3,有价格涨跌幅限制的日收盘价格涨幅偏离值达到7%的前五只证券,605162,新中港
6,国泰海通证券股份有限公司总部,29362189.55,0.043151867777,,,29362189.55,非ST、*ST和S证券连续三个交易日内收盘价格涨幅偏离值累计达到20%的证券,605162,新中港
7,华泰证券股份有限公司总部,23277125.61,0.034209010361,,,23277125.61,非ST、*ST和S证券连续三个交易日内收盘价格涨幅偏离值累计达到20%的证券,605162,新中港
8,中泰证券股份有限公司常州惠国路证券营业部,20017305.0,0.029418245432,,,20017305.0,非ST、*ST和S证券连续三个交易日内收盘价格涨幅偏离值累计达到20%的证券,605162,新中港
9,中信证券股份有限公司深圳深南中路中信大厦证券营业部,19892551.24,0.029234902233,,,19892551.24,非ST、*ST和S证券连续三个交易日内收盘价格涨幅偏离值累计达到20%的证券,605162,新中港
10,中信证券股份有限公司上海分公司,18231720.87,0.026794078384,,,18231720.87,非ST、*ST和S证券连续三个交易日内收盘价格涨幅偏离值累计达到20%的证券,605162,新中港
1,国泰海通证券股份有限公司总部,,,12185095.32,0.030219285466,-12185095.32,有价格涨跌幅限制的日收盘价格涨幅偏离值达到7%的前五只证券,605162,新中港
2,中信证券股份有限公司上海分公司,,,10995998.99,0.027270302261,-10995998.99,有价格涨跌幅限制的日收盘价格涨幅偏离值达到7%的前五只证券,605162,新中港
3,华泰证券股份有限公司总部,,,9460005.88,0.023461007952,-9460005.88,有价格涨跌幅限制的日收盘价格涨幅偏离值达到7%的前五只证券,605162,新中港
4,中泰证券股份有限公司常州惠国路证券营业部,,,7413340.0,0.018385234734,-7413340.0,有价格涨跌幅限制的日收盘价格涨幅偏离值达到7%的前五只证券,605162,新中港
5,高盛(中国)证券有限责任公司上海浦东新区世纪大道证券营业部,,,6115664.96,0.015166974109,-6115664.96,有价格涨跌幅限制的日收盘价格涨幅偏离值达到7%的前五只证券,605162,新中港
6,中信证券股份有限公司上海分公司,,,18179100.47,0.026716745304,-18179100.47,非ST、*ST和S证券连续三个交易日内收盘价格涨幅偏离值累计达到20%的证券,605162,新中港
7,国泰海通证券股份有限公司总部,,,16103612.35,0.023666523563,-16103612.35,非ST、*ST和S证券连续三个交易日内收盘价格涨幅偏离值累计达到20%的证券,605162,新中港
8,高盛(中国)证券有限责任公司上海浦东新区世纪大道证券营业部,,,11352304.4,0.016683808188,-11352304.4,非ST、*ST和S证券连续三个交易日内收盘价格涨幅偏离值累计达到20%的证券,605162,新中港
9,瑞银证券有限责任公司上海花园石桥路证券营业部,,,10879039.91,0.015988279448,-10879039.91,非ST、*ST和S证券连续三个交易日内收盘价格涨幅偏离值累计达到20%的证券,605162,新中港
10,华泰证券股份有限公司总部,,,10873197.44,0.015979693117,-10873197.44,非ST、*ST和S证券连续三个交易日内收盘价格涨幅偏离值累计达到20%的证券,605162,新中港
1,东亚前海证券有限责任公司深圳分公司,16789910.0,0.041639319998,,,16789910.0,有价格涨跌幅限制的日收盘价格涨幅偏离值达到7%的前五只证券,605162,新中港
2,国泰海通证券股份有限公司总部,15827285.01,0.039251990346,,,15827285.01,有价格涨跌幅限制的日收盘价格涨幅偏离值达到7%的前五只证券,605162,新中港
3,中信证券股份有限公司深圳深南中路中信大厦证券营业部,14406565.15,0.035728576053,,,14406565.15,有价格涨跌幅限制的日收盘价格涨幅偏离值达到7%的前五只证券,605162,新中港
4,华泰证券股份有限公司总部,13752376.11,0.034106173861,,,13752376.11,有价格涨跌幅限制的日收盘价格涨幅偏离值达到7%的前五只证券,605162,新中港
5,中信证券股份有限公司深圳滨海大道证券营业部,10388269.3,0.025763120208,,,10388269.3,有价格涨跌幅限制的日收盘价格涨幅偏离值达到7%的前五只证券,605162,新中港
6,国泰海通证券股份有限公司总部,29362189.55,0.043151867777,,,29362189.55,非ST、*ST和S证券连续三个交易日内收盘价格涨幅偏离值累计达到20%的证券,605162,新中港
7,华泰证券股份有限公司总部,23277125.61,0.034209010361,,,23277125.61,非ST、*ST和S证券连续三个交易日内收盘价格涨幅偏离值累计达到20%的证券,605162,新中港
8,中泰证券股份有限公司常州惠国路证券营业部,20017305.0,0.029418245432,,,20017305.0,非ST、*ST和S证券连续三个交易日内收盘价格涨幅偏离值累计达到20%的证券,605162,新中港
9,中信证券股份有限公司深圳深南中路中信大厦证券营业部,19892551.24,0.029234902233,,,19892551.24,非ST、*ST和S证券连续三个交易日内收盘价格涨幅偏离值累计达到20%的证券,605162,新中港
10,中信证券股份有限公司上海分公司,18231720.87,0.026794078384,,,18231720.87,非ST、*ST和S证券连续三个交易日内收盘价格涨幅偏离值累计达到20%的证券,605162,新中港
1,国泰海通证券股份有限公司总部,,,12185095.32,0.030219285466,-12185095.32,有价格涨跌幅限制的日收盘价格涨幅偏离值达到7%的前五只证券,605162,新中港
2,中信证券股份有限公司上海分公司,,,10995998.99,0.027270302261,-10995998.99,有价格涨跌幅限制的日收盘价格涨幅偏离值达到7%的前五只证券,605162,新中港
3,华泰证券股份有限公司总部,,,9460005.88,0.023461007952,-9460005.88,有价格涨跌幅限制的日收盘价格涨幅偏离值达到7%的前五只证券,605162,新中港
4,中泰证券股份有限公司常州惠国路证券营业部,,,7413340.0,0.018385234734,-7413340.0,有价格涨跌幅限制的日收盘价格涨幅偏离值达到7%的前五只证券,605162,新中港
5,高盛(中国)证券有限责任公司上海浦东新区世纪大道证券营业部,,,6115664.96,0.015166974109,-6115664.96,有价格涨跌幅限制的日收盘价格涨幅偏离值达到7%的前五只证券,605162,新中港
6,中信证券股份有限公司上海分公司,,,18179100.47,0.026716745304,-18179100.47,非ST、*ST和S证券连续三个交易日内收盘价格涨幅偏离值累计达到20%的证券,605162,新中港
7,国泰海通证券股份有限公司总部,,,16103612.35,0.023666523563,-16103612.35,非ST、*ST和S证券连续三个交易日内收盘价格涨幅偏离值累计达到20%的证券,605162,新中港
8,高盛(中国)证券有限责任公司上海浦东新区世纪大道证券营业部,,,11352304.4,0.016683808188,-11352304.4,非ST、*ST和S证券连续三个交易日内收盘价格涨幅偏离值累计达到20%的证券,605162,新中港
9,瑞银证券有限责任公司上海花园石桥路证券营业部,,,10879039.91,0.015988279448,-10879039.91,非ST、*ST和S证券连续三个交易日内收盘价格涨幅偏离值累计达到20%的证券,605162,新中港
10,华泰证券股份有限公司总部,,,10873197.44,0.015979693117,-10873197.44,非ST、*ST和S证券连续三个交易日内收盘价格涨幅偏离值累计达到20%的证券,605162,新中港
1,沪股通专用,187093985.34,0.060738233607,,,187093985.34,有价格涨跌幅限制的日收盘价格涨幅达到15%的前五只证券,688031,星环科技
2,国泰海通证券股份有限公司总部,105697648.52,0.034313708459,,,105697648.52,有价格涨跌幅限制的日收盘价格涨幅达到15%的前五只证券,688031,星环科技
3,高盛(中国)证券有限责任公司上海浦东新区世纪大道证券营业部,74326448.65,0.024129355057,,,74326448.65,有价格涨跌幅限制的日收盘价格涨幅达到15%的前五只证券,688031,星环科技
4,华泰证券股份有限公司总部,73006410.73,0.023700817649,,,73006410.73,有价格涨跌幅限制的日收盘价格涨幅达到15%的前五只证券,688031,星环科技
5,东北证券股份有限公司佛山分公司,70942069.11,0.023030649319,,,70942069.11,有价格涨跌幅限制的日收盘价格涨幅达到15%的前五只证券,688031,星环科技
1,沪股通专用,,,149155678.78,0.048421933207,-149155678.78,有价格涨跌幅限制的日收盘价格涨幅达到15%的前五只证券,688031,星环科技
2,机构专用,,,33917145.54,0.011010869779,-33917145.54,有价格涨跌幅限制的日收盘价格涨幅达到15%的前五只证券,688031,星环科技
3,中信证券股份有限公司上海分公司,,,28866681.07,0.009371285854,-28866681.07,有价格涨跌幅限制的日收盘价格涨幅达到15%的前五只证券,688031,星环科技
4,国泰海通证券股份有限公司总部,,,28309047.34,0.009190255515,-28309047.34,有价格涨跌幅限制的日收盘价格涨幅达到15%的前五只证券,688031,星环科技
5,高盛(中国)证券有限责任公司上海浦东新区世纪大道证券营业部,,,26718422.08,0.008673874571,-26718422.08,有价格涨跌幅限制的日收盘价格涨幅达到15%的前五只证券,688031,星环科技
1,东方财富证券股份有限公司长春人民大街证券营业部,311140989.6,0.073609667256,,,311140989.6,有价格涨跌幅限制的日收盘价格涨幅达到15%的前五只证券,688146,中船特气
2,国泰海通证券股份有限公司总部,196249583.83,0.046428683612,,,196249583.83,有价格涨跌幅限制的日收盘价格涨幅达到15%的前五只证券,688146,中船特气
3,华泰证券股份有限公司总部,134230037.53,0.031756112915,,,134230037.53,有价格涨跌幅限制的日收盘价格涨幅达到15%的前五只证券,688146,中船特气
4,沪股通专用,103707448.53,0.024535085487,,,103707448.53,有价格涨跌幅限制的日收盘价格涨幅达到15%的前五只证券,688146,中船特气
5,中信证券股份有限公司上海分公司,94099707.6,0.022262088239,,,94099707.6,有价格涨跌幅限制的日收盘价格涨幅达到15%的前五只证券,688146,中船特气
1,沪股通专用,,,93784824.76,0.022187593326,-93784824.76,有价格涨跌幅限制的日收盘价格涨幅达到15%的前五只证券,688146,中船特气
2,国盛证券股份有限公司宁波桑田路证券营业部,,,92045271.55,0.021776050208,-92045271.55,有价格涨跌幅限制的日收盘价格涨幅达到15%的前五只证券,688146,中船特气
3,中国银河证券股份有限公司北京分公司,,,69494868.63,0.016441080818,-69494868.63,有价格涨跌幅限制的日收盘价格涨幅达到15%的前五只证券,688146,中船特气
4,中信建投证券股份有限公司江阴澄江西路证券营业部,,,55422984.51,0.013111957551,-55422984.51,有价格涨跌幅限制的日收盘价格涨幅达到15%的前五只证券,688146,中船特气
5,国泰海通证券股份有限公司总部,,,53458357.56,0.012647166537,-53458357.56,有价格涨跌幅限制的日收盘价格涨幅达到15%的前五只证券,688146,中船特气
1,沪股通专用,561480580.36,0.092337998292,,,561480580.36,有价格涨跌幅限制的连续3个交易日内收盘价格涨幅偏离值累计达到30%的证券,688268,华特气体
2,瑞银证券有限责任公司上海花园石桥路证券营业部,128501836.34,0.021132702999,,,128501836.34,有价格涨跌幅限制的连续3个交易日内收盘价格涨幅偏离值累计达到30%的证券,688268,华特气体
3,华泰证券股份有限公司总部,101595325.55,0.01670780669,,,101595325.55,有价格涨跌幅限制的连续3个交易日内收盘价格涨幅偏离值累计达到30%的证券,688268,华特气体
4,中信证券股份有限公司上海分公司,97634260.46,0.016056391781,,,97634260.46,有价格涨跌幅限制的连续3个交易日内收盘价格涨幅偏离值累计达到30%的证券,688268,华特气体
5,高盛(中国)证券有限责任公司上海浦东新区世纪大道证券营业部,85039787.98,0.013985174326,,,85039787.98,有价格涨跌幅限制的连续3个交易日内收盘价格涨幅偏离值累计达到30%的证券,688268,华特气体
1,沪股通专用,,,482823413.81,0.07940247467,-482823413.81,有价格涨跌幅限制的连续3个交易日内收盘价格涨幅偏离值累计达到30%的证券,688268,华特气体
2,瑞银证券有限责任公司上海花园石桥路证券营业部,,,131613116.13,0.021644366907,-131613116.13,有价格涨跌幅限制的连续3个交易日内收盘价格涨幅偏离值累计达到30%的证券,688268,华特气体
3,华泰证券股份有限公司总部,,,126643931.97,0.020827162297,-126643931.97,有价格涨跌幅限制的连续3个交易日内收盘价格涨幅偏离值累计达到30%的证券,688268,华特气体
4,中信证券股份有限公司上海分公司,,,120440231.58,0.01980693596,-120440231.58,有价格涨跌幅限制的连续3个交易日内收盘价格涨幅偏离值累计达到30%的证券,688268,华特气体
5,国泰海通证券股份有限公司总部,,,89107376.59,0.014654107506,-89107376.59,有价格涨跌幅限制的连续3个交易日内收盘价格涨幅偏离值累计达到30%的证券,688268,华特气体
1,华泰证券股份有限公司深圳益田路荣超商务中心证券营业部,333130.0,0.09411781325,,,333130.0,退市整理的证券,688287,退市观典
2,中国中金财富证券有限公司上海浦东新区民生路证券营业部,286380.85,0.08090997316,,,286380.85,退市整理的证券,688287,退市观典
3,中信证券股份有限公司杭州环城北路证券营业部,272245.14,0.07691627066,,,272245.14,退市整理的证券,688287,退市观典
4,财信证券股份有限公司温州车站大道证券营业部,172865.0,0.048838819042,,,172865.0,退市整理的证券,688287,退市观典
5,东方财富证券股份有限公司拉萨金融城南环路证券营业部,143595.7,0.040569487216,,,143595.7,退市整理的证券,688287,退市观典
1,南京证券股份有限公司盐城建湖县人民路证券营业部,,,222810.0,0.062949569148,-222810.0,退市整理的证券,688287,退市观典
2,东方财富证券股份有限公司拉萨东环路第二证券营业部,,,163595.2,0.046219861562,-163595.2,退市整理的证券,688287,退市观典
3,开源证券股份有限公司徐州分公司,,,136189.8,0.038477129538,-136189.8,退市整理的证券,688287,退市观典
4,东方财富证券股份有限公司拉萨团结路第二证券营业部,,,131835.6,0.037246955785,-131835.6,退市整理的证券,688287,退市观典
5,金融街证券股份有限公司上海虹口区飞虹路证券营业部,,,105000.0,0.02966520695,-105000.0,退市整理的证券,688287,退市观典
1,沪股通专用,99725801.65,0.090558377833,,,99725801.65,有价格涨跌幅限制的日收盘价格涨幅达到15%的前五只证券,688303,大全能源
2,华泰证券股份有限公司上海浦东新区东方路证券营业部,64626989.76,0.058686069804,,,64626989.76,有价格涨跌幅限制的日收盘价格涨幅达到15%的前五只证券,688303,大全能源
3,中信证券股份有限公司上海分公司,56293477.95,0.051118626889,,,56293477.95,有价格涨跌幅限制的日收盘价格涨幅达到15%的前五只证券,688303,大全能源
4,平安证券股份有限公司深圳金融科技证券分公司,39619236.28,0.035977186537,,,39619236.28,有价格涨跌幅限制的日收盘价格涨幅达到15%的前五只证券,688303,大全能源
5,华泰证券股份有限公司总部,34395110.68,0.031233295467,,,34395110.68,有价格涨跌幅限制的日收盘价格涨幅达到15%的前五只证券,688303,大全能源
1,沪股通专用,,,78764132.89,0.071523637694,-78764132.89,有价格涨跌幅限制的日收盘价格涨幅达到15%的前五只证券,688303,大全能源
2,机构专用,,,37159469.91,0.033743537385,-37159469.91,有价格涨跌幅限制的日收盘价格涨幅达到15%的前五只证券,688303,大全能源
3,瑞银证券有限责任公司上海花园石桥路证券营业部,,,25211326.06,0.022893742174,-25211326.06,有价格涨跌幅限制的日收盘价格涨幅达到15%的前五只证券,688303,大全能源
4,招商证券股份有限公司北京建国路证券营业部,,,23154024.88,0.021025561076,-23154024.88,有价格涨跌幅限制的日收盘价格涨幅达到15%的前五只证券,688303,大全能源
5,机构专用,,,20014197.69,0.018174366578,-20014197.69,有价格涨跌幅限制的日收盘价格涨幅达到15%的前五只证券,688303,大全能源
1,摩根大通证券(中国)有限公司上海银城中路证券营业部,158206986.59,0.112775267202,,,158206986.59,有价格涨跌幅限制的日收盘价格涨幅达到15%的前五只证券,688378,奥来德
2,沪股通专用,145730092.85,0.103881317221,,,145730092.85,有价格涨跌幅限制的日收盘价格涨幅达到15%的前五只证券,688378,奥来德
3,高盛(中国)证券有限责任公司上海浦东新区世纪大道证券营业部,91000356.04,0.064868117958,,,91000356.04,有价格涨跌幅限制的日收盘价格涨幅达到15%的前五只证券,688378,奥来德
4,华泰证券股份有限公司总部,38365799.92,0.02734843404,,,38365799.92,有价格涨跌幅限制的日收盘价格涨幅达到15%的前五只证券,688378,奥来德
5,机构专用,29999935.18,0.021384963957,,,29999935.18,有价格涨跌幅限制的日收盘价格涨幅达到15%的前五只证券,688378,奥来德
1,沪股通专用,,,110143932.3,0.07851430372,-110143932.3,有价格涨跌幅限制的日收盘价格涨幅达到15%的前五只证券,688378,奥来德
2,招商证券股份有限公司长春人民大街证券营业部,,,55571827.47,0.039613469841,-55571827.47,有价格涨跌幅限制的日收盘价格涨幅达到15%的前五只证券,688378,奥来德
3,高盛(中国)证券有限责任公司上海浦东新区世纪大道证券营业部,,,48295196.54,0.034426442294,-48295196.54,有价格涨跌幅限制的日收盘价格涨幅达到15%的前五只证券,688378,奥来德
4,申万宏源证券有限公司上海徐汇区上中西路证券营业部,,,38126234.18,0.027177663514,-38126234.18,有价格涨跌幅限制的日收盘价格涨幅达到15%的前五只证券,688378,奥来德
5,中信证券股份有限公司上海分公司,,,32258087.78,0.022994651167,-32258087.78,有价格涨跌幅限制的日收盘价格涨幅达到15%的前五只证券,688378,奥来德
1,机构专用,184083942.92,0.078410865806,,,184083942.92,有价格涨跌幅限制的日收盘价格涨幅达到15%的前五只证券,688668,鼎通科技
2,沪股通专用,140845697.01,0.059993462072,,,140845697.01,有价格涨跌幅限制的日收盘价格涨幅达到15%的前五只证券,688668,鼎通科技
3,东方证券股份有限公司深圳金田路证券营业部,108712242.55,0.046306162976,,,108712242.55,有价格涨跌幅限制的日收盘价格涨幅达到15%的前五只证券,688668,鼎通科技
4,高盛(中国)证券有限责任公司上海浦东新区世纪大道证券营业部,75076853.53,0.031979112322,,,75076853.53,有价格涨跌幅限制的日收盘价格涨幅达到15%的前五只证券,688668,鼎通科技
5,中国国际金融股份有限公司上海分公司,61550775.9,0.026217656754,,,61550775.9,有价格涨跌幅限制的日收盘价格涨幅达到15%的前五只证券,688668,鼎通科技
6,沪股通专用,344107931.87,0.064938409739,,,344107931.87,有价格涨跌幅限制的连续3个交易日内收盘价格涨幅偏离值累计达到30%的证券,688668,鼎通科技
7,机构专用,206544815.23,0.038978153651,,,206544815.23,有价格涨跌幅限制的连续3个交易日内收盘价格涨幅偏离值累计达到30%的证券,688668,鼎通科技
8,高盛(中国)证券有限责任公司上海浦东新区世纪大道证券营业部,151200510.59,0.028533840112,,,151200510.59,有价格涨跌幅限制的连续3个交易日内收盘价格涨幅偏离值累计达到30%的证券,688668,鼎通科技
9,机构专用,148460921.71,0.028016837949,,,148460921.71,有价格涨跌幅限制的连续3个交易日内收盘价格涨幅偏离值累计达到30%的证券,688668,鼎通科技
10,机构专用,127981281.84,0.024152017868,,,127981281.84,有价格涨跌幅限制的连续3个交易日内收盘价格涨幅偏离值累计达到30%的证券,688668,鼎通科技
1,沪股通专用,,,164404277.18,0.070028279009,-164404277.18,有价格涨跌幅限制的日收盘价格涨幅达到15%的前五只证券,688668,鼎通科技
2,东方财富证券股份有限公司林芝广州大道证券营业部,,,78657180.21,0.033504158507,-78657180.21,有价格涨跌幅限制的日收盘价格涨幅达到15%的前五只证券,688668,鼎通科技
3,中国国际金融股份有限公司北京建国门外大街证券营业部,,,70071958.31,0.029847268766,-70071958.31,有价格涨跌幅限制的日收盘价格涨幅达到15%的前五只证券,688668,鼎通科技
4,高盛(中国)证券有限责任公司上海浦东新区世纪大道证券营业部,,,58614650.72,0.024967009284,-58614650.72,有价格涨跌幅限制的日收盘价格涨幅达到15%的前五只证券,688668,鼎通科技
5,国泰海通证券股份有限公司总部,,,53902477.71,0.022959851247,-53902477.71,有价格涨跌幅限制的日收盘价格涨幅达到15%的前五只证券,688668,鼎通科技
6,沪股通专用,,,416877546.34,0.078671144742,-416877546.34,有价格涨跌幅限制的连续3个交易日内收盘价格涨幅偏离值累计达到30%的证券,688668,鼎通科技
7,高盛(中国)证券有限责任公司上海浦东新区世纪大道证券营业部,,,160779808.93,0.030341599664,-160779808.93,有价格涨跌幅限制的连续3个交易日内收盘价格涨幅偏离值累计达到30%的证券,688668,鼎通科技
8,中信证券股份有限公司上海分公司,,,125042408.92,0.02359740777,-125042408.92,有价格涨跌幅限制的连续3个交易日内收盘价格涨幅偏离值累计达到30%的证券,688668,鼎通科技
9,国泰海通证券股份有限公司总部,,,105658062.32,0.019939286217,-105658062.32,有价格涨跌幅限制的连续3个交易日内收盘价格涨幅偏离值累计达到30%的证券,688668,鼎通科技
10,中国国际金融股份有限公司北京建国门外大街证券营业部,,,88696926.95,0.016738461545,-88696926.95,有价格涨跌幅限制的连续3个交易日内收盘价格涨幅偏离值累计达到30%的证券,688668,鼎通科技
1,机构专用,184083942.92,0.078410865806,,,184083942.92,有价格涨跌幅限制的日收盘价格涨幅达到15%的前五只证券,688668,鼎通科技
2,沪股通专用,140845697.01,0.059993462072,,,140845697.01,有价格涨跌幅限制的日收盘价格涨幅达到15%的前五只证券,688668,鼎通科技
3,东方证券股份有限公司深圳金田路证券营业部,108712242.55,0.046306162976,,,108712242.55,有价格涨跌幅限制的日收盘价格涨幅达到15%的前五只证券,688668,鼎通科技
4,高盛(中国)证券有限责任公司上海浦东新区世纪大道证券营业部,75076853.53,0.031979112322,,,75076853.53,有价格涨跌幅限制的日收盘价格涨幅达到15%的前五只证券,688668,鼎通科技
5,中国国际金融股份有限公司上海分公司,61550775.9,0.026217656754,,,61550775.9,有价格涨跌幅限制的日收盘价格涨幅达到15%的前五只证券,688668,鼎通科技
6,沪股通专用,344107931.87,0.064938409739,,,344107931.87,有价格涨跌幅限制的连续3个交易日内收盘价格涨幅偏离值累计达到30%的证券,688668,鼎通科技
7,机构专用,206544815.23,0.038978153651,,,206544815.23,有价格涨跌幅限制的连续3个交易日内收盘价格涨幅偏离值累计达到30%的证券,688668,鼎通科技
8,高盛(中国)证券有限责任公司上海浦东新区世纪大道证券营业部,151200510.59,0.028533840112,,,151200510.59,有价格涨跌幅限制的连续3个交易日内收盘价格涨幅偏离值累计达到30%的证券,688668,鼎通科技
9,机构专用,148460921.71,0.028016837949,,,148460921.71,有价格涨跌幅限制的连续3个交易日内收盘价格涨幅偏离值累计达到30%的证券,688668,鼎通科技
10,机构专用,127981281.84,0.024152017868,,,127981281.84,有价格涨跌幅限制的连续3个交易日内收盘价格涨幅偏离值累计达到30%的证券,688668,鼎通科技
1,沪股通专用,,,164404277.18,0.070028279009,-164404277.18,有价格涨跌幅限制的日收盘价格涨幅达到15%的前五只证券,688668,鼎通科技
2,东方财富证券股份有限公司林芝广州大道证券营业部,,,78657180.21,0.033504158507,-78657180.21,有价格涨跌幅限制的日收盘价格涨幅达到15%的前五只证券,688668,鼎通科技
3,中国国际金融股份有限公司北京建国门外大街证券营业部,,,70071958.31,0.029847268766,-70071958.31,有价格涨跌幅限制的日收盘价格涨幅达到15%的前五只证券,688668,鼎通科技
4,高盛(中国)证券有限责任公司上海浦东新区世纪大道证券营业部,,,58614650.72,0.024967009284,-58614650.72,有价格涨跌幅限制的日收盘价格涨幅达到15%的前五只证券,688668,鼎通科技
5,国泰海通证券股份有限公司总部,,,53902477.71,0.022959851247,-53902477.71,有价格涨跌幅限制的日收盘价格涨幅达到15%的前五只证券,688668,鼎通科技
6,沪股通专用,,,416877546.34,0.078671144742,-416877546.34,有价格涨跌幅限制的连续3个交易日内收盘价格涨幅偏离值累计达到30%的证券,688668,鼎通科技
7,高盛(中国)证券有限责任公司上海浦东新区世纪大道证券营业部,,,160779808.93,0.030341599664,-160779808.93,有价格涨跌幅限制的连续3个交易日内收盘价格涨幅偏离值累计达到30%的证券,688668,鼎通科技
8,中信证券股份有限公司上海分公司,,,125042408.92,0.02359740777,-125042408.92,有价格涨跌幅限制的连续3个交易日内收盘价格涨幅偏离值累计达到30%的证券,688668,鼎通科技
9,国泰海通证券股份有限公司总部,,,105658062.32,0.019939286217,-105658062.32,有价格涨跌幅限制的连续3个交易日内收盘价格涨幅偏离值累计达到30%的证券,688668,鼎通科技
10,中国国际金融股份有限公司北京建国门外大街证券营业部,,,88696926.95,0.016738461545,-88696926.95,有价格涨跌幅限制的连续3个交易日内收盘价格涨幅偏离值累计达到30%的证券,688668,鼎通科技
1,国金证券股份有限公司深圳分公司,6133155.95,0.032454870726,3603660.42,0.019069518862,2529495.53,当日换手率达到20%的前5只股票,920078,族兴新材
2,机构专用,4627047.7,0.024484985572,3311157.28,0.017521677641,1315890.42,当日换手率达到20%的前5只股票,920078,族兴新材
3,国信证券股份有限公司深圳互联网分公司,4536493.14,0.024005797278,5495462.66,0.029080384009,-958969.52,当日换手率达到20%的前5只股票,920078,族兴新材
4,国泰海通证券股份有限公司湖北武汉紫阳东路营业部,3652644.22,0.019328726831,0.0,0.0,3652644.22,当日换手率达到20%的前5只股票,920078,族兴新材
5,东方财富证券股份有限公司拉萨东环路第二证券营业部,3580827.87,0.018948695673,953794.87,0.005047203994,2627033.0,当日换手率达到20%的前5只股票,920078,族兴新材
1,国信证券股份有限公司深圳互联网分公司,4536493.14,0.024005797278,5495462.66,0.029080384009,-958969.52,当日换手率达到20%的前5只股票,920078,族兴新材
2,中信建投证券股份有限公司上海营口路证券营业部,29094.31,0.000153958595,4816322.33,0.025486571656,-4787228.02,当日换手率达到20%的前5只股票,920078,族兴新材
3,国信证券股份有限公司深圳红岭中路证券营业部,2430988.88,0.012864083431,3897685.01,0.020625411152,-1466696.13,当日换手率达到20%的前5只股票,920078,族兴新材
4,国金证券股份有限公司深圳分公司,6133155.95,0.032454870726,3603660.42,0.019069518862,2529495.53,当日换手率达到20%的前5只股票,920078,族兴新材
5,机构专用,4627047.7,0.024484985572,3311157.28,0.017521677641,1315890.42,当日换手率达到20%的前5只股票,920078,族兴新材
1,国金证券股份有限公司深圳分公司,19131016.97,0.053128785801,8870368.08,0.02463391708,10260648.89,当日换手率达到20%的前5只股票,920096,嘉晨智能
2,机构专用,7963635.67,0.022115828676,1590757.7,0.004417696416,6372877.97,当日换手率达到20%的前5只股票,920096,嘉晨智能
3,广发证券股份有限公司上海漕溪北路营业部,5774476.8,0.016036311164,6021327.98,0.016721842074,-246851.18,当日换手率达到20%的前5只股票,920096,嘉晨智能
4,兴业证券股份有限公司海南分公司,5567395.26,0.015461224602,0.0,0.0,5567395.26,当日换手率达到20%的前5只股票,920096,嘉晨智能
5,广发证券股份有限公司上海浦东新区海阳西路营业部,5522727.32,0.015337177176,0.0,0.0,5522727.32,当日换手率达到20%的前5只股票,920096,嘉晨智能
6,国金证券股份有限公司深圳分公司,19131016.97,0.053128785801,8870368.08,0.02463391708,10260648.89,当日收盘价涨幅达到20%的前5只股票,920096,嘉晨智能
7,机构专用,7963635.67,0.022115828676,1590757.7,0.004417696416,6372877.97,当日收盘价涨幅达到20%的前5只股票,920096,嘉晨智能
8,广发证券股份有限公司上海漕溪北路营业部,5774476.8,0.016036311164,6021327.98,0.016721842074,-246851.18,当日收盘价涨幅达到20%的前5只股票,920096,嘉晨智能
9,兴业证券股份有限公司海南分公司,5567395.26,0.015461224602,0.0,0.0,5567395.26,当日收盘价涨幅达到20%的前5只股票,920096,嘉晨智能
10,广发证券股份有限公司上海浦东新区海阳西路营业部,5522727.32,0.015337177176,0.0,0.0,5522727.32,当日收盘价涨幅达到20%的前5只股票,920096,嘉晨智能
1,国金证券股份有限公司深圳分公司,19131016.97,0.053128785801,8870368.08,0.02463391708,10260648.89,当日换手率达到20%的前5只股票,920096,嘉晨智能
2,国信证券股份有限公司深圳红岭中路证券营业部,1961513.22,0.005447322318,8479655.61,0.023548868692,-6518142.39,当日换手率达到20%的前5只股票,920096,嘉晨智能
3,广发证券股份有限公司温州瓯江路营业部,0.0,0.0,7107062.28,0.019737036988,-7107062.28,当日换手率达到20%的前5只股票,920096,嘉晨智能
4,方正证券股份有限公司宁波潘火路证券营业部,0.0,0.0,6312095.89,0.017529334223,-6312095.89,当日换手率达到20%的前5只股票,920096,嘉晨智能
5,中信建投证券股份有限公司厦门杏东路证券营业部,98641.74,0.000273938175,6052280.7,0.016807800935,-5953638.96,当日换手率达到20%的前5只股票,920096,嘉晨智能
6,国金证券股份有限公司深圳分公司,19131016.97,0.053128785801,8870368.08,0.02463391708,10260648.89,当日收盘价涨幅达到20%的前5只股票,920096,嘉晨智能
7,国信证券股份有限公司深圳红岭中路证券营业部,1961513.22,0.005447322318,8479655.61,0.023548868692,-6518142.39,当日收盘价涨幅达到20%的前5只股票,920096,嘉晨智能
8,广发证券股份有限公司温州瓯江路营业部,0.0,0.0,7107062.28,0.019737036988,-7107062.28,当日收盘价涨幅达到20%的前5只股票,920096,嘉晨智能
9,方正证券股份有限公司宁波潘火路证券营业部,0.0,0.0,6312095.89,0.017529334223,-6312095.89,当日收盘价涨幅达到20%的前5只股票,920096,嘉晨智能
10,中信建投证券股份有限公司厦门杏东路证券营业部,98641.74,0.000273938175,6052280.7,0.016807800935,-5953638.96,当日收盘价涨幅达到20%的前5只股票,920096,嘉晨智能
1,国金证券股份有限公司深圳分公司,19131016.97,0.053128785801,8870368.08,0.02463391708,10260648.89,当日换手率达到20%的前5只股票,920096,嘉晨智能
2,机构专用,7963635.67,0.022115828676,1590757.7,0.004417696416,6372877.97,当日换手率达到20%的前5只股票,920096,嘉晨智能
3,广发证券股份有限公司上海漕溪北路营业部,5774476.8,0.016036311164,6021327.98,0.016721842074,-246851.18,当日换手率达到20%的前5只股票,920096,嘉晨智能
4,兴业证券股份有限公司海南分公司,5567395.26,0.015461224602,0.0,0.0,5567395.26,当日换手率达到20%的前5只股票,920096,嘉晨智能
5,广发证券股份有限公司上海浦东新区海阳西路营业部,5522727.32,0.015337177176,0.0,0.0,5522727.32,当日换手率达到20%的前5只股票,920096,嘉晨智能
6,国金证券股份有限公司深圳分公司,19131016.97,0.053128785801,8870368.08,0.02463391708,10260648.89,当日收盘价涨幅达到20%的前5只股票,920096,嘉晨智能
7,机构专用,7963635.67,0.022115828676,1590757.7,0.004417696416,6372877.97,当日收盘价涨幅达到20%的前5只股票,920096,嘉晨智能
8,广发证券股份有限公司上海漕溪北路营业部,5774476.8,0.016036311164,6021327.98,0.016721842074,-246851.18,当日收盘价涨幅达到20%的前5只股票,920096,嘉晨智能
9,兴业证券股份有限公司海南分公司,5567395.26,0.015461224602,0.0,0.0,5567395.26,当日收盘价涨幅达到20%的前5只股票,920096,嘉晨智能
10,广发证券股份有限公司上海浦东新区海阳西路营业部,5522727.32,0.015337177176,0.0,0.0,5522727.32,当日收盘价涨幅达到20%的前5只股票,920096,嘉晨智能
1,国金证券股份有限公司深圳分公司,19131016.97,0.053128785801,8870368.08,0.02463391708,10260648.89,当日换手率达到20%的前5只股票,920096,嘉晨智能
2,国信证券股份有限公司深圳红岭中路证券营业部,1961513.22,0.005447322318,8479655.61,0.023548868692,-6518142.39,当日换手率达到20%的前5只股票,920096,嘉晨智能
3,广发证券股份有限公司温州瓯江路营业部,0.0,0.0,7107062.28,0.019737036988,-7107062.28,当日换手率达到20%的前5只股票,920096,嘉晨智能
4,方正证券股份有限公司宁波潘火路证券营业部,0.0,0.0,6312095.89,0.017529334223,-6312095.89,当日换手率达到20%的前5只股票,920096,嘉晨智能
5,中信建投证券股份有限公司厦门杏东路证券营业部,98641.74,0.000273938175,6052280.7,0.016807800935,-5953638.96,当日换手率达到20%的前5只股票,920096,嘉晨智能
6,国金证券股份有限公司深圳分公司,19131016.97,0.053128785801,8870368.08,0.02463391708,10260648.89,当日收盘价涨幅达到20%的前5只股票,920096,嘉晨智能
7,国信证券股份有限公司深圳红岭中路证券营业部,1961513.22,0.005447322318,8479655.61,0.023548868692,-6518142.39,当日收盘价涨幅达到20%的前5只股票,920096,嘉晨智能
8,广发证券股份有限公司温州瓯江路营业部,0.0,0.0,7107062.28,0.019737036988,-7107062.28,当日收盘价涨幅达到20%的前5只股票,920096,嘉晨智能
9,方正证券股份有限公司宁波潘火路证券营业部,0.0,0.0,6312095.89,0.017529334223,-6312095.89,当日收盘价涨幅达到20%的前5只股票,920096,嘉晨智能
10,中信建投证券股份有限公司厦门杏东路证券营业部,98641.74,0.000273938175,6052280.7,0.016807800935,-5953638.96,当日收盘价涨幅达到20%的前5只股票,920096,嘉晨智能
1,国信证券股份有限公司深圳互联网分公司,39402805.2,0.037094831552,17485588.06,0.016461390004,21917217.14,北交所股票最近3个有成交的交易日以内收盘价涨跌幅偏离值累计达到+40%(-40%),920128,胜业电气
2,国金证券股份有限公司深圳分公司,24128321.92,0.022715033427,18831210.51,0.017728194179,5297111.41,北交所股票最近3个有成交的交易日以内收盘价涨跌幅偏离值累计达到+40%(-40%),920128,胜业电气
3,机构专用,12848453.2,0.012095869945,10144096.17,0.009549917493,2704357.03,北交所股票最近3个有成交的交易日以内收盘价涨跌幅偏离值累计达到+40%(-40%),920128,胜业电气
4,国信证券股份有限公司深圳红岭中路证券营业部,12137681.04,0.01142673044,4607640.18,0.004337752997,7530040.86,北交所股票最近3个有成交的交易日以内收盘价涨跌幅偏离值累计达到+40%(-40%),920128,胜业电气
5,东方财富证券股份有限公司拉萨团结路第二证券营业部,11846275.66,0.011152393793,8322709.75,0.007835216672,3523565.91,北交所股票最近3个有成交的交易日以内收盘价涨跌幅偏离值累计达到+40%(-40%),920128,胜业电气
6,国信证券股份有限公司深圳互联网分公司,25304723.62,0.062678336416,4053743.63,0.010040888444,21250979.99,当日价格振幅达到30%的前5只股票,920128,胜业电气
7,国金证券股份有限公司深圳分公司,9795557.76,0.024263029855,5485488.07,0.01358723659,4310069.69,当日价格振幅达到30%的前5只股票,920128,胜业电气
8,国信证券股份有限公司深圳红岭中路证券营业部,7888129.93,0.019538441473,1710244.29,0.004236176161,6177885.64,当日价格振幅达到30%的前5只股票,920128,胜业电气
9,东方财富证券股份有限公司拉萨团结路第二证券营业部,5319080.15,0.013175053799,4087124.32,0.010123570482,1231955.83,当日价格振幅达到30%的前5只股票,920128,胜业电气
10,招商证券股份有限公司西安曲江新区证券营业部,4891555.8,0.012116100718,0.0,0.0,4891555.8,当日价格振幅达到30%的前5只股票,920128,胜业电气
11,国信证券股份有限公司深圳互联网分公司,25304723.62,0.062678336416,4053743.63,0.010040888444,21250979.99,当日换手率达到20%的前5只股票,920128,胜业电气
12,国金证券股份有限公司深圳分公司,9795557.76,0.024263029855,5485488.07,0.01358723659,4310069.69,当日换手率达到20%的前5只股票,920128,胜业电气
13,国信证券股份有限公司深圳红岭中路证券营业部,7888129.93,0.019538441473,1710244.29,0.004236176161,6177885.64,当日换手率达到20%的前5只股票,920128,胜业电气
14,东方财富证券股份有限公司拉萨团结路第二证券营业部,5319080.15,0.013175053799,4087124.32,0.010123570482,1231955.83,当日换手率达到20%的前5只股票,920128,胜业电气
15,招商证券股份有限公司西安曲江新区证券营业部,4891555.8,0.012116100718,0.0,0.0,4891555.8,当日换手率达到20%的前5只股票,920128,胜业电气
1,国金证券股份有限公司深圳分公司,24128321.92,0.022715033427,18831210.51,0.017728194179,5297111.41,北交所股票最近3个有成交的交易日以内收盘价涨跌幅偏离值累计达到+40%(-40%),920128,胜业电气
2,国信证券股份有限公司深圳互联网分公司,39402805.2,0.037094831552,17485588.06,0.016461390004,21917217.14,北交所股票最近3个有成交的交易日以内收盘价涨跌幅偏离值累计达到+40%(-40%),920128,胜业电气
3,机构专用,12848453.2,0.012095869945,10144096.17,0.009549917493,2704357.03,北交所股票最近3个有成交的交易日以内收盘价涨跌幅偏离值累计达到+40%(-40%),920128,胜业电气
4,东吴证券股份有限公司苏州西北街证券营业部,9443725.45,0.008890570177,9526222.46,0.00896823502,-82497.01,北交所股票最近3个有成交的交易日以内收盘价涨跌幅偏离值累计达到+40%(-40%),920128,胜业电气
5,东方财富证券股份有限公司拉萨东环路第二证券营业部,11079494.82,0.010430526252,9436188.36,0.008883474563,1643306.46,北交所股票最近3个有成交的交易日以内收盘价涨跌幅偏离值累计达到+40%(-40%),920128,胜业电气
6,长城证券股份有限公司深圳深南大道证券营业部,78632.0,0.000194766915,8859689.15,0.021944937452,-8781057.15,当日价格振幅达到30%的前5只股票,920128,胜业电气
7,平安证券股份有限公司深圳金田路证券营业部,1187257.8,0.002940768882,7867808.13,0.01948810555,-6680550.33,当日价格振幅达到30%的前5只股票,920128,胜业电气
8,国金证券股份有限公司深圳分公司,9795557.76,0.024263029855,5485488.07,0.01358723659,4310069.69,当日价格振幅达到30%的前5只股票,920128,胜业电气
9,东方财富证券股份有限公司拉萨东环路第二证券营业部,4164961.18,0.010316367881,5353553.65,0.013260442664,-1188592.47,当日价格振幅达到30%的前5只股票,920128,胜业电气
10,东方财富证券股份有限公司拉萨团结路第一证券营业部,3702235.8,0.009170223886,5120291.0,0.012682664575,-1418055.2,当日价格振幅达到30%的前5只股票,920128,胜业电气
11,长城证券股份有限公司深圳深南大道证券营业部,78632.0,0.000194766915,8859689.15,0.021944937452,-8781057.15,当日换手率达到20%的前5只股票,920128,胜业电气
12,平安证券股份有限公司深圳金田路证券营业部,1187257.8,0.002940768882,7867808.13,0.01948810555,-6680550.33,当日换手率达到20%的前5只股票,920128,胜业电气
13,国金证券股份有限公司深圳分公司,9795557.76,0.024263029855,5485488.07,0.01358723659,4310069.69,当日换手率达到20%的前5只股票,920128,胜业电气
14,东方财富证券股份有限公司拉萨东环路第二证券营业部,4164961.18,0.010316367881,5353553.65,0.013260442664,-1188592.47,当日换手率达到20%的前5只股票,920128,胜业电气
15,东方财富证券股份有限公司拉萨团结路第一证券营业部,3702235.8,0.009170223886,5120291.0,0.012682664575,-1418055.2,当日换手率达到20%的前5只股票,920128,胜业电气
1,国信证券股份有限公司深圳互联网分公司,39402805.2,0.037094831552,17485588.06,0.016461390004,21917217.14,北交所股票最近3个有成交的交易日以内收盘价涨跌幅偏离值累计达到+40%(-40%),920128,胜业电气
2,国金证券股份有限公司深圳分公司,24128321.92,0.022715033427,18831210.51,0.017728194179,5297111.41,北交所股票最近3个有成交的交易日以内收盘价涨跌幅偏离值累计达到+40%(-40%),920128,胜业电气
3,机构专用,12848453.2,0.012095869945,10144096.17,0.009549917493,2704357.03,北交所股票最近3个有成交的交易日以内收盘价涨跌幅偏离值累计达到+40%(-40%),920128,胜业电气
4,国信证券股份有限公司深圳红岭中路证券营业部,12137681.04,0.01142673044,4607640.18,0.004337752997,7530040.86,北交所股票最近3个有成交的交易日以内收盘价涨跌幅偏离值累计达到+40%(-40%),920128,胜业电气
5,东方财富证券股份有限公司拉萨团结路第二证券营业部,11846275.66,0.011152393793,8322709.75,0.007835216672,3523565.91,北交所股票最近3个有成交的交易日以内收盘价涨跌幅偏离值累计达到+40%(-40%),920128,胜业电气
6,国信证券股份有限公司深圳互联网分公司,25304723.62,0.062678336416,4053743.63,0.010040888444,21250979.99,当日价格振幅达到30%的前5只股票,920128,胜业电气
7,国金证券股份有限公司深圳分公司,9795557.76,0.024263029855,5485488.07,0.01358723659,4310069.69,当日价格振幅达到30%的前5只股票,920128,胜业电气
8,国信证券股份有限公司深圳红岭中路证券营业部,7888129.93,0.019538441473,1710244.29,0.004236176161,6177885.64,当日价格振幅达到30%的前5只股票,920128,胜业电气
9,东方财富证券股份有限公司拉萨团结路第二证券营业部,5319080.15,0.013175053799,4087124.32,0.010123570482,1231955.83,当日价格振幅达到30%的前5只股票,920128,胜业电气
10,招商证券股份有限公司西安曲江新区证券营业部,4891555.8,0.012116100718,0.0,0.0,4891555.8,当日价格振幅达到30%的前5只股票,920128,胜业电气
11,国信证券股份有限公司深圳互联网分公司,25304723.62,0.062678336416,4053743.63,0.010040888444,21250979.99,当日换手率达到20%的前5只股票,920128,胜业电气
12,国金证券股份有限公司深圳分公司,9795557.76,0.024263029855,5485488.07,0.01358723659,4310069.69,当日换手率达到20%的前5只股票,920128,胜业电气
13,国信证券股份有限公司深圳红岭中路证券营业部,7888129.93,0.019538441473,1710244.29,0.004236176161,6177885.64,当日换手率达到20%的前5只股票,920128,胜业电气
14,东方财富证券股份有限公司拉萨团结路第二证券营业部,5319080.15,0.013175053799,4087124.32,0.010123570482,1231955.83,当日换手率达到20%的前5只股票,920128,胜业电气
15,招商证券股份有限公司西安曲江新区证券营业部,4891555.8,0.012116100718,0.0,0.0,4891555.8,当日换手率达到20%的前5只股票,920128,胜业电气
1,国金证券股份有限公司深圳分公司,24128321.92,0.022715033427,18831210.51,0.017728194179,5297111.41,北交所股票最近3个有成交的交易日以内收盘价涨跌幅偏离值累计达到+40%(-40%),920128,胜业电气
2,国信证券股份有限公司深圳互联网分公司,39402805.2,0.037094831552,17485588.06,0.016461390004,21917217.14,北交所股票最近3个有成交的交易日以内收盘价涨跌幅偏离值累计达到+40%(-40%),920128,胜业电气
3,机构专用,12848453.2,0.012095869945,10144096.17,0.009549917493,2704357.03,北交所股票最近3个有成交的交易日以内收盘价涨跌幅偏离值累计达到+40%(-40%),920128,胜业电气
4,东吴证券股份有限公司苏州西北街证券营业部,9443725.45,0.008890570177,9526222.46,0.00896823502,-82497.01,北交所股票最近3个有成交的交易日以内收盘价涨跌幅偏离值累计达到+40%(-40%),920128,胜业电气
5,东方财富证券股份有限公司拉萨东环路第二证券营业部,11079494.82,0.010430526252,9436188.36,0.008883474563,1643306.46,北交所股票最近3个有成交的交易日以内收盘价涨跌幅偏离值累计达到+40%(-40%),920128,胜业电气
6,长城证券股份有限公司深圳深南大道证券营业部,78632.0,0.000194766915,8859689.15,0.021944937452,-8781057.15,当日价格振幅达到30%的前5只股票,920128,胜业电气
7,平安证券股份有限公司深圳金田路证券营业部,1187257.8,0.002940768882,7867808.13,0.01948810555,-6680550.33,当日价格振幅达到30%的前5只股票,920128,胜业电气
8,国金证券股份有限公司深圳分公司,9795557.76,0.024263029855,5485488.07,0.01358723659,4310069.69,当日价格振幅达到30%的前5只股票,920128,胜业电气
9,东方财富证券股份有限公司拉萨东环路第二证券营业部,4164961.18,0.010316367881,5353553.65,0.013260442664,-1188592.47,当日价格振幅达到30%的前5只股票,920128,胜业电气
10,东方财富证券股份有限公司拉萨团结路第一证券营业部,3702235.8,0.009170223886,5120291.0,0.012682664575,-1418055.2,当日价格振幅达到30%的前5只股票,920128,胜业电气
11,长城证券股份有限公司深圳深南大道证券营业部,78632.0,0.000194766915,8859689.15,0.021944937452,-8781057.15,当日换手率达到20%的前5只股票,920128,胜业电气
12,平安证券股份有限公司深圳金田路证券营业部,1187257.8,0.002940768882,7867808.13,0.01948810555,-6680550.33,当日换手率达到20%的前5只股票,920128,胜业电气
13,国金证券股份有限公司深圳分公司,9795557.76,0.024263029855,5485488.07,0.01358723659,4310069.69,当日换手率达到20%的前5只股票,920128,胜业电气
14,东方财富证券股份有限公司拉萨东环路第二证券营业部,4164961.18,0.010316367881,5353553.65,0.013260442664,-1188592.47,当日换手率达到20%的前5只股票,920128,胜业电气
15,东方财富证券股份有限公司拉萨团结路第一证券营业部,3702235.8,0.009170223886,5120291.0,0.012682664575,-1418055.2,当日换手率达到20%的前5只股票,920128,胜业电气
1,国信证券股份有限公司深圳互联网分公司,39402805.2,0.037094831552,17485588.06,0.016461390004,21917217.14,北交所股票最近3个有成交的交易日以内收盘价涨跌幅偏离值累计达到+40%(-40%),920128,胜业电气
2,国金证券股份有限公司深圳分公司,24128321.92,0.022715033427,18831210.51,0.017728194179,5297111.41,北交所股票最近3个有成交的交易日以内收盘价涨跌幅偏离值累计达到+40%(-40%),920128,胜业电气
3,机构专用,12848453.2,0.012095869945,10144096.17,0.009549917493,2704357.03,北交所股票最近3个有成交的交易日以内收盘价涨跌幅偏离值累计达到+40%(-40%),920128,胜业电气
4,国信证券股份有限公司深圳红岭中路证券营业部,12137681.04,0.01142673044,4607640.18,0.004337752997,7530040.86,北交所股票最近3个有成交的交易日以内收盘价涨跌幅偏离值累计达到+40%(-40%),920128,胜业电气
5,东方财富证券股份有限公司拉萨团结路第二证券营业部,11846275.66,0.011152393793,8322709.75,0.007835216672,3523565.91,北交所股票最近3个有成交的交易日以内收盘价涨跌幅偏离值累计达到+40%(-40%),920128,胜业电气
6,国信证券股份有限公司深圳互联网分公司,25304723.62,0.062678336416,4053743.63,0.010040888444,21250979.99,当日价格振幅达到30%的前5只股票,920128,胜业电气
7,国金证券股份有限公司深圳分公司,9795557.76,0.024263029855,5485488.07,0.01358723659,4310069.69,当日价格振幅达到30%的前5只股票,920128,胜业电气
8,国信证券股份有限公司深圳红岭中路证券营业部,7888129.93,0.019538441473,1710244.29,0.004236176161,6177885.64,当日价格振幅达到30%的前5只股票,920128,胜业电气
9,东方财富证券股份有限公司拉萨团结路第二证券营业部,5319080.15,0.013175053799,4087124.32,0.010123570482,1231955.83,当日价格振幅达到30%的前5只股票,920128,胜业电气
10,招商证券股份有限公司西安曲江新区证券营业部,4891555.8,0.012116100718,0.0,0.0,4891555.8,当日价格振幅达到30%的前5只股票,920128,胜业电气
11,国信证券股份有限公司深圳互联网分公司,25304723.62,0.062678336416,4053743.63,0.010040888444,21250979.99,当日换手率达到20%的前5只股票,920128,胜业电气
12,国金证券股份有限公司深圳分公司,9795557.76,0.024263029855,5485488.07,0.01358723659,4310069.69,当日换手率达到20%的前5只股票,920128,胜业电气
13,国信证券股份有限公司深圳红岭中路证券营业部,7888129.93,0.019538441473,1710244.29,0.004236176161,6177885.64,当日换手率达到20%的前5只股票,920128,胜业电气
14,东方财富证券股份有限公司拉萨团结路第二证券营业部,5319080.15,0.013175053799,4087124.32,0.010123570482,1231955.83,当日换手率达到20%的前5只股票,920128,胜业电气
15,招商证券股份有限公司西安曲江新区证券营业部,4891555.8,0.012116100718,0.0,0.0,4891555.8,当日换手率达到20%的前5只股票,920128,胜业电气
1,国金证券股份有限公司深圳分公司,24128321.92,0.022715033427,18831210.51,0.017728194179,5297111.41,北交所股票最近3个有成交的交易日以内收盘价涨跌幅偏离值累计达到+40%(-40%),920128,胜业电气
2,国信证券股份有限公司深圳互联网分公司,39402805.2,0.037094831552,17485588.06,0.016461390004,21917217.14,北交所股票最近3个有成交的交易日以内收盘价涨跌幅偏离值累计达到+40%(-40%),920128,胜业电气
3,机构专用,12848453.2,0.012095869945,10144096.17,0.009549917493,2704357.03,北交所股票最近3个有成交的交易日以内收盘价涨跌幅偏离值累计达到+40%(-40%),920128,胜业电气
4,东吴证券股份有限公司苏州西北街证券营业部,9443725.45,0.008890570177,9526222.46,0.00896823502,-82497.01,北交所股票最近3个有成交的交易日以内收盘价涨跌幅偏离值累计达到+40%(-40%),920128,胜业电气
5,东方财富证券股份有限公司拉萨东环路第二证券营业部,11079494.82,0.010430526252,9436188.36,0.008883474563,1643306.46,北交所股票最近3个有成交的交易日以内收盘价涨跌幅偏离值累计达到+40%(-40%),920128,胜业电气
6,长城证券股份有限公司深圳深南大道证券营业部,78632.0,0.000194766915,8859689.15,0.021944937452,-8781057.15,当日价格振幅达到30%的前5只股票,920128,胜业电气
7,平安证券股份有限公司深圳金田路证券营业部,1187257.8,0.002940768882,7867808.13,0.01948810555,-6680550.33,当日价格振幅达到30%的前5只股票,920128,胜业电气
8,国金证券股份有限公司深圳分公司,9795557.76,0.024263029855,5485488.07,0.01358723659,4310069.69,当日价格振幅达到30%的前5只股票,920128,胜业电气
9,东方财富证券股份有限公司拉萨东环路第二证券营业部,4164961.18,0.010316367881,5353553.65,0.013260442664,-1188592.47,当日价格振幅达到30%的前5只股票,920128,胜业电气
10,东方财富证券股份有限公司拉萨团结路第一证券营业部,3702235.8,0.009170223886,5120291.0,0.012682664575,-1418055.2,当日价格振幅达到30%的前5只股票,920128,胜业电气
11,长城证券股份有限公司深圳深南大道证券营业部,78632.0,0.000194766915,8859689.15,0.021944937452,-8781057.15,当日换手率达到20%的前5只股票,920128,胜业电气
12,平安证券股份有限公司深圳金田路证券营业部,1187257.8,0.002940768882,7867808.13,0.01948810555,-6680550.33,当日换手率达到20%的前5只股票,920128,胜业电气
13,国金证券股份有限公司深圳分公司,9795557.76,0.024263029855,5485488.07,0.01358723659,4310069.69,当日换手率达到20%的前5只股票,920128,胜业电气
14,东方财富证券股份有限公司拉萨东环路第二证券营业部,4164961.18,0.010316367881,5353553.65,0.013260442664,-1188592.47,当日换手率达到20%的前5只股票,920128,胜业电气
15,东方财富证券股份有限公司拉萨团结路第一证券营业部,3702235.8,0.009170223886,5120291.0,0.012682664575,-1418055.2,当日换手率达到20%的前5只股票,920128,胜业电气
1,机构专用,55405919.93,0.021594512622,54371731.05,0.021191436473,1034188.88,北交所股票最近3个有成交的交易日以内收盘价涨跌幅偏离值累计达到+40%(-40%),920161,龙辰科技
2,国信证券股份有限公司深圳红岭中路证券营业部,55359945.94,0.021576594213,22456007.32,0.008752251278,32903938.62,北交所股票最近3个有成交的交易日以内收盘价涨跌幅偏离值累计达到+40%(-40%),920161,龙辰科技
3,机构专用,54289609.64,0.021159429571,51468439.05,0.020059875517,2821170.59,北交所股票最近3个有成交的交易日以内收盘价涨跌幅偏离值累计达到+40%(-40%),920161,龙辰科技
4,国金证券股份有限公司深圳分公司,38588592.32,0.015039942392,22979164.39,0.008956152268,15609427.93,北交所股票最近3个有成交的交易日以内收盘价涨跌幅偏离值累计达到+40%(-40%),920161,龙辰科技
5,中信建投证券股份有限公司北京东城分公司,36798216.8,0.014342141745,11024891.05,0.004296962296,25773325.75,北交所股票最近3个有成交的交易日以内收盘价涨跌幅偏离值累计达到+40%(-40%),920161,龙辰科技
6,国泰海通证券股份有限公司重庆观音桥步行街营业部,16613497.95,0.014272661563,0.0,0.0,16613497.95,当日价格振幅达到30%的前5只股票,920161,龙辰科技
7,机构专用,26102381.92,0.022424564909,14210164.26,0.012207956798,11892217.66,当日价格振幅达到30%的前5只股票,920161,龙辰科技
8,国金证券股份有限公司深圳分公司,19969831.73,0.01715608902,13706437.21,0.011775204724,6263394.52,当日价格振幅达到30%的前5只股票,920161,龙辰科技
9,中信建投证券股份有限公司北京东城分公司,15632041.56,0.013429492055,278517.83,0.00023927476,15353523.73,当日价格振幅达到30%的前5只股票,920161,龙辰科技
10,国信证券股份有限公司深圳红岭中路证券营业部,25196653.68,0.021646453479,3166987.33,0.002720759859,22029666.35,当日价格振幅达到30%的前5只股票,920161,龙辰科技
11,国泰海通证券股份有限公司重庆观音桥步行街营业部,16613497.95,0.014272661563,0.0,0.0,16613497.95,当日换手率达到20%的前5只股票,920161,龙辰科技
12,国金证券股份有限公司深圳分公司,19969831.73,0.01715608902,13706437.21,0.011775204724,6263394.52,当日换手率达到20%的前5只股票,920161,龙辰科技
13,国信证券股份有限公司深圳红岭中路证券营业部,25196653.68,0.021646453479,3166987.33,0.002720759859,22029666.35,当日换手率达到20%的前5只股票,920161,龙辰科技
14,机构专用,26102381.92,0.022424564909,14210164.26,0.012207956798,11892217.66,当日换手率达到20%的前5只股票,920161,龙辰科技
15,中信建投证券股份有限公司北京东城分公司,15632041.56,0.013429492055,278517.83,0.00023927476,15353523.73,当日换手率达到20%的前5只股票,920161,龙辰科技
16,国信证券股份有限公司深圳红岭中路证券营业部,25196653.68,0.021646453479,3166987.33,0.002720759859,22029666.35,当日收盘价涨幅达到20%的前5只股票,920161,龙辰科技
17,机构专用,26102381.92,0.022424564909,14210164.26,0.012207956798,11892217.66,当日收盘价涨幅达到20%的前5只股票,920161,龙辰科技
18,国泰海通证券股份有限公司重庆观音桥步行街营业部,16613497.95,0.014272661563,0.0,0.0,16613497.95,当日收盘价涨幅达到20%的前5只股票,920161,龙辰科技
19,中信建投证券股份有限公司北京东城分公司,15632041.56,0.013429492055,278517.83,0.00023927476,15353523.73,当日收盘价涨幅达到20%的前5只股票,920161,龙辰科技
20,国金证券股份有限公司深圳分公司,19969831.73,0.01715608902,13706437.21,0.011775204724,6263394.52,当日收盘价涨幅达到20%的前5只股票,920161,龙辰科技
1,机构专用,55405919.93,0.021594512622,54371731.05,0.021191436473,1034188.88,北交所股票最近3个有成交的交易日以内收盘价涨跌幅偏离值累计达到+40%(-40%),920161,龙辰科技
2,机构专用,54289609.64,0.021159429571,51468439.05,0.020059875517,2821170.59,北交所股票最近3个有成交的交易日以内收盘价涨跌幅偏离值累计达到+40%(-40%),920161,龙辰科技
3,东方财富证券股份有限公司拉萨东环路第二证券营业部,25282325.68,0.009853811681,26236582.83,0.010225734358,-954257.15,北交所股票最近3个有成交的交易日以内收盘价涨跌幅偏离值累计达到+40%(-40%),920161,龙辰科技
4,东方财富证券股份有限公司拉萨团结路第一证券营业部,22781899.45,0.008879268061,24575768.83,0.009578430443,-1793869.38,北交所股票最近3个有成交的交易日以内收盘价涨跌幅偏离值累计达到+40%(-40%),920161,龙辰科技
5,国金证券股份有限公司深圳分公司,38588592.32,0.015039942392,22979164.39,0.008956152268,15609427.93,北交所股票最近3个有成交的交易日以内收盘价涨跌幅偏离值累计达到+40%(-40%),920161,龙辰科技
6,东方财富证券股份有限公司拉萨团结路第一证券营业部,7871659.6,0.006762545356,13921923.05,0.01196032868,-6050263.45,当日价格振幅达到30%的前5只股票,920161,龙辰科技
7,机构专用,26102381.92,0.022424564909,14210164.26,0.012207956798,11892217.66,当日价格振幅达到30%的前5只股票,920161,龙辰科技
8,华泰证券股份有限公司镇江分公司,2502698.14,0.002150068797,15040931.86,0.012921669517,-12538233.72,当日价格振幅达到30%的前5只股票,920161,龙辰科技
9,国金证券股份有限公司深圳分公司,19969831.73,0.01715608902,13706437.21,0.011775204724,6263394.52,当日价格振幅达到30%的前5只股票,920161,龙辰科技
10,机构专用,8293640.55,0.007125069329,23672151.38,0.020336753051,-15378510.83,当日价格振幅达到30%的前5只股票,920161,龙辰科技
11,国金证券股份有限公司深圳分公司,19969831.73,0.01715608902,13706437.21,0.011775204724,6263394.52,当日换手率达到20%的前5只股票,920161,龙辰科技
12,机构专用,26102381.92,0.022424564909,14210164.26,0.012207956798,11892217.66,当日换手率达到20%的前5只股票,920161,龙辰科技
13,机构专用,8293640.55,0.007125069329,23672151.38,0.020336753051,-15378510.83,当日换手率达到20%的前5只股票,920161,龙辰科技
14,东方财富证券股份有限公司拉萨团结路第一证券营业部,7871659.6,0.006762545356,13921923.05,0.01196032868,-6050263.45,当日换手率达到20%的前5只股票,920161,龙辰科技
15,华泰证券股份有限公司镇江分公司,2502698.14,0.002150068797,15040931.86,0.012921669517,-12538233.72,当日换手率达到20%的前5只股票,920161,龙辰科技
16,机构专用,26102381.92,0.022424564909,14210164.26,0.012207956798,11892217.66,当日收盘价涨幅达到20%的前5只股票,920161,龙辰科技
17,东方财富证券股份有限公司拉萨团结路第一证券营业部,7871659.6,0.006762545356,13921923.05,0.01196032868,-6050263.45,当日收盘价涨幅达到20%的前5只股票,920161,龙辰科技
18,机构专用,8293640.55,0.007125069329,23672151.38,0.020336753051,-15378510.83,当日收盘价涨幅达到20%的前5只股票,920161,龙辰科技
19,国金证券股份有限公司深圳分公司,19969831.73,0.01715608902,13706437.21,0.011775204724,6263394.52,当日收盘价涨幅达到20%的前5只股票,920161,龙辰科技
20,华泰证券股份有限公司镇江分公司,2502698.14,0.002150068797,15040931.86,0.012921669517,-12538233.72,当日收盘价涨幅达到20%的前5只股票,920161,龙辰科技
1,机构专用,55405919.93,0.021594512622,54371731.05,0.021191436473,1034188.88,北交所股票最近3个有成交的交易日以内收盘价涨跌幅偏离值累计达到+40%(-40%),920161,龙辰科技
2,国信证券股份有限公司深圳红岭中路证券营业部,55359945.94,0.021576594213,22456007.32,0.008752251278,32903938.62,北交所股票最近3个有成交的交易日以内收盘价涨跌幅偏离值累计达到+40%(-40%),920161,龙辰科技
3,机构专用,54289609.64,0.021159429571,51468439.05,0.020059875517,2821170.59,北交所股票最近3个有成交的交易日以内收盘价涨跌幅偏离值累计达到+40%(-40%),920161,龙辰科技
4,国金证券股份有限公司深圳分公司,38588592.32,0.015039942392,22979164.39,0.008956152268,15609427.93,北交所股票最近3个有成交的交易日以内收盘价涨跌幅偏离值累计达到+40%(-40%),920161,龙辰科技
5,中信建投证券股份有限公司北京东城分公司,36798216.8,0.014342141745,11024891.05,0.004296962296,25773325.75,北交所股票最近3个有成交的交易日以内收盘价涨跌幅偏离值累计达到+40%(-40%),920161,龙辰科技
6,国泰海通证券股份有限公司重庆观音桥步行街营业部,16613497.95,0.014272661563,0.0,0.0,16613497.95,当日价格振幅达到30%的前5只股票,920161,龙辰科技
7,机构专用,26102381.92,0.022424564909,14210164.26,0.012207956798,11892217.66,当日价格振幅达到30%的前5只股票,920161,龙辰科技
8,国金证券股份有限公司深圳分公司,19969831.73,0.01715608902,13706437.21,0.011775204724,6263394.52,当日价格振幅达到30%的前5只股票,920161,龙辰科技
9,中信建投证券股份有限公司北京东城分公司,15632041.56,0.013429492055,278517.83,0.00023927476,15353523.73,当日价格振幅达到30%的前5只股票,920161,龙辰科技
10,国信证券股份有限公司深圳红岭中路证券营业部,25196653.68,0.021646453479,3166987.33,0.002720759859,22029666.35,当日价格振幅达到30%的前5只股票,920161,龙辰科技
11,国泰海通证券股份有限公司重庆观音桥步行街营业部,16613497.95,0.014272661563,0.0,0.0,16613497.95,当日换手率达到20%的前5只股票,920161,龙辰科技
12,国金证券股份有限公司深圳分公司,19969831.73,0.01715608902,13706437.21,0.011775204724,6263394.52,当日换手率达到20%的前5只股票,920161,龙辰科技
13,国信证券股份有限公司深圳红岭中路证券营业部,25196653.68,0.021646453479,3166987.33,0.002720759859,22029666.35,当日换手率达到20%的前5只股票,920161,龙辰科技
14,机构专用,26102381.92,0.022424564909,14210164.26,0.012207956798,11892217.66,当日换手率达到20%的前5只股票,920161,龙辰科技
15,中信建投证券股份有限公司北京东城分公司,15632041.56,0.013429492055,278517.83,0.00023927476,15353523.73,当日换手率达到20%的前5只股票,920161,龙辰科技
16,国信证券股份有限公司深圳红岭中路证券营业部,25196653.68,0.021646453479,3166987.33,0.002720759859,22029666.35,当日收盘价涨幅达到20%的前5只股票,920161,龙辰科技
17,机构专用,26102381.92,0.022424564909,14210164.26,0.012207956798,11892217.66,当日收盘价涨幅达到20%的前5只股票,920161,龙辰科技
18,国泰海通证券股份有限公司重庆观音桥步行街营业部,16613497.95,0.014272661563,0.0,0.0,16613497.95,当日收盘价涨幅达到20%的前5只股票,920161,龙辰科技
19,中信建投证券股份有限公司北京东城分公司,15632041.56,0.013429492055,278517.83,0.00023927476,15353523.73,当日收盘价涨幅达到20%的前5只股票,920161,龙辰科技
20,国金证券股份有限公司深圳分公司,19969831.73,0.01715608902,13706437.21,0.011775204724,6263394.52,当日收盘价涨幅达到20%的前5只股票,920161,龙辰科技
1,机构专用,55405919.93,0.021594512622,54371731.05,0.021191436473,1034188.88,北交所股票最近3个有成交的交易日以内收盘价涨跌幅偏离值累计达到+40%(-40%),920161,龙辰科技
2,机构专用,54289609.64,0.021159429571,51468439.05,0.020059875517,2821170.59,北交所股票最近3个有成交的交易日以内收盘价涨跌幅偏离值累计达到+40%(-40%),920161,龙辰科技
3,东方财富证券股份有限公司拉萨东环路第二证券营业部,25282325.68,0.009853811681,26236582.83,0.010225734358,-954257.15,北交所股票最近3个有成交的交易日以内收盘价涨跌幅偏离值累计达到+40%(-40%),920161,龙辰科技
4,东方财富证券股份有限公司拉萨团结路第一证券营业部,22781899.45,0.008879268061,24575768.83,0.009578430443,-1793869.38,北交所股票最近3个有成交的交易日以内收盘价涨跌幅偏离值累计达到+40%(-40%),920161,龙辰科技
5,国金证券股份有限公司深圳分公司,38588592.32,0.015039942392,22979164.39,0.008956152268,15609427.93,北交所股票最近3个有成交的交易日以内收盘价涨跌幅偏离值累计达到+40%(-40%),920161,龙辰科技
6,东方财富证券股份有限公司拉萨团结路第一证券营业部,7871659.6,0.006762545356,13921923.05,0.01196032868,-6050263.45,当日价格振幅达到30%的前5只股票,920161,龙辰科技
7,机构专用,26102381.92,0.022424564909,14210164.26,0.012207956798,11892217.66,当日价格振幅达到30%的前5只股票,920161,龙辰科技
8,华泰证券股份有限公司镇江分公司,2502698.14,0.002150068797,15040931.86,0.012921669517,-12538233.72,当日价格振幅达到30%的前5只股票,920161,龙辰科技
9,国金证券股份有限公司深圳分公司,19969831.73,0.01715608902,13706437.21,0.011775204724,6263394.52,当日价格振幅达到30%的前5只股票,920161,龙辰科技
10,机构专用,8293640.55,0.007125069329,23672151.38,0.020336753051,-15378510.83,当日价格振幅达到30%的前5只股票,920161,龙辰科技
11,国金证券股份有限公司深圳分公司,19969831.73,0.01715608902,13706437.21,0.011775204724,6263394.52,当日换手率达到20%的前5只股票,920161,龙辰科技
12,机构专用,26102381.92,0.022424564909,14210164.26,0.012207956798,11892217.66,当日换手率达到20%的前5只股票,920161,龙辰科技
13,机构专用,8293640.55,0.007125069329,23672151.38,0.020336753051,-15378510.83,当日换手率达到20%的前5只股票,920161,龙辰科技
14,东方财富证券股份有限公司拉萨团结路第一证券营业部,7871659.6,0.006762545356,13921923.05,0.01196032868,-6050263.45,当日换手率达到20%的前5只股票,920161,龙辰科技
15,华泰证券股份有限公司镇江分公司,2502698.14,0.002150068797,15040931.86,0.012921669517,-12538233.72,当日换手率达到20%的前5只股票,920161,龙辰科技
16,机构专用,26102381.92,0.022424564909,14210164.26,0.012207956798,11892217.66,当日收盘价涨幅达到20%的前5只股票,920161,龙辰科技
17,东方财富证券股份有限公司拉萨团结路第一证券营业部,7871659.6,0.006762545356,13921923.05,0.01196032868,-6050263.45,当日收盘价涨幅达到20%的前5只股票,920161,龙辰科技
18,机构专用,8293640.55,0.007125069329,23672151.38,0.020336753051,-15378510.83,当日收盘价涨幅达到20%的前5只股票,920161,龙辰科技
19,国金证券股份有限公司深圳分公司,19969831.73,0.01715608902,13706437.21,0.011775204724,6263394.52,当日收盘价涨幅达到20%的前5只股票,920161,龙辰科技
20,华泰证券股份有限公司镇江分公司,2502698.14,0.002150068797,15040931.86,0.012921669517,-12538233.72,当日收盘价涨幅达到20%的前5只股票,920161,龙辰科技
1,机构专用,55405919.93,0.021594512622,54371731.05,0.021191436473,1034188.88,北交所股票最近3个有成交的交易日以内收盘价涨跌幅偏离值累计达到+40%(-40%),920161,龙辰科技
2,国信证券股份有限公司深圳红岭中路证券营业部,55359945.94,0.021576594213,22456007.32,0.008752251278,32903938.62,北交所股票最近3个有成交的交易日以内收盘价涨跌幅偏离值累计达到+40%(-40%),920161,龙辰科技
3,机构专用,54289609.64,0.021159429571,51468439.05,0.020059875517,2821170.59,北交所股票最近3个有成交的交易日以内收盘价涨跌幅偏离值累计达到+40%(-40%),920161,龙辰科技
4,国金证券股份有限公司深圳分公司,38588592.32,0.015039942392,22979164.39,0.008956152268,15609427.93,北交所股票最近3个有成交的交易日以内收盘价涨跌幅偏离值累计达到+40%(-40%),920161,龙辰科技
5,中信建投证券股份有限公司北京东城分公司,36798216.8,0.014342141745,11024891.05,0.004296962296,25773325.75,北交所股票最近3个有成交的交易日以内收盘价涨跌幅偏离值累计达到+40%(-40%),920161,龙辰科技
6,国泰海通证券股份有限公司重庆观音桥步行街营业部,16613497.95,0.014272661563,0.0,0.0,16613497.95,当日价格振幅达到30%的前5只股票,920161,龙辰科技
7,机构专用,26102381.92,0.022424564909,14210164.26,0.012207956798,11892217.66,当日价格振幅达到30%的前5只股票,920161,龙辰科技
8,国金证券股份有限公司深圳分公司,19969831.73,0.01715608902,13706437.21,0.011775204724,6263394.52,当日价格振幅达到30%的前5只股票,920161,龙辰科技
9,中信建投证券股份有限公司北京东城分公司,15632041.56,0.013429492055,278517.83,0.00023927476,15353523.73,当日价格振幅达到30%的前5只股票,920161,龙辰科技
10,国信证券股份有限公司深圳红岭中路证券营业部,25196653.68,0.021646453479,3166987.33,0.002720759859,22029666.35,当日价格振幅达到30%的前5只股票,920161,龙辰科技
11,国泰海通证券股份有限公司重庆观音桥步行街营业部,16613497.95,0.014272661563,0.0,0.0,16613497.95,当日换手率达到20%的前5只股票,920161,龙辰科技
12,国金证券股份有限公司深圳分公司,19969831.73,0.01715608902,13706437.21,0.011775204724,6263394.52,当日换手率达到20%的前5只股票,920161,龙辰科技
13,国信证券股份有限公司深圳红岭中路证券营业部,25196653.68,0.021646453479,3166987.33,0.002720759859,22029666.35,当日换手率达到20%的前5只股票,920161,龙辰科技
14,机构专用,26102381.92,0.022424564909,14210164.26,0.012207956798,11892217.66,当日换手率达到20%的前5只股票,920161,龙辰科技
15,中信建投证券股份有限公司北京东城分公司,15632041.56,0.013429492055,278517.83,0.00023927476,15353523.73,当日换手率达到20%的前5只股票,920161,龙辰科技
16,国信证券股份有限公司深圳红岭中路证券营业部,25196653.68,0.021646453479,3166987.33,0.002720759859,22029666.35,当日收盘价涨幅达到20%的前5只股票,920161,龙辰科技
17,机构专用,26102381.92,0.022424564909,14210164.26,0.012207956798,11892217.66,当日收盘价涨幅达到20%的前5只股票,920161,龙辰科技
18,国泰海通证券股份有限公司重庆观音桥步行街营业部,16613497.95,0.014272661563,0.0,0.0,16613497.95,当日收盘价涨幅达到20%的前5只股票,920161,龙辰科技
19,中信建投证券股份有限公司北京东城分公司,15632041.56,0.013429492055,278517.83,0.00023927476,15353523.73,当日收盘价涨幅达到20%的前5只股票,920161,龙辰科技
20,国金证券股份有限公司深圳分公司,19969831.73,0.01715608902,13706437.21,0.011775204724,6263394.52,当日收盘价涨幅达到20%的前5只股票,920161,龙辰科技
1,机构专用,55405919.93,0.021594512622,54371731.05,0.021191436473,1034188.88,北交所股票最近3个有成交的交易日以内收盘价涨跌幅偏离值累计达到+40%(-40%),920161,龙辰科技
2,机构专用,54289609.64,0.021159429571,51468439.05,0.020059875517,2821170.59,北交所股票最近3个有成交的交易日以内收盘价涨跌幅偏离值累计达到+40%(-40%),920161,龙辰科技
3,东方财富证券股份有限公司拉萨东环路第二证券营业部,25282325.68,0.009853811681,26236582.83,0.010225734358,-954257.15,北交所股票最近3个有成交的交易日以内收盘价涨跌幅偏离值累计达到+40%(-40%),920161,龙辰科技
4,东方财富证券股份有限公司拉萨团结路第一证券营业部,22781899.45,0.008879268061,24575768.83,0.009578430443,-1793869.38,北交所股票最近3个有成交的交易日以内收盘价涨跌幅偏离值累计达到+40%(-40%),920161,龙辰科技
5,国金证券股份有限公司深圳分公司,38588592.32,0.015039942392,22979164.39,0.008956152268,15609427.93,北交所股票最近3个有成交的交易日以内收盘价涨跌幅偏离值累计达到+40%(-40%),920161,龙辰科技
6,东方财富证券股份有限公司拉萨团结路第一证券营业部,7871659.6,0.006762545356,13921923.05,0.01196032868,-6050263.45,当日价格振幅达到30%的前5只股票,920161,龙辰科技
7,机构专用,26102381.92,0.022424564909,14210164.26,0.012207956798,11892217.66,当日价格振幅达到30%的前5只股票,920161,龙辰科技
8,华泰证券股份有限公司镇江分公司,2502698.14,0.002150068797,15040931.86,0.012921669517,-12538233.72,当日价格振幅达到30%的前5只股票,920161,龙辰科技
9,国金证券股份有限公司深圳分公司,19969831.73,0.01715608902,13706437.21,0.011775204724,6263394.52,当日价格振幅达到30%的前5只股票,920161,龙辰科技
10,机构专用,8293640.55,0.007125069329,23672151.38,0.020336753051,-15378510.83,当日价格振幅达到30%的前5只股票,920161,龙辰科技
11,国金证券股份有限公司深圳分公司,19969831.73,0.01715608902,13706437.21,0.011775204724,6263394.52,当日换手率达到20%的前5只股票,920161,龙辰科技
12,机构专用,26102381.92,0.022424564909,14210164.26,0.012207956798,11892217.66,当日换手率达到20%的前5只股票,920161,龙辰科技
13,机构专用,8293640.55,0.007125069329,23672151.38,0.020336753051,-15378510.83,当日换手率达到20%的前5只股票,920161,龙辰科技
14,东方财富证券股份有限公司拉萨团结路第一证券营业部,7871659.6,0.006762545356,13921923.05,0.01196032868,-6050263.45,当日换手率达到20%的前5只股票,920161,龙辰科技
15,华泰证券股份有限公司镇江分公司,2502698.14,0.002150068797,15040931.86,0.012921669517,-12538233.72,当日换手率达到20%的前5只股票,920161,龙辰科技
16,机构专用,26102381.92,0.022424564909,14210164.26,0.012207956798,11892217.66,当日收盘价涨幅达到20%的前5只股票,920161,龙辰科技
17,东方财富证券股份有限公司拉萨团结路第一证券营业部,7871659.6,0.006762545356,13921923.05,0.01196032868,-6050263.45,当日收盘价涨幅达到20%的前5只股票,920161,龙辰科技
18,机构专用,8293640.55,0.007125069329,23672151.38,0.020336753051,-15378510.83,当日收盘价涨幅达到20%的前5只股票,920161,龙辰科技
19,国金证券股份有限公司深圳分公司,19969831.73,0.01715608902,13706437.21,0.011775204724,6263394.52,当日收盘价涨幅达到20%的前5只股票,920161,龙辰科技
20,华泰证券股份有限公司镇江分公司,2502698.14,0.002150068797,15040931.86,0.012921669517,-12538233.72,当日收盘价涨幅达到20%的前5只股票,920161,龙辰科技
1,机构专用,55405919.93,0.021594512622,54371731.05,0.021191436473,1034188.88,北交所股票最近3个有成交的交易日以内收盘价涨跌幅偏离值累计达到+40%(-40%),920161,龙辰科技
2,国信证券股份有限公司深圳红岭中路证券营业部,55359945.94,0.021576594213,22456007.32,0.008752251278,32903938.62,北交所股票最近3个有成交的交易日以内收盘价涨跌幅偏离值累计达到+40%(-40%),920161,龙辰科技
3,机构专用,54289609.64,0.021159429571,51468439.05,0.020059875517,2821170.59,北交所股票最近3个有成交的交易日以内收盘价涨跌幅偏离值累计达到+40%(-40%),920161,龙辰科技
4,国金证券股份有限公司深圳分公司,38588592.32,0.015039942392,22979164.39,0.008956152268,15609427.93,北交所股票最近3个有成交的交易日以内收盘价涨跌幅偏离值累计达到+40%(-40%),920161,龙辰科技
5,中信建投证券股份有限公司北京东城分公司,36798216.8,0.014342141745,11024891.05,0.004296962296,25773325.75,北交所股票最近3个有成交的交易日以内收盘价涨跌幅偏离值累计达到+40%(-40%),920161,龙辰科技
6,国泰海通证券股份有限公司重庆观音桥步行街营业部,16613497.95,0.014272661563,0.0,0.0,16613497.95,当日价格振幅达到30%的前5只股票,920161,龙辰科技
7,机构专用,26102381.92,0.022424564909,14210164.26,0.012207956798,11892217.66,当日价格振幅达到30%的前5只股票,920161,龙辰科技
8,国金证券股份有限公司深圳分公司,19969831.73,0.01715608902,13706437.21,0.011775204724,6263394.52,当日价格振幅达到30%的前5只股票,920161,龙辰科技
9,中信建投证券股份有限公司北京东城分公司,15632041.56,0.013429492055,278517.83,0.00023927476,15353523.73,当日价格振幅达到30%的前5只股票,920161,龙辰科技
10,国信证券股份有限公司深圳红岭中路证券营业部,25196653.68,0.021646453479,3166987.33,0.002720759859,22029666.35,当日价格振幅达到30%的前5只股票,920161,龙辰科技
11,国泰海通证券股份有限公司重庆观音桥步行街营业部,16613497.95,0.014272661563,0.0,0.0,16613497.95,当日换手率达到20%的前5只股票,920161,龙辰科技
12,国金证券股份有限公司深圳分公司,19969831.73,0.01715608902,13706437.21,0.011775204724,6263394.52,当日换手率达到20%的前5只股票,920161,龙辰科技
13,国信证券股份有限公司深圳红岭中路证券营业部,25196653.68,0.021646453479,3166987.33,0.002720759859,22029666.35,当日换手率达到20%的前5只股票,920161,龙辰科技
14,机构专用,26102381.92,0.022424564909,14210164.26,0.012207956798,11892217.66,当日换手率达到20%的前5只股票,920161,龙辰科技
15,中信建投证券股份有限公司北京东城分公司,15632041.56,0.013429492055,278517.83,0.00023927476,15353523.73,当日换手率达到20%的前5只股票,920161,龙辰科技
16,国信证券股份有限公司深圳红岭中路证券营业部,25196653.68,0.021646453479,3166987.33,0.002720759859,22029666.35,当日收盘价涨幅达到20%的前5只股票,920161,龙辰科技
17,机构专用,26102381.92,0.022424564909,14210164.26,0.012207956798,11892217.66,当日收盘价涨幅达到20%的前5只股票,920161,龙辰科技
18,国泰海通证券股份有限公司重庆观音桥步行街营业部,16613497.95,0.014272661563,0.0,0.0,16613497.95,当日收盘价涨幅达到20%的前5只股票,920161,龙辰科技
19,中信建投证券股份有限公司北京东城分公司,15632041.56,0.013429492055,278517.83,0.00023927476,15353523.73,当日收盘价涨幅达到20%的前5只股票,920161,龙辰科技
20,国金证券股份有限公司深圳分公司,19969831.73,0.01715608902,13706437.21,0.011775204724,6263394.52,当日收盘价涨幅达到20%的前5只股票,920161,龙辰科技
1,机构专用,55405919.93,0.021594512622,54371731.05,0.021191436473,1034188.88,北交所股票最近3个有成交的交易日以内收盘价涨跌幅偏离值累计达到+40%(-40%),920161,龙辰科技
2,机构专用,54289609.64,0.021159429571,51468439.05,0.020059875517,2821170.59,北交所股票最近3个有成交的交易日以内收盘价涨跌幅偏离值累计达到+40%(-40%),920161,龙辰科技
3,东方财富证券股份有限公司拉萨东环路第二证券营业部,25282325.68,0.009853811681,26236582.83,0.010225734358,-954257.15,北交所股票最近3个有成交的交易日以内收盘价涨跌幅偏离值累计达到+40%(-40%),920161,龙辰科技
4,东方财富证券股份有限公司拉萨团结路第一证券营业部,22781899.45,0.008879268061,24575768.83,0.009578430443,-1793869.38,北交所股票最近3个有成交的交易日以内收盘价涨跌幅偏离值累计达到+40%(-40%),920161,龙辰科技
5,国金证券股份有限公司深圳分公司,38588592.32,0.015039942392,22979164.39,0.008956152268,15609427.93,北交所股票最近3个有成交的交易日以内收盘价涨跌幅偏离值累计达到+40%(-40%),920161,龙辰科技
6,东方财富证券股份有限公司拉萨团结路第一证券营业部,7871659.6,0.006762545356,13921923.05,0.01196032868,-6050263.45,当日价格振幅达到30%的前5只股票,920161,龙辰科技
7,机构专用,26102381.92,0.022424564909,14210164.26,0.012207956798,11892217.66,当日价格振幅达到30%的前5只股票,920161,龙辰科技
8,华泰证券股份有限公司镇江分公司,2502698.14,0.002150068797,15040931.86,0.012921669517,-12538233.72,当日价格振幅达到30%的前5只股票,920161,龙辰科技
9,国金证券股份有限公司深圳分公司,19969831.73,0.01715608902,13706437.21,0.011775204724,6263394.52,当日价格振幅达到30%的前5只股票,920161,龙辰科技
10,机构专用,8293640.55,0.007125069329,23672151.38,0.020336753051,-15378510.83,当日价格振幅达到30%的前5只股票,920161,龙辰科技
11,国金证券股份有限公司深圳分公司,19969831.73,0.01715608902,13706437.21,0.011775204724,6263394.52,当日换手率达到20%的前5只股票,920161,龙辰科技
12,机构专用,26102381.92,0.022424564909,14210164.26,0.012207956798,11892217.66,当日换手率达到20%的前5只股票,920161,龙辰科技
13,机构专用,8293640.55,0.007125069329,23672151.38,0.020336753051,-15378510.83,当日换手率达到20%的前5只股票,920161,龙辰科技
14,东方财富证券股份有限公司拉萨团结路第一证券营业部,7871659.6,0.006762545356,13921923.05,0.01196032868,-6050263.45,当日换手率达到20%的前5只股票,920161,龙辰科技
15,华泰证券股份有限公司镇江分公司,2502698.14,0.002150068797,15040931.86,0.012921669517,-12538233.72,当日换手率达到20%的前5只股票,920161,龙辰科技
16,机构专用,26102381.92,0.022424564909,14210164.26,0.012207956798,11892217.66,当日收盘价涨幅达到20%的前5只股票,920161,龙辰科技
17,东方财富证券股份有限公司拉萨团结路第一证券营业部,7871659.6,0.006762545356,13921923.05,0.01196032868,-6050263.45,当日收盘价涨幅达到20%的前5只股票,920161,龙辰科技
18,机构专用,8293640.55,0.007125069329,23672151.38,0.020336753051,-15378510.83,当日收盘价涨幅达到20%的前5只股票,920161,龙辰科技
19,国金证券股份有限公司深圳分公司,19969831.73,0.01715608902,13706437.21,0.011775204724,6263394.52,当日收盘价涨幅达到20%的前5只股票,920161,龙辰科技
20,华泰证券股份有限公司镇江分公司,2502698.14,0.002150068797,15040931.86,0.012921669517,-12538233.72,当日收盘价涨幅达到20%的前5只股票,920161,龙辰科技
1,机构专用,9390534.25,0.027585166928,4850308.4,0.014248025011,4540225.85,当日换手率达到20%的前5只股票,920218,新天力
2,国泰海通证券股份有限公司深圳海岸城海德三道营业部,7442986.06,0.021864146111,62592.5,0.000183868619,7380393.56,当日换手率达到20%的前5只股票,920218,新天力
3,国信证券股份有限公司深圳泰然九路证券营业部,7171021.25,0.021065235796,692979.89,0.0020356633,6478041.36,当日换手率达到20%的前5只股票,920218,新天力
4,东方财富证券股份有限公司拉萨东环路第二证券营业部,6297989.55,0.018500661243,4480498.42,0.013161689585,1817491.13,当日换手率达到20%的前5只股票,920218,新天力
5,东方财富证券股份有限公司山南香曲东路证券营业部,4698640.56,0.013802493099,895992.27,0.002632022383,3802648.29,当日换手率达到20%的前5只股票,920218,新天力
1,国金证券股份有限公司深圳分公司,37893.64,0.000111314474,7940480.43,0.023325560859,-7902586.79,当日换手率达到20%的前5只股票,920218,新天力
2,兴业证券股份有限公司福州湖东路营业部,232012.13,0.000681547308,5310335.21,0.015599376916,-5078323.08,当日换手率达到20%的前5只股票,920218,新天力
3,机构专用,9390534.25,0.027585166928,4850308.4,0.014248025011,4540225.85,当日换手率达到20%的前5只股票,920218,新天力
4,东方财富证券股份有限公司拉萨东环路第二证券营业部,6297989.55,0.018500661243,4480498.42,0.013161689585,1817491.13,当日换手率达到20%的前5只股票,920218,新天力
5,浙商证券股份有限公司杭州杭大路证券营业部,24373.0,7.1596914e-05,4119072.84,0.012099983755,-4094699.84,当日换手率达到20%的前5只股票,920218,新天力
