序号,交易营业部名称,买入金额,买入金额-占总成交比例,卖出金额,卖出金额-占总成交比例,净额,类型,代码,名称
1,深股通专用,208442185.66,0.082243210753,53522647.15,0.021117962929,154919538.51,连续三个交易日内，涨幅偏离值累计达到20%的证券,000032,深桑达A
2,万和证券股份有限公司海南分公司,113234307.0,0.044677870488,288434.0,0.000113804882,112945873.0,连续三个交易日内，涨幅偏离值累计达到20%的证券,000032,深桑达A
3,国泰海通证券股份有限公司成都北一环路证券营业部,81032670.0,0.031972352121,999359.0,0.000394308343,80033311.0,连续三个交易日内，涨幅偏离值累计达到20%的证券,000032,深桑达A
4,机构专用,72314552.67,0.02853252079,8865091.0,0.003497821447,63449461.67,连续三个交易日内，涨幅偏离值累计达到20%的证券,000032,深桑达A
5,机构专用,57094398.8,0.022527237749,24953325.45,0.009845615452,32141073.35,连续三个交易日内，涨幅偏离值累计达到20%的证券,000032,深桑达A
1,机构专用,0.0,0.0,54026490.2,0.021316759876,-54026490.2,连续三个交易日内，涨幅偏离值累计达到20%的证券,000032,深桑达A
2,深股通专用,208442185.66,0.082243210753,53522647.15,0.021117962929,154919538.51,连续三个交易日内，涨幅偏离值累计达到20%的证券,000032,深桑达A
3,机构专用,55840813.77,0.022032621664,38659815.75,0.015253665492,17180998.02,连续三个交易日内，涨幅偏离值累计达到20%的证券,000032,深桑达A
4,山西证券股份有限公司大同永泰南路证券营业部,16586.0,6.544193e-06,32643093.0,0.012879699801,-32626507.0,连续三个交易日内，涨幅偏离值累计达到20%的证券,000032,深桑达A
5,机构专用,0.0,0.0,31119979.21,0.01227873811,-31119979.21,连续三个交易日内，涨幅偏离值累计达到20%的证券,000032,深桑达A
1,机构专用,84980126.0,0.043254951995,150603256.24,0.076657177691,-65623130.24,连续三个交易日内，涨幅偏离值累计达到20%的证券,000510,新金路
2,机构专用,73513907.0,0.037418637368,70884633.0,0.036080334802,2629274.0,连续三个交易日内，涨幅偏离值累计达到20%的证券,000510,新金路
3,华福证券股份有限公司上海浦明路证券营业部,52966439.44,0.026959959971,21254.0,1.0818303e-05,52945185.44,连续三个交易日内，涨幅偏离值累计达到20%的证券,000510,新金路
4,开源证券股份有限公司西安太华路证券营业部,48588084.0,0.024731373556,41324475.97,0.021034191268,7263608.03,连续三个交易日内，涨幅偏离值累计达到20%的证券,000510,新金路
5,机构专用,38987075.0,0.019844452308,35005142.0,0.017817645231,3981933.0,连续三个交易日内，涨幅偏离值累计达到20%的证券,000510,新金路
1,机构专用,84980126.0,0.043254951995,150603256.24,0.076657177691,-65623130.24,连续三个交易日内，涨幅偏离值累计达到20%的证券,000510,新金路
2,机构专用,73513907.0,0.037418637368,70884633.0,0.036080334802,2629274.0,连续三个交易日内，涨幅偏离值累计达到20%的证券,000510,新金路
3,开源证券股份有限公司西安太华路证券营业部,48588084.0,0.024731373556,41324475.97,0.021034191268,7263608.03,连续三个交易日内，涨幅偏离值累计达到20%的证券,000510,新金路
4,机构专用,26370201.0,0.013422453367,37429817.0,0.019051806743,-11059616.0,连续三个交易日内，涨幅偏离值累计达到20%的证券,000510,新金路
5,机构专用,38987075.0,0.019844452308,35005142.0,0.017817645231,3981933.0,连续三个交易日内，涨幅偏离值累计达到20%的证券,000510,新金路
1,深股通专用,276809942.83,0.063546075112,120942744.3,0.027764308735,155867198.53,日涨幅偏离值达到7%的前5只证券,000630,铜陵有色
2,国泰海通证券股份有限公司上海松江区中山东路证券营业部,112036428.0,0.025719723779,105235.0,2.4158349e-05,111931193.0,日涨幅偏离值达到7%的前5只证券,000630,铜陵有色
3,机构专用,100912203.0,0.023165983006,49048480.0,0.011259849853,51863723.0,日涨幅偏离值达到7%的前5只证券,000630,铜陵有色
4,机构专用,79254938.24,0.018194217328,19675898.0,0.004516911782,59579040.24,日涨幅偏离值达到7%的前5只证券,000630,铜陵有色
5,财通证券股份有限公司杭州东湖南路证券营业部,74142100.0,0.017020484912,324755.0,7.4552617e-05,73817345.0,日涨幅偏离值达到7%的前5只证券,000630,铜陵有色
1,深股通专用,276809942.83,0.063546075112,120942744.3,0.027764308735,155867198.53,日涨幅偏离值达到7%的前5只证券,000630,铜陵有色
2,长城证券股份有限公司上海长宁区延安西路证券营业部,13640.0,3.131276e-06,54905037.18,0.012604314646,-54891397.18,日涨幅偏离值达到7%的前5只证券,000630,铜陵有色
3,机构专用,57657623.9,0.013236214211,52089040.03,0.01195785822,5568583.87,日涨幅偏离值达到7%的前5只证券,000630,铜陵有色
4,机构专用,100912203.0,0.023165983006,49048480.0,0.011259849853,51863723.0,日涨幅偏离值达到7%的前5只证券,000630,铜陵有色
5,国泰海通证券股份有限公司海口国贸大道证券营业部,4760.0,1.092733e-06,44023215.48,0.010106221362,-44018455.48,日涨幅偏离值达到7%的前5只证券,000630,铜陵有色
1,深股通专用,108154369.94,0.05012149046,27992281.43,0.012972336369,80162088.51,日跌幅偏离值达到7%的前5只证券,000833,粤桂股份
2,机构专用,39336015.0,0.018229311508,5638910.0,0.002613214556,33697105.0,日跌幅偏离值达到7%的前5只证券,000833,粤桂股份
3,机构专用,32628368.59,0.015120817272,13185059.5,0.006110292486,19443309.09,日跌幅偏离值达到7%的前5只证券,000833,粤桂股份
4,兴业证券股份有限公司宁波分公司,27340230.6,0.012670159402,12310083.0,0.005704806084,15030147.6,日跌幅偏离值达到7%的前5只证券,000833,粤桂股份
5,机构专用,24906852.0,0.011542469764,15607952.64,0.007233122894,9298899.36,日跌幅偏离值达到7%的前5只证券,000833,粤桂股份
1,东亚前海证券有限责任公司苏州分公司,12030.0,5.575008e-06,52471002.49,0.024316399348,-52458972.49,日跌幅偏离值达到7%的前5只证券,000833,粤桂股份
2,国泰海通证券股份有限公司北京知春路证券营业部,2433903.0,0.001127932658,50488008.6,0.023397429459,-48054105.6,日跌幅偏离值达到7%的前5只证券,000833,粤桂股份
3,深股通专用,108154369.94,0.05012149046,27992281.43,0.012972336369,80162088.51,日跌幅偏离值达到7%的前5只证券,000833,粤桂股份
4,机构专用,0.0,0.0,25376946.6,0.011760323578,-25376946.6,日跌幅偏离值达到7%的前5只证券,000833,粤桂股份
5,国泰海通证券股份有限公司上海松江区中山东路证券营业部,43956.0,2.037033e-05,24123306.0,0.011179354586,-24079350.0,日跌幅偏离值达到7%的前5只证券,000833,粤桂股份
1,开源证券股份有限公司西安太华路证券营业部,101653661.0,0.083036292553,0.0,0.0,101653661.0,连续三个交易日内，涨幅偏离值累计达到20%的证券,001257,盛龙股份
2,深股通专用,55521108.16,0.045352690052,70907478.71,0.057921122451,-15386370.55,连续三个交易日内，涨幅偏离值累计达到20%的证券,001257,盛龙股份
3,中国银河证券股份有限公司宜昌新世纪证券营业部,32783027.98,0.026778977514,104464.0,8.5331932e-05,32678563.98,连续三个交易日内，涨幅偏离值累计达到20%的证券,001257,盛龙股份
4,华泰证券股份有限公司深圳龙岗大道证券营业部,27429312.0,0.022405768305,30237.0,2.4699242e-05,27399075.0,连续三个交易日内，涨幅偏离值累计达到20%的证券,001257,盛龙股份
5,平安证券股份有限公司浙江分公司,24333813.0,0.019877194735,1188737.0,0.00097102566,23145076.0,连续三个交易日内，涨幅偏离值累计达到20%的证券,001257,盛龙股份
1,深股通专用,55521108.16,0.045352690052,70907478.71,0.057921122451,-15386370.55,连续三个交易日内，涨幅偏离值累计达到20%的证券,001257,盛龙股份
2,机构专用,19588585.0,0.016001031923,18644614.0,0.015229944573,943971.0,连续三个交易日内，涨幅偏离值累计达到20%的证券,001257,盛龙股份
3,方正证券股份有限公司杭州白石巷证券营业部,22063569.0,0.018022734766,16713350.0,0.013652382083,5350219.0,连续三个交易日内，涨幅偏离值累计达到20%的证券,001257,盛龙股份
4,机构专用,6697952.0,0.005471255007,10768752.68,0.008796508548,-4070800.68,连续三个交易日内，涨幅偏离值累计达到20%的证券,001257,盛龙股份
5,东方财富证券股份有限公司拉萨团结路第二证券营业部,2584555.0,0.002111206453,10051971.0,0.008211001911,-7467416.0,连续三个交易日内，涨幅偏离值累计达到20%的证券,001257,盛龙股份
1,深股通专用,131828712.87,0.062599135752,74558957.75,0.035404474611,57269755.12,日涨幅偏离值达到7%的前5只证券,001696,宗申动力
2,机构专用,81086793.04,0.038504230639,20350906.0,0.009663669618,60735887.04,日涨幅偏离值达到7%的前5只证券,001696,宗申动力
3,机构专用,36518185.0,0.017340735341,16250041.0,0.007716365429,20268144.0,日涨幅偏离值达到7%的前5只证券,001696,宗申动力
4,国海证券股份有限公司上海世纪大道证券营业部,33824647.0,0.016061703276,15983.0,7.58956e-06,33808664.0,日涨幅偏离值达到7%的前5只证券,001696,宗申动力
5,机构专用,29550697.45,0.014032209531,27720751.0,0.013163255692,1829946.45,日涨幅偏离值达到7%的前5只证券,001696,宗申动力
1,深股通专用,131828712.87,0.062599135752,74558957.75,0.035404474611,57269755.12,日涨幅偏离值达到7%的前5只证券,001696,宗申动力
2,国新证券股份有限公司北京分公司,0.0,0.0,62408418.0,0.029634765791,-62408418.0,日涨幅偏离值达到7%的前5只证券,001696,宗申动力
3,机构专用,22408689.0,0.010640812113,31166674.0,0.014799559324,-8757985.0,日涨幅偏离值达到7%的前5只证券,001696,宗申动力
4,机构专用,29550697.45,0.014032209531,27720751.0,0.013163255692,1829946.45,日涨幅偏离值达到7%的前5只证券,001696,宗申动力
5,国新证券股份有限公司北京中关村大街证券营业部,4568.0,2.169124e-06,23060975.0,0.010950551463,-23056407.0,日涨幅偏离值达到7%的前5只证券,001696,宗申动力
1,深股通专用,34934284.0,0.023132638807,102768321.64,0.068050699573,-67834037.64,日振幅值达到15%的前5只证券,002051,中工国际
2,光大证券股份有限公司宁波湾头路证券营业部,14377161.56,0.009520209014,13094786.2,0.008671051034,1282375.36,日振幅值达到15%的前5只证券,002051,中工国际
3,东方财富证券股份有限公司拉萨东环路第二证券营业部,14219183.0,0.009415599428,8353013.1,0.005531163455,5866169.9,日振幅值达到15%的前5只证券,002051,中工国际
4,东方财富证券股份有限公司山南香曲东路证券营业部,12499835.0,0.008277088725,4246003.2,0.00281160073,8253831.8,日振幅值达到15%的前5只证券,002051,中工国际
5,东方财富证券股份有限公司拉萨团结路第一证券营业部,12043855.38,0.007975150037,6053328.0,0.004008367545,5990527.38,日振幅值达到15%的前5只证券,002051,中工国际
1,深股通专用,34934284.0,0.023132638807,102768321.64,0.068050699573,-67834037.64,日振幅值达到15%的前5只证券,002051,中工国际
2,机构专用,8242679.0,0.00545810288,50333820.0,0.033329839473,-42091141.0,日振幅值达到15%的前5只证券,002051,中工国际
3,机构专用,1056834.0,0.00069980994,30658992.6,0.020301644138,-29602158.6,日振幅值达到15%的前5只证券,002051,中工国际
4,机构专用,670534.0,0.000444011414,30636254.0,0.020286587187,-29965720.0,日振幅值达到15%的前5只证券,002051,中工国际
5,机构专用,1751412.0,0.00115974271,27339763.44,0.018103730785,-25588351.44,日振幅值达到15%的前5只证券,002051,中工国际
1,深股通专用,378164621.33,0.079673081738,161977227.29,0.034125944474,216187394.04,日换手率达到20%的前5只证券,002119,康强电子
2,机构专用,154758915.95,0.032605164695,51505412.0,0.010851345337,103253503.95,日换手率达到20%的前5只证券,002119,康强电子
3,机构专用,102092436.48,0.02150920149,27215171.8,0.00573379022,74877264.68,日换手率达到20%的前5只证券,002119,康强电子
4,机构专用,80795723.37,0.01702233342,23761167.38,0.005006088153,57034555.99,日换手率达到20%的前5只证券,002119,康强电子
5,机构专用,60786178.47,0.012806650576,30818699.05,0.006492994294,29967479.42,日换手率达到20%的前5只证券,002119,康强电子
1,深股通专用,378164621.33,0.079673081738,161977227.29,0.034125944474,216187394.04,日换手率达到20%的前5只证券,002119,康强电子
2,国新证券股份有限公司北京分公司,0.0,0.0,64621919.0,0.013614778179,-64621919.0,日换手率达到20%的前5只证券,002119,康强电子
3,广发证券股份有限公司佛山顺德诚德路证券营业部,0.0,0.0,58682704.25,0.012363483067,-58682704.25,日换手率达到20%的前5只证券,002119,康强电子
4,机构专用,154758915.95,0.032605164695,51505412.0,0.010851345337,103253503.95,日换手率达到20%的前5只证券,002119,康强电子
5,机构专用,45895856.47,0.009669504014,34224963.0,0.007210638227,11670893.47,日换手率达到20%的前5只证券,002119,康强电子
1,国泰海通证券股份有限公司上海松江区中山东路证券营业部,115024768.0,0.047947023968,0.0,0.0,115024768.0,日涨幅偏离值达到7%的前5只证券,002203,海亮股份
2,华鑫证券有限责任公司上海陆家嘴证券营业部,112249472.0,0.046790167178,2857435.0,0.001191095682,109392037.0,日涨幅偏离值达到7%的前5只证券,002203,海亮股份
3,东方证券股份有限公司无锡梁清路证券营业部,94911616.0,0.039563040259,798917.0,0.000333021255,94112699.0,日涨幅偏离值达到7%的前5只证券,002203,海亮股份
4,国新证券股份有限公司北京分公司,58911752.0,0.024556825754,0.0,0.0,58911752.0,日涨幅偏离值达到7%的前5只证券,002203,海亮股份
5,东亚前海证券有限责任公司深圳分公司,58185043.0,0.024253903744,89034.0,3.711301e-05,58096009.0,日涨幅偏离值达到7%的前5只证券,002203,海亮股份
6,国泰海通证券股份有限公司上海松江区中山东路证券营业部,115024768.0,0.038717884973,0.0,0.0,115024768.0,连续三个交易日内，涨幅偏离值累计达到20%的证券,002203,海亮股份
7,华鑫证券有限责任公司上海陆家嘴证券营业部,114693729.0,0.038606455668,2857435.0,0.000961826236,111836294.0,连续三个交易日内，涨幅偏离值累计达到20%的证券,002203,海亮股份
8,联储证券股份有限公司杭州西湖桃源岭证券营业部,106550000.0,0.035865237684,0.0,0.0,106550000.0,连续三个交易日内，涨幅偏离值累计达到20%的证券,002203,海亮股份
9,东方证券股份有限公司无锡梁清路证券营业部,94911616.0,0.031947702175,798917.0,0.000268919269,94112699.0,连续三个交易日内，涨幅偏离值累计达到20%的证券,002203,海亮股份
10,深股通专用,90011501.87,0.030298300412,410736768.44,0.138255953314,-320725266.57,连续三个交易日内，涨幅偏离值累计达到20%的证券,002203,海亮股份
1,深股通专用,47374453.87,0.019747608403,390029841.44,0.162580377086,-342655387.57,日涨幅偏离值达到7%的前5只证券,002203,海亮股份
2,机构专用,0.0,0.0,187845816.0,0.078301812719,-187845816.0,日涨幅偏离值达到7%的前5只证券,002203,海亮股份
3,机构专用,0.0,0.0,107036416.0,0.044617152398,-107036416.0,日涨幅偏离值达到7%的前5只证券,002203,海亮股份
4,机构专用,0.0,0.0,97371299.6,0.040588336902,-97371299.6,日涨幅偏离值达到7%的前5只证券,002203,海亮股份
5,开源证券股份有限公司西安太华路证券营业部,9923370.88,0.004136466517,81032080.0,0.033777482445,-71108709.12,日涨幅偏离值达到7%的前5只证券,002203,海亮股份
6,深股通专用,90011501.87,0.030298300412,410736768.44,0.138255953314,-320725266.57,连续三个交易日内，涨幅偏离值累计达到20%的证券,002203,海亮股份
7,机构专用,0.0,0.0,187845816.0,0.063229796703,-187845816.0,连续三个交易日内，涨幅偏离值累计达到20%的证券,002203,海亮股份
8,机构专用,0.0,0.0,107106739.0,0.036052638684,-107106739.0,连续三个交易日内，涨幅偏离值累计达到20%的证券,002203,海亮股份
9,机构专用,0.0,0.0,102848453.0,0.034619279327,-102848453.0,连续三个交易日内，涨幅偏离值累计达到20%的证券,002203,海亮股份
10,机构专用,0.0,0.0,97371299.6,0.032775643395,-97371299.6,连续三个交易日内，涨幅偏离值累计达到20%的证券,002203,海亮股份
1,国泰海通证券股份有限公司上海松江区中山东路证券营业部,115024768.0,0.047947023968,0.0,0.0,115024768.0,日涨幅偏离值达到7%的前5只证券,002203,海亮股份
2,华鑫证券有限责任公司上海陆家嘴证券营业部,112249472.0,0.046790167178,2857435.0,0.001191095682,109392037.0,日涨幅偏离值达到7%的前5只证券,002203,海亮股份
3,东方证券股份有限公司无锡梁清路证券营业部,94911616.0,0.039563040259,798917.0,0.000333021255,94112699.0,日涨幅偏离值达到7%的前5只证券,002203,海亮股份
4,国新证券股份有限公司北京分公司,58911752.0,0.024556825754,0.0,0.0,58911752.0,日涨幅偏离值达到7%的前5只证券,002203,海亮股份
5,东亚前海证券有限责任公司深圳分公司,58185043.0,0.024253903744,89034.0,3.711301e-05,58096009.0,日涨幅偏离值达到7%的前5只证券,002203,海亮股份
6,国泰海通证券股份有限公司上海松江区中山东路证券营业部,115024768.0,0.038717884973,0.0,0.0,115024768.0,连续三个交易日内，涨幅偏离值累计达到20%的证券,002203,海亮股份
7,华鑫证券有限责任公司上海陆家嘴证券营业部,114693729.0,0.038606455668,2857435.0,0.000961826236,111836294.0,连续三个交易日内，涨幅偏离值累计达到20%的证券,002203,海亮股份
8,联储证券股份有限公司杭州西湖桃源岭证券营业部,106550000.0,0.035865237684,0.0,0.0,106550000.0,连续三个交易日内，涨幅偏离值累计达到20%的证券,002203,海亮股份
9,东方证券股份有限公司无锡梁清路证券营业部,94911616.0,0.031947702175,798917.0,0.000268919269,94112699.0,连续三个交易日内，涨幅偏离值累计达到20%的证券,002203,海亮股份
10,深股通专用,90011501.87,0.030298300412,410736768.44,0.138255953314,-320725266.57,连续三个交易日内，涨幅偏离值累计达到20%的证券,002203,海亮股份
1,深股通专用,47374453.87,0.019747608403,390029841.44,0.162580377086,-342655387.57,日涨幅偏离值达到7%的前5只证券,002203,海亮股份
2,机构专用,0.0,0.0,187845816.0,0.078301812719,-187845816.0,日涨幅偏离值达到7%的前5只证券,002203,海亮股份
3,机构专用,0.0,0.0,107036416.0,0.044617152398,-107036416.0,日涨幅偏离值达到7%的前5只证券,002203,海亮股份
4,机构专用,0.0,0.0,97371299.6,0.040588336902,-97371299.6,日涨幅偏离值达到7%的前5只证券,002203,海亮股份
5,开源证券股份有限公司西安太华路证券营业部,9923370.88,0.004136466517,81032080.0,0.033777482445,-71108709.12,日涨幅偏离值达到7%的前5只证券,002203,海亮股份
6,深股通专用,90011501.87,0.030298300412,410736768.44,0.138255953314,-320725266.57,连续三个交易日内，涨幅偏离值累计达到20%的证券,002203,海亮股份
7,机构专用,0.0,0.0,187845816.0,0.063229796703,-187845816.0,连续三个交易日内，涨幅偏离值累计达到20%的证券,002203,海亮股份
8,机构专用,0.0,0.0,107106739.0,0.036052638684,-107106739.0,连续三个交易日内，涨幅偏离值累计达到20%的证券,002203,海亮股份
9,机构专用,0.0,0.0,102848453.0,0.034619279327,-102848453.0,连续三个交易日内，涨幅偏离值累计达到20%的证券,002203,海亮股份
10,机构专用,0.0,0.0,97371299.6,0.032775643395,-97371299.6,连续三个交易日内，涨幅偏离值累计达到20%的证券,002203,海亮股份
1,深股通专用,264847110.2,0.057054731799,162929234.82,0.035099056916,101917875.38,日换手率达到20%的前5只证券,002354,天娱数科
2,机构专用,92196110.0,0.019861361995,36500026.0,0.007863024039,55696084.0,日换手率达到20%的前5只证券,002354,天娱数科
3,机构专用,51139997.68,0.011016842319,30564786.73,0.006584424153,20575210.95,日换手率达到20%的前5只证券,002354,天娱数科
4,机构专用,49078236.74,0.010572687134,16210881.0,0.003492231677,32867355.74,日换手率达到20%的前5只证券,002354,天娱数科
5,招商证券股份有限公司深圳益田路免税商务大厦证券营业部,44747935.12,0.009639831203,18586926.0,0.004004091557,26161009.12,日换手率达到20%的前5只证券,002354,天娱数科
1,深股通专用,264847110.2,0.057054731799,162929234.82,0.035099056916,101917875.38,日换手率达到20%的前5只证券,002354,天娱数科
2,开源证券股份有限公司西安太华路证券营业部,260478.0,5.6113516e-05,110864290.68,0.023882957855,-110603812.68,日换手率达到20%的前5只证券,002354,天娱数科
3,机构专用,24197825.0,0.005212820387,83028457.27,0.017886418914,-58830632.27,日换手率达到20%的前5只证券,002354,天娱数科
4,中国国际金融股份有限公司上海分公司,21211378.0,0.004569464556,45858535.94,0.009879082565,-24647157.94,日换手率达到20%的前5只证券,002354,天娱数科
5,东方财富证券股份有限公司山南香曲东路证券营业部,27253197.0,0.005871024397,38038259.85,0.008194398316,-10785062.85,日换手率达到20%的前5只证券,002354,天娱数科
1,国信证券股份有限公司浙江互联网分公司,65196480.34,0.017202005293,68937794.08,0.018189145986,-3741313.74,日跌幅偏离值达到7%的前5只证券,002361,神剑股份
2,深股通专用,64314500.4,0.01696929605,30524681.0,0.008053896796,33789819.4,日跌幅偏离值达到7%的前5只证券,002361,神剑股份
3,东方财富证券股份有限公司拉萨东环路第二证券营业部,46708630.14,0.012324010418,46577728.43,0.012289472174,130901.71,日跌幅偏离值达到7%的前5只证券,002361,神剑股份
4,东方财富证券股份有限公司拉萨金融城南环路证券营业部,42091160.96,0.011105697269,50110174.83,0.013221503495,-8019013.87,日跌幅偏离值达到7%的前5只证券,002361,神剑股份
5,东方财富证券股份有限公司昌都两江大道证券营业部,41193101.75,0.010868745531,44789866.0,0.011817747032,-3596764.25,日跌幅偏离值达到7%的前5只证券,002361,神剑股份
1,国信证券股份有限公司浙江互联网分公司,65196480.34,0.017202005293,68937794.08,0.018189145986,-3741313.74,日跌幅偏离值达到7%的前5只证券,002361,神剑股份
2,东方财富证券股份有限公司拉萨金融城南环路证券营业部,42091160.96,0.011105697269,50110174.83,0.013221503495,-8019013.87,日跌幅偏离值达到7%的前5只证券,002361,神剑股份
3,东方财富证券股份有限公司拉萨东环路第二证券营业部,46708630.14,0.012324010418,46577728.43,0.012289472174,130901.71,日跌幅偏离值达到7%的前5只证券,002361,神剑股份
4,东方财富证券股份有限公司拉萨团结路第一证券营业部,32740438.0,0.008638521356,45396498.1,0.011977806111,-12656060.1,日跌幅偏离值达到7%的前5只证券,002361,神剑股份
5,东方财富证券股份有限公司昌都两江大道证券营业部,41193101.75,0.010868745531,44789866.0,0.011817747032,-3596764.25,日跌幅偏离值达到7%的前5只证券,002361,神剑股份
1,国信证券股份有限公司浙江互联网分公司,48494092.2,0.016463872548,39608934.0,0.013447337842,8885158.2,日换手率达到20%的前5只证券,002421,达实智能
2,平安证券股份有限公司广州体育东路证券营业部,35960534.0,0.012208696393,5229208.0,0.001775329945,30731326.0,日换手率达到20%的前5只证券,002421,达实智能
3,国泰海通证券股份有限公司上海松江区中山东路证券营业部,35880477.0,0.01218151683,224182.0,7.6110382e-05,35656295.0,日换手率达到20%的前5只证券,002421,达实智能
4,东方财富证券股份有限公司拉萨金融城南环路证券营业部,35198149.0,0.011949864669,27057497.0,0.009186091787,8140652.0,日换手率达到20%的前5只证券,002421,达实智能
5,深股通专用,30373336.0,0.010311827896,64514229.94,0.021902751677,-34140893.94,日换手率达到20%的前5只证券,002421,达实智能
6,国信证券股份有限公司浙江互联网分公司,48494092.2,0.016463872548,39608934.0,0.013447337842,8885158.2,日跌幅偏离值达到7%的前5只证券,002421,达实智能
7,平安证券股份有限公司广州体育东路证券营业部,35960534.0,0.012208696393,5229208.0,0.001775329945,30731326.0,日跌幅偏离值达到7%的前5只证券,002421,达实智能
8,国泰海通证券股份有限公司上海松江区中山东路证券营业部,35880477.0,0.01218151683,224182.0,7.6110382e-05,35656295.0,日跌幅偏离值达到7%的前5只证券,002421,达实智能
9,东方财富证券股份有限公司拉萨金融城南环路证券营业部,35198149.0,0.011949864669,27057497.0,0.009186091787,8140652.0,日跌幅偏离值达到7%的前5只证券,002421,达实智能
10,深股通专用,30373336.0,0.010311827896,64514229.94,0.021902751677,-34140893.94,日跌幅偏离值达到7%的前5只证券,002421,达实智能
11,深股通专用,117620426.0,0.016088780763,503350672.86,0.068851124739,-385730246.86,连续三个交易日内，跌幅偏离值累计达到20%的证券,002421,达实智能
12,国信证券股份有限公司浙江互联网分公司,108751166.16,0.014875593717,83008334.0,0.011354344927,25742832.16,连续三个交易日内，跌幅偏离值累计达到20%的证券,002421,达实智能
13,机构专用,79040587.39,0.010811614318,102281739.0,0.01399066923,-23241151.61,连续三个交易日内，跌幅偏离值累计达到20%的证券,002421,达实智能
14,东方财富证券股份有限公司拉萨金融城南环路证券营业部,75903043.16,0.010382443442,63777727.64,0.008723874861,12125315.52,连续三个交易日内，跌幅偏离值累计达到20%的证券,002421,达实智能
15,东方财富证券股份有限公司昌都两江大道证券营业部,71404839.0,0.009767153879,53626981.97,0.007335399005,17777857.03,连续三个交易日内，跌幅偏离值累计达到20%的证券,002421,达实智能
1,深股通专用,30373336.0,0.010311827896,64514229.94,0.021902751677,-34140893.94,日换手率达到20%的前5只证券,002421,达实智能
2,机构专用,12682550.0,0.004305759265,44987435.0,0.015273353155,-32304885.0,日换手率达到20%的前5只证券,002421,达实智能
3,国信证券股份有限公司浙江互联网分公司,48494092.2,0.016463872548,39608934.0,0.013447337842,8885158.2,日换手率达到20%的前5只证券,002421,达实智能
4,招商证券股份有限公司深圳益田路免税商务大厦证券营业部,1558620.0,0.000529155612,38935045.0,0.013218550744,-37376425.0,日换手率达到20%的前5只证券,002421,达实智能
5,东方财富证券股份有限公司拉萨金融城南环路证券营业部,35198149.0,0.011949864669,27057497.0,0.009186091787,8140652.0,日换手率达到20%的前5只证券,002421,达实智能
6,深股通专用,30373336.0,0.010311827896,64514229.94,0.021902751677,-34140893.94,日跌幅偏离值达到7%的前5只证券,002421,达实智能
7,机构专用,12682550.0,0.004305759265,44987435.0,0.015273353155,-32304885.0,日跌幅偏离值达到7%的前5只证券,002421,达实智能
8,国信证券股份有限公司浙江互联网分公司,48494092.2,0.016463872548,39608934.0,0.013447337842,8885158.2,日跌幅偏离值达到7%的前5只证券,002421,达实智能
9,招商证券股份有限公司深圳益田路免税商务大厦证券营业部,1558620.0,0.000529155612,38935045.0,0.013218550744,-37376425.0,日跌幅偏离值达到7%的前5只证券,002421,达实智能
10,东方财富证券股份有限公司拉萨金融城南环路证券营业部,35198149.0,0.011949864669,27057497.0,0.009186091787,8140652.0,日跌幅偏离值达到7%的前5只证券,002421,达实智能
11,深股通专用,117620426.0,0.016088780763,503350672.86,0.068851124739,-385730246.86,连续三个交易日内，跌幅偏离值累计达到20%的证券,002421,达实智能
12,招商证券股份有限公司深圳益田路免税商务大厦证券营业部,13774072.0,0.001884094729,102794656.74,0.014060828991,-89020584.74,连续三个交易日内，跌幅偏离值累计达到20%的证券,002421,达实智能
13,机构专用,79040587.39,0.010811614318,102281739.0,0.01399066923,-23241151.61,连续三个交易日内，跌幅偏离值累计达到20%的证券,002421,达实智能
14,国信证券股份有限公司浙江互联网分公司,108751166.16,0.014875593717,83008334.0,0.011354344927,25742832.16,连续三个交易日内，跌幅偏离值累计达到20%的证券,002421,达实智能
15,机构专用,36760240.35,0.005028271601,66713337.04,0.00912542396,-29953096.69,连续三个交易日内，跌幅偏离值累计达到20%的证券,002421,达实智能
1,国信证券股份有限公司浙江互联网分公司,48494092.2,0.016463872548,39608934.0,0.013447337842,8885158.2,日换手率达到20%的前5只证券,002421,达实智能
2,平安证券股份有限公司广州体育东路证券营业部,35960534.0,0.012208696393,5229208.0,0.001775329945,30731326.0,日换手率达到20%的前5只证券,002421,达实智能
3,国泰海通证券股份有限公司上海松江区中山东路证券营业部,35880477.0,0.01218151683,224182.0,7.6110382e-05,35656295.0,日换手率达到20%的前5只证券,002421,达实智能
4,东方财富证券股份有限公司拉萨金融城南环路证券营业部,35198149.0,0.011949864669,27057497.0,0.009186091787,8140652.0,日换手率达到20%的前5只证券,002421,达实智能
5,深股通专用,30373336.0,0.010311827896,64514229.94,0.021902751677,-34140893.94,日换手率达到20%的前5只证券,002421,达实智能
6,国信证券股份有限公司浙江互联网分公司,48494092.2,0.016463872548,39608934.0,0.013447337842,8885158.2,日跌幅偏离值达到7%的前5只证券,002421,达实智能
7,平安证券股份有限公司广州体育东路证券营业部,35960534.0,0.012208696393,5229208.0,0.001775329945,30731326.0,日跌幅偏离值达到7%的前5只证券,002421,达实智能
8,国泰海通证券股份有限公司上海松江区中山东路证券营业部,35880477.0,0.01218151683,224182.0,7.6110382e-05,35656295.0,日跌幅偏离值达到7%的前5只证券,002421,达实智能
9,东方财富证券股份有限公司拉萨金融城南环路证券营业部,35198149.0,0.011949864669,27057497.0,0.009186091787,8140652.0,日跌幅偏离值达到7%的前5只证券,002421,达实智能
10,深股通专用,30373336.0,0.010311827896,64514229.94,0.021902751677,-34140893.94,日跌幅偏离值达到7%的前5只证券,002421,达实智能
11,深股通专用,117620426.0,0.016088780763,503350672.86,0.068851124739,-385730246.86,连续三个交易日内，跌幅偏离值累计达到20%的证券,002421,达实智能
12,国信证券股份有限公司浙江互联网分公司,108751166.16,0.014875593717,83008334.0,0.011354344927,25742832.16,连续三个交易日内，跌幅偏离值累计达到20%的证券,002421,达实智能
13,机构专用,79040587.39,0.010811614318,102281739.0,0.01399066923,-23241151.61,连续三个交易日内，跌幅偏离值累计达到20%的证券,002421,达实智能
14,东方财富证券股份有限公司拉萨金融城南环路证券营业部,75903043.16,0.010382443442,63777727.64,0.008723874861,12125315.52,连续三个交易日内，跌幅偏离值累计达到20%的证券,002421,达实智能
15,东方财富证券股份有限公司昌都两江大道证券营业部,71404839.0,0.009767153879,53626981.97,0.007335399005,17777857.03,连续三个交易日内，跌幅偏离值累计达到20%的证券,002421,达实智能
1,深股通专用,30373336.0,0.010311827896,64514229.94,0.021902751677,-34140893.94,日换手率达到20%的前5只证券,002421,达实智能
2,机构专用,12682550.0,0.004305759265,44987435.0,0.015273353155,-32304885.0,日换手率达到20%的前5只证券,002421,达实智能
3,国信证券股份有限公司浙江互联网分公司,48494092.2,0.016463872548,39608934.0,0.013447337842,8885158.2,日换手率达到20%的前5只证券,002421,达实智能
4,招商证券股份有限公司深圳益田路免税商务大厦证券营业部,1558620.0,0.000529155612,38935045.0,0.013218550744,-37376425.0,日换手率达到20%的前5只证券,002421,达实智能
5,东方财富证券股份有限公司拉萨金融城南环路证券营业部,35198149.0,0.011949864669,27057497.0,0.009186091787,8140652.0,日换手率达到20%的前5只证券,002421,达实智能
6,深股通专用,30373336.0,0.010311827896,64514229.94,0.021902751677,-34140893.94,日跌幅偏离值达到7%的前5只证券,002421,达实智能
7,机构专用,12682550.0,0.004305759265,44987435.0,0.015273353155,-32304885.0,日跌幅偏离值达到7%的前5只证券,002421,达实智能
8,国信证券股份有限公司浙江互联网分公司,48494092.2,0.016463872548,39608934.0,0.013447337842,8885158.2,日跌幅偏离值达到7%的前5只证券,002421,达实智能
9,招商证券股份有限公司深圳益田路免税商务大厦证券营业部,1558620.0,0.000529155612,38935045.0,0.013218550744,-37376425.0,日跌幅偏离值达到7%的前5只证券,002421,达实智能
10,东方财富证券股份有限公司拉萨金融城南环路证券营业部,35198149.0,0.011949864669,27057497.0,0.009186091787,8140652.0,日跌幅偏离值达到7%的前5只证券,002421,达实智能
11,深股通专用,117620426.0,0.016088780763,503350672.86,0.068851124739,-385730246.86,连续三个交易日内，跌幅偏离值累计达到20%的证券,002421,达实智能
12,招商证券股份有限公司深圳益田路免税商务大厦证券营业部,13774072.0,0.001884094729,102794656.74,0.014060828991,-89020584.74,连续三个交易日内，跌幅偏离值累计达到20%的证券,002421,达实智能
13,机构专用,79040587.39,0.010811614318,102281739.0,0.01399066923,-23241151.61,连续三个交易日内，跌幅偏离值累计达到20%的证券,002421,达实智能
14,国信证券股份有限公司浙江互联网分公司,108751166.16,0.014875593717,83008334.0,0.011354344927,25742832.16,连续三个交易日内，跌幅偏离值累计达到20%的证券,002421,达实智能
15,机构专用,36760240.35,0.005028271601,66713337.04,0.00912542396,-29953096.69,连续三个交易日内，跌幅偏离值累计达到20%的证券,002421,达实智能
1,国信证券股份有限公司浙江互联网分公司,48494092.2,0.016463872548,39608934.0,0.013447337842,8885158.2,日换手率达到20%的前5只证券,002421,达实智能
2,平安证券股份有限公司广州体育东路证券营业部,35960534.0,0.012208696393,5229208.0,0.001775329945,30731326.0,日换手率达到20%的前5只证券,002421,达实智能
3,国泰海通证券股份有限公司上海松江区中山东路证券营业部,35880477.0,0.01218151683,224182.0,7.6110382e-05,35656295.0,日换手率达到20%的前5只证券,002421,达实智能
4,东方财富证券股份有限公司拉萨金融城南环路证券营业部,35198149.0,0.011949864669,27057497.0,0.009186091787,8140652.0,日换手率达到20%的前5只证券,002421,达实智能
5,深股通专用,30373336.0,0.010311827896,64514229.94,0.021902751677,-34140893.94,日换手率达到20%的前5只证券,002421,达实智能
6,国信证券股份有限公司浙江互联网分公司,48494092.2,0.016463872548,39608934.0,0.013447337842,8885158.2,日跌幅偏离值达到7%的前5只证券,002421,达实智能
7,平安证券股份有限公司广州体育东路证券营业部,35960534.0,0.012208696393,5229208.0,0.001775329945,30731326.0,日跌幅偏离值达到7%的前5只证券,002421,达实智能
8,国泰海通证券股份有限公司上海松江区中山东路证券营业部,35880477.0,0.01218151683,224182.0,7.6110382e-05,35656295.0,日跌幅偏离值达到7%的前5只证券,002421,达实智能
9,东方财富证券股份有限公司拉萨金融城南环路证券营业部,35198149.0,0.011949864669,27057497.0,0.009186091787,8140652.0,日跌幅偏离值达到7%的前5只证券,002421,达实智能
10,深股通专用,30373336.0,0.010311827896,64514229.94,0.021902751677,-34140893.94,日跌幅偏离值达到7%的前5只证券,002421,达实智能
11,深股通专用,117620426.0,0.016088780763,503350672.86,0.068851124739,-385730246.86,连续三个交易日内，跌幅偏离值累计达到20%的证券,002421,达实智能
12,国信证券股份有限公司浙江互联网分公司,108751166.16,0.014875593717,83008334.0,0.011354344927,25742832.16,连续三个交易日内，跌幅偏离值累计达到20%的证券,002421,达实智能
13,机构专用,79040587.39,0.010811614318,102281739.0,0.01399066923,-23241151.61,连续三个交易日内，跌幅偏离值累计达到20%的证券,002421,达实智能
14,东方财富证券股份有限公司拉萨金融城南环路证券营业部,75903043.16,0.010382443442,63777727.64,0.008723874861,12125315.52,连续三个交易日内，跌幅偏离值累计达到20%的证券,002421,达实智能
15,东方财富证券股份有限公司昌都两江大道证券营业部,71404839.0,0.009767153879,53626981.97,0.007335399005,17777857.03,连续三个交易日内，跌幅偏离值累计达到20%的证券,002421,达实智能
1,深股通专用,30373336.0,0.010311827896,64514229.94,0.021902751677,-34140893.94,日换手率达到20%的前5只证券,002421,达实智能
2,机构专用,12682550.0,0.004305759265,44987435.0,0.015273353155,-32304885.0,日换手率达到20%的前5只证券,002421,达实智能
3,国信证券股份有限公司浙江互联网分公司,48494092.2,0.016463872548,39608934.0,0.013447337842,8885158.2,日换手率达到20%的前5只证券,002421,达实智能
4,招商证券股份有限公司深圳益田路免税商务大厦证券营业部,1558620.0,0.000529155612,38935045.0,0.013218550744,-37376425.0,日换手率达到20%的前5只证券,002421,达实智能
5,东方财富证券股份有限公司拉萨金融城南环路证券营业部,35198149.0,0.011949864669,27057497.0,0.009186091787,8140652.0,日换手率达到20%的前5只证券,002421,达实智能
6,深股通专用,30373336.0,0.010311827896,64514229.94,0.021902751677,-34140893.94,日跌幅偏离值达到7%的前5只证券,002421,达实智能
7,机构专用,12682550.0,0.004305759265,44987435.0,0.015273353155,-32304885.0,日跌幅偏离值达到7%的前5只证券,002421,达实智能
8,国信证券股份有限公司浙江互联网分公司,48494092.2,0.016463872548,39608934.0,0.013447337842,8885158.2,日跌幅偏离值达到7%的前5只证券,002421,达实智能
9,招商证券股份有限公司深圳益田路免税商务大厦证券营业部,1558620.0,0.000529155612,38935045.0,0.013218550744,-37376425.0,日跌幅偏离值达到7%的前5只证券,002421,达实智能
10,东方财富证券股份有限公司拉萨金融城南环路证券营业部,35198149.0,0.011949864669,27057497.0,0.009186091787,8140652.0,日跌幅偏离值达到7%的前5只证券,002421,达实智能
11,深股通专用,117620426.0,0.016088780763,503350672.86,0.068851124739,-385730246.86,连续三个交易日内，跌幅偏离值累计达到20%的证券,002421,达实智能
12,招商证券股份有限公司深圳益田路免税商务大厦证券营业部,13774072.0,0.001884094729,102794656.74,0.014060828991,-89020584.74,连续三个交易日内，跌幅偏离值累计达到20%的证券,002421,达实智能
13,机构专用,79040587.39,0.010811614318,102281739.0,0.01399066923,-23241151.61,连续三个交易日内，跌幅偏离值累计达到20%的证券,002421,达实智能
14,国信证券股份有限公司浙江互联网分公司,108751166.16,0.014875593717,83008334.0,0.011354344927,25742832.16,连续三个交易日内，跌幅偏离值累计达到20%的证券,002421,达实智能
15,机构专用,36760240.35,0.005028271601,66713337.04,0.00912542396,-29953096.69,连续三个交易日内，跌幅偏离值累计达到20%的证券,002421,达实智能
1,东方财富证券股份有限公司拉萨金融城南环路证券营业部,12046603.0,0.015416567007,24177644.0,0.030941193032,-12131041.0,日振幅值达到15%的前5只证券,002613,北玻股份
2,机构专用,11255578.0,0.014404257569,18022961.2,0.023064775108,-6767383.2,日振幅值达到15%的前5只证券,002613,北玻股份
3,国投证券股份有限公司杭州湖墅南路证券营业部,9108184.0,0.011656143143,37668.0,4.8205394e-05,9070516.0,日振幅值达到15%的前5只证券,002613,北玻股份
4,东方财富证券股份有限公司拉萨团结路第一证券营业部,8715333.0,0.011153394462,7609696.0,0.009738462228,1105637.0,日振幅值达到15%的前5只证券,002613,北玻股份
5,东方财富证券股份有限公司拉萨东环路第一证券营业部,7253922.0,0.009283162613,7159436.0,0.009162244728,94486.0,日振幅值达到15%的前5只证券,002613,北玻股份
1,东方财富证券股份有限公司拉萨金融城南环路证券营业部,12046603.0,0.015416567007,24177644.0,0.030941193032,-12131041.0,日振幅值达到15%的前5只证券,002613,北玻股份
2,机构专用,5210404.0,0.006667982866,20527279.9,0.026269661751,-15316875.9,日振幅值达到15%的前5只证券,002613,北玻股份
3,机构专用,6700916.0,0.008575456543,19551006.0,0.025020281158,-12850090.0,日振幅值达到15%的前5只证券,002613,北玻股份
4,机构专用,11255578.0,0.014404257569,18022961.2,0.023064775108,-6767383.2,日振幅值达到15%的前5只证券,002613,北玻股份
5,机构专用,2067180.0,0.002645461047,14660916.0,0.018762218187,-12593736.0,日振幅值达到15%的前5只证券,002613,北玻股份
1,广发证券股份有限公司郑州农业路证券营业部,22755786.0,0.021928940518,323717.0,0.000311954544,22432069.0,日跌幅偏离值达到7%的前5只证券,002669,康达新材
2,机构专用,17243102.0,0.016616563282,16376711.7,0.015781653806,866390.3,日跌幅偏离值达到7%的前5只证券,002669,康达新材
3,东方财富证券股份有限公司拉萨东环路第二证券营业部,15747486.0,0.015175291409,14864522.0,0.014324410449,882964.0,日跌幅偏离值达到7%的前5只证券,002669,康达新材
4,东方财富证券股份有限公司拉萨金融城南环路证券营业部,12015595.0,0.011579000964,10989335.0,0.010590030753,1026260.0,日跌幅偏离值达到7%的前5只证券,002669,康达新材
5,东方财富证券股份有限公司昌都两江大道证券营业部,11822138.0,0.011392573343,7868583.0,0.007582673196,3953555.0,日跌幅偏离值达到7%的前5只证券,002669,康达新材
1,机构专用,961498.0,0.000926561379,19599416.0,0.018887259163,-18637918.0,日跌幅偏离值达到7%的前5只证券,002669,康达新材
2,东北证券股份有限公司长春卫星路证券营业部,69996.0,6.7452652e-05,16882121.0,0.016268698749,-16812125.0,日跌幅偏离值达到7%的前5只证券,002669,康达新材
3,机构专用,17243102.0,0.016616563282,16376711.7,0.015781653806,866390.3,日跌幅偏离值达到7%的前5只证券,002669,康达新材
4,东方财富证券股份有限公司拉萨东环路第二证券营业部,15747486.0,0.015175291409,14864522.0,0.014324410449,882964.0,日跌幅偏离值达到7%的前5只证券,002669,康达新材
5,东方财富证券股份有限公司拉萨团结路第一证券营业部,11657393.0,0.011233814454,13872864.0,0.013368784953,-2215471.0,日跌幅偏离值达到7%的前5只证券,002669,康达新材
1,深股通专用,228529526.97,0.073640309935,373853173.87,0.120468737494,-145323646.9,日涨幅偏离值达到7%的前5只证券,002812,恩捷股份
2,开源证券股份有限公司西安太华路证券营业部,101911106.0,0.032839368861,97305.0,3.1355118e-05,101813801.0,日涨幅偏离值达到7%的前5只证券,002812,恩捷股份
3,机构专用,100771904.58,0.032472277803,40684474.0,0.013109978893,60087430.58,日涨幅偏离值达到7%的前5只证券,002812,恩捷股份
4,机构专用,81308372.5,0.026200438213,62869170.2,0.020258673968,18439202.3,日涨幅偏离值达到7%的前5只证券,002812,恩捷股份
5,机构专用,80311673.09,0.025879266352,19893596.0,0.006410421422,60418077.09,日涨幅偏离值达到7%的前5只证券,002812,恩捷股份
1,深股通专用,228529526.97,0.073640309935,373853173.87,0.120468737494,-145323646.9,日涨幅偏离值达到7%的前5只证券,002812,恩捷股份
2,机构专用,81308372.5,0.026200438213,62869170.2,0.020258673968,18439202.3,日涨幅偏离值达到7%的前5只证券,002812,恩捷股份
3,机构专用,100771904.58,0.032472277803,40684474.0,0.013109978893,60087430.58,日涨幅偏离值达到7%的前5只证券,002812,恩捷股份
4,中国国际金融股份有限公司上海分公司,18520667.0,0.005968015058,35621273.0,0.011478436151,-17100606.0,日涨幅偏离值达到7%的前5只证券,002812,恩捷股份
5,国信证券股份有限公司湖北分公司,37032.0,1.1933022e-05,23699443.0,0.007636800159,-23662411.0,日涨幅偏离值达到7%的前5只证券,002812,恩捷股份
1,机构专用,84360495.85,0.017624466875,61231864.4,0.012792468263,23128631.45,日换手率达到20%的前5只证券,002842,翔鹭钨业
2,机构专用,77336164.32,0.016156954183,87117244.9,0.018200402706,-9781080.58,日换手率达到20%的前5只证券,002842,翔鹭钨业
3,机构专用,58402525.68,0.012201367108,33877943.0,0.007077728481,24524582.68,日换手率达到20%的前5只证券,002842,翔鹭钨业
4,兴业证券股份有限公司深圳分公司,57392110.26,0.01199027265,870580.0,0.000181880254,56521530.26,日换手率达到20%的前5只证券,002842,翔鹭钨业
5,华泰证券股份有限公司上海黄浦区来福士广场证券营业部,52512374.8,0.010970805717,796844.0,0.00016647544,51715530.8,日换手率达到20%的前5只证券,002842,翔鹭钨业
1,国泰海通证券股份有限公司北京知春路证券营业部,3054194.2,0.000638077621,208916614.16,0.043646542244,-205862419.96,日换手率达到20%的前5只证券,002842,翔鹭钨业
2,机构专用,42245350.0,0.008825834464,114297788.5,0.02387892066,-72052438.5,日换手率达到20%的前5只证券,002842,翔鹭钨业
3,开源证券股份有限公司西安太华路证券营业部,682722.0,0.000142633245,113294392.1,0.023669292606,-112611670.1,日换手率达到20%的前5只证券,002842,翔鹭钨业
4,机构专用,77336164.32,0.016156954183,87117244.9,0.018200402706,-9781080.58,日换手率达到20%的前5只证券,002842,翔鹭钨业
5,国泰海通证券股份有限公司武汉紫阳东路证券营业部,525692.0,0.000109826776,63449303.0,0.013255732173,-62923611.0,日换手率达到20%的前5只证券,002842,翔鹭钨业
1,深股通专用,36018924.0,0.092383324916,15459337.0,0.039650961063,20559587.0,日振幅值达到15%的前5只证券,002845,同兴达
2,机构专用,15846714.8,0.040644529032,13871185.0,0.03557758113,1975529.8,日振幅值达到15%的前5只证券,002845,同兴达
3,机构专用,15184331.0,0.038945610491,10370055.6,0.026597691144,4814275.4,日振幅值达到15%的前5只证券,002845,同兴达
4,机构专用,13134439.0,0.033687934313,8455916.0,0.021688200216,4678523.0,日振幅值达到15%的前5只证券,002845,同兴达
5,机构专用,8216325.0,0.021073683992,2435414.0,0.006246484289,5780911.0,日振幅值达到15%的前5只证券,002845,同兴达
1,深股通专用,36018924.0,0.092383324916,15459337.0,0.039650961063,20559587.0,日振幅值达到15%的前5只证券,002845,同兴达
2,机构专用,15846714.8,0.040644529032,13871185.0,0.03557758113,1975529.8,日振幅值达到15%的前5只证券,002845,同兴达
3,机构专用,15184331.0,0.038945610491,10370055.6,0.026597691144,4814275.4,日振幅值达到15%的前5只证券,002845,同兴达
4,机构专用,13134439.0,0.033687934313,8455916.0,0.021688200216,4678523.0,日振幅值达到15%的前5只证券,002845,同兴达
5,西部证券股份有限公司上海世纪大道证券营业部,0.0,0.0,6291730.0,0.016137376477,-6291730.0,日振幅值达到15%的前5只证券,002845,同兴达
1,东吴证券股份有限公司嘉兴中山西路证券营业部,17294837.0,0.052887192082,2925426.0,0.008945881756,14369411.0,日跌幅偏离值达到7%的前5只证券,002962,五方光电
2,机构专用,14697314.4,0.044944030971,2042809.0,0.006246860376,12654505.4,日跌幅偏离值达到7%的前5只证券,002962,五方光电
3,机构专用,11432499.0,0.034960304661,1512437.8,0.00462499811,9920061.2,日跌幅偏离值达到7%的前5只证券,002962,五方光电
4,机构专用,7672467.0,0.023462218,860716.0,0.002632048652,6811751.0,日跌幅偏离值达到7%的前5只证券,002962,五方光电
5,国信证券股份有限公司深圳互联网分公司,6419704.0,0.01963129913,914812.0,0.002797472908,5504892.0,日跌幅偏离值达到7%的前5只证券,002962,五方光电
1,中信建投证券股份有限公司武汉中北路证券营业部,47205.0,0.000144351745,10503065.6,0.032118119866,-10455860.6,日跌幅偏离值达到7%的前5只证券,002962,五方光电
2,东方财富证券股份有限公司拉萨金融城南环路证券营业部,2900301.0,0.008869050115,3532963.0,0.010803715167,-632662.0,日跌幅偏离值达到7%的前5只证券,002962,五方光电
3,东方财富证券股份有限公司拉萨团结路第一证券营业部,1886092.0,0.005767623591,3359466.0,0.010273165548,-1473374.0,日跌幅偏离值达到7%的前5只证券,002962,五方光电
4,东方财富证券股份有限公司拉萨东环路第二证券营业部,2422437.0,0.007407753593,2958841.0,0.009048064015,-536404.0,日跌幅偏离值达到7%的前5只证券,002962,五方光电
5,东吴证券股份有限公司嘉兴中山西路证券营业部,17294837.0,0.052887192082,2925426.0,0.008945881756,14369411.0,日跌幅偏离值达到7%的前5只证券,002962,五方光电
1,深股通专用,131258824.2,0.03947069528,120966220.0,0.036375617699,10292604.2,日换手率达到20%的前5只证券,002971,和远气体
2,机构专用,90902941.76,0.027335322681,46411061.2,0.01395621868,44491880.56,日换手率达到20%的前5只证券,002971,和远气体
3,机构专用,72713245.0,0.021865519166,16131960.3,0.004851023869,56581284.7,日换手率达到20%的前5只证券,002971,和远气体
4,机构专用,72173916.5,0.021703338291,28154029.48,0.008466166944,44019887.02,日换手率达到20%的前5只证券,002971,和远气体
5,中国银河证券股份有限公司北京学院南路证券营业部,71813869.0,0.021595068807,5402246.0,0.001624503396,66411623.0,日换手率达到20%的前5只证券,002971,和远气体
6,深股通专用,131258824.2,0.03947069528,120966220.0,0.036375617699,10292604.2,日涨幅偏离值达到7%的前5只证券,002971,和远气体
7,机构专用,90902941.76,0.027335322681,46411061.2,0.01395621868,44491880.56,日涨幅偏离值达到7%的前5只证券,002971,和远气体
8,机构专用,72713245.0,0.021865519166,16131960.3,0.004851023869,56581284.7,日涨幅偏离值达到7%的前5只证券,002971,和远气体
9,机构专用,72173916.5,0.021703338291,28154029.48,0.008466166944,44019887.02,日涨幅偏离值达到7%的前5只证券,002971,和远气体
10,中国银河证券股份有限公司北京学院南路证券营业部,71813869.0,0.021595068807,5402246.0,0.001624503396,66411623.0,日涨幅偏离值达到7%的前5只证券,002971,和远气体
11,深股通专用,208551129.8,0.045593938466,159284851.0,0.034823228731,49266278.8,连续三个交易日内，涨幅偏离值累计达到20%的证券,002971,和远气体
12,机构专用,96293739.76,0.021051963849,51937761.2,0.0113547555,44355978.56,连续三个交易日内，涨幅偏离值累计达到20%的证券,002971,和远气体
13,机构专用,83369454.3,0.018226426167,37479630.48,0.00819388496,45889823.82,连续三个交易日内，涨幅偏离值累计达到20%的证券,002971,和远气体
14,机构专用,82485024.7,0.018033070088,18481691.3,0.004040510817,64003333.4,连续三个交易日内，涨幅偏离值累计达到20%的证券,002971,和远气体
15,中国银河证券股份有限公司北京学院南路证券营业部,71985750.0,0.015737693961,5443715.0,0.001190117776,66542035.0,连续三个交易日内，涨幅偏离值累计达到20%的证券,002971,和远气体
1,平安证券股份有限公司杭州曙光路证券营业部,17710177.0,0.005325607661,157614304.4,0.047396022466,-139904127.4,日换手率达到20%的前5只证券,002971,和远气体
2,深股通专用,131258824.2,0.03947069528,120966220.0,0.036375617699,10292604.2,日换手率达到20%的前5只证券,002971,和远气体
3,机构专用,0.0,0.0,99993501.5,0.030068934807,-99993501.5,日换手率达到20%的前5只证券,002971,和远气体
4,国泰海通证券股份有限公司深圳海岸城海德三道证券营业部,28924.0,8.697704e-06,93940826.0,0.028248841478,-93911902.0,日换手率达到20%的前5只证券,002971,和远气体
5,国泰海通证券股份有限公司武汉紫阳东路证券营业部,526111.0,0.000158206255,80458410.66,0.024194559331,-79932299.66,日换手率达到20%的前5只证券,002971,和远气体
6,平安证券股份有限公司杭州曙光路证券营业部,17710177.0,0.005325607661,157614304.4,0.047396022466,-139904127.4,日涨幅偏离值达到7%的前5只证券,002971,和远气体
7,深股通专用,131258824.2,0.03947069528,120966220.0,0.036375617699,10292604.2,日涨幅偏离值达到7%的前5只证券,002971,和远气体
8,机构专用,0.0,0.0,99993501.5,0.030068934807,-99993501.5,日涨幅偏离值达到7%的前5只证券,002971,和远气体
9,国泰海通证券股份有限公司深圳海岸城海德三道证券营业部,28924.0,8.697704e-06,93940826.0,0.028248841478,-93911902.0,日涨幅偏离值达到7%的前5只证券,002971,和远气体
10,国泰海通证券股份有限公司武汉紫阳东路证券营业部,526111.0,0.000158206255,80458410.66,0.024194559331,-79932299.66,日涨幅偏离值达到7%的前5只证券,002971,和远气体
11,平安证券股份有限公司杭州曙光路证券营业部,55246364.0,0.012078090026,168538097.4,0.03684619522,-113291733.4,连续三个交易日内，涨幅偏离值累计达到20%的证券,002971,和远气体
12,机构专用,0.0,0.0,159991351.5,0.034977685531,-159991351.5,连续三个交易日内，涨幅偏离值累计达到20%的证券,002971,和远气体
13,深股通专用,208551129.8,0.045593938466,159284851.0,0.034823228731,49266278.8,连续三个交易日内，涨幅偏离值累计达到20%的证券,002971,和远气体
14,国泰海通证券股份有限公司深圳海岸城海德三道证券营业部,39474.0,8.629899e-06,93940826.0,0.020537564309,-93901352.0,连续三个交易日内，涨幅偏离值累计达到20%的证券,002971,和远气体
15,国泰海通证券股份有限公司武汉紫阳东路证券营业部,615027.0,0.000134458649,80558635.66,0.017611918385,-79943608.66,连续三个交易日内，涨幅偏离值累计达到20%的证券,002971,和远气体
1,深股通专用,131258824.2,0.03947069528,120966220.0,0.036375617699,10292604.2,日换手率达到20%的前5只证券,002971,和远气体
2,机构专用,90902941.76,0.027335322681,46411061.2,0.01395621868,44491880.56,日换手率达到20%的前5只证券,002971,和远气体
3,机构专用,72713245.0,0.021865519166,16131960.3,0.004851023869,56581284.7,日换手率达到20%的前5只证券,002971,和远气体
4,机构专用,72173916.5,0.021703338291,28154029.48,0.008466166944,44019887.02,日换手率达到20%的前5只证券,002971,和远气体
5,中国银河证券股份有限公司北京学院南路证券营业部,71813869.0,0.021595068807,5402246.0,0.001624503396,66411623.0,日换手率达到20%的前5只证券,002971,和远气体
6,深股通专用,131258824.2,0.03947069528,120966220.0,0.036375617699,10292604.2,日涨幅偏离值达到7%的前5只证券,002971,和远气体
7,机构专用,90902941.76,0.027335322681,46411061.2,0.01395621868,44491880.56,日涨幅偏离值达到7%的前5只证券,002971,和远气体
8,机构专用,72713245.0,0.021865519166,16131960.3,0.004851023869,56581284.7,日涨幅偏离值达到7%的前5只证券,002971,和远气体
9,机构专用,72173916.5,0.021703338291,28154029.48,0.008466166944,44019887.02,日涨幅偏离值达到7%的前5只证券,002971,和远气体
10,中国银河证券股份有限公司北京学院南路证券营业部,71813869.0,0.021595068807,5402246.0,0.001624503396,66411623.0,日涨幅偏离值达到7%的前5只证券,002971,和远气体
11,深股通专用,208551129.8,0.045593938466,159284851.0,0.034823228731,49266278.8,连续三个交易日内，涨幅偏离值累计达到20%的证券,002971,和远气体
12,机构专用,96293739.76,0.021051963849,51937761.2,0.0113547555,44355978.56,连续三个交易日内，涨幅偏离值累计达到20%的证券,002971,和远气体
13,机构专用,83369454.3,0.018226426167,37479630.48,0.00819388496,45889823.82,连续三个交易日内，涨幅偏离值累计达到20%的证券,002971,和远气体
14,机构专用,82485024.7,0.018033070088,18481691.3,0.004040510817,64003333.4,连续三个交易日内，涨幅偏离值累计达到20%的证券,002971,和远气体
15,中国银河证券股份有限公司北京学院南路证券营业部,71985750.0,0.015737693961,5443715.0,0.001190117776,66542035.0,连续三个交易日内，涨幅偏离值累计达到20%的证券,002971,和远气体
1,平安证券股份有限公司杭州曙光路证券营业部,17710177.0,0.005325607661,157614304.4,0.047396022466,-139904127.4,日换手率达到20%的前5只证券,002971,和远气体
2,深股通专用,131258824.2,0.03947069528,120966220.0,0.036375617699,10292604.2,日换手率达到20%的前5只证券,002971,和远气体
3,机构专用,0.0,0.0,99993501.5,0.030068934807,-99993501.5,日换手率达到20%的前5只证券,002971,和远气体
4,国泰海通证券股份有限公司深圳海岸城海德三道证券营业部,28924.0,8.697704e-06,93940826.0,0.028248841478,-93911902.0,日换手率达到20%的前5只证券,002971,和远气体
5,国泰海通证券股份有限公司武汉紫阳东路证券营业部,526111.0,0.000158206255,80458410.66,0.024194559331,-79932299.66,日换手率达到20%的前5只证券,002971,和远气体
6,平安证券股份有限公司杭州曙光路证券营业部,17710177.0,0.005325607661,157614304.4,0.047396022466,-139904127.4,日涨幅偏离值达到7%的前5只证券,002971,和远气体
7,深股通专用,131258824.2,0.03947069528,120966220.0,0.036375617699,10292604.2,日涨幅偏离值达到7%的前5只证券,002971,和远气体
8,机构专用,0.0,0.0,99993501.5,0.030068934807,-99993501.5,日涨幅偏离值达到7%的前5只证券,002971,和远气体
9,国泰海通证券股份有限公司深圳海岸城海德三道证券营业部,28924.0,8.697704e-06,93940826.0,0.028248841478,-93911902.0,日涨幅偏离值达到7%的前5只证券,002971,和远气体
10,国泰海通证券股份有限公司武汉紫阳东路证券营业部,526111.0,0.000158206255,80458410.66,0.024194559331,-79932299.66,日涨幅偏离值达到7%的前5只证券,002971,和远气体
11,平安证券股份有限公司杭州曙光路证券营业部,55246364.0,0.012078090026,168538097.4,0.03684619522,-113291733.4,连续三个交易日内，涨幅偏离值累计达到20%的证券,002971,和远气体
12,机构专用,0.0,0.0,159991351.5,0.034977685531,-159991351.5,连续三个交易日内，涨幅偏离值累计达到20%的证券,002971,和远气体
13,深股通专用,208551129.8,0.045593938466,159284851.0,0.034823228731,49266278.8,连续三个交易日内，涨幅偏离值累计达到20%的证券,002971,和远气体
14,国泰海通证券股份有限公司深圳海岸城海德三道证券营业部,39474.0,8.629899e-06,93940826.0,0.020537564309,-93901352.0,连续三个交易日内，涨幅偏离值累计达到20%的证券,002971,和远气体
15,国泰海通证券股份有限公司武汉紫阳东路证券营业部,615027.0,0.000134458649,80558635.66,0.017611918385,-79943608.66,连续三个交易日内，涨幅偏离值累计达到20%的证券,002971,和远气体
1,深股通专用,131258824.2,0.03947069528,120966220.0,0.036375617699,10292604.2,日换手率达到20%的前5只证券,002971,和远气体
2,机构专用,90902941.76,0.027335322681,46411061.2,0.01395621868,44491880.56,日换手率达到20%的前5只证券,002971,和远气体
3,机构专用,72713245.0,0.021865519166,16131960.3,0.004851023869,56581284.7,日换手率达到20%的前5只证券,002971,和远气体
4,机构专用,72173916.5,0.021703338291,28154029.48,0.008466166944,44019887.02,日换手率达到20%的前5只证券,002971,和远气体
5,中国银河证券股份有限公司北京学院南路证券营业部,71813869.0,0.021595068807,5402246.0,0.001624503396,66411623.0,日换手率达到20%的前5只证券,002971,和远气体
6,深股通专用,131258824.2,0.03947069528,120966220.0,0.036375617699,10292604.2,日涨幅偏离值达到7%的前5只证券,002971,和远气体
7,机构专用,90902941.76,0.027335322681,46411061.2,0.01395621868,44491880.56,日涨幅偏离值达到7%的前5只证券,002971,和远气体
8,机构专用,72713245.0,0.021865519166,16131960.3,0.004851023869,56581284.7,日涨幅偏离值达到7%的前5只证券,002971,和远气体
9,机构专用,72173916.5,0.021703338291,28154029.48,0.008466166944,44019887.02,日涨幅偏离值达到7%的前5只证券,002971,和远气体
10,中国银河证券股份有限公司北京学院南路证券营业部,71813869.0,0.021595068807,5402246.0,0.001624503396,66411623.0,日涨幅偏离值达到7%的前5只证券,002971,和远气体
11,深股通专用,208551129.8,0.045593938466,159284851.0,0.034823228731,49266278.8,连续三个交易日内，涨幅偏离值累计达到20%的证券,002971,和远气体
12,机构专用,96293739.76,0.021051963849,51937761.2,0.0113547555,44355978.56,连续三个交易日内，涨幅偏离值累计达到20%的证券,002971,和远气体
13,机构专用,83369454.3,0.018226426167,37479630.48,0.00819388496,45889823.82,连续三个交易日内，涨幅偏离值累计达到20%的证券,002971,和远气体
14,机构专用,82485024.7,0.018033070088,18481691.3,0.004040510817,64003333.4,连续三个交易日内，涨幅偏离值累计达到20%的证券,002971,和远气体
15,中国银河证券股份有限公司北京学院南路证券营业部,71985750.0,0.015737693961,5443715.0,0.001190117776,66542035.0,连续三个交易日内，涨幅偏离值累计达到20%的证券,002971,和远气体
1,平安证券股份有限公司杭州曙光路证券营业部,17710177.0,0.005325607661,157614304.4,0.047396022466,-139904127.4,日换手率达到20%的前5只证券,002971,和远气体
2,深股通专用,131258824.2,0.03947069528,120966220.0,0.036375617699,10292604.2,日换手率达到20%的前5只证券,002971,和远气体
3,机构专用,0.0,0.0,99993501.5,0.030068934807,-99993501.5,日换手率达到20%的前5只证券,002971,和远气体
4,国泰海通证券股份有限公司深圳海岸城海德三道证券营业部,28924.0,8.697704e-06,93940826.0,0.028248841478,-93911902.0,日换手率达到20%的前5只证券,002971,和远气体
5,国泰海通证券股份有限公司武汉紫阳东路证券营业部,526111.0,0.000158206255,80458410.66,0.024194559331,-79932299.66,日换手率达到20%的前5只证券,002971,和远气体
6,平安证券股份有限公司杭州曙光路证券营业部,17710177.0,0.005325607661,157614304.4,0.047396022466,-139904127.4,日涨幅偏离值达到7%的前5只证券,002971,和远气体
7,深股通专用,131258824.2,0.03947069528,120966220.0,0.036375617699,10292604.2,日涨幅偏离值达到7%的前5只证券,002971,和远气体
8,机构专用,0.0,0.0,99993501.5,0.030068934807,-99993501.5,日涨幅偏离值达到7%的前5只证券,002971,和远气体
9,国泰海通证券股份有限公司深圳海岸城海德三道证券营业部,28924.0,8.697704e-06,93940826.0,0.028248841478,-93911902.0,日涨幅偏离值达到7%的前5只证券,002971,和远气体
10,国泰海通证券股份有限公司武汉紫阳东路证券营业部,526111.0,0.000158206255,80458410.66,0.024194559331,-79932299.66,日涨幅偏离值达到7%的前5只证券,002971,和远气体
11,平安证券股份有限公司杭州曙光路证券营业部,55246364.0,0.012078090026,168538097.4,0.03684619522,-113291733.4,连续三个交易日内，涨幅偏离值累计达到20%的证券,002971,和远气体
12,机构专用,0.0,0.0,159991351.5,0.034977685531,-159991351.5,连续三个交易日内，涨幅偏离值累计达到20%的证券,002971,和远气体
13,深股通专用,208551129.8,0.045593938466,159284851.0,0.034823228731,49266278.8,连续三个交易日内，涨幅偏离值累计达到20%的证券,002971,和远气体
14,国泰海通证券股份有限公司深圳海岸城海德三道证券营业部,39474.0,8.629899e-06,93940826.0,0.020537564309,-93901352.0,连续三个交易日内，涨幅偏离值累计达到20%的证券,002971,和远气体
15,国泰海通证券股份有限公司武汉紫阳东路证券营业部,615027.0,0.000134458649,80558635.66,0.017611918385,-79943608.66,连续三个交易日内，涨幅偏离值累计达到20%的证券,002971,和远气体
1,湘财证券股份有限公司合肥长江中路证券营业部,9904866.4,0.422126674316,0.0,0.0,9904866.4,上市首日可转债,123270,盛德转债
2,德邦证券股份有限公司上海乍浦路证券营业部,9867000.0,0.42051287996,0.0,0.0,9867000.0,上市首日可转债,123270,盛德转债
3,联储证券股份有限公司宁波分公司,1666600.0,0.071027340199,0.0,0.0,1666600.0,上市首日可转债,123270,盛德转债
4,湘财证券股份有限公司长沙韶山路证券营业部,932789.0,0.03975370313,1430.0,6.0943896e-05,931359.0,上市首日可转债,123270,盛德转债
5,德邦证券股份有限公司上海普陀区志丹路证券营业部,617903.0,0.026333857309,1573.0,6.7038285e-05,616330.0,上市首日可转债,123270,盛德转债
1,机构专用,0.0,0.0,1060202.0,0.045183804232,-1060202.0,上市首日可转债,123270,盛德转债
2,机构专用,0.0,0.0,746388.5,0.031809666333,-746388.5,上市首日可转债,123270,盛德转债
3,中信建投证券股份有限公司北京鸿翼分公司,0.0,0.0,716742.0,0.030546188569,-716742.0,上市首日可转债,123270,盛德转债
4,招商证券股份有限公司南通工农路证券营业部,0.0,0.0,521300.0,0.02221682014,-521300.0,上市首日可转债,123270,盛德转债
5,东北证券股份有限公司广州燕翔路证券营业部,0.0,0.0,471614.0,0.020099296784,-471614.0,上市首日可转债,123270,盛德转债
1,深股通专用,450749177.07,0.066890755435,320859006.61,0.047615175872,129890170.46,连续三个交易日内，涨幅偏离值累计达到30%的证券,300263,隆华科技
2,机构专用,167409831.62,0.024843462116,102437916.24,0.015201690765,64971915.38,连续三个交易日内，涨幅偏离值累计达到30%的证券,300263,隆华科技
3,机构专用,108409371.12,0.016087849073,53031935.0,0.007869889452,55377436.12,连续三个交易日内，涨幅偏离值累计达到30%的证券,300263,隆华科技
4,机构专用,91558428.66,0.013587185005,45909444.0,0.006812918463,45648984.66,连续三个交易日内，涨幅偏离值累计达到30%的证券,300263,隆华科技
5,机构专用,91466126.05,0.013573487384,75053271.59,0.011137835164,16412854.46,连续三个交易日内，涨幅偏离值累计达到30%的证券,300263,隆华科技
1,深股通专用,450749177.07,0.066890755435,320859006.61,0.047615175872,129890170.46,连续三个交易日内，涨幅偏离值累计达到30%的证券,300263,隆华科技
2,机构专用,167409831.62,0.024843462116,102437916.24,0.015201690765,64971915.38,连续三个交易日内，涨幅偏离值累计达到30%的证券,300263,隆华科技
3,东北证券股份有限公司佛山分公司,76194522.0,0.011307195655,85182630.0,0.012641022459,-8988108.0,连续三个交易日内，涨幅偏离值累计达到30%的证券,300263,隆华科技
4,开源证券股份有限公司西安太华路证券营业部,72884107.28,0.010815933213,82198801.14,0.012198225053,-9314693.86,连续三个交易日内，涨幅偏离值累计达到30%的证券,300263,隆华科技
5,机构专用,91466126.05,0.013573487384,75053271.59,0.011137835164,16412854.46,连续三个交易日内，涨幅偏离值累计达到30%的证券,300263,隆华科技
1,机构专用,17344074.0,0.028294252675,35769256.4,0.058352171387,-18425182.4,日跌幅达到15%的前5只证券,300264,佳创视讯
2,浙商证券股份有限公司开化长兴路证券营业部,10264076.0,0.016744298936,956310.0,0.001560076184,9307766.0,日跌幅达到15%的前5只证券,300264,佳创视讯
3,机构专用,9234999.0,0.015065514317,17033080.0,0.027786912657,-7798081.0,日跌幅达到15%的前5只证券,300264,佳创视讯
4,机构专用,8892323.0,0.014506489873,32948027.0,0.053749759203,-24055704.0,日跌幅达到15%的前5只证券,300264,佳创视讯
5,机构专用,7726041.0,0.012603875896,9023892.0,0.014721124942,-1297851.0,日跌幅达到15%的前5只证券,300264,佳创视讯
1,机构专用,17344074.0,0.028294252675,35769256.4,0.058352171387,-18425182.4,日跌幅达到15%的前5只证券,300264,佳创视讯
2,机构专用,8892323.0,0.014506489873,32948027.0,0.053749759203,-24055704.0,日跌幅达到15%的前5只证券,300264,佳创视讯
3,机构专用,9234999.0,0.015065514317,17033080.0,0.027786912657,-7798081.0,日跌幅达到15%的前5只证券,300264,佳创视讯
4,申万宏源证券有限公司上海闵行区东川路证券营业部,9370.0,1.5285748e-05,16671598.0,0.027197209048,-16662228.0,日跌幅达到15%的前5只证券,300264,佳创视讯
5,东兴证券股份有限公司上海肇嘉浜路证券营业部,0.0,0.0,9505390.0,0.015506616637,-9505390.0,日跌幅达到15%的前5只证券,300264,佳创视讯
1,机构专用,54029421.0,0.02864288393,54686662.0,0.028991310349,-657241.0,连续三个交易日内，涨幅偏离值累计达到30%的证券,300334,津膜科技
2,机构专用,52101758.98,0.027620962939,57266484.0,0.030358964134,-5164725.02,连续三个交易日内，涨幅偏离值累计达到30%的证券,300334,津膜科技
3,机构专用,45302490.0,0.024016432877,37359282.0,0.01980546077,7943208.0,连续三个交易日内，涨幅偏离值累计达到30%的证券,300334,津膜科技
4,机构专用,42045369.4,0.022289719439,50556750.0,0.026801899694,-8511380.6,连续三个交易日内，涨幅偏离值累计达到30%的证券,300334,津膜科技
5,机构专用,22209504.3,0.011774034258,282283.0,0.000149648082,21927221.3,连续三个交易日内，涨幅偏离值累计达到30%的证券,300334,津膜科技
1,机构专用,52101758.98,0.027620962939,57266484.0,0.030358964134,-5164725.02,连续三个交易日内，涨幅偏离值累计达到30%的证券,300334,津膜科技
2,机构专用,54029421.0,0.02864288393,54686662.0,0.028991310349,-657241.0,连续三个交易日内，涨幅偏离值累计达到30%的证券,300334,津膜科技
3,机构专用,42045369.4,0.022289719439,50556750.0,0.026801899694,-8511380.6,连续三个交易日内，涨幅偏离值累计达到30%的证券,300334,津膜科技
4,机构专用,45302490.0,0.024016432877,37359282.0,0.01980546077,7943208.0,连续三个交易日内，涨幅偏离值累计达到30%的证券,300334,津膜科技
5,机构专用,0.0,0.0,22148376.0,0.011741628011,-22148376.0,连续三个交易日内，涨幅偏离值累计达到30%的证券,300334,津膜科技
1,开源证券股份有限公司西安太华路证券营业部,70775470.64,0.058313353873,26710.0,2.2006914e-05,70748760.64,日涨幅达到15%的前5只证券,300377,赢时胜
2,深股通专用,60466767.64,0.049819803204,91154401.71,0.075103970853,-30687634.07,日涨幅达到15%的前5只证券,300377,赢时胜
3,机构专用,56640582.9,0.046667331554,53597700.22,0.044160238448,3042882.68,日涨幅达到15%的前5只证券,300377,赢时胜
4,国泰海通证券股份有限公司上海分公司,49949184.0,0.041154151515,0.0,0.0,49949184.0,日涨幅达到15%的前5只证券,300377,赢时胜
5,华鑫证券有限责任公司绍兴胜利东路证券营业部,25287072.0,0.020834534403,0.0,0.0,25287072.0,日涨幅达到15%的前5只证券,300377,赢时胜
1,深股通专用,60466767.64,0.049819803204,91154401.71,0.075103970853,-30687634.07,日涨幅达到15%的前5只证券,300377,赢时胜
2,机构专用,56640582.9,0.046667331554,53597700.22,0.044160238448,3042882.68,日涨幅达到15%的前5只证券,300377,赢时胜
3,机构专用,10152043.0,0.0083644753,30693512.0,0.025289010595,-20541469.0,日涨幅达到15%的前5只证券,300377,赢时胜
4,机构专用,17962229.08,0.014799446916,16747907.0,0.013798942186,1214322.08,日涨幅达到15%的前5只证券,300377,赢时胜
5,中国银河证券股份有限公司中山火炬开发区德仲证券营业部,4058.0,3.343469e-06,16285500.0,0.013417955627,-16281442.0,日涨幅达到15%的前5只证券,300377,赢时胜
1,深股通专用,52111178.0,0.032126762535,50969147.84,0.031422696092,1142030.16,日换手率达到30%的前5只证券,300505,川金诺
2,机构专用,27033460.39,0.016666243132,19809696.0,0.012212761709,7223764.39,日换手率达到30%的前5只证券,300505,川金诺
3,机构专用,23883216.4,0.014724104335,11030574.0,0.006800395714,12852642.4,日换手率达到30%的前5只证券,300505,川金诺
4,机构专用,17725417.0,0.010927794854,15062812.0,0.009286287565,2662605.0,日换手率达到30%的前5只证券,300505,川金诺
5,东方财富证券股份有限公司拉萨金融城南环路证券营业部,15262165.82,0.009409190041,12079880.0,0.007447297319,3182285.82,日换手率达到30%的前5只证券,300505,川金诺
1,国新证券股份有限公司北京分公司,0.0,0.0,60293358.44,0.037171111524,-60293358.44,日换手率达到30%的前5只证券,300505,川金诺
2,深股通专用,52111178.0,0.032126762535,50969147.84,0.031422696092,1142030.16,日换手率达到30%的前5只证券,300505,川金诺
3,华泰证券股份有限公司上海浦东新区世纪大道证券营业部,1750333.0,0.001079087728,27615969.0,0.017025362164,-25865636.0,日换手率达到30%的前5只证券,300505,川金诺
4,国新证券股份有限公司北京中关村大街证券营业部,0.0,0.0,21826715.0,0.013456262488,-21826715.0,日换手率达到30%的前5只证券,300505,川金诺
5,机构专用,27033460.39,0.016666243132,19809696.0,0.012212761709,7223764.39,日换手率达到30%的前5只证券,300505,川金诺
1,国泰海通证券股份有限公司武汉紫阳东路证券营业部,72380000.0,0.130113980998,125564.0,0.000225720253,72254436.0,日涨幅达到15%的前5只证券,300581,晨曦航空
2,开源证券股份有限公司西安太华路证券营业部,72122064.0,0.129650302084,0.0,0.0,72122064.0,日涨幅达到15%的前5只证券,300581,晨曦航空
3,深股通专用,27708544.0,0.049810292449,8568157.0,0.015402556191,19140387.0,日涨幅达到15%的前5只证券,300581,晨曦航空
4,东方证券股份有限公司无锡梁清路证券营业部,19953928.0,0.035870199069,626709.0,0.001126604075,19327219.0,日涨幅达到15%的前5只证券,300581,晨曦航空
5,华鑫证券有限责任公司南京清凉门大街证券营业部,16965872.0,0.030498717146,0.0,0.0,16965872.0,日涨幅达到15%的前5只证券,300581,晨曦航空
1,机构专用,0.0,0.0,18241750.0,0.032792300537,-18241750.0,日涨幅达到15%的前5只证券,300581,晨曦航空
2,机构专用,0.0,0.0,12782794.92,0.022979004356,-12782794.92,日涨幅达到15%的前5只证券,300581,晨曦航空
3,深股通专用,27708544.0,0.049810292449,8568157.0,0.015402556191,19140387.0,日涨幅达到15%的前5只证券,300581,晨曦航空
4,华泰证券股份有限公司上海武定路证券营业部,28423.0,5.1094635e-05,5436401.0,0.009772751816,-5407978.0,日涨幅达到15%的前5只证券,300581,晨曦航空
5,国信证券股份有限公司陕西分公司,0.0,0.0,5253603.0,0.009444144804,-5253603.0,日涨幅达到15%的前5只证券,300581,晨曦航空
1,深股通专用,246107109.0,0.076184122379,109645217.76,0.033941419742,136461891.24,日换手率达到30%的前5只证券,300706,阿石创
2,机构专用,75293472.6,0.023307604377,37243466.0,0.011528967136,38050006.6,日换手率达到30%的前5只证券,300706,阿石创
3,华泰证券股份有限公司上海浦东新区滨江大道证券营业部,70930555.2,0.021957033747,75376.0,2.3333151e-05,70855179.2,日换手率达到30%的前5只证券,300706,阿石创
4,机构专用,50585636.0,0.015659126221,25384835.0,0.007858047596,25200801.0,日换手率达到30%的前5只证券,300706,阿石创
5,机构专用,45472463.0,0.014076308889,24104281.0,0.007461643432,21368182.0,日换手率达到30%的前5只证券,300706,阿石创
1,深股通专用,246107109.0,0.076184122379,109645217.76,0.033941419742,136461891.24,日换手率达到30%的前5只证券,300706,阿石创
2,开源证券股份有限公司西安太华路证券营业部,100017.0,3.096094e-05,86822614.32,0.026876528278,-86722597.32,日换手率达到30%的前5只证券,300706,阿石创
3,国新证券股份有限公司北京分公司,149630.0,4.631898e-05,63935951.0,0.019791806645,-63786321.0,日换手率达到30%的前5只证券,300706,阿石创
4,机构专用,41559846.0,0.012865131798,63485370.0,0.019652326245,-21925524.0,日换手率达到30%的前5只证券,300706,阿石创
5,方正证券股份有限公司杭州杭海路证券营业部,44120.0,1.3657645e-05,56327531.0,0.017436568705,-56283411.0,日换手率达到30%的前5只证券,300706,阿石创
1,深股通专用,45016587.36,0.055210341199,38191658.18,0.046839945067,6824929.18,连续三个交易日内，涨幅偏离值累计达到30%的证券,300894,火星人
2,机构专用,16954848.0,0.020794178278,11292225.0,0.013849286046,5662623.0,连续三个交易日内，涨幅偏离值累计达到30%的证券,300894,火星人
3,机构专用,16571556.0,0.020324091954,14430363.0,0.017698037803,2141193.0,连续三个交易日内，涨幅偏离值累计达到30%的证券,300894,火星人
4,机构专用,13567062.0,0.016639247131,10384261.0,0.012735718688,3182801.0,连续三个交易日内，涨幅偏离值累计达到30%的证券,300894,火星人
5,机构专用,10315040.0,0.01265082298,6325317.0,0.007757649574,3989723.0,连续三个交易日内，涨幅偏离值累计达到30%的证券,300894,火星人
1,深股通专用,45016587.36,0.055210341199,38191658.18,0.046839945067,6824929.18,连续三个交易日内，涨幅偏离值累计达到30%的证券,300894,火星人
2,机构专用,16571556.0,0.020324091954,14430363.0,0.017698037803,2141193.0,连续三个交易日内，涨幅偏离值累计达到30%的证券,300894,火星人
3,机构专用,16954848.0,0.020794178278,11292225.0,0.013849286046,5662623.0,连续三个交易日内，涨幅偏离值累计达到30%的证券,300894,火星人
4,机构专用,13567062.0,0.016639247131,10384261.0,0.012735718688,3182801.0,连续三个交易日内，涨幅偏离值累计达到30%的证券,300894,火星人
5,华鑫证券有限责任公司成都交子大道证券营业部,8022583.86,0.009839252999,8349368.0,0.010240035576,-326784.14,连续三个交易日内，涨幅偏离值累计达到30%的证券,300894,火星人
1,深股通专用,239355236.69,0.078577606055,190426066.06,0.062514714984,48929170.63,日换手率达到30%的前5只证券,301013,利和兴
2,机构专用,68760328.8,0.022573235094,0.0,0.0,68760328.8,日换手率达到30%的前5只证券,301013,利和兴
3,机构专用,68710208.19,0.022556781066,34225836.39,0.011235953414,34484371.8,日换手率达到30%的前5只证券,301013,利和兴
4,机构专用,63215666.88,0.020752985551,57962248.3,0.01902834789,5253418.58,日换手率达到30%的前5只证券,301013,利和兴
5,机构专用,51791539.2,0.017002574168,20559024.0,0.006749294108,31232515.2,日换手率达到30%的前5只证券,301013,利和兴
1,深股通专用,239355236.69,0.078577606055,190426066.06,0.062514714984,48929170.63,日换手率达到30%的前5只证券,301013,利和兴
2,机构专用,0.0,0.0,84769086.74,0.027828728528,-84769086.74,日换手率达到30%的前5只证券,301013,利和兴
3,机构专用,0.0,0.0,71667491.85,0.023527623709,-71667491.85,日换手率达到30%的前5只证券,301013,利和兴
4,机构专用,63215666.88,0.020752985551,57962248.3,0.01902834789,5253418.58,日换手率达到30%的前5只证券,301013,利和兴
5,机构专用,43628222.44,0.014322649979,43364951.82,0.014236221224,263270.62,日换手率达到30%的前5只证券,301013,利和兴
1,平安证券股份有限公司杭州曙光路证券营业部,34818389.4,0.04278246564,697135.0,0.000856592011,34121254.4,日涨幅达到15%的前5只证券,301176,逸豪新材
2,华鑫证券有限责任公司绍兴胜利东路证券营业部,26856700.0,0.032999683925,0.0,0.0,26856700.0,日涨幅达到15%的前5只证券,301176,逸豪新材
3,机构专用,25209198.0,0.030975345668,12285567.4,0.015095668531,12923630.6,日涨幅达到15%的前5只证券,301176,逸豪新材
4,开源证券股份有限公司西安太华路证券营业部,19682253.8,0.024184213039,50940.0,6.2591603e-05,19631313.8,日涨幅达到15%的前5只证券,301176,逸豪新材
5,机构专用,19309605.0,0.023726327572,23415077.0,0.028770851969,-4105472.0,日涨幅达到15%的前5只证券,301176,逸豪新材
6,机构专用,64942940.0,0.031174075254,85301975.9,0.040946871454,-20359035.9,连续三个交易日内，涨幅偏离值累计达到30%的证券,301176,逸豪新材
7,机构专用,62470941.0,0.029987460006,67129946.4,0.03222388763,-4659005.4,连续三个交易日内，涨幅偏离值累计达到30%的证券,301176,逸豪新材
8,机构专用,60769326.9,0.029170646878,66292435.44,0.031821863488,-5523108.54,连续三个交易日内，涨幅偏离值累计达到30%的证券,301176,逸豪新材
9,机构专用,56058274.0,0.026909235281,44304023.8,0.021266930201,11754250.2,连续三个交易日内，涨幅偏离值累计达到30%的证券,301176,逸豪新材
10,机构专用,53437474.0,0.025651192198,63133335.53,0.030305424313,-9695861.53,连续三个交易日内，涨幅偏离值累计达到30%的证券,301176,逸豪新材
1,机构专用,19309605.0,0.023726327572,23415077.0,0.028770851969,-4105472.0,日涨幅达到15%的前5只证券,301176,逸豪新材
2,机构专用,17881745.0,0.021971870447,22604831.68,0.0277752777,-4723086.68,日涨幅达到15%的前5只证券,301176,逸豪新材
3,机构专用,12991398.0,0.015962945103,20799020.15,0.025556419474,-7807622.15,日涨幅达到15%的前5只证券,301176,逸豪新材
4,机构专用,12370466.9,0.015199987255,16222437.39,0.01993302626,-3851970.49,日涨幅达到15%的前5只证券,301176,逸豪新材
5,财通证券股份有限公司温州分公司,34460.0,4.2342101e-05,13340620.0,0.016392045313,-13306160.0,日涨幅达到15%的前5只证券,301176,逸豪新材
6,机构专用,64942940.0,0.031174075254,85301975.9,0.040946871454,-20359035.9,连续三个交易日内，涨幅偏离值累计达到30%的证券,301176,逸豪新材
7,机构专用,62470941.0,0.029987460006,67129946.4,0.03222388763,-4659005.4,连续三个交易日内，涨幅偏离值累计达到30%的证券,301176,逸豪新材
8,机构专用,60769326.9,0.029170646878,66292435.44,0.031821863488,-5523108.54,连续三个交易日内，涨幅偏离值累计达到30%的证券,301176,逸豪新材
9,机构专用,53437474.0,0.025651192198,63133335.53,0.030305424313,-9695861.53,连续三个交易日内，涨幅偏离值累计达到30%的证券,301176,逸豪新材
10,机构专用,56058274.0,0.026909235281,44304023.8,0.021266930201,11754250.2,连续三个交易日内，涨幅偏离值累计达到30%的证券,301176,逸豪新材
1,平安证券股份有限公司杭州曙光路证券营业部,34818389.4,0.04278246564,697135.0,0.000856592011,34121254.4,日涨幅达到15%的前5只证券,301176,逸豪新材
2,华鑫证券有限责任公司绍兴胜利东路证券营业部,26856700.0,0.032999683925,0.0,0.0,26856700.0,日涨幅达到15%的前5只证券,301176,逸豪新材
3,机构专用,25209198.0,0.030975345668,12285567.4,0.015095668531,12923630.6,日涨幅达到15%的前5只证券,301176,逸豪新材
4,开源证券股份有限公司西安太华路证券营业部,19682253.8,0.024184213039,50940.0,6.2591603e-05,19631313.8,日涨幅达到15%的前5只证券,301176,逸豪新材
5,机构专用,19309605.0,0.023726327572,23415077.0,0.028770851969,-4105472.0,日涨幅达到15%的前5只证券,301176,逸豪新材
6,机构专用,64942940.0,0.031174075254,85301975.9,0.040946871454,-20359035.9,连续三个交易日内，涨幅偏离值累计达到30%的证券,301176,逸豪新材
7,机构专用,62470941.0,0.029987460006,67129946.4,0.03222388763,-4659005.4,连续三个交易日内，涨幅偏离值累计达到30%的证券,301176,逸豪新材
8,机构专用,60769326.9,0.029170646878,66292435.44,0.031821863488,-5523108.54,连续三个交易日内，涨幅偏离值累计达到30%的证券,301176,逸豪新材
9,机构专用,56058274.0,0.026909235281,44304023.8,0.021266930201,11754250.2,连续三个交易日内，涨幅偏离值累计达到30%的证券,301176,逸豪新材
10,机构专用,53437474.0,0.025651192198,63133335.53,0.030305424313,-9695861.53,连续三个交易日内，涨幅偏离值累计达到30%的证券,301176,逸豪新材
1,机构专用,19309605.0,0.023726327572,23415077.0,0.028770851969,-4105472.0,日涨幅达到15%的前5只证券,301176,逸豪新材
2,机构专用,17881745.0,0.021971870447,22604831.68,0.0277752777,-4723086.68,日涨幅达到15%的前5只证券,301176,逸豪新材
3,机构专用,12991398.0,0.015962945103,20799020.15,0.025556419474,-7807622.15,日涨幅达到15%的前5只证券,301176,逸豪新材
4,机构专用,12370466.9,0.015199987255,16222437.39,0.01993302626,-3851970.49,日涨幅达到15%的前5只证券,301176,逸豪新材
5,财通证券股份有限公司温州分公司,34460.0,4.2342101e-05,13340620.0,0.016392045313,-13306160.0,日涨幅达到15%的前5只证券,301176,逸豪新材
6,机构专用,64942940.0,0.031174075254,85301975.9,0.040946871454,-20359035.9,连续三个交易日内，涨幅偏离值累计达到30%的证券,301176,逸豪新材
7,机构专用,62470941.0,0.029987460006,67129946.4,0.03222388763,-4659005.4,连续三个交易日内，涨幅偏离值累计达到30%的证券,301176,逸豪新材
8,机构专用,60769326.9,0.029170646878,66292435.44,0.031821863488,-5523108.54,连续三个交易日内，涨幅偏离值累计达到30%的证券,301176,逸豪新材
9,机构专用,53437474.0,0.025651192198,63133335.53,0.030305424313,-9695861.53,连续三个交易日内，涨幅偏离值累计达到30%的证券,301176,逸豪新材
10,机构专用,56058274.0,0.026909235281,44304023.8,0.021266930201,11754250.2,连续三个交易日内，涨幅偏离值累计达到30%的证券,301176,逸豪新材
1,机构专用,95563424.45,0.048404063478,30624057.7,0.015511466248,64939366.75,日换手率达到30%的前5只证券,301313,凡拓数创
2,机构专用,72547496.0,0.036746209355,53381770.04,0.027038530698,19165725.96,日换手率达到30%的前5只证券,301313,凡拓数创
3,机构专用,54051646.48,0.027377831449,37305733.5,0.018895818173,16745912.98,日换手率达到30%的前5只证券,301313,凡拓数创
4,机构专用,50553628.86,0.025606042003,21736782.0,0.011009950531,28816846.86,日换手率达到30%的前5只证券,301313,凡拓数创
5,机构专用,36161900.03,0.018316452289,19936036.0,0.010097850277,16225864.03,日换手率达到30%的前5只证券,301313,凡拓数创
1,机构专用,72547496.0,0.036746209355,53381770.04,0.027038530698,19165725.96,日换手率达到30%的前5只证券,301313,凡拓数创
2,万联证券股份有限公司东莞分公司,0.0,0.0,46828600.72,0.023719268903,-46828600.72,日换手率达到30%的前5只证券,301313,凡拓数创
3,机构专用,54051646.48,0.027377831449,37305733.5,0.018895818173,16745912.98,日换手率达到30%的前5只证券,301313,凡拓数创
4,机构专用,95563424.45,0.048404063478,30624057.7,0.015511466248,64939366.75,日换手率达到30%的前5只证券,301313,凡拓数创
5,东方财富证券股份有限公司拉萨金融城南环路证券营业部,20236273.0,0.010249924053,28847172.65,0.014611451862,-8610899.65,日换手率达到30%的前5只证券,301313,凡拓数创
1,深股通专用,69290589.58,0.097727298144,60471812.2,0.085289313542,8818777.38,日涨幅达到15%的前5只证券,301323,新莱福
2,国金证券股份有限公司北京崇文门外大街证券营业部,31641310.82,0.044626836558,0.0,0.0,31641310.82,日涨幅达到15%的前5只证券,301323,新莱福
3,东亚前海证券有限责任公司浙江分公司,28085962.48,0.039612380925,0.0,0.0,28085962.48,日涨幅达到15%的前5只证券,301323,新莱福
4,机构专用,24468533.0,0.034510366186,19374313.38,0.027325489818,5094219.62,日涨幅达到15%的前5只证券,301323,新莱福
5,开源证券股份有限公司西安太华路证券营业部,17523149.22,0.024714611878,0.0,0.0,17523149.22,日涨幅达到15%的前5只证券,301323,新莱福
1,深股通专用,69290589.58,0.097727298144,60471812.2,0.085289313542,8818777.38,日涨幅达到15%的前5只证券,301323,新莱福
2,机构专用,24468533.0,0.034510366186,19374313.38,0.027325489818,5094219.62,日涨幅达到15%的前5只证券,301323,新莱福
3,机构专用,10879988.0,0.015345111617,18764325.0,0.026465163522,-7884337.0,日涨幅达到15%的前5只证券,301323,新莱福
4,机构专用,9833590.0,0.013869274133,14223063.0,0.020060177388,-4389473.0,日涨幅达到15%的前5只证券,301323,新莱福
5,华鑫证券有限责任公司南京清凉门大街证券营业部,66274.0,9.3472707e-05,12529174.0,0.017671119995,-12462900.0,日涨幅达到15%的前5只证券,301323,新莱福
1,开源证券股份有限公司西安太华路证券营业部,72315178.0,0.120696414612,0.0,0.0,72315178.0,日涨幅达到15%的前5只证券,301348,蓝箭电子
2,东吴证券股份有限公司苏州相城区珍珠湖路证券营业部,32787459.07,0.054723349419,0.0,0.0,32787459.07,日涨幅达到15%的前5只证券,301348,蓝箭电子
3,深股通专用,32696029.8,0.054570750955,6801982.0,0.011352732059,25894047.8,日涨幅达到15%的前5只证券,301348,蓝箭电子
4,华鑫证券有限责任公司上海自贸试验区分公司,20814448.6,0.034740000476,230723.0,0.000385084289,20583725.6,日涨幅达到15%的前5只证券,301348,蓝箭电子
5,机构专用,19494988.0,0.032537777263,0.0,0.0,19494988.0,日涨幅达到15%的前5只证券,301348,蓝箭电子
1,机构专用,2092215.0,0.003491975766,12198566.0,0.020359808554,-10106351.0,日涨幅达到15%的前5只证券,301348,蓝箭电子
2,深股通专用,32696029.8,0.054570750955,6801982.0,0.011352732059,25894047.8,日涨幅达到15%的前5只证券,301348,蓝箭电子
3,东莞证券股份有限公司东莞寮步证券营业部,0.0,0.0,5655768.0,0.00943966313,-5655768.0,日涨幅达到15%的前5只证券,301348,蓝箭电子
4,渤海证券股份有限公司深圳分公司,0.0,0.0,5028667.0,0.0083930109,-5028667.0,日涨幅达到15%的前5只证券,301348,蓝箭电子
5,国金证券股份有限公司上海奉贤区金碧路证券营业部,608063.28,0.001014877648,4952053.6,0.008265140611,-4343990.32,日涨幅达到15%的前5只证券,301348,蓝箭电子
1,华泰证券股份有限公司总部,27167934.0,0.071332552477,,,27167934.0,有价格涨跌幅限制的日收盘价格涨幅偏离值达到7%的前五只证券,600067,冠城新材
2,国泰海通证券股份有限公司总部,15538042.0,0.040796926125,,,15538042.0,有价格涨跌幅限制的日收盘价格涨幅偏离值达到7%的前五只证券,600067,冠城新材
3,国信证券股份有限公司北京分公司,7087037.0,0.018607835204,,,7087037.0,有价格涨跌幅限制的日收盘价格涨幅偏离值达到7%的前五只证券,600067,冠城新材
4,高盛(中国)证券有限责任公司上海浦东新区世纪大道证券营业部,6482868.99,0.017021522227,,,6482868.99,有价格涨跌幅限制的日收盘价格涨幅偏离值达到7%的前五只证券,600067,冠城新材
5,中信证券股份有限公司深圳深南中路中信大厦证券营业部,6362571.0,0.016705665942,,,6362571.0,有价格涨跌幅限制的日收盘价格涨幅偏离值达到7%的前五只证券,600067,冠城新材
6,华泰证券股份有限公司总部,34247372.0,0.067884628996,,,34247372.0,非ST、*ST和S证券连续三个交易日内收盘价格涨幅偏离值累计达到20%的证券,600067,冠城新材
7,国泰海通证券股份有限公司总部,19032919.0,0.03772676762,,,19032919.0,非ST、*ST和S证券连续三个交易日内收盘价格涨幅偏离值累计达到20%的证券,600067,冠城新材
8,中信证券股份有限公司深圳深南中路中信大厦证券营业部,10573572.0,0.02095877641,,,10573572.0,非ST、*ST和S证券连续三个交易日内收盘价格涨幅偏离值累计达到20%的证券,600067,冠城新材
9,国新证券股份有限公司海南分公司,10163904.0,0.020146738623,,,10163904.0,非ST、*ST和S证券连续三个交易日内收盘价格涨幅偏离值累计达到20%的证券,600067,冠城新材
10,高盛(中国)证券有限责任公司上海浦东新区世纪大道证券营业部,7964224.99,0.01578656776,,,7964224.99,非ST、*ST和S证券连续三个交易日内收盘价格涨幅偏离值累计达到20%的证券,600067,冠城新材
1,广发证券股份有限公司武汉京汉大道证券营业部,,,13425390.0,0.035249913987,-13425390.0,有价格涨跌幅限制的日收盘价格涨幅偏离值达到7%的前五只证券,600067,冠城新材
2,瑞银证券有限责任公司上海花园石桥路证券营业部,,,8357527.0,0.021943653621,-8357527.0,有价格涨跌幅限制的日收盘价格涨幅偏离值达到7%的前五只证券,600067,冠城新材
3,中信证券股份有限公司上海分公司,,,8085605.0,0.021229690965,-8085605.0,有价格涨跌幅限制的日收盘价格涨幅偏离值达到7%的前五只证券,600067,冠城新材
4,国泰海通证券股份有限公司总部,,,7716617.0,0.0202608703,-7716617.0,有价格涨跌幅限制的日收盘价格涨幅偏离值达到7%的前五只证券,600067,冠城新材
5,中信证券股份有限公司深圳深南中路中信大厦证券营业部,,,6052958.0,0.015892741206,-6052958.0,有价格涨跌幅限制的日收盘价格涨幅偏离值达到7%的前五只证券,600067,冠城新材
6,广发证券股份有限公司武汉京汉大道证券营业部,,,16016590.0,0.031747845351,-16016590.0,非ST、*ST和S证券连续三个交易日内收盘价格涨幅偏离值累计达到20%的证券,600067,冠城新材
7,中信证券股份有限公司上海分公司,,,11079857.0,0.021962326971,-11079857.0,非ST、*ST和S证券连续三个交易日内收盘价格涨幅偏离值累计达到20%的证券,600067,冠城新材
8,国泰海通证券股份有限公司总部,,,10160764.3,0.020140515156,-10160764.3,非ST、*ST和S证券连续三个交易日内收盘价格涨幅偏离值累计达到20%的证券,600067,冠城新材
9,瑞银证券有限责任公司上海花园石桥路证券营业部,,,9942363.0,0.019707603363,-9942363.0,非ST、*ST和S证券连续三个交易日内收盘价格涨幅偏离值累计达到20%的证券,600067,冠城新材
10,摩根大通证券(中国)有限公司上海银城中路证券营业部,,,8083585.0,0.016023161388,-8083585.0,非ST、*ST和S证券连续三个交易日内收盘价格涨幅偏离值累计达到20%的证券,600067,冠城新材
1,华泰证券股份有限公司总部,27167934.0,0.071332552477,,,27167934.0,有价格涨跌幅限制的日收盘价格涨幅偏离值达到7%的前五只证券,600067,冠城新材
2,国泰海通证券股份有限公司总部,15538042.0,0.040796926125,,,15538042.0,有价格涨跌幅限制的日收盘价格涨幅偏离值达到7%的前五只证券,600067,冠城新材
3,国信证券股份有限公司北京分公司,7087037.0,0.018607835204,,,7087037.0,有价格涨跌幅限制的日收盘价格涨幅偏离值达到7%的前五只证券,600067,冠城新材
4,高盛(中国)证券有限责任公司上海浦东新区世纪大道证券营业部,6482868.99,0.017021522227,,,6482868.99,有价格涨跌幅限制的日收盘价格涨幅偏离值达到7%的前五只证券,600067,冠城新材
5,中信证券股份有限公司深圳深南中路中信大厦证券营业部,6362571.0,0.016705665942,,,6362571.0,有价格涨跌幅限制的日收盘价格涨幅偏离值达到7%的前五只证券,600067,冠城新材
6,华泰证券股份有限公司总部,34247372.0,0.067884628996,,,34247372.0,非ST、*ST和S证券连续三个交易日内收盘价格涨幅偏离值累计达到20%的证券,600067,冠城新材
7,国泰海通证券股份有限公司总部,19032919.0,0.03772676762,,,19032919.0,非ST、*ST和S证券连续三个交易日内收盘价格涨幅偏离值累计达到20%的证券,600067,冠城新材
8,中信证券股份有限公司深圳深南中路中信大厦证券营业部,10573572.0,0.02095877641,,,10573572.0,非ST、*ST和S证券连续三个交易日内收盘价格涨幅偏离值累计达到20%的证券,600067,冠城新材
9,国新证券股份有限公司海南分公司,10163904.0,0.020146738623,,,10163904.0,非ST、*ST和S证券连续三个交易日内收盘价格涨幅偏离值累计达到20%的证券,600067,冠城新材
10,高盛(中国)证券有限责任公司上海浦东新区世纪大道证券营业部,7964224.99,0.01578656776,,,7964224.99,非ST、*ST和S证券连续三个交易日内收盘价格涨幅偏离值累计达到20%的证券,600067,冠城新材
1,广发证券股份有限公司武汉京汉大道证券营业部,,,13425390.0,0.035249913987,-13425390.0,有价格涨跌幅限制的日收盘价格涨幅偏离值达到7%的前五只证券,600067,冠城新材
2,瑞银证券有限责任公司上海花园石桥路证券营业部,,,8357527.0,0.021943653621,-8357527.0,有价格涨跌幅限制的日收盘价格涨幅偏离值达到7%的前五只证券,600067,冠城新材
3,中信证券股份有限公司上海分公司,,,8085605.0,0.021229690965,-8085605.0,有价格涨跌幅限制的日收盘价格涨幅偏离值达到7%的前五只证券,600067,冠城新材
4,国泰海通证券股份有限公司总部,,,7716617.0,0.0202608703,-7716617.0,有价格涨跌幅限制的日收盘价格涨幅偏离值达到7%的前五只证券,600067,冠城新材
5,中信证券股份有限公司深圳深南中路中信大厦证券营业部,,,6052958.0,0.015892741206,-6052958.0,有价格涨跌幅限制的日收盘价格涨幅偏离值达到7%的前五只证券,600067,冠城新材
6,广发证券股份有限公司武汉京汉大道证券营业部,,,16016590.0,0.031747845351,-16016590.0,非ST、*ST和S证券连续三个交易日内收盘价格涨幅偏离值累计达到20%的证券,600067,冠城新材
7,中信证券股份有限公司上海分公司,,,11079857.0,0.021962326971,-11079857.0,非ST、*ST和S证券连续三个交易日内收盘价格涨幅偏离值累计达到20%的证券,600067,冠城新材
8,国泰海通证券股份有限公司总部,,,10160764.3,0.020140515156,-10160764.3,非ST、*ST和S证券连续三个交易日内收盘价格涨幅偏离值累计达到20%的证券,600067,冠城新材
9,瑞银证券有限责任公司上海花园石桥路证券营业部,,,9942363.0,0.019707603363,-9942363.0,非ST、*ST和S证券连续三个交易日内收盘价格涨幅偏离值累计达到20%的证券,600067,冠城新材
10,摩根大通证券(中国)有限公司上海银城中路证券营业部,,,8083585.0,0.016023161388,-8083585.0,非ST、*ST和S证券连续三个交易日内收盘价格涨幅偏离值累计达到20%的证券,600067,冠城新材
1,沪股通专用,102136434.67,0.060558541276,,,102136434.67,有价格涨跌幅限制的日价格振幅达到15%的前五只证券,600162,香江控股
2,东亚前海证券有限责任公司上海分公司,56020935.95,0.033215827173,,,56020935.95,有价格涨跌幅限制的日价格振幅达到15%的前五只证券,600162,香江控股
3,国泰海通证券股份有限公司广州琶洲证券营业部,49781855.02,0.029516563132,,,49781855.02,有价格涨跌幅限制的日价格振幅达到15%的前五只证券,600162,香江控股
4,国泰海通证券股份有限公司广州珠江新城证券营业部,38129454.24,0.022607643745,,,38129454.24,有价格涨跌幅限制的日价格振幅达到15%的前五只证券,600162,香江控股
5,东亚前海证券有限责任公司苏州分公司,33247131.32,0.019712826093,,,33247131.32,有价格涨跌幅限制的日价格振幅达到15%的前五只证券,600162,香江控股
6,沪股通专用,102136434.67,0.060558541276,,,102136434.67,有价格涨跌幅限制的日收盘价格涨幅偏离值达到7%的前五只证券,600162,香江控股
7,东亚前海证券有限责任公司上海分公司,56020935.95,0.033215827173,,,56020935.95,有价格涨跌幅限制的日收盘价格涨幅偏离值达到7%的前五只证券,600162,香江控股
8,国泰海通证券股份有限公司广州琶洲证券营业部,49781855.02,0.029516563132,,,49781855.02,有价格涨跌幅限制的日收盘价格涨幅偏离值达到7%的前五只证券,600162,香江控股
9,国泰海通证券股份有限公司广州珠江新城证券营业部,38129454.24,0.022607643745,,,38129454.24,有价格涨跌幅限制的日收盘价格涨幅偏离值达到7%的前五只证券,600162,香江控股
10,东亚前海证券有限责任公司苏州分公司,33247131.32,0.019712826093,,,33247131.32,有价格涨跌幅限制的日收盘价格涨幅偏离值达到7%的前五只证券,600162,香江控股
1,沪股通专用,,,69490496.46,0.041202173463,-69490496.46,有价格涨跌幅限制的日价格振幅达到15%的前五只证券,600162,香江控股
2,国泰海通证券股份有限公司广州珠江新城证券营业部,,,50768150.0,0.030101355283,-50768150.0,有价格涨跌幅限制的日价格振幅达到15%的前五只证券,600162,香江控股
3,东亚前海证券有限责任公司苏州分公司,,,40021324.0,0.023729367578,-40021324.0,有价格涨跌幅限制的日价格振幅达到15%的前五只证券,600162,香江控股
4,华泰证券股份有限公司上海黄浦区来福士广场证券营业部,,,26728911.0,0.015848055254,-26728911.0,有价格涨跌幅限制的日价格振幅达到15%的前五只证券,600162,香江控股
5,国信证券股份有限公司浙江互联网分公司,,,22730671.5,0.013477426667,-22730671.5,有价格涨跌幅限制的日价格振幅达到15%的前五只证券,600162,香江控股
6,沪股通专用,,,69490496.46,0.041202173463,-69490496.46,有价格涨跌幅限制的日收盘价格涨幅偏离值达到7%的前五只证券,600162,香江控股
7,国泰海通证券股份有限公司广州珠江新城证券营业部,,,50768150.0,0.030101355283,-50768150.0,有价格涨跌幅限制的日收盘价格涨幅偏离值达到7%的前五只证券,600162,香江控股
8,东亚前海证券有限责任公司苏州分公司,,,40021324.0,0.023729367578,-40021324.0,有价格涨跌幅限制的日收盘价格涨幅偏离值达到7%的前五只证券,600162,香江控股
9,华泰证券股份有限公司上海黄浦区来福士广场证券营业部,,,26728911.0,0.015848055254,-26728911.0,有价格涨跌幅限制的日收盘价格涨幅偏离值达到7%的前五只证券,600162,香江控股
10,国信证券股份有限公司浙江互联网分公司,,,22730671.5,0.013477426667,-22730671.5,有价格涨跌幅限制的日收盘价格涨幅偏离值达到7%的前五只证券,600162,香江控股
1,沪股通专用,102136434.67,0.060558541276,,,102136434.67,有价格涨跌幅限制的日价格振幅达到15%的前五只证券,600162,香江控股
2,东亚前海证券有限责任公司上海分公司,56020935.95,0.033215827173,,,56020935.95,有价格涨跌幅限制的日价格振幅达到15%的前五只证券,600162,香江控股
3,国泰海通证券股份有限公司广州琶洲证券营业部,49781855.02,0.029516563132,,,49781855.02,有价格涨跌幅限制的日价格振幅达到15%的前五只证券,600162,香江控股
4,国泰海通证券股份有限公司广州珠江新城证券营业部,38129454.24,0.022607643745,,,38129454.24,有价格涨跌幅限制的日价格振幅达到15%的前五只证券,600162,香江控股
5,东亚前海证券有限责任公司苏州分公司,33247131.32,0.019712826093,,,33247131.32,有价格涨跌幅限制的日价格振幅达到15%的前五只证券,600162,香江控股
6,沪股通专用,102136434.67,0.060558541276,,,102136434.67,有价格涨跌幅限制的日收盘价格涨幅偏离值达到7%的前五只证券,600162,香江控股
7,东亚前海证券有限责任公司上海分公司,56020935.95,0.033215827173,,,56020935.95,有价格涨跌幅限制的日收盘价格涨幅偏离值达到7%的前五只证券,600162,香江控股
8,国泰海通证券股份有限公司广州琶洲证券营业部,49781855.02,0.029516563132,,,49781855.02,有价格涨跌幅限制的日收盘价格涨幅偏离值达到7%的前五只证券,600162,香江控股
9,国泰海通证券股份有限公司广州珠江新城证券营业部,38129454.24,0.022607643745,,,38129454.24,有价格涨跌幅限制的日收盘价格涨幅偏离值达到7%的前五只证券,600162,香江控股
10,东亚前海证券有限责任公司苏州分公司,33247131.32,0.019712826093,,,33247131.32,有价格涨跌幅限制的日收盘价格涨幅偏离值达到7%的前五只证券,600162,香江控股
1,沪股通专用,,,69490496.46,0.041202173463,-69490496.46,有价格涨跌幅限制的日价格振幅达到15%的前五只证券,600162,香江控股
2,国泰海通证券股份有限公司广州珠江新城证券营业部,,,50768150.0,0.030101355283,-50768150.0,有价格涨跌幅限制的日价格振幅达到15%的前五只证券,600162,香江控股
3,东亚前海证券有限责任公司苏州分公司,,,40021324.0,0.023729367578,-40021324.0,有价格涨跌幅限制的日价格振幅达到15%的前五只证券,600162,香江控股
4,华泰证券股份有限公司上海黄浦区来福士广场证券营业部,,,26728911.0,0.015848055254,-26728911.0,有价格涨跌幅限制的日价格振幅达到15%的前五只证券,600162,香江控股
5,国信证券股份有限公司浙江互联网分公司,,,22730671.5,0.013477426667,-22730671.5,有价格涨跌幅限制的日价格振幅达到15%的前五只证券,600162,香江控股
6,沪股通专用,,,69490496.46,0.041202173463,-69490496.46,有价格涨跌幅限制的日收盘价格涨幅偏离值达到7%的前五只证券,600162,香江控股
7,国泰海通证券股份有限公司广州珠江新城证券营业部,,,50768150.0,0.030101355283,-50768150.0,有价格涨跌幅限制的日收盘价格涨幅偏离值达到7%的前五只证券,600162,香江控股
8,东亚前海证券有限责任公司苏州分公司,,,40021324.0,0.023729367578,-40021324.0,有价格涨跌幅限制的日收盘价格涨幅偏离值达到7%的前五只证券,600162,香江控股
9,华泰证券股份有限公司上海黄浦区来福士广场证券营业部,,,26728911.0,0.015848055254,-26728911.0,有价格涨跌幅限制的日收盘价格涨幅偏离值达到7%的前五只证券,600162,香江控股
10,国信证券股份有限公司浙江互联网分公司,,,22730671.5,0.013477426667,-22730671.5,有价格涨跌幅限制的日收盘价格涨幅偏离值达到7%的前五只证券,600162,香江控股
1,东方财富证券股份有限公司拉萨团结路第二证券营业部,6841791.0,0.020268904231,,,6841791.0,ST、*ST证券连续三个交易日内收盘价格跌幅偏离值累计达到12%的证券,600187,*ST国中
2,东方财富证券股份有限公司拉萨团结路第一证券营业部,6068021.0,0.017976599478,,,6068021.0,ST、*ST证券连续三个交易日内收盘价格跌幅偏离值累计达到12%的证券,600187,*ST国中
3,东方财富证券股份有限公司拉萨东环路第二证券营业部,4976122.0,0.014741832988,,,4976122.0,ST、*ST证券连续三个交易日内收盘价格跌幅偏离值累计达到12%的证券,600187,*ST国中
4,东方财富证券股份有限公司拉萨金融城南环路证券营业部,4771613.0,0.014135972134,,,4771613.0,ST、*ST证券连续三个交易日内收盘价格跌幅偏离值累计达到12%的证券,600187,*ST国中
5,东方财富证券股份有限公司昌都两江大道证券营业部,4694211.0,0.013906667596,,,4694211.0,ST、*ST证券连续三个交易日内收盘价格跌幅偏离值累计达到12%的证券,600187,*ST国中
1,东方财富证券股份有限公司拉萨团结路第一证券营业部,,,6883351.0,0.020392026329,-6883351.0,ST、*ST证券连续三个交易日内收盘价格跌幅偏离值累计达到12%的证券,600187,*ST国中
2,东方财富证券股份有限公司拉萨团结路第二证券营业部,,,6625348.0,0.019627688731,-6625348.0,ST、*ST证券连续三个交易日内收盘价格跌幅偏离值累计达到12%的证券,600187,*ST国中
3,东莞证券股份有限公司重庆市渝中区中山一路证券营业部,,,5806824.0,0.017202799609,-5806824.0,ST、*ST证券连续三个交易日内收盘价格跌幅偏离值累计达到12%的证券,600187,*ST国中
4,长江证券股份有限公司武汉新华路证券营业部,,,5405058.6,0.016012563834,-5405058.6,ST、*ST证券连续三个交易日内收盘价格跌幅偏离值累计达到12%的证券,600187,*ST国中
5,浙商证券股份有限公司宁波分公司,,,5387940.0,0.015961849735,-5387940.0,ST、*ST证券连续三个交易日内收盘价格跌幅偏离值累计达到12%的证券,600187,*ST国中
1,太平洋证券股份有限公司内蒙古分公司,279248.0,0.088463430682,,,279248.0,退市整理的证券,600193,退市创兴
2,申万宏源证券有限公司南通分公司,216000.0,0.068426993308,,,216000.0,退市整理的证券,600193,退市创兴
3,东莞证券股份有限公司河北分公司,160000.0,0.05068666171,,,160000.0,退市整理的证券,600193,退市创兴
4,东莞证券股份有限公司北京分公司,159984.0,0.050681593044,,,159984.0,退市整理的证券,600193,退市创兴
5,财通证券股份有限公司杭州文二西路证券营业部,142384.0,0.045106060256,,,142384.0,退市整理的证券,600193,退市创兴
1,中国银河证券股份有限公司金华八一南街证券营业部,,,479984.0,0.152054916464,-479984.0,退市整理的证券,600193,退市创兴
2,东方财富证券股份有限公司拉萨东环路第二证券营业部,,,301795.0,0.095606131692,-301795.0,退市整理的证券,600193,退市创兴
3,中信建投证券股份有限公司北京望京证券营业部,,,159984.0,0.050681593044,-159984.0,退市整理的证券,600193,退市创兴
4,国金证券股份有限公司成都新都区马超西路证券营业部,,,159664.0,0.05058021972,-159664.0,退市整理的证券,600193,退市创兴
5,兴业证券股份有限公司湖南分公司,,,152048.0,0.048167534623,-152048.0,退市整理的证券,600193,退市创兴
1,东方财富证券股份有限公司拉萨东环路第二证券营业部,311607.0,0.173550612036,,,311607.0,退市整理的证券,600421,退市华嵘
2,中国中金财富证券有限公司广州番禺东兴路证券营业部,136370.0,0.075951750004,,,136370.0,退市整理的证券,600421,退市华嵘
3,国泰海通证券股份有限公司哈尔滨兴江路证券营业部,135000.0,0.075188723696,,,135000.0,退市整理的证券,600421,退市华嵘
4,兴业证券股份有限公司武汉新华路证券营业部,129948.0,0.07237499457,,,129948.0,退市整理的证券,600421,退市华嵘
5,东方财富证券股份有限公司拉萨东环路第一证券营业部,113761.0,0.063359588122,,,113761.0,退市整理的证券,600421,退市华嵘
1,东方财富证券股份有限公司拉萨东环路第二证券营业部,,,276092.0,0.153770408169,-276092.0,退市整理的证券,600421,退市华嵘
2,中信建投证券股份有限公司佛山顺德东乐路证券营业部,,,197613.0,0.110061253747,-197613.0,退市整理的证券,600421,退市华嵘
3,国信证券股份有限公司北京国贸证券营业部,,,111699.0,0.062211149986,-111699.0,退市整理的证券,600421,退市华嵘
4,中信证券股份有限公司杭州延安路证券营业部,,,111456.0,0.062075810284,-111456.0,退市整理的证券,600421,退市华嵘
5,中国银河证券股份有限公司北京上地证券营业部,,,105000.0,0.058480118431,-105000.0,退市整理的证券,600421,退市华嵘
1,沪股通专用,274570709.0,0.05664372362,,,274570709.0,非ST、*ST和S证券连续三个交易日内收盘价格涨幅偏离值累计达到20%的证券,600500,中化国际
2,上海证券有限责任公司徐汇区高安路证券营业部,125799450.66,0.025952328785,,,125799450.66,非ST、*ST和S证券连续三个交易日内收盘价格涨幅偏离值累计达到20%的证券,600500,中化国际
3,东方证券股份有限公司深圳深南大道证券营业部,102074424.0,0.021057874246,,,102074424.0,非ST、*ST和S证券连续三个交易日内收盘价格涨幅偏离值累计达到20%的证券,600500,中化国际
4,东莞证券股份有限公司南京分公司,95095411.81,0.019618109462,,,95095411.81,非ST、*ST和S证券连续三个交易日内收盘价格涨幅偏离值累计达到20%的证券,600500,中化国际
5,中国国际金融股份有限公司北京建国门外大街证券营业部,72348538.8,0.014925447259,,,72348538.8,非ST、*ST和S证券连续三个交易日内收盘价格涨幅偏离值累计达到20%的证券,600500,中化国际
1,沪股通专用,,,210137283.54,0.043351158084,-210137283.54,非ST、*ST和S证券连续三个交易日内收盘价格涨幅偏离值累计达到20%的证券,600500,中化国际
2,上海证券有限责任公司浦东新区商城路证券营业部,,,203021862.9,0.041883252343,-203021862.9,非ST、*ST和S证券连续三个交易日内收盘价格涨幅偏离值累计达到20%的证券,600500,中化国际
3,招商证券股份有限公司北京景辉街证券营业部,,,140945905.58,0.029077030649,-140945905.58,非ST、*ST和S证券连续三个交易日内收盘价格涨幅偏离值累计达到20%的证券,600500,中化国际
4,国泰海通证券股份有限公司成都北一环路证券营业部,,,135890931.8,0.028034193492,-135890931.8,非ST、*ST和S证券连续三个交易日内收盘价格涨幅偏离值累计达到20%的证券,600500,中化国际
5,国都证券股份有限公司北京鲁谷路证券营业部,,,91184194.86,0.018811228448,-91184194.86,非ST、*ST和S证券连续三个交易日内收盘价格涨幅偏离值累计达到20%的证券,600500,中化国际
1,沪股通专用,24563887.37,0.027104862493,,,24563887.37,非ST、*ST和S证券连续三个交易日内收盘价格跌幅偏离值累计达到20%的证券,600592,龙溪股份
2,中信证券股份有限公司深圳深南中路中信大厦证券营业部,11639857.0,0.012843924851,,,11639857.0,非ST、*ST和S证券连续三个交易日内收盘价格跌幅偏离值累计达到20%的证券,600592,龙溪股份
3,国信证券股份有限公司漳州水仙大街证券营业部,11321802.3,0.012492969451,,,11321802.3,非ST、*ST和S证券连续三个交易日内收盘价格跌幅偏离值累计达到20%的证券,600592,龙溪股份
4,东方财富证券股份有限公司拉萨团结路第一证券营业部,8242307.53,0.009094920884,,,8242307.53,非ST、*ST和S证券连续三个交易日内收盘价格跌幅偏离值累计达到20%的证券,600592,龙溪股份
5,高盛(中国)证券有限责任公司上海浦东新区世纪大道证券营业部,7686354.0,0.00848145756,,,7686354.0,非ST、*ST和S证券连续三个交易日内收盘价格跌幅偏离值累计达到20%的证券,600592,龙溪股份
1,申万宏源证券有限公司深圳华富路证券营业部,,,26993164.0,0.029785432063,-26993164.0,非ST、*ST和S证券连续三个交易日内收盘价格跌幅偏离值累计达到20%的证券,600592,龙溪股份
2,国信证券股份有限公司北京亚运村证券营业部,,,11649673.84,0.012854757179,-11649673.84,非ST、*ST和S证券连续三个交易日内收盘价格跌幅偏离值累计达到20%的证券,600592,龙溪股份
3,中信证券股份有限公司杭州火炬大道证券营业部,,,9672830.0,0.010673421642,-9672830.0,非ST、*ST和S证券连续三个交易日内收盘价格跌幅偏离值累计达到20%的证券,600592,龙溪股份
4,沪股通专用,,,8729793.3,0.0096328339,-8729793.3,非ST、*ST和S证券连续三个交易日内收盘价格跌幅偏离值累计达到20%的证券,600592,龙溪股份
5,中信证券股份有限公司深圳深南中路中信大厦证券营业部,,,8682281.0,0.009580406761,-8682281.0,非ST、*ST和S证券连续三个交易日内收盘价格跌幅偏离值累计达到20%的证券,600592,龙溪股份
1,中信证券股份有限公司杭州延安路证券营业部,217760.8,0.220686663789,,,217760.8,退市整理的证券,600599,退市熊猫
2,华泰证券股份有限公司江西分公司,205000.0,0.20775440794,,,205000.0,退市整理的证券,600599,退市熊猫
3,中国银河证券股份有限公司马鞍山湖东中路证券营业部,119200.0,0.120801587446,,,119200.0,退市整理的证券,600599,退市熊猫
4,东方财富证券股份有限公司拉萨团结路第二证券营业部,88601.0,0.089791455112,,,88601.0,退市整理的证券,600599,退市熊猫
5,广发证券股份有限公司广西分公司,47664.0,0.04830442,,,47664.0,退市整理的证券,600599,退市熊猫
1,东方财富证券股份有限公司拉萨东环路第二证券营业部,,,244386.0,0.247669603605,-244386.0,退市整理的证券,600599,退市熊猫
2,东莞证券股份有限公司南京分公司,,,164369.0,0.166577484287,-164369.0,退市整理的证券,600599,退市熊猫
3,中国银河证券股份有限公司合肥临泉路证券营业部,,,80795.0,0.081880572632,-80795.0,退市整理的证券,600599,退市熊猫
4,信达证券股份有限公司沈阳北陵大街证券营业部,,,64600.0,0.065467974405,-64600.0,退市整理的证券,600599,退市熊猫
5,国泰海通证券股份有限公司汕头长平路证券营业部,,,52275.0,0.052977374025,-52275.0,退市整理的证券,600599,退市熊猫
1,华泰证券股份有限公司宁波柳汀街证券营业部,169813.0,0.115899703243,,,169813.0,退市整理的证券,600608,退市沪科
2,国盛证券股份有限公司上海徐汇区虹桥路证券营业部,152680.91,0.104206816674,,,152680.91,退市整理的证券,600608,退市沪科
3,金融街证券股份有限公司潮州熙泰大道证券营业部,90000.0,0.061426235282,,,90000.0,退市整理的证券,600608,退市沪科
4,中信证券股份有限公司陕西分公司,90000.0,0.061426235282,,,90000.0,退市整理的证券,600608,退市沪科
5,国泰海通证券股份有限公司上海金山区卫清西路证券营业部,89982.0,0.061413950035,,,89982.0,退市整理的证券,600608,退市沪科
1,东方财富证券股份有限公司拉萨东环路第二证券营业部,,,244035.0,0.166557236966,-244035.0,退市整理的证券,600608,退市沪科
2,国新证券股份有限公司衡阳临江路证券营业部,,,179838.0,0.12274190334,-179838.0,退市整理的证券,600608,退市沪科
3,东方财富证券股份有限公司昌都两江大道证券营业部,,,149454.0,0.102004406309,-149454.0,退市整理的证券,600608,退市沪科
4,广发证券股份有限公司广西分公司,,,99990.0,0.068244547398,-99990.0,退市整理的证券,600608,退市沪科
5,兴业证券股份有限公司厦门分公司,,,84492.0,0.057666949682,-84492.0,退市整理的证券,600608,退市沪科
1,中信证券股份有限公司北京天通苑证券营业部,3536258.79,0.236823538725,,,3536258.79,退市整理的证券,600636,退市国化
2,中国中金财富证券有限公司北京望京启阳路证券营业部,994602.0,0.066608576818,,,994602.0,退市整理的证券,600636,退市国化
3,国泰海通证券股份有限公司青岛福州南路证券营业部,749391.0,0.050186776208,,,749391.0,退市整理的证券,600636,退市国化
4,国投证券股份有限公司揭阳分公司,575589.0,0.038547242135,,,575589.0,退市整理的证券,600636,退市国化
5,万联证券股份有限公司内江兰桂大道证券营业部,569204.1,0.038119644863,,,569204.1,退市整理的证券,600636,退市国化
1,招商证券股份有限公司合肥北一环证券营业部,,,1042234.0,0.069798495731,-1042234.0,退市整理的证券,600636,退市国化
2,金融街证券股份有限公司深圳分公司,,,649100.0,0.043470279783,-649100.0,退市整理的证券,600636,退市国化
3,中信证券股份有限公司浙江分公司,,,558560.0,0.03740680862,-558560.0,退市整理的证券,600636,退市国化
4,财信证券股份有限公司杭州庆春路证券营业部,,,544783.0,0.03648416181,-544783.0,退市整理的证券,600636,退市国化
5,平安证券股份有限公司北京望京证券营业部,,,520749.0,0.034874602876,-520749.0,退市整理的证券,600636,退市国化
1,华泰证券股份有限公司张家港杨舍东街证券营业部,122500.0,0.14784775905,,,122500.0,退市整理的证券,600696,退市岩石
2,东吴证券股份有限公司张家港金港镇证券营业部,99560.0,0.120161003192,,,99560.0,退市整理的证券,600696,退市岩石
3,平安证券股份有限公司深圳香蜜湖证券营业部,68760.0,0.082987852345,,,68760.0,退市整理的证券,600696,退市岩石
4,东方财富证券股份有限公司拉萨东环路第二证券营业部,67830.0,0.081865416297,,,67830.0,退市整理的证券,600696,退市岩石
5,东方财富证券股份有限公司拉萨团结路第二证券营业部,59302.0,0.071572798426,,,59302.0,退市整理的证券,600696,退市岩石
1,华泰证券股份有限公司郑州农业路证券营业部,,,60315.0,0.072795408874,-60315.0,退市整理的证券,600696,退市岩石
2,东吴证券股份有限公司上海西藏南路证券营业部,,,39060.0,0.047142314029,-39060.0,退市整理的证券,600696,退市岩石
3,金融街证券股份有限公司北京金融大街证券营业部,,,37620.0,0.045404348534,-37620.0,退市整理的证券,600696,退市岩石
4,华泰证券股份有限公司南京江宁苏源大道证券营业部,,,24800.0,0.029931627955,-24800.0,退市整理的证券,600696,退市岩石
5,浙商证券股份有限公司台州分公司,,,24800.0,0.029931627955,-24800.0,退市整理的证券,600696,退市岩石
1,沪股通专用,848703449.23,0.054203294115,,,848703449.23,非ST、*ST和S证券连续三个交易日内收盘价格跌幅偏离值累计达到20%的证券,600703,三安光电
2,瑞银证券有限责任公司上海花园石桥路证券营业部,330960558.67,0.021137126894,,,330960558.67,非ST、*ST和S证券连续三个交易日内收盘价格跌幅偏离值累计达到20%的证券,600703,三安光电
3,国泰海通证券股份有限公司总部,245902048.78,0.015704780139,,,245902048.78,非ST、*ST和S证券连续三个交易日内收盘价格跌幅偏离值累计达到20%的证券,600703,三安光电
4,中信证券股份有限公司上海分公司,165953338.39,0.010598775837,,,165953338.39,非ST、*ST和S证券连续三个交易日内收盘价格跌幅偏离值累计达到20%的证券,600703,三安光电
5,摩根大通证券(中国)有限公司上海银城中路证券营业部,144886578.78,0.009253326177,,,144886578.78,非ST、*ST和S证券连续三个交易日内收盘价格跌幅偏离值累计达到20%的证券,600703,三安光电
1,沪股通专用,,,883147561.1,0.056403101749,-883147561.1,非ST、*ST和S证券连续三个交易日内收盘价格跌幅偏离值累计达到20%的证券,600703,三安光电
2,国泰海通证券股份有限公司总部,,,375800115.86,0.024000850034,-375800115.86,非ST、*ST和S证券连续三个交易日内收盘价格跌幅偏离值累计达到20%的证券,600703,三安光电
3,中信证券股份有限公司上海分公司,,,172823839.82,0.011037567278,-172823839.82,非ST、*ST和S证券连续三个交易日内收盘价格跌幅偏离值累计达到20%的证券,600703,三安光电
4,高盛(中国)证券有限责任公司上海浦东新区世纪大道证券营业部,,,165256853.35,0.010554294123,-165256853.35,非ST、*ST和S证券连续三个交易日内收盘价格跌幅偏离值累计达到20%的证券,600703,三安光电
5,摩根大通证券(中国)有限公司上海银城中路证券营业部,,,164542735.09,0.010508686247,-164542735.09,非ST、*ST和S证券连续三个交易日内收盘价格跌幅偏离值累计达到20%的证券,600703,三安光电
1,沪股通专用,470334018.42,0.0618668759,,,470334018.42,非ST、*ST和S证券连续三个交易日内收盘价格跌幅偏离值累计达到20%的证券,600707,彩虹股份
2,高盛(中国)证券有限责任公司上海浦东新区世纪大道证券营业部,216613695.56,0.028492969032,,,216613695.56,非ST、*ST和S证券连续三个交易日内收盘价格跌幅偏离值累计达到20%的证券,600707,彩虹股份
3,国泰海通证券股份有限公司总部,114150337.37,0.015015126441,,,114150337.37,非ST、*ST和S证券连续三个交易日内收盘价格跌幅偏离值累计达到20%的证券,600707,彩虹股份
4,摩根大通证券(中国)有限公司上海银城中路证券营业部,112386549.85,0.014783121059,,,112386549.85,非ST、*ST和S证券连续三个交易日内收盘价格跌幅偏离值累计达到20%的证券,600707,彩虹股份
5,瑞银证券有限责任公司上海花园石桥路证券营业部,78388094.38,0.010311026456,,,78388094.38,非ST、*ST和S证券连续三个交易日内收盘价格跌幅偏离值累计达到20%的证券,600707,彩虹股份
1,机构专用,,,674019680.51,0.088659315073,-674019680.51,非ST、*ST和S证券连续三个交易日内收盘价格跌幅偏离值累计达到20%的证券,600707,彩虹股份
2,沪股通专用,,,452726831.74,0.059550858792,-452726831.74,非ST、*ST和S证券连续三个交易日内收盘价格跌幅偏离值累计达到20%的证券,600707,彩虹股份
3,高盛(中国)证券有限责任公司上海浦东新区世纪大道证券营业部,,,190820522.9,0.025100182311,-190820522.9,非ST、*ST和S证券连续三个交易日内收盘价格跌幅偏离值累计达到20%的证券,600707,彩虹股份
4,国泰海通证券股份有限公司总部,,,160258811.99,0.021080150797,-160258811.99,非ST、*ST和S证券连续三个交易日内收盘价格跌幅偏离值累计达到20%的证券,600707,彩虹股份
5,机构专用,,,110792514.62,0.014573444582,-110792514.62,非ST、*ST和S证券连续三个交易日内收盘价格跌幅偏离值累计达到20%的证券,600707,彩虹股份
1,摩根大通证券(中国)有限公司上海银城中路证券营业部,15765967.0,0.135381496685,,,15765967.0,有价格涨跌幅限制的日收盘价格跌幅偏离值达到7%的前五只证券,600791,京能置业
2,机构专用,11167586.0,0.095895450437,,,11167586.0,有价格涨跌幅限制的日收盘价格跌幅偏离值达到7%的前五只证券,600791,京能置业
3,中国银河证券股份有限公司总部,7901661.0,0.067851131014,,,7901661.0,有价格涨跌幅限制的日收盘价格跌幅偏离值达到7%的前五只证券,600791,京能置业
4,华福证券股份有限公司潍坊东风东街证券营业部,5458664.0,0.046873249337,,,5458664.0,有价格涨跌幅限制的日收盘价格跌幅偏离值达到7%的前五只证券,600791,京能置业
5,国泰海通证券股份有限公司总部,5281526.0,0.045352175015,,,5281526.0,有价格涨跌幅限制的日收盘价格跌幅偏离值达到7%的前五只证券,600791,京能置业
1,中信证券股份有限公司北京北三环中路证券营业部,,,10388661.0,0.089206864047,-10388661.0,有价格涨跌幅限制的日收盘价格跌幅偏离值达到7%的前五只证券,600791,京能置业
2,中国中金财富证券有限公司太原晋祠路证券营业部,,,9751930.0,0.083739289761,-9751930.0,有价格涨跌幅限制的日收盘价格跌幅偏离值达到7%的前五只证券,600791,京能置业
3,中国银河证券股份有限公司总部,,,9130710.0,0.078404907584,-9130710.0,有价格涨跌幅限制的日收盘价格跌幅偏离值达到7%的前五只证券,600791,京能置业
4,国泰海通证券股份有限公司总部,,,5962167.0,0.05119680207,-5962167.0,有价格涨跌幅限制的日收盘价格跌幅偏离值达到7%的前五只证券,600791,京能置业
5,中信证券股份有限公司深圳深南中路中信大厦证券营业部,,,5774083.0,0.049581735045,-5774083.0,有价格涨跌幅限制的日收盘价格跌幅偏离值达到7%的前五只证券,600791,京能置业
1,沪股通专用,103867968.81,0.09343869581,,,103867968.81,有价格涨跌幅限制的日收盘价格涨幅偏离值达到7%的前五只证券,600906,财达证券
2,平安证券股份有限公司杭州曙光路证券营业部,32962388.0,0.029652669449,,,32962388.0,有价格涨跌幅限制的日收盘价格涨幅偏离值达到7%的前五只证券,600906,财达证券
3,高盛(中国)证券有限责任公司上海浦东新区世纪大道证券营业部,31281147.88,0.028140240873,,,31281147.88,有价格涨跌幅限制的日收盘价格涨幅偏离值达到7%的前五只证券,600906,财达证券
4,招商证券股份有限公司深圳益田路免税商务大厦证券营业部,25353184.0,0.022807497583,,,25353184.0,有价格涨跌幅限制的日收盘价格涨幅偏离值达到7%的前五只证券,600906,财达证券
5,平安证券股份有限公司浙江分公司,23387199.0,0.02103891506,,,23387199.0,有价格涨跌幅限制的日收盘价格涨幅偏离值达到7%的前五只证券,600906,财达证券
1,沪股通专用,,,43501964.58,0.039133978281,-43501964.58,有价格涨跌幅限制的日收盘价格涨幅偏离值达到7%的前五只证券,600906,财达证券
2,中国中金财富证券有限公司中山博爱五路证券营业部,,,40500060.0,0.036433491768,-40500060.0,有价格涨跌幅限制的日收盘价格涨幅偏离值达到7%的前五只证券,600906,财达证券
3,广发证券股份有限公司中山兴中道证券营业部,,,16070506.88,0.014456884264,-16070506.88,有价格涨跌幅限制的日收盘价格涨幅偏离值达到7%的前五只证券,600906,财达证券
4,华泰证券股份有限公司石家庄自强路证券营业部,,,14541807.0,0.013081679524,-14541807.0,有价格涨跌幅限制的日收盘价格涨幅偏离值达到7%的前五只证券,600906,财达证券
5,申万宏源证券有限公司上海徐汇区天钥桥路证券营业部,,,12733249.62,0.01145471748,-12733249.62,有价格涨跌幅限制的日收盘价格涨幅偏离值达到7%的前五只证券,600906,财达证券
1,沪股通专用,64959438.59,0.043617303892,,,64959438.59,非ST、*ST和S证券连续三个交易日内收盘价格涨幅偏离值累计达到20%的证券,601958,金钼股份
2,华金证券股份有限公司上海分公司,46780712.0,0.031411117089,,,46780712.0,非ST、*ST和S证券连续三个交易日内收盘价格涨幅偏离值累计达到20%的证券,601958,金钼股份
3,东方财富证券股份有限公司上海东方路证券营业部,46401665.0,0.031156604296,,,46401665.0,非ST、*ST和S证券连续三个交易日内收盘价格涨幅偏离值累计达到20%的证券,601958,金钼股份
4,东北证券股份有限公司青岛分公司,44621646.88,0.029961403214,,,44621646.88,非ST、*ST和S证券连续三个交易日内收盘价格涨幅偏离值累计达到20%的证券,601958,金钼股份
5,中信证券股份有限公司深圳深南中路中信大厦证券营业部,41124179.4,0.027613013122,,,41124179.4,非ST、*ST和S证券连续三个交易日内收盘价格涨幅偏离值累计达到20%的证券,601958,金钼股份
1,招商证券股份有限公司上海长宁区娄山关路证券营业部,,,94376396.0,0.063369450752,-94376396.0,非ST、*ST和S证券连续三个交易日内收盘价格涨幅偏离值累计达到20%的证券,601958,金钼股份
2,机构专用,,,50539001.0,0.03393463695,-50539001.0,非ST、*ST和S证券连续三个交易日内收盘价格涨幅偏离值累计达到20%的证券,601958,金钼股份
3,中泰证券股份有限公司烟台迎春大街证券营业部,,,50267617.0,0.033752414956,-50267617.0,非ST、*ST和S证券连续三个交易日内收盘价格涨幅偏离值累计达到20%的证券,601958,金钼股份
4,沪股通专用,,,39842553.12,0.026752459458,-39842553.12,非ST、*ST和S证券连续三个交易日内收盘价格涨幅偏离值累计达到20%的证券,601958,金钼股份
5,机构专用,,,26350798.0,0.017693360489,-26350798.0,非ST、*ST和S证券连续三个交易日内收盘价格涨幅偏离值累计达到20%的证券,601958,金钼股份
1,华鑫证券有限责任公司绍兴胜利东路证券营业部,11299375.0,0.051364693101,,,11299375.0,有价格涨跌幅限制的日收盘价格涨幅偏离值达到7%的前五只证券,601996,丰林集团
2,广发证券股份有限公司深圳东滨路证券营业部,10435850.77,0.047439285097,,,10435850.77,有价格涨跌幅限制的日收盘价格涨幅偏离值达到7%的前五只证券,601996,丰林集团
3,中信证券华南股份有限公司广州天河北路证券营业部,9962810.0,0.045288936607,,,9962810.0,有价格涨跌幅限制的日收盘价格涨幅偏离值达到7%的前五只证券,601996,丰林集团
4,国泰海通证券股份有限公司上海浦东新区锦康路证券营业部,6219721.0,0.028273604543,,,6219721.0,有价格涨跌幅限制的日收盘价格涨幅偏离值达到7%的前五只证券,601996,丰林集团
5,国泰海通证券股份有限公司总部,6115589.0,0.027800241351,,,6115589.0,有价格涨跌幅限制的日收盘价格涨幅偏离值达到7%的前五只证券,601996,丰林集团
1,高盛(中国)证券有限责任公司上海浦东新区世纪大道证券营业部,,,12293749.0,0.055884917922,-12293749.0,有价格涨跌幅限制的日收盘价格涨幅偏离值达到7%的前五只证券,601996,丰林集团
2,中国中金财富证券有限公司北京北三环东路证券营业部,,,10405633.99,0.047301925674,-10405633.99,有价格涨跌幅限制的日收盘价格涨幅偏离值达到7%的前五只证券,601996,丰林集团
3,国泰海通证券股份有限公司总部,,,9140281.0,0.041549884699,-9140281.0,有价格涨跌幅限制的日收盘价格涨幅偏离值达到7%的前五只证券,601996,丰林集团
4,中信证券股份有限公司温州分公司,,,7573095.0,0.034425771381,-7573095.0,有价格涨跌幅限制的日收盘价格涨幅偏离值达到7%的前五只证券,601996,丰林集团
5,中国银河证券股份有限公司北京建国路证券营业部,,,5203692.0,0.023654940434,-5203692.0,有价格涨跌幅限制的日收盘价格涨幅偏离值达到7%的前五只证券,601996,丰林集团
1,国泰海通证券股份有限公司总部,21024101.61,0.051748200562,,,21024101.61,非ST、*ST和S证券连续三个交易日内收盘价格涨幅偏离值累计达到20%的证券,603014,威高血净
2,开源证券股份有限公司西安西大街证券营业部,14594090.0,0.035921529983,,,14594090.0,非ST、*ST和S证券连续三个交易日内收盘价格涨幅偏离值累计达到20%的证券,603014,威高血净
3,高盛(中国)证券有限责任公司上海浦东新区世纪大道证券营业部,11939732.0,0.02938815925,,,11939732.0,非ST、*ST和S证券连续三个交易日内收盘价格涨幅偏离值累计达到20%的证券,603014,威高血净
4,国泰海通证券股份有限公司上海普陀区大渡河路证券营业部,10224553.0,0.025166460338,,,10224553.0,非ST、*ST和S证券连续三个交易日内收盘价格涨幅偏离值累计达到20%的证券,603014,威高血净
5,华鑫证券有限责任公司上海徐汇区瑞平路证券营业部,9667685.0,0.023795799299,,,9667685.0,非ST、*ST和S证券连续三个交易日内收盘价格涨幅偏离值累计达到20%的证券,603014,威高血净
1,机构专用,,,18108128.0,0.044570895677,-18108128.0,非ST、*ST和S证券连续三个交易日内收盘价格涨幅偏离值累计达到20%的证券,603014,威高血净
2,华泰证券股份有限公司南京中山东路华泰证券大厦证券营业部,,,15310889.0,0.037685841205,-15310889.0,非ST、*ST和S证券连续三个交易日内收盘价格涨幅偏离值累计达到20%的证券,603014,威高血净
3,国泰海通证券股份有限公司上海浦东新区福山路证券营业部,,,8292221.0,0.020410266435,-8292221.0,非ST、*ST和S证券连续三个交易日内收盘价格涨幅偏离值累计达到20%的证券,603014,威高血净
4,国泰海通证券股份有限公司北京中关村南大街证券营业部,,,7794466.32,0.019185105451,-7794466.32,非ST、*ST和S证券连续三个交易日内收盘价格涨幅偏离值累计达到20%的证券,603014,威高血净
5,华鑫证券有限责任公司上海徐汇区瑞平路证券营业部,,,7196338.0,0.017712887288,-7196338.0,非ST、*ST和S证券连续三个交易日内收盘价格涨幅偏离值累计达到20%的证券,603014,威高血净
1,国泰海通证券股份有限公司总部,14231588.0,0.046792677616,,,14231588.0,有价格涨跌幅限制的日收盘价格涨幅偏离值达到7%的前五只证券,603020,爱普股份
2,高盛(中国)证券有限责任公司上海浦东新区世纪大道证券营业部,13703203.5,0.045055378478,,,13703203.5,有价格涨跌幅限制的日收盘价格涨幅偏离值达到7%的前五只证券,603020,爱普股份
3,华鑫证券有限责任公司绍兴胜利东路证券营业部,13184513.0,0.043349952678,,,13184513.0,有价格涨跌幅限制的日收盘价格涨幅偏离值达到7%的前五只证券,603020,爱普股份
4,开源证券股份有限公司西安西大街证券营业部,12693136.0,0.041734332162,,,12693136.0,有价格涨跌幅限制的日收盘价格涨幅偏离值达到7%的前五只证券,603020,爱普股份
5,摩根大通证券(中国)有限公司上海银城中路证券营业部,10126482.0,0.033295315155,,,10126482.0,有价格涨跌幅限制的日收盘价格涨幅偏离值达到7%的前五只证券,603020,爱普股份
1,国泰海通证券股份有限公司总部,,,16815673.0,0.055289006792,-16815673.0,有价格涨跌幅限制的日收盘价格涨幅偏离值达到7%的前五只证券,603020,爱普股份
2,高盛(中国)证券有限责任公司上海浦东新区世纪大道证券营业部,,,14729839.3,0.048430900452,-14729839.3,有价格涨跌幅限制的日收盘价格涨幅偏离值达到7%的前五只证券,603020,爱普股份
3,中国银河证券股份有限公司北京安贞门证券营业部,,,13081423.0,0.043010998436,-13081423.0,有价格涨跌幅限制的日收盘价格涨幅偏离值达到7%的前五只证券,603020,爱普股份
4,瑞银证券有限责任公司上海花园石桥路证券营业部,,,6741666.0,0.022166226547,-6741666.0,有价格涨跌幅限制的日收盘价格涨幅偏离值达到7%的前五只证券,603020,爱普股份
5,华泰证券股份有限公司总部,,,6425285.0,0.021125983242,-6425285.0,有价格涨跌幅限制的日收盘价格涨幅偏离值达到7%的前五只证券,603020,爱普股份
1,东莞证券股份有限公司四川分公司,27044836.0,0.092303216591,,,27044836.0,非ST、*ST和S证券连续三个交易日内收盘价格涨幅偏离值累计达到20%的证券,603065,宿迁联盛
2,浙商证券股份有限公司宁波分公司,26962000.0,0.0920204998,,,26962000.0,非ST、*ST和S证券连续三个交易日内收盘价格涨幅偏离值累计达到20%的证券,603065,宿迁联盛
3,华源证券股份有限公司湖北分公司,23865924.0,0.081453684989,,,23865924.0,非ST、*ST和S证券连续三个交易日内收盘价格涨幅偏离值累计达到20%的证券,603065,宿迁联盛
4,东亚前海证券有限责任公司上海分公司,13461280.0,0.04594294613,,,13461280.0,非ST、*ST和S证券连续三个交易日内收盘价格涨幅偏离值累计达到20%的证券,603065,宿迁联盛
5,国泰海通证券股份有限公司重庆中山三路证券营业部,13288560.0,0.045353457934,,,13288560.0,非ST、*ST和S证券连续三个交易日内收盘价格涨幅偏离值累计达到20%的证券,603065,宿迁联盛
1,中国国际金融股份有限公司上海分公司,,,20884370.64,0.071277732524,-20884370.64,非ST、*ST和S证券连续三个交易日内收盘价格涨幅偏离值累计达到20%的证券,603065,宿迁联盛
2,东莞证券股份有限公司北京分公司,,,17207592.0,0.058728996966,-17207592.0,非ST、*ST和S证券连续三个交易日内收盘价格涨幅偏离值累计达到20%的证券,603065,宿迁联盛
3,东吴证券股份有限公司昆山前进中路证券营业部,,,14232020.0,0.048573458704,-14232020.0,非ST、*ST和S证券连续三个交易日内收盘价格涨幅偏离值累计达到20%的证券,603065,宿迁联盛
4,华鑫证券有限责任公司泉州分公司,,,12846560.0,0.043844925151,-12846560.0,非ST、*ST和S证券连续三个交易日内收盘价格涨幅偏离值累计达到20%的证券,603065,宿迁联盛
5,华源证券股份有限公司湖北分公司,,,8801920.0,0.030040689771,-8801920.0,非ST、*ST和S证券连续三个交易日内收盘价格涨幅偏离值累计达到20%的证券,603065,宿迁联盛
1,沪股通专用,202524154.91,0.088267885758,,,202524154.91,有价格涨跌幅限制的日收盘价格跌幅偏离值达到7%的前五只证券,603078,江化微
2,摩根大通证券(中国)有限公司上海银城中路证券营业部,64860079.97,0.028268539778,,,64860079.97,有价格涨跌幅限制的日收盘价格跌幅偏离值达到7%的前五只证券,603078,江化微
3,高盛(中国)证券有限责任公司上海浦东新区世纪大道证券营业部,64703494.38,0.028200293701,,,64703494.38,有价格涨跌幅限制的日收盘价格跌幅偏离值达到7%的前五只证券,603078,江化微
4,国泰海通证券股份有限公司总部,34300505.77,0.014949491462,,,34300505.77,有价格涨跌幅限制的日收盘价格跌幅偏离值达到7%的前五只证券,603078,江化微
5,瑞银证券有限责任公司上海花园石桥路证券营业部,34128701.0,0.014874612277,,,34128701.0,有价格涨跌幅限制的日收盘价格跌幅偏离值达到7%的前五只证券,603078,江化微
1,沪股通专用,,,106910137.52,0.046595586631,-106910137.52,有价格涨跌幅限制的日收盘价格跌幅偏离值达到7%的前五只证券,603078,江化微
2,高盛(中国)证券有限责任公司上海浦东新区世纪大道证券营业部,,,60496817.0,0.026366860457,-60496817.0,有价格涨跌幅限制的日收盘价格跌幅偏离值达到7%的前五只证券,603078,江化微
3,摩根大通证券(中国)有限公司上海银城中路证券营业部,,,59608114.4,0.025979529377,-59608114.4,有价格涨跌幅限制的日收盘价格跌幅偏离值达到7%的前五只证券,603078,江化微
4,华泰证券股份有限公司上海浦东新区世纪大道证券营业部,,,39933127.0,0.017404406371,-39933127.0,有价格涨跌幅限制的日收盘价格跌幅偏离值达到7%的前五只证券,603078,江化微
5,国泰海通证券股份有限公司总部,,,35888456.2,0.015641581881,-35888456.2,有价格涨跌幅限制的日收盘价格跌幅偏离值达到7%的前五只证券,603078,江化微
1,机构专用,30477159.25,0.053253091005,,,30477159.25,有价格涨跌幅限制的日换手率达到20%的前五只证券,603120,肯特催化
2,国泰海通证券股份有限公司总部,25003302.0,0.043688557254,,,25003302.0,有价格涨跌幅限制的日换手率达到20%的前五只证券,603120,肯特催化
3,机构专用,20529839.1,0.035872024061,,,20529839.1,有价格涨跌幅限制的日换手率达到20%的前五只证券,603120,肯特催化
4,中泰证券股份有限公司常州惠国路证券营业部,18167544.0,0.031744358654,,,18167544.0,有价格涨跌幅限制的日换手率达到20%的前五只证券,603120,肯特催化
5,财通证券股份有限公司温州分公司,15520992.0,0.027120007895,,,15520992.0,有价格涨跌幅限制的日换手率达到20%的前五只证券,603120,肯特催化
1,国金证券股份有限公司杭州利一路证券营业部,,,26428107.0,0.046178135424,-26428107.0,有价格涨跌幅限制的日换手率达到20%的前五只证券,603120,肯特催化
2,中信证券股份有限公司北京建国门证券营业部,,,23904519.0,0.041768641077,-23904519.0,有价格涨跌幅限制的日换手率达到20%的前五只证券,603120,肯特催化
3,机构专用,,,22599963.0,0.039489175369,-22599963.0,有价格涨跌幅限制的日换手率达到20%的前五只证券,603120,肯特催化
4,招商证券股份有限公司深圳福华三路证券营业部,,,19492906.0,0.034060178925,-19492906.0,有价格涨跌幅限制的日换手率达到20%的前五只证券,603120,肯特催化
5,机构专用,,,16615835.0,0.029033039665,-16615835.0,有价格涨跌幅限制的日换手率达到20%的前五只证券,603120,肯特催化
1,沪股通专用,93166844.25,0.05114747221,,,93166844.25,非ST、*ST和S证券连续三个交易日内收盘价格跌幅偏离值累计达到20%的证券,603135,中重科技
2,国泰海通证券股份有限公司总部,54702977.91,0.030031274162,,,54702977.91,非ST、*ST和S证券连续三个交易日内收盘价格跌幅偏离值累计达到20%的证券,603135,中重科技
3,高盛(中国)证券有限责任公司上海浦东新区世纪大道证券营业部,45968854.07,0.025236345666,,,45968854.07,非ST、*ST和S证券连续三个交易日内收盘价格跌幅偏离值累计达到20%的证券,603135,中重科技
4,中信证券股份有限公司深圳深南中路中信大厦证券营业部,36599733.78,0.020092811788,,,36599733.78,非ST、*ST和S证券连续三个交易日内收盘价格跌幅偏离值累计达到20%的证券,603135,中重科技
5,瑞银证券有限责任公司上海花园石桥路证券营业部,30582891.8,0.016789638214,,,30582891.8,非ST、*ST和S证券连续三个交易日内收盘价格跌幅偏离值累计达到20%的证券,603135,中重科技
1,机构专用,,,54826388.78,0.030099025239,-54826388.78,非ST、*ST和S证券连续三个交易日内收盘价格跌幅偏离值累计达到20%的证券,603135,中重科技
2,沪股通专用,,,40249320.04,0.022096390565,-40249320.04,非ST、*ST和S证券连续三个交易日内收盘价格跌幅偏离值累计达到20%的证券,603135,中重科技
3,国泰海通证券股份有限公司总部,,,32078457.85,0.017610685911,-32078457.85,非ST、*ST和S证券连续三个交易日内收盘价格跌幅偏离值累计达到20%的证券,603135,中重科技
4,东方财富证券股份有限公司拉萨金融城南环路证券营业部,,,24029479.71,0.013191894129,-24029479.71,非ST、*ST和S证券连续三个交易日内收盘价格跌幅偏离值累计达到20%的证券,603135,中重科技
5,国信证券股份有限公司浙江互联网分公司,,,20320198.74,0.011155543678,-20320198.74,非ST、*ST和S证券连续三个交易日内收盘价格跌幅偏离值累计达到20%的证券,603135,中重科技
1,沪股通专用,48949347.3,0.028476972962,,,48949347.3,有价格涨跌幅限制的日价格振幅达到15%的前五只证券,603203,快克智能
2,摩根大通证券(中国)有限公司上海银城中路证券营业部,35037951.2,0.020383822134,,,35037951.2,有价格涨跌幅限制的日价格振幅达到15%的前五只证券,603203,快克智能
3,东海证券股份有限公司扬州文汇东路证券营业部,22225404.9,0.012929942672,,,22225404.9,有价格涨跌幅限制的日价格振幅达到15%的前五只证券,603203,快克智能
4,东方财富证券股份有限公司山南香曲东路证券营业部,22031009.0,0.012816850116,,,22031009.0,有价格涨跌幅限制的日价格振幅达到15%的前五只证券,603203,快克智能
5,国泰海通证券股份有限公司总部,17189121.1,0.010000013561,,,17189121.1,有价格涨跌幅限制的日价格振幅达到15%的前五只证券,603203,快克智能
1,沪股通专用,,,68605438.44,0.039912181127,-68605438.44,有价格涨跌幅限制的日价格振幅达到15%的前五只证券,603203,快克智能
2,摩根大通证券(中国)有限公司上海银城中路证券营业部,,,29263282.15,0.017024326993,-29263282.15,有价格涨跌幅限制的日价格振幅达到15%的前五只证券,603203,快克智能
3,东方财富证券股份有限公司拉萨金融城南环路证券营业部,,,21196311.3,0.01233125296,-21196311.3,有价格涨跌幅限制的日价格振幅达到15%的前五只证券,603203,快克智能
4,中信证券股份有限公司上海世博馆路证券营业部,,,18408254.11,0.010709261379,-18408254.11,有价格涨跌幅限制的日价格振幅达到15%的前五只证券,603203,快克智能
5,机构专用,,,17519285.23,0.010192091199,-17519285.23,有价格涨跌幅限制的日价格振幅达到15%的前五只证券,603203,快克智能
1,沪股通专用,23878301.0,0.046154751502,,,23878301.0,有价格涨跌幅限制的日收盘价格跌幅偏离值达到7%的前五只证券,603211,晋拓股份
2,东方财富证券股份有限公司上海分公司,18256110.0,0.035287528223,,,18256110.0,有价格涨跌幅限制的日收盘价格跌幅偏离值达到7%的前五只证券,603211,晋拓股份
3,高盛(中国)证券有限责任公司上海浦东新区世纪大道证券营业部,16134797.0,0.031187208255,,,16134797.0,有价格涨跌幅限制的日收盘价格跌幅偏离值达到7%的前五只证券,603211,晋拓股份
4,中国银河证券股份有限公司嘉兴环城南路证券营业部,7960171.0,0.015386342371,,,7960171.0,有价格涨跌幅限制的日收盘价格跌幅偏离值达到7%的前五只证券,603211,晋拓股份
5,国泰海通证券股份有限公司总部,7590943.0,0.01467265564,,,7590943.0,有价格涨跌幅限制的日收盘价格跌幅偏离值达到7%的前五只证券,603211,晋拓股份
1,沪股通专用,,,31547931.0,0.060979502508,-31547931.0,有价格涨跌幅限制的日收盘价格跌幅偏离值达到7%的前五只证券,603211,晋拓股份
2,湘财证券股份有限公司上海浦明路证券营业部,,,17047697.0,0.032951767327,-17047697.0,有价格涨跌幅限制的日收盘价格跌幅偏离值达到7%的前五只证券,603211,晋拓股份
3,高盛(中国)证券有限责任公司上海浦东新区世纪大道证券营业部,,,14239216.0,0.027523209296,-14239216.0,有价格涨跌幅限制的日收盘价格跌幅偏离值达到7%的前五只证券,603211,晋拓股份
4,中信证券股份有限公司上海分公司,,,14028060.0,0.027115062473,-14028060.0,有价格涨跌幅限制的日收盘价格跌幅偏离值达到7%的前五只证券,603211,晋拓股份
5,国泰海通证券股份有限公司总部,,,12701509.0,0.02455095074,-12701509.0,有价格涨跌幅限制的日收盘价格跌幅偏离值达到7%的前五只证券,603211,晋拓股份
1,沪股通专用,103198223.78,0.032600564935,,,103198223.78,有价格涨跌幅限制的日换手率达到20%的前五只证券,603399,永杉锂业
2,东方财富证券股份有限公司山南香曲东路证券营业部,39176674.5,0.012376004879,,,39176674.5,有价格涨跌幅限制的日换手率达到20%的前五只证券,603399,永杉锂业
3,国泰海通证券股份有限公司总部,34997459.44,0.011055780877,,,34997459.44,有价格涨跌幅限制的日换手率达到20%的前五只证券,603399,永杉锂业
4,东方财富证券股份有限公司拉萨金融城南环路证券营业部,33968285.63,0.010730662417,,,33968285.63,有价格涨跌幅限制的日换手率达到20%的前五只证券,603399,永杉锂业
5,高盛(中国)证券有限责任公司上海浦东新区世纪大道证券营业部,32677514.0,0.010322904582,,,32677514.0,有价格涨跌幅限制的日换手率达到20%的前五只证券,603399,永杉锂业
1,沪股通专用,,,160866720.59,0.05081818057,-160866720.59,有价格涨跌幅限制的日换手率达到20%的前五只证券,603399,永杉锂业
2,开源证券股份有限公司西安太华路证券营业部,,,95417467.52,0.030142605482,-95417467.52,有价格涨跌幅限制的日换手率达到20%的前五只证券,603399,永杉锂业
3,瑞银证券有限责任公司上海花园石桥路证券营业部,,,80325455.36,0.025375002859,-80325455.36,有价格涨跌幅限制的日换手率达到20%的前五只证券,603399,永杉锂业
4,东北证券股份有限公司佛山分公司,,,48444715.12,0.015303801007,-48444715.12,有价格涨跌幅限制的日换手率达到20%的前五只证券,603399,永杉锂业
5,中信证券股份有限公司深圳深南中路中信大厦证券营业部,,,41684079.68,0.013168100153,-41684079.68,有价格涨跌幅限制的日换手率达到20%的前五只证券,603399,永杉锂业
1,高盛(中国)证券有限责任公司上海浦东新区世纪大道证券营业部,22111142.97,0.039035355083,,,22111142.97,有价格涨跌幅限制的日换手率达到20%的前五只证券,603435,嘉德利
2,国泰海通证券股份有限公司总部,20439221.69,0.036083719298,,,20439221.69,有价格涨跌幅限制的日换手率达到20%的前五只证券,603435,嘉德利
3,瑞银证券有限责任公司上海花园石桥路证券营业部,19405033.0,0.034257946529,,,19405033.0,有价格涨跌幅限制的日换手率达到20%的前五只证券,603435,嘉德利
4,中国国际金融股份有限公司上海分公司,15203714.55,0.02684087371,,,15203714.55,有价格涨跌幅限制的日换手率达到20%的前五只证券,603435,嘉德利
5,中信证券股份有限公司深圳深南中路中信大厦证券营业部,11411933.83,0.020146805158,,,11411933.83,有价格涨跌幅限制的日换手率达到20%的前五只证券,603435,嘉德利
6,国泰海通证券股份有限公司总部,71015441.41,0.040276680381,,,71015441.41,非ST、*ST和S证券连续三个交易日内收盘价格跌幅偏离值累计达到20%的证券,603435,嘉德利
7,高盛(中国)证券有限责任公司上海浦东新区世纪大道证券营业部,50111697.75,0.028421041868,,,50111697.75,非ST、*ST和S证券连续三个交易日内收盘价格跌幅偏离值累计达到20%的证券,603435,嘉德利
8,中信证券股份有限公司深圳深南中路中信大厦证券营业部,49654249.84,0.028161598529,,,49654249.84,非ST、*ST和S证券连续三个交易日内收盘价格跌幅偏离值累计达到20%的证券,603435,嘉德利
9,中国国际金融股份有限公司上海分公司,29914267.4,0.016965991663,,,29914267.4,非ST、*ST和S证券连续三个交易日内收盘价格跌幅偏离值累计达到20%的证券,603435,嘉德利
10,瑞银证券有限责任公司上海花园石桥路证券营业部,29375258.0,0.016660290411,,,29375258.0,非ST、*ST和S证券连续三个交易日内收盘价格跌幅偏离值累计达到20%的证券,603435,嘉德利
1,国泰海通证券股份有限公司总部,,,29171171.0,0.051499238177,-29171171.0,有价格涨跌幅限制的日换手率达到20%的前五只证券,603435,嘉德利
2,高盛(中国)证券有限责任公司上海浦东新区世纪大道证券营业部,,,13137841.0,0.023193748472,-13137841.0,有价格涨跌幅限制的日换手率达到20%的前五只证券,603435,嘉德利
3,东吴证券股份有限公司苏州相城采莲路证券营业部,,,9117273.0,0.016095775303,-9117273.0,有价格涨跌幅限制的日换手率达到20%的前五只证券,603435,嘉德利
4,东吴证券股份有限公司苏州永昌泾大道证券营业部,,,9050975.4,0.015978732491,-9050975.4,有价格涨跌幅限制的日换手率达到20%的前五只证券,603435,嘉德利
5,中国国际金融股份有限公司上海分公司,,,8852028.0,0.015627507662,-8852028.0,有价格涨跌幅限制的日换手率达到20%的前五只证券,603435,嘉德利
6,国泰海通证券股份有限公司总部,,,56416173.24,0.031996649359,-56416173.24,非ST、*ST和S证券连续三个交易日内收盘价格跌幅偏离值累计达到20%的证券,603435,嘉德利
7,高盛(中国)证券有限责任公司上海浦东新区世纪大道证券营业部,,,30393966.34,0.017238054759,-30393966.34,非ST、*ST和S证券连续三个交易日内收盘价格跌幅偏离值累计达到20%的证券,603435,嘉德利
8,东吴证券股份有限公司苏州永昌泾大道证券营业部,,,16842065.4,0.009552042086,-16842065.4,非ST、*ST和S证券连续三个交易日内收盘价格跌幅偏离值累计达到20%的证券,603435,嘉德利
9,东吴证券股份有限公司苏州相城采莲路证券营业部,,,16794347.0,0.009524978412,-16794347.0,非ST、*ST和S证券连续三个交易日内收盘价格跌幅偏离值累计达到20%的证券,603435,嘉德利
10,东方财富证券股份有限公司拉萨东环路第二证券营业部,,,16638298.55,0.009436474934,-16638298.55,非ST、*ST和S证券连续三个交易日内收盘价格跌幅偏离值累计达到20%的证券,603435,嘉德利
1,高盛(中国)证券有限责任公司上海浦东新区世纪大道证券营业部,22111142.97,0.039035355083,,,22111142.97,有价格涨跌幅限制的日换手率达到20%的前五只证券,603435,嘉德利
2,国泰海通证券股份有限公司总部,20439221.69,0.036083719298,,,20439221.69,有价格涨跌幅限制的日换手率达到20%的前五只证券,603435,嘉德利
3,瑞银证券有限责任公司上海花园石桥路证券营业部,19405033.0,0.034257946529,,,19405033.0,有价格涨跌幅限制的日换手率达到20%的前五只证券,603435,嘉德利
4,中国国际金融股份有限公司上海分公司,15203714.55,0.02684087371,,,15203714.55,有价格涨跌幅限制的日换手率达到20%的前五只证券,603435,嘉德利
5,中信证券股份有限公司深圳深南中路中信大厦证券营业部,11411933.83,0.020146805158,,,11411933.83,有价格涨跌幅限制的日换手率达到20%的前五只证券,603435,嘉德利
6,国泰海通证券股份有限公司总部,71015441.41,0.040276680381,,,71015441.41,非ST、*ST和S证券连续三个交易日内收盘价格跌幅偏离值累计达到20%的证券,603435,嘉德利
7,高盛(中国)证券有限责任公司上海浦东新区世纪大道证券营业部,50111697.75,0.028421041868,,,50111697.75,非ST、*ST和S证券连续三个交易日内收盘价格跌幅偏离值累计达到20%的证券,603435,嘉德利
8,中信证券股份有限公司深圳深南中路中信大厦证券营业部,49654249.84,0.028161598529,,,49654249.84,非ST、*ST和S证券连续三个交易日内收盘价格跌幅偏离值累计达到20%的证券,603435,嘉德利
9,中国国际金融股份有限公司上海分公司,29914267.4,0.016965991663,,,29914267.4,非ST、*ST和S证券连续三个交易日内收盘价格跌幅偏离值累计达到20%的证券,603435,嘉德利
10,瑞银证券有限责任公司上海花园石桥路证券营业部,29375258.0,0.016660290411,,,29375258.0,非ST、*ST和S证券连续三个交易日内收盘价格跌幅偏离值累计达到20%的证券,603435,嘉德利
1,国泰海通证券股份有限公司总部,,,29171171.0,0.051499238177,-29171171.0,有价格涨跌幅限制的日换手率达到20%的前五只证券,603435,嘉德利
2,高盛(中国)证券有限责任公司上海浦东新区世纪大道证券营业部,,,13137841.0,0.023193748472,-13137841.0,有价格涨跌幅限制的日换手率达到20%的前五只证券,603435,嘉德利
3,东吴证券股份有限公司苏州相城采莲路证券营业部,,,9117273.0,0.016095775303,-9117273.0,有价格涨跌幅限制的日换手率达到20%的前五只证券,603435,嘉德利
4,东吴证券股份有限公司苏州永昌泾大道证券营业部,,,9050975.4,0.015978732491,-9050975.4,有价格涨跌幅限制的日换手率达到20%的前五只证券,603435,嘉德利
5,中国国际金融股份有限公司上海分公司,,,8852028.0,0.015627507662,-8852028.0,有价格涨跌幅限制的日换手率达到20%的前五只证券,603435,嘉德利
6,国泰海通证券股份有限公司总部,,,56416173.24,0.031996649359,-56416173.24,非ST、*ST和S证券连续三个交易日内收盘价格跌幅偏离值累计达到20%的证券,603435,嘉德利
7,高盛(中国)证券有限责任公司上海浦东新区世纪大道证券营业部,,,30393966.34,0.017238054759,-30393966.34,非ST、*ST和S证券连续三个交易日内收盘价格跌幅偏离值累计达到20%的证券,603435,嘉德利
8,东吴证券股份有限公司苏州永昌泾大道证券营业部,,,16842065.4,0.009552042086,-16842065.4,非ST、*ST和S证券连续三个交易日内收盘价格跌幅偏离值累计达到20%的证券,603435,嘉德利
9,东吴证券股份有限公司苏州相城采莲路证券营业部,,,16794347.0,0.009524978412,-16794347.0,非ST、*ST和S证券连续三个交易日内收盘价格跌幅偏离值累计达到20%的证券,603435,嘉德利
10,东方财富证券股份有限公司拉萨东环路第二证券营业部,,,16638298.55,0.009436474934,-16638298.55,非ST、*ST和S证券连续三个交易日内收盘价格跌幅偏离值累计达到20%的证券,603435,嘉德利
1,高盛(中国)证券有限责任公司上海浦东新区世纪大道证券营业部,66096246.64,0.049176403401,,,66096246.64,有价格涨跌幅限制的日换手率达到20%的前五只证券,603459,红板科技
2,国泰海通证券股份有限公司总部,38337933.5,0.028523884172,,,38337933.5,有价格涨跌幅限制的日换手率达到20%的前五只证券,603459,红板科技
3,瑞银证券有限责任公司上海花园石桥路证券营业部,35770912.17,0.026613989391,,,35770912.17,有价格涨跌幅限制的日换手率达到20%的前五只证券,603459,红板科技
4,中信证券股份有限公司上海分公司,29680600.46,0.022082724142,,,29680600.46,有价格涨跌幅限制的日换手率达到20%的前五只证券,603459,红板科技
5,中国国际金融股份有限公司上海分公司,26072108.93,0.019397962992,,,26072108.93,有价格涨跌幅限制的日换手率达到20%的前五只证券,603459,红板科技
1,瑞银证券有限责任公司上海花园石桥路证券营业部,,,43951789.6,0.03270066071,-43951789.6,有价格涨跌幅限制的日换手率达到20%的前五只证券,603459,红板科技
2,中国国际金融股份有限公司上海分公司,,,43140919.8,0.032097363814,-43140919.8,有价格涨跌幅限制的日换手率达到20%的前五只证券,603459,红板科技
3,国泰海通证券股份有限公司总部,,,42619776.44,0.031709626879,-42619776.44,有价格涨跌幅限制的日换手率达到20%的前五只证券,603459,红板科技
4,机构专用,,,36112629.4,0.026868231125,-36112629.4,有价格涨跌幅限制的日换手率达到20%的前五只证券,603459,红板科技
5,高盛(中国)证券有限责任公司上海浦东新区世纪大道证券营业部,,,35957002.29,0.026752442682,-35957002.29,有价格涨跌幅限制的日换手率达到20%的前五只证券,603459,红板科技
1,沪股通专用,145699562.38,0.12092331205,,,145699562.38,有价格涨跌幅限制的日价格振幅达到15%的前五只证券,603466,风语筑
2,高盛(中国)证券有限责任公司上海浦东新区世纪大道证券营业部,23823338.26,0.01977217309,,,23823338.26,有价格涨跌幅限制的日价格振幅达到15%的前五只证券,603466,风语筑
3,中泰证券股份有限公司潍坊四平路证券营业部,20186435.48,0.01675372662,,,20186435.48,有价格涨跌幅限制的日价格振幅达到15%的前五只证券,603466,风语筑
4,东方证券股份有限公司重庆金州大道证券营业部,17986019.56,0.014927492027,,,17986019.56,有价格涨跌幅限制的日价格振幅达到15%的前五只证券,603466,风语筑
5,中信证券股份有限公司上海分公司,15026741.0,0.012471439594,,,15026741.0,有价格涨跌幅限制的日价格振幅达到15%的前五只证券,603466,风语筑
1,东方财富证券股份有限公司拉萨团结路第一证券营业部,,,13900382.78,0.011536618896,-13900382.78,有价格涨跌幅限制的日价格振幅达到15%的前五只证券,603466,风语筑
2,东方财富证券股份有限公司拉萨东环路第二证券营业部,,,11630571.98,0.009652790042,-11630571.98,有价格涨跌幅限制的日价格振幅达到15%的前五只证券,603466,风语筑
3,国泰海通证券股份有限公司北京金融街证券营业部,,,11212740.0,0.009306010504,-11212740.0,有价格涨跌幅限制的日价格振幅达到15%的前五只证券,603466,风语筑
4,东方财富证券股份有限公司拉萨团结路第二证券营业部,,,10836655.18,0.00899387901,-10836655.18,有价格涨跌幅限制的日价格振幅达到15%的前五只证券,603466,风语筑
5,中信证券股份有限公司深圳深南中路中信大厦证券营业部,,,10371362.0,0.008607709063,-10371362.0,有价格涨跌幅限制的日价格振幅达到15%的前五只证券,603466,风语筑
1,国泰海通证券股份有限公司总部,164927504.61,0.051904179131,,,164927504.61,非ST、*ST和S证券连续三个交易日内收盘价格涨幅偏离值累计达到20%的证券,603608,天创时尚
2,高盛(中国)证券有限责任公司上海浦东新区世纪大道证券营业部,101526066.86,0.031951172567,,,101526066.86,非ST、*ST和S证券连续三个交易日内收盘价格涨幅偏离值累计达到20%的证券,603608,天创时尚
3,中信证券股份有限公司重庆分公司,45507110.0,0.014321499587,,,45507110.0,非ST、*ST和S证券连续三个交易日内收盘价格涨幅偏离值累计达到20%的证券,603608,天创时尚
4,中信证券股份有限公司深圳深南中路中信大厦证券营业部,44779899.92,0.01409263999,,,44779899.92,非ST、*ST和S证券连续三个交易日内收盘价格涨幅偏离值累计达到20%的证券,603608,天创时尚
5,国金证券股份有限公司厦门湖滨南路证券营业部,38346223.6,0.012067903795,,,38346223.6,非ST、*ST和S证券连续三个交易日内收盘价格涨幅偏离值累计达到20%的证券,603608,天创时尚
1,国泰海通证券股份有限公司总部,,,169919805.37,0.053475301386,-169919805.37,非ST、*ST和S证券连续三个交易日内收盘价格涨幅偏离值累计达到20%的证券,603608,天创时尚
2,机构专用,,,160003332.72,0.050354497649,-160003332.72,非ST、*ST和S证券连续三个交易日内收盘价格涨幅偏离值累计达到20%的证券,603608,天创时尚
3,高盛(中国)证券有限责任公司上海浦东新区世纪大道证券营业部,,,89455613.57,0.028152491617,-89455613.57,非ST、*ST和S证券连续三个交易日内收盘价格涨幅偏离值累计达到20%的证券,603608,天创时尚
4,中国国际金融股份有限公司上海分公司,,,42529145.6,0.013384307225,-42529145.6,非ST、*ST和S证券连续三个交易日内收盘价格涨幅偏离值累计达到20%的证券,603608,天创时尚
5,中信证券股份有限公司重庆分公司,,,40321054.0,0.012689400804,-40321054.0,非ST、*ST和S证券连续三个交易日内收盘价格涨幅偏离值累计达到20%的证券,603608,天创时尚
1,国泰海通证券股份有限公司总部,8632739.0,0.050154593296,,,8632739.0,有价格涨跌幅限制的日收盘价格跌幅偏离值达到7%的前五只证券,603657,春光科技
2,摩根大通证券(中国)有限公司上海银城中路证券营业部,5108916.0,0.029681843058,,,5108916.0,有价格涨跌幅限制的日收盘价格跌幅偏离值达到7%的前五只证券,603657,春光科技
3,东方财富证券股份有限公司拉萨金融城南环路证券营业部,2828206.0,0.016431346029,,,2828206.0,有价格涨跌幅限制的日收盘价格跌幅偏离值达到7%的前五只证券,603657,春光科技
4,东方财富证券股份有限公司拉萨东环路第二证券营业部,2374879.0,0.013797601245,,,2374879.0,有价格涨跌幅限制的日收盘价格跌幅偏离值达到7%的前五只证券,603657,春光科技
5,华源证券股份有限公司苏州分公司,2115518.0,0.012290762515,,,2115518.0,有价格涨跌幅限制的日收盘价格跌幅偏离值达到7%的前五只证券,603657,春光科技
1,招商证券股份有限公司北京上地农大南路证券营业部,,,14922660.0,0.086697853739,-14922660.0,有价格涨跌幅限制的日收盘价格跌幅偏离值达到7%的前五只证券,603657,春光科技
2,华泰证券股份有限公司总部,,,10394055.0,0.060387508671,-10394055.0,有价格涨跌幅限制的日收盘价格跌幅偏离值达到7%的前五只证券,603657,春光科技
3,国泰海通证券股份有限公司总部,,,6750061.0,0.039216587479,-6750061.0,有价格涨跌幅限制的日收盘价格跌幅偏离值达到7%的前五只证券,603657,春光科技
4,华鑫证券有限责任公司佛山南海海五路证券营业部,,,5967069.0,0.03466755092,-5967069.0,有价格涨跌幅限制的日收盘价格跌幅偏离值达到7%的前五只证券,603657,春光科技
5,华鑫证券有限责任公司上海徐汇区瑞平路证券营业部,,,5712090.0,0.033186170788,-5712090.0,有价格涨跌幅限制的日收盘价格跌幅偏离值达到7%的前五只证券,603657,春光科技
1,沪股通专用,257165723.67,0.058071915223,,,257165723.67,有价格涨跌幅限制的日价格振幅达到15%的前五只证券,603688,石英股份
2,国泰海通证券股份有限公司总部,125161862.76,0.028263444209,,,125161862.76,有价格涨跌幅限制的日价格振幅达到15%的前五只证券,603688,石英股份
3,高盛(中国)证券有限责任公司上海浦东新区世纪大道证券营业部,89043614.19,0.020107396665,,,89043614.19,有价格涨跌幅限制的日价格振幅达到15%的前五只证券,603688,石英股份
4,中信证券股份有限公司深圳深南中路中信大厦证券营业部,61361286.6,0.013856307841,,,61361286.6,有价格涨跌幅限制的日价格振幅达到15%的前五只证券,603688,石英股份
5,瑞银证券有限责任公司上海花园石桥路证券营业部,38789238.88,0.008759197609,,,38789238.88,有价格涨跌幅限制的日价格振幅达到15%的前五只证券,603688,石英股份
1,沪股通专用,,,153688064.0,0.034705092483,-153688064.0,有价格涨跌幅限制的日价格振幅达到15%的前五只证券,603688,石英股份
2,国泰海通证券股份有限公司武汉紫阳东路证券营业部,,,152181959.0,0.034364991164,-152181959.0,有价格涨跌幅限制的日价格振幅达到15%的前五只证券,603688,石英股份
3,机构专用,,,145415664.54,0.032837059398,-145415664.54,有价格涨跌幅限制的日价格振幅达到15%的前五只证券,603688,石英股份
4,国泰海通证券股份有限公司总部,,,59604504.0,0.013459599723,-59604504.0,有价格涨跌幅限制的日价格振幅达到15%的前五只证券,603688,石英股份
5,摩根大通证券(中国)有限公司上海银城中路证券营业部,,,50152401.0,0.011325171712,-50152401.0,有价格涨跌幅限制的日价格振幅达到15%的前五只证券,603688,石英股份
1,沪股通专用,299731764.38,0.041154766769,,,299731764.38,有价格涨跌幅限制的日价格振幅达到15%的前五只证券,603773,沃格光电
2,中信证券股份有限公司杭州延安路证券营业部,135440138.0,0.018596651917,,,135440138.0,有价格涨跌幅限制的日价格振幅达到15%的前五只证券,603773,沃格光电
3,高盛(中国)证券有限责任公司上海浦东新区世纪大道证券营业部,117122965.8,0.016081606669,,,117122965.8,有价格涨跌幅限制的日价格振幅达到15%的前五只证券,603773,沃格光电
4,中信证券股份有限公司上海分公司,102502921.0,0.014074196693,,,102502921.0,有价格涨跌幅限制的日价格振幅达到15%的前五只证券,603773,沃格光电
5,国泰海通证券股份有限公司南京太平南路证券营业部,85044249.5,0.01167702816,,,85044249.5,有价格涨跌幅限制的日价格振幅达到15%的前五只证券,603773,沃格光电
6,沪股通专用,299731764.38,0.041154766769,,,299731764.38,有价格涨跌幅限制的日换手率达到20%的前五只证券,603773,沃格光电
7,中信证券股份有限公司杭州延安路证券营业部,135440138.0,0.018596651917,,,135440138.0,有价格涨跌幅限制的日换手率达到20%的前五只证券,603773,沃格光电
8,高盛(中国)证券有限责任公司上海浦东新区世纪大道证券营业部,117122965.8,0.016081606669,,,117122965.8,有价格涨跌幅限制的日换手率达到20%的前五只证券,603773,沃格光电
9,中信证券股份有限公司上海分公司,102502921.0,0.014074196693,,,102502921.0,有价格涨跌幅限制的日换手率达到20%的前五只证券,603773,沃格光电
10,国泰海通证券股份有限公司南京太平南路证券营业部,85044249.5,0.01167702816,,,85044249.5,有价格涨跌幅限制的日换手率达到20%的前五只证券,603773,沃格光电
1,机构专用,,,131017799.7,0.017989441327,-131017799.7,有价格涨跌幅限制的日价格振幅达到15%的前五只证券,603773,沃格光电
2,机构专用,,,119437786.09,0.016399443817,-119437786.09,有价格涨跌幅限制的日价格振幅达到15%的前五只证券,603773,沃格光电
3,广发证券股份有限公司海口龙昆北路证券营业部,,,78515812.87,0.010780639059,-78515812.87,有价格涨跌幅限制的日价格振幅达到15%的前五只证券,603773,沃格光电
4,沪股通专用,,,72377782.81,0.009937854858,-72377782.81,有价格涨跌幅限制的日价格振幅达到15%的前五只证券,603773,沃格光电
5,民生证券股份有限公司海口分公司,,,68497599.0,0.009405084966,-68497599.0,有价格涨跌幅限制的日价格振幅达到15%的前五只证券,603773,沃格光电
6,机构专用,,,131017799.7,0.017989441327,-131017799.7,有价格涨跌幅限制的日换手率达到20%的前五只证券,603773,沃格光电
7,机构专用,,,119437786.09,0.016399443817,-119437786.09,有价格涨跌幅限制的日换手率达到20%的前五只证券,603773,沃格光电
8,广发证券股份有限公司海口龙昆北路证券营业部,,,78515812.87,0.010780639059,-78515812.87,有价格涨跌幅限制的日换手率达到20%的前五只证券,603773,沃格光电
9,沪股通专用,,,72377782.81,0.009937854858,-72377782.81,有价格涨跌幅限制的日换手率达到20%的前五只证券,603773,沃格光电
10,民生证券股份有限公司海口分公司,,,68497599.0,0.009405084966,-68497599.0,有价格涨跌幅限制的日换手率达到20%的前五只证券,603773,沃格光电
1,沪股通专用,299731764.38,0.041154766769,,,299731764.38,有价格涨跌幅限制的日价格振幅达到15%的前五只证券,603773,沃格光电
2,中信证券股份有限公司杭州延安路证券营业部,135440138.0,0.018596651917,,,135440138.0,有价格涨跌幅限制的日价格振幅达到15%的前五只证券,603773,沃格光电
3,高盛(中国)证券有限责任公司上海浦东新区世纪大道证券营业部,117122965.8,0.016081606669,,,117122965.8,有价格涨跌幅限制的日价格振幅达到15%的前五只证券,603773,沃格光电
4,中信证券股份有限公司上海分公司,102502921.0,0.014074196693,,,102502921.0,有价格涨跌幅限制的日价格振幅达到15%的前五只证券,603773,沃格光电
5,国泰海通证券股份有限公司南京太平南路证券营业部,85044249.5,0.01167702816,,,85044249.5,有价格涨跌幅限制的日价格振幅达到15%的前五只证券,603773,沃格光电
6,沪股通专用,299731764.38,0.041154766769,,,299731764.38,有价格涨跌幅限制的日换手率达到20%的前五只证券,603773,沃格光电
7,中信证券股份有限公司杭州延安路证券营业部,135440138.0,0.018596651917,,,135440138.0,有价格涨跌幅限制的日换手率达到20%的前五只证券,603773,沃格光电
8,高盛(中国)证券有限责任公司上海浦东新区世纪大道证券营业部,117122965.8,0.016081606669,,,117122965.8,有价格涨跌幅限制的日换手率达到20%的前五只证券,603773,沃格光电
9,中信证券股份有限公司上海分公司,102502921.0,0.014074196693,,,102502921.0,有价格涨跌幅限制的日换手率达到20%的前五只证券,603773,沃格光电
10,国泰海通证券股份有限公司南京太平南路证券营业部,85044249.5,0.01167702816,,,85044249.5,有价格涨跌幅限制的日换手率达到20%的前五只证券,603773,沃格光电
1,机构专用,,,131017799.7,0.017989441327,-131017799.7,有价格涨跌幅限制的日价格振幅达到15%的前五只证券,603773,沃格光电
2,机构专用,,,119437786.09,0.016399443817,-119437786.09,有价格涨跌幅限制的日价格振幅达到15%的前五只证券,603773,沃格光电
3,广发证券股份有限公司海口龙昆北路证券营业部,,,78515812.87,0.010780639059,-78515812.87,有价格涨跌幅限制的日价格振幅达到15%的前五只证券,603773,沃格光电
4,沪股通专用,,,72377782.81,0.009937854858,-72377782.81,有价格涨跌幅限制的日价格振幅达到15%的前五只证券,603773,沃格光电
5,民生证券股份有限公司海口分公司,,,68497599.0,0.009405084966,-68497599.0,有价格涨跌幅限制的日价格振幅达到15%的前五只证券,603773,沃格光电
6,机构专用,,,131017799.7,0.017989441327,-131017799.7,有价格涨跌幅限制的日换手率达到20%的前五只证券,603773,沃格光电
7,机构专用,,,119437786.09,0.016399443817,-119437786.09,有价格涨跌幅限制的日换手率达到20%的前五只证券,603773,沃格光电
8,广发证券股份有限公司海口龙昆北路证券营业部,,,78515812.87,0.010780639059,-78515812.87,有价格涨跌幅限制的日换手率达到20%的前五只证券,603773,沃格光电
9,沪股通专用,,,72377782.81,0.009937854858,-72377782.81,有价格涨跌幅限制的日换手率达到20%的前五只证券,603773,沃格光电
10,民生证券股份有限公司海口分公司,,,68497599.0,0.009405084966,-68497599.0,有价格涨跌幅限制的日换手率达到20%的前五只证券,603773,沃格光电
1,国泰海通证券股份有限公司总部,6247848.6,0.06780254379,,,6247848.6,ST、*ST证券连续三个交易日内收盘价格跌幅偏离值累计达到12%的证券,603922,ST金鸿顺
2,中国银河证券股份有限公司杭州建国北路证券营业部,5027651.0,0.054560785466,,,5027651.0,ST、*ST证券连续三个交易日内收盘价格跌幅偏离值累计达到12%的证券,603922,ST金鸿顺
3,高盛(中国)证券有限责任公司上海浦东新区世纪大道证券营业部,2999524.0,0.032551262103,,,2999524.0,ST、*ST证券连续三个交易日内收盘价格跌幅偏离值累计达到12%的证券,603922,ST金鸿顺
4,国投证券股份有限公司安徽分公司,2010500.0,0.021818232646,,,2010500.0,ST、*ST证券连续三个交易日内收盘价格跌幅偏离值累计达到12%的证券,603922,ST金鸿顺
5,华泰证券股份有限公司南通工农路证券营业部,2002454.0,0.021730916307,,,2002454.0,ST、*ST证券连续三个交易日内收盘价格跌幅偏离值累计达到12%的证券,603922,ST金鸿顺
1,中信建投证券股份有限公司上海营口路证券营业部,,,7900659.6,0.08573908441,-7900659.6,ST、*ST证券连续三个交易日内收盘价格跌幅偏离值累计达到12%的证券,603922,ST金鸿顺
2,中信证券(山东)有限责任公司济南经七路证券营业部,,,4398888.0,0.047737359744,-4398888.0,ST、*ST证券连续三个交易日内收盘价格跌幅偏离值累计达到12%的证券,603922,ST金鸿顺
3,天风证券股份有限公司上海浦东分公司,,,4248853.0,0.046109158533,-4248853.0,ST、*ST证券连续三个交易日内收盘价格跌幅偏离值累计达到12%的证券,603922,ST金鸿顺
4,国泰海通证券股份有限公司总部,,,3695378.1,0.040102770007,-3695378.1,ST、*ST证券连续三个交易日内收盘价格跌幅偏离值累计达到12%的证券,603922,ST金鸿顺
5,联储证券股份有限公司陕西分公司,,,3552472.0,0.038551932635,-3552472.0,ST、*ST证券连续三个交易日内收盘价格跌幅偏离值累计达到12%的证券,603922,ST金鸿顺
1,沪股通专用,108157604.72,0.048342632816,,,108157604.72,有价格涨跌幅限制的日收盘价格跌幅偏离值达到7%的前五只证券,603938,三孚股份
2,高盛(中国)证券有限责任公司上海浦东新区世纪大道证券营业部,40547554.0,0.01812332586,,,40547554.0,有价格涨跌幅限制的日收盘价格跌幅偏离值达到7%的前五只证券,603938,三孚股份
3,国泰海通证券股份有限公司总部,38187225.0,0.017068342085,,,38187225.0,有价格涨跌幅限制的日收盘价格跌幅偏离值达到7%的前五只证券,603938,三孚股份
4,中国银河证券股份有限公司济南泺源大街证券营业部,27760823.0,0.012408108301,,,27760823.0,有价格涨跌幅限制的日收盘价格跌幅偏离值达到7%的前五只证券,603938,三孚股份
5,瑞银证券有限责任公司上海花园石桥路证券营业部,22005097.88,0.009835502271,,,22005097.88,有价格涨跌幅限制的日收盘价格跌幅偏离值达到7%的前五只证券,603938,三孚股份
1,国泰海通证券股份有限公司上海分公司,,,111105686.01,0.049660321125,-111105686.01,有价格涨跌幅限制的日收盘价格跌幅偏离值达到7%的前五只证券,603938,三孚股份
2,沪股通专用,,,88977541.25,0.03976982124,-88977541.25,有价格涨跌幅限制的日收盘价格跌幅偏离值达到7%的前五只证券,603938,三孚股份
3,高盛(中国)证券有限责任公司上海浦东新区世纪大道证券营业部,,,63811220.28,0.028521363796,-63811220.28,有价格涨跌幅限制的日收盘价格跌幅偏离值达到7%的前五只证券,603938,三孚股份
4,国泰海通证券股份有限公司总部,,,57354183.7,0.02563529629,-57354183.7,有价格涨跌幅限制的日收盘价格跌幅偏离值达到7%的前五只证券,603938,三孚股份
5,长江证券股份有限公司上海东明路证券营业部,,,38421796.97,0.017173187478,-38421796.97,有价格涨跌幅限制的日收盘价格跌幅偏离值达到7%的前五只证券,603938,三孚股份
1,沪股通专用,108439912.0,0.069053111754,,,108439912.0,非ST、*ST和S证券连续三个交易日内收盘价格跌幅偏离值累计达到20%的证券,605018,长华集团
2,国泰海通证券股份有限公司总部,56453529.0,0.035948865829,,,56453529.0,非ST、*ST和S证券连续三个交易日内收盘价格跌幅偏离值累计达到20%的证券,605018,长华集团
3,高盛(中国)证券有限责任公司上海浦东新区世纪大道证券营业部,34621927.0,0.022046788403,,,34621927.0,非ST、*ST和S证券连续三个交易日内收盘价格跌幅偏离值累计达到20%的证券,605018,长华集团
4,瑞银证券有限责任公司上海花园石桥路证券营业部,34246435.0,0.021807680029,,,34246435.0,非ST、*ST和S证券连续三个交易日内收盘价格跌幅偏离值累计达到20%的证券,605018,长华集团
5,中信证券股份有限公司上海分公司,33212039.79,0.021148990744,,,33212039.79,非ST、*ST和S证券连续三个交易日内收盘价格跌幅偏离值累计达到20%的证券,605018,长华集团
1,沪股通专用,,,112764137.0,0.071806721442,-112764137.0,非ST、*ST和S证券连续三个交易日内收盘价格跌幅偏离值累计达到20%的证券,605018,长华集团
2,国泰海通证券股份有限公司总部,,,61450336.0,0.0391307669,-61450336.0,非ST、*ST和S证券连续三个交易日内收盘价格跌幅偏离值累计达到20%的证券,605018,长华集团
3,中信证券股份有限公司上海分公司,,,41333900.0,0.026320884657,-41333900.0,非ST、*ST和S证券连续三个交易日内收盘价格跌幅偏离值累计达到20%的证券,605018,长华集团
4,中国国际金融股份有限公司上海分公司,,,33458670.0,0.021306041623,-33458670.0,非ST、*ST和S证券连续三个交易日内收盘价格跌幅偏离值累计达到20%的证券,605018,长华集团
5,高盛(中国)证券有限责任公司上海浦东新区世纪大道证券营业部,,,19263562.0,0.012266783282,-19263562.0,非ST、*ST和S证券连续三个交易日内收盘价格跌幅偏离值累计达到20%的证券,605018,长华集团
1,上海证券有限责任公司瑞安罗阳大道证券营业部,293669.0,0.202466532962,,,293669.0,退市整理的证券,605081,退市太和
2,中信证券股份有限公司杭州延安路证券营业部,218781.0,0.150835908958,,,218781.0,退市整理的证券,605081,退市太和
3,上海证券有限责任公司松江区沪亭北路证券营业部,113461.39,0.078224580253,,,113461.39,退市整理的证券,605081,退市太和
4,天府证券有限责任公司峨眉山金顶北路证券营业部,74000.0,0.051018403165,,,74000.0,退市整理的证券,605081,退市太和
5,兴业证券股份有限公司武汉新华路证券营业部,55463.0,0.038238293172,,,55463.0,退市整理的证券,605081,退市太和
1,华泰证券股份有限公司上海武定路证券营业部,,,224424.0,0.154726406919,-224424.0,退市整理的证券,605081,退市太和
2,华泰证券股份有限公司上海普陀区江宁路证券营业部,,,184963.0,0.127520498712,-184963.0,退市整理的证券,605081,退市太和
3,国金证券股份有限公司深圳分公司,,,161702.95,0.111484139137,-161702.95,退市整理的证券,605081,退市太和
4,东方财富证券股份有限公司拉萨团结路第二证券营业部,,,111736.55,0.077035410219,-111736.55,退市整理的证券,605081,退市太和
5,方正证券股份有限公司合肥庐州大道证券营业部,,,84693.0,0.058390562423,-84693.0,退市整理的证券,605081,退市太和
1,沪股通专用,90428375.3,0.083881204067,,,90428375.3,有价格涨跌幅限制的日收盘价格涨幅达到15%的前五只证券,688010,福光股份
2,高盛(中国)证券有限责任公司上海浦东新区世纪大道证券营业部,30804298.65,0.028574013993,,,30804298.65,有价格涨跌幅限制的日收盘价格涨幅达到15%的前五只证券,688010,福光股份
3,华泰证券股份有限公司总部,29872435.83,0.027709619658,,,29872435.83,有价格涨跌幅限制的日收盘价格涨幅达到15%的前五只证券,688010,福光股份
4,中信证券股份有限公司深圳深南中路中信大厦证券营业部,18887278.7,0.017519806959,,,18887278.7,有价格涨跌幅限制的日收盘价格涨幅达到15%的前五只证券,688010,福光股份
5,中国中金财富证券有限公司广州海珠广场证券营业部,18731058.24,0.017374897132,,,18731058.24,有价格涨跌幅限制的日收盘价格涨幅达到15%的前五只证券,688010,福光股份
6,沪股通专用,133559538.88,0.079157191624,,,133559538.88,有价格涨跌幅限制的连续3个交易日内收盘价格涨幅偏离值累计达到30%的证券,688010,福光股份
7,高盛(中国)证券有限责任公司上海浦东新区世纪大道证券营业部,40487470.02,0.023995848216,,,40487470.02,有价格涨跌幅限制的连续3个交易日内收盘价格涨幅偏离值累计达到30%的证券,688010,福光股份
8,华泰证券股份有限公司总部,38177780.05,0.022626956311,,,38177780.05,有价格涨跌幅限制的连续3个交易日内收盘价格涨幅偏离值累计达到30%的证券,688010,福光股份
9,中信证券股份有限公司上海分公司,30914691.1,0.018322316384,,,30914691.1,有价格涨跌幅限制的连续3个交易日内收盘价格涨幅偏离值累计达到30%的证券,688010,福光股份
10,中信证券股份有限公司深圳深南中路中信大厦证券营业部,29863211.89,0.017699132581,,,29863211.89,有价格涨跌幅限制的连续3个交易日内收盘价格涨幅偏离值累计达到30%的证券,688010,福光股份
1,沪股通专用,,,44880221.56,0.041630815668,-44880221.56,有价格涨跌幅限制的日收盘价格涨幅达到15%的前五只证券,688010,福光股份
2,机构专用,,,39879209.64,0.036991885686,-39879209.64,有价格涨跌幅限制的日收盘价格涨幅达到15%的前五只证券,688010,福光股份
3,招商证券股份有限公司北京北三环东路证券营业部,,,34068656.94,0.03160202708,-34068656.94,有价格涨跌幅限制的日收盘价格涨幅达到15%的前五只证券,688010,福光股份
4,机构专用,,,25538205.92,0.023689195512,-25538205.92,有价格涨跌幅限制的日收盘价格涨幅达到15%的前五只证券,688010,福光股份
5,瑞银证券有限责任公司上海花园石桥路证券营业部,,,19150677.73,0.017764135443,-19150677.73,有价格涨跌幅限制的日收盘价格涨幅达到15%的前五只证券,688010,福光股份
6,沪股通专用,,,113119137.61,0.067042708647,-113119137.61,有价格涨跌幅限制的连续3个交易日内收盘价格涨幅偏离值累计达到30%的证券,688010,福光股份
7,机构专用,,,55592698.13,0.032948315752,-55592698.13,有价格涨跌幅限制的连续3个交易日内收盘价格涨幅偏离值累计达到30%的证券,688010,福光股份
8,广发证券股份有限公司深圳深南东路证券营业部,,,48613560.52,0.028811966243,-48613560.52,有价格涨跌幅限制的连续3个交易日内收盘价格涨幅偏离值累计达到30%的证券,688010,福光股份
9,招商证券股份有限公司北京北三环东路证券营业部,,,44557999.19,0.02640834275,-44557999.19,有价格涨跌幅限制的连续3个交易日内收盘价格涨幅偏离值累计达到30%的证券,688010,福光股份
10,瑞银证券有限责任公司上海花园石桥路证券营业部,,,33898114.56,0.020090512235,-33898114.56,有价格涨跌幅限制的连续3个交易日内收盘价格涨幅偏离值累计达到30%的证券,688010,福光股份
1,沪股通专用,90428375.3,0.083881204067,,,90428375.3,有价格涨跌幅限制的日收盘价格涨幅达到15%的前五只证券,688010,福光股份
2,高盛(中国)证券有限责任公司上海浦东新区世纪大道证券营业部,30804298.65,0.028574013993,,,30804298.65,有价格涨跌幅限制的日收盘价格涨幅达到15%的前五只证券,688010,福光股份
3,华泰证券股份有限公司总部,29872435.83,0.027709619658,,,29872435.83,有价格涨跌幅限制的日收盘价格涨幅达到15%的前五只证券,688010,福光股份
4,中信证券股份有限公司深圳深南中路中信大厦证券营业部,18887278.7,0.017519806959,,,18887278.7,有价格涨跌幅限制的日收盘价格涨幅达到15%的前五只证券,688010,福光股份
5,中国中金财富证券有限公司广州海珠广场证券营业部,18731058.24,0.017374897132,,,18731058.24,有价格涨跌幅限制的日收盘价格涨幅达到15%的前五只证券,688010,福光股份
6,沪股通专用,133559538.88,0.079157191624,,,133559538.88,有价格涨跌幅限制的连续3个交易日内收盘价格涨幅偏离值累计达到30%的证券,688010,福光股份
7,高盛(中国)证券有限责任公司上海浦东新区世纪大道证券营业部,40487470.02,0.023995848216,,,40487470.02,有价格涨跌幅限制的连续3个交易日内收盘价格涨幅偏离值累计达到30%的证券,688010,福光股份
8,华泰证券股份有限公司总部,38177780.05,0.022626956311,,,38177780.05,有价格涨跌幅限制的连续3个交易日内收盘价格涨幅偏离值累计达到30%的证券,688010,福光股份
9,中信证券股份有限公司上海分公司,30914691.1,0.018322316384,,,30914691.1,有价格涨跌幅限制的连续3个交易日内收盘价格涨幅偏离值累计达到30%的证券,688010,福光股份
10,中信证券股份有限公司深圳深南中路中信大厦证券营业部,29863211.89,0.017699132581,,,29863211.89,有价格涨跌幅限制的连续3个交易日内收盘价格涨幅偏离值累计达到30%的证券,688010,福光股份
1,沪股通专用,,,44880221.56,0.041630815668,-44880221.56,有价格涨跌幅限制的日收盘价格涨幅达到15%的前五只证券,688010,福光股份
2,机构专用,,,39879209.64,0.036991885686,-39879209.64,有价格涨跌幅限制的日收盘价格涨幅达到15%的前五只证券,688010,福光股份
3,招商证券股份有限公司北京北三环东路证券营业部,,,34068656.94,0.03160202708,-34068656.94,有价格涨跌幅限制的日收盘价格涨幅达到15%的前五只证券,688010,福光股份
4,机构专用,,,25538205.92,0.023689195512,-25538205.92,有价格涨跌幅限制的日收盘价格涨幅达到15%的前五只证券,688010,福光股份
5,瑞银证券有限责任公司上海花园石桥路证券营业部,,,19150677.73,0.017764135443,-19150677.73,有价格涨跌幅限制的日收盘价格涨幅达到15%的前五只证券,688010,福光股份
6,沪股通专用,,,113119137.61,0.067042708647,-113119137.61,有价格涨跌幅限制的连续3个交易日内收盘价格涨幅偏离值累计达到30%的证券,688010,福光股份
7,机构专用,,,55592698.13,0.032948315752,-55592698.13,有价格涨跌幅限制的连续3个交易日内收盘价格涨幅偏离值累计达到30%的证券,688010,福光股份
8,广发证券股份有限公司深圳深南东路证券营业部,,,48613560.52,0.028811966243,-48613560.52,有价格涨跌幅限制的连续3个交易日内收盘价格涨幅偏离值累计达到30%的证券,688010,福光股份
9,招商证券股份有限公司北京北三环东路证券营业部,,,44557999.19,0.02640834275,-44557999.19,有价格涨跌幅限制的连续3个交易日内收盘价格涨幅偏离值累计达到30%的证券,688010,福光股份
10,瑞银证券有限责任公司上海花园石桥路证券营业部,,,33898114.56,0.020090512235,-33898114.56,有价格涨跌幅限制的连续3个交易日内收盘价格涨幅偏离值累计达到30%的证券,688010,福光股份
1,浙商证券股份有限公司上海浦东杨高南路证券营业部,50304841.81,0.217024104225,,,50304841.81,有价格涨跌幅限制的日收盘价格涨幅达到15%的前五只证券,688163,赛伦生物
2,高盛(中国)证券有限责任公司上海浦东新区世纪大道证券营业部,14705207.01,0.063440898807,,,14705207.01,有价格涨跌幅限制的日收盘价格涨幅达到15%的前五只证券,688163,赛伦生物
3,瑞银证券有限责任公司上海花园石桥路证券营业部,6945506.35,0.029964159309,,,6945506.35,有价格涨跌幅限制的日收盘价格涨幅达到15%的前五只证券,688163,赛伦生物
4,中信证券股份有限公司上海分公司,6887681.7,0.029714693404,,,6887681.7,有价格涨跌幅限制的日收盘价格涨幅达到15%的前五只证券,688163,赛伦生物
5,国信证券股份有限公司深圳互联网分公司,6681982.99,0.0288272723,,,6681982.99,有价格涨跌幅限制的日收盘价格涨幅达到15%的前五只证券,688163,赛伦生物
1,中信证券股份有限公司上海分公司,,,8472156.58,0.036550402038,-8472156.58,有价格涨跌幅限制的日收盘价格涨幅达到15%的前五只证券,688163,赛伦生物
2,招商证券股份有限公司北京北三环东路证券营业部,,,7913825.35,0.034141661037,-7913825.35,有价格涨跌幅限制的日收盘价格涨幅达到15%的前五只证券,688163,赛伦生物
3,招商证券股份有限公司上海杨浦区翔殷路证券营业部,,,6138235.55,0.026481448382,-6138235.55,有价格涨跌幅限制的日收盘价格涨幅达到15%的前五只证券,688163,赛伦生物
4,高盛(中国)证券有限责任公司上海浦东新区世纪大道证券营业部,,,5932993.1,0.025595995665,-5932993.1,有价格涨跌幅限制的日收盘价格涨幅达到15%的前五只证券,688163,赛伦生物
5,东海证券股份有限公司洛阳华夏路证券营业部,,,5502797.07,0.023740052883,-5502797.07,有价格涨跌幅限制的日收盘价格涨幅达到15%的前五只证券,688163,赛伦生物
1,沪股通专用,116061963.39,0.030612542603,,,116061963.39,有价格涨跌幅限制的日收盘价格跌幅达到15%的前五只证券,688268,华特气体
2,中信证券股份有限公司上海分公司,56168567.23,0.014815040234,,,56168567.23,有价格涨跌幅限制的日收盘价格跌幅达到15%的前五只证券,688268,华特气体
3,机构专用,44202749.28,0.011658932057,,,44202749.28,有价格涨跌幅限制的日收盘价格跌幅达到15%的前五只证券,688268,华特气体
4,广发证券股份有限公司广州康王中路证券营业部,35517462.5,0.009368097887,,,35517462.5,有价格涨跌幅限制的日收盘价格跌幅达到15%的前五只证券,688268,华特气体
5,东方财富证券股份有限公司拉萨东环路第二证券营业部,35004888.2,0.009232901116,,,35004888.2,有价格涨跌幅限制的日收盘价格跌幅达到15%的前五只证券,688268,华特气体
1,沪股通专用,,,113094411.68,0.029829820163,-113094411.68,有价格涨跌幅限制的日收盘价格跌幅达到15%的前五只证券,688268,华特气体
2,开源证券股份有限公司西安太华路证券营业部,,,93031876.22,0.024538119045,-93031876.22,有价格涨跌幅限制的日收盘价格跌幅达到15%的前五只证券,688268,华特气体
3,长江证券股份有限公司上海东明路证券营业部,,,49420218.98,0.013035093624,-49420218.98,有价格涨跌幅限制的日收盘价格跌幅达到15%的前五只证券,688268,华特气体
4,中信证券股份有限公司上海分公司,,,37576834.39,0.009911278511,-37576834.39,有价格涨跌幅限制的日收盘价格跌幅达到15%的前五只证券,688268,华特气体
5,东方财富证券股份有限公司拉萨东环路第二证券营业部,,,35490649.59,0.009361025704,-35490649.59,有价格涨跌幅限制的日收盘价格跌幅达到15%的前五只证券,688268,华特气体
1,沪股通专用,234931979.04,0.069611465643,,,234931979.04,有价格涨跌幅限制的日收盘价格涨幅达到15%的前五只证券,688507,索辰科技
2,瑞银证券有限责任公司上海花园石桥路证券营业部,223110298.15,0.066108645225,,,223110298.15,有价格涨跌幅限制的日收盘价格涨幅达到15%的前五只证券,688507,索辰科技
3,中信证券股份有限公司上海分公司,75222846.43,0.022288888091,,,75222846.43,有价格涨跌幅限制的日收盘价格涨幅达到15%的前五只证券,688507,索辰科技
4,中国银河证券股份有限公司庄河世纪大街证券营业部,62541584.7,0.018531369771,,,62541584.7,有价格涨跌幅限制的日收盘价格涨幅达到15%的前五只证券,688507,索辰科技
5,国泰海通证券股份有限公司总部,53008445.18,0.015706655073,,,53008445.18,有价格涨跌幅限制的日收盘价格涨幅达到15%的前五只证券,688507,索辰科技
1,沪股通专用,,,33661792.74,0.009974149702,-33661792.74,有价格涨跌幅限制的日收盘价格涨幅达到15%的前五只证券,688507,索辰科技
2,中国中金财富证券有限公司长沙解放西路证券营业部,,,28004675.39,0.008297918856,-28004675.39,有价格涨跌幅限制的日收盘价格涨幅达到15%的前五只证券,688507,索辰科技
3,东方财富证券股份有限公司拉萨团结路第二证券营业部,,,25449264.61,0.007540738457,-25449264.61,有价格涨跌幅限制的日收盘价格涨幅达到15%的前五只证券,688507,索辰科技
4,东方财富证券股份有限公司拉萨团结路第一证券营业部,,,22127916.44,0.006556607156,-22127916.44,有价格涨跌幅限制的日收盘价格涨幅达到15%的前五只证券,688507,索辰科技
5,招商证券股份有限公司深圳益田路免税商务大厦证券营业部,,,21201705.46,0.006282166426,-21201705.46,有价格涨跌幅限制的日收盘价格涨幅达到15%的前五只证券,688507,索辰科技
1,国泰海通证券股份有限公司总部,57944936.69,0.038553529277,,,57944936.69,有价格涨跌幅限制的日换手率达到30%的前五只证券,688530,欧莱新材
2,中信证券股份有限公司上海分公司,49916426.43,0.03321177859,,,49916426.43,有价格涨跌幅限制的日换手率达到30%的前五只证券,688530,欧莱新材
3,高盛(中国)证券有限责任公司上海浦东新区世纪大道证券营业部,40177726.74,0.026732157331,,,40177726.74,有价格涨跌幅限制的日换手率达到30%的前五只证券,688530,欧莱新材
4,东北证券股份有限公司德惠德惠路证券营业部,26207667.44,0.017437210767,,,26207667.44,有价格涨跌幅限制的日换手率达到30%的前五只证券,688530,欧莱新材
5,中国国际金融股份有限公司上海分公司,24176677.26,0.016085896159,,,24176677.26,有价格涨跌幅限制的日换手率达到30%的前五只证券,688530,欧莱新材
6,国泰海通证券股份有限公司总部,57944936.69,0.038553529277,,,57944936.69,有价格涨跌幅限制的日收盘价格跌幅达到15%的前五只证券,688530,欧莱新材
7,中信证券股份有限公司上海分公司,49916426.43,0.03321177859,,,49916426.43,有价格涨跌幅限制的日收盘价格跌幅达到15%的前五只证券,688530,欧莱新材
8,高盛(中国)证券有限责任公司上海浦东新区世纪大道证券营业部,40177726.74,0.026732157331,,,40177726.74,有价格涨跌幅限制的日收盘价格跌幅达到15%的前五只证券,688530,欧莱新材
9,东北证券股份有限公司德惠德惠路证券营业部,26207667.44,0.017437210767,,,26207667.44,有价格涨跌幅限制的日收盘价格跌幅达到15%的前五只证券,688530,欧莱新材
10,中国国际金融股份有限公司上海分公司,24176677.26,0.016085896159,,,24176677.26,有价格涨跌幅限制的日收盘价格跌幅达到15%的前五只证券,688530,欧莱新材
1,华泰证券股份有限公司上海普陀区江宁路证券营业部,,,31192825.44,0.020754074084,-31192825.44,有价格涨跌幅限制的日换手率达到30%的前五只证券,688530,欧莱新材
2,东方证券股份有限公司成都万象南路证券营业部,,,29363001.93,0.019536605254,-29363001.93,有价格涨跌幅限制的日换手率达到30%的前五只证券,688530,欧莱新材
3,华泰证券股份有限公司上海武定路证券营业部,,,25727907.07,0.017118003317,-25727907.07,有价格涨跌幅限制的日换手率达到30%的前五只证券,688530,欧莱新材
4,中信证券股份有限公司上海分公司,,,23266269.36,0.015480158374,-23266269.36,有价格涨跌幅限制的日换手率达到30%的前五只证券,688530,欧莱新材
5,国泰海通证券股份有限公司总部,,,22823903.75,0.015185831441,-22823903.75,有价格涨跌幅限制的日换手率达到30%的前五只证券,688530,欧莱新材
6,华泰证券股份有限公司上海普陀区江宁路证券营业部,,,31192825.44,0.020754074084,-31192825.44,有价格涨跌幅限制的日收盘价格跌幅达到15%的前五只证券,688530,欧莱新材
7,东方证券股份有限公司成都万象南路证券营业部,,,29363001.93,0.019536605254,-29363001.93,有价格涨跌幅限制的日收盘价格跌幅达到15%的前五只证券,688530,欧莱新材
8,华泰证券股份有限公司上海武定路证券营业部,,,25727907.07,0.017118003317,-25727907.07,有价格涨跌幅限制的日收盘价格跌幅达到15%的前五只证券,688530,欧莱新材
9,中信证券股份有限公司上海分公司,,,23266269.36,0.015480158374,-23266269.36,有价格涨跌幅限制的日收盘价格跌幅达到15%的前五只证券,688530,欧莱新材
10,国泰海通证券股份有限公司总部,,,22823903.75,0.015185831441,-22823903.75,有价格涨跌幅限制的日收盘价格跌幅达到15%的前五只证券,688530,欧莱新材
1,国泰海通证券股份有限公司总部,57944936.69,0.038553529277,,,57944936.69,有价格涨跌幅限制的日换手率达到30%的前五只证券,688530,欧莱新材
2,中信证券股份有限公司上海分公司,49916426.43,0.03321177859,,,49916426.43,有价格涨跌幅限制的日换手率达到30%的前五只证券,688530,欧莱新材
3,高盛(中国)证券有限责任公司上海浦东新区世纪大道证券营业部,40177726.74,0.026732157331,,,40177726.74,有价格涨跌幅限制的日换手率达到30%的前五只证券,688530,欧莱新材
4,东北证券股份有限公司德惠德惠路证券营业部,26207667.44,0.017437210767,,,26207667.44,有价格涨跌幅限制的日换手率达到30%的前五只证券,688530,欧莱新材
5,中国国际金融股份有限公司上海分公司,24176677.26,0.016085896159,,,24176677.26,有价格涨跌幅限制的日换手率达到30%的前五只证券,688530,欧莱新材
6,国泰海通证券股份有限公司总部,57944936.69,0.038553529277,,,57944936.69,有价格涨跌幅限制的日收盘价格跌幅达到15%的前五只证券,688530,欧莱新材
7,中信证券股份有限公司上海分公司,49916426.43,0.03321177859,,,49916426.43,有价格涨跌幅限制的日收盘价格跌幅达到15%的前五只证券,688530,欧莱新材
8,高盛(中国)证券有限责任公司上海浦东新区世纪大道证券营业部,40177726.74,0.026732157331,,,40177726.74,有价格涨跌幅限制的日收盘价格跌幅达到15%的前五只证券,688530,欧莱新材
9,东北证券股份有限公司德惠德惠路证券营业部,26207667.44,0.017437210767,,,26207667.44,有价格涨跌幅限制的日收盘价格跌幅达到15%的前五只证券,688530,欧莱新材
10,中国国际金融股份有限公司上海分公司,24176677.26,0.016085896159,,,24176677.26,有价格涨跌幅限制的日收盘价格跌幅达到15%的前五只证券,688530,欧莱新材
1,华泰证券股份有限公司上海普陀区江宁路证券营业部,,,31192825.44,0.020754074084,-31192825.44,有价格涨跌幅限制的日换手率达到30%的前五只证券,688530,欧莱新材
2,东方证券股份有限公司成都万象南路证券营业部,,,29363001.93,0.019536605254,-29363001.93,有价格涨跌幅限制的日换手率达到30%的前五只证券,688530,欧莱新材
3,华泰证券股份有限公司上海武定路证券营业部,,,25727907.07,0.017118003317,-25727907.07,有价格涨跌幅限制的日换手率达到30%的前五只证券,688530,欧莱新材
4,中信证券股份有限公司上海分公司,,,23266269.36,0.015480158374,-23266269.36,有价格涨跌幅限制的日换手率达到30%的前五只证券,688530,欧莱新材
5,国泰海通证券股份有限公司总部,,,22823903.75,0.015185831441,-22823903.75,有价格涨跌幅限制的日换手率达到30%的前五只证券,688530,欧莱新材
6,华泰证券股份有限公司上海普陀区江宁路证券营业部,,,31192825.44,0.020754074084,-31192825.44,有价格涨跌幅限制的日收盘价格跌幅达到15%的前五只证券,688530,欧莱新材
7,东方证券股份有限公司成都万象南路证券营业部,,,29363001.93,0.019536605254,-29363001.93,有价格涨跌幅限制的日收盘价格跌幅达到15%的前五只证券,688530,欧莱新材
8,华泰证券股份有限公司上海武定路证券营业部,,,25727907.07,0.017118003317,-25727907.07,有价格涨跌幅限制的日收盘价格跌幅达到15%的前五只证券,688530,欧莱新材
9,中信证券股份有限公司上海分公司,,,23266269.36,0.015480158374,-23266269.36,有价格涨跌幅限制的日收盘价格跌幅达到15%的前五只证券,688530,欧莱新材
10,国泰海通证券股份有限公司总部,,,22823903.75,0.015185831441,-22823903.75,有价格涨跌幅限制的日收盘价格跌幅达到15%的前五只证券,688530,欧莱新材
1,沪股通专用,456793485.32,0.062380708382,,,456793485.32,有价格涨跌幅限制的连续3个交易日内收盘价格涨幅偏离值累计达到30%的证券,688545,兴福电子
2,机构专用,262158481.01,0.035800930353,,,262158481.01,有价格涨跌幅限制的连续3个交易日内收盘价格涨幅偏离值累计达到30%的证券,688545,兴福电子
3,机构专用,196560308.5,0.026842701742,,,196560308.5,有价格涨跌幅限制的连续3个交易日内收盘价格涨幅偏离值累计达到30%的证券,688545,兴福电子
4,国泰海通证券股份有限公司武汉紫阳东路证券营业部,157968422.27,0.021572510116,,,157968422.27,有价格涨跌幅限制的连续3个交易日内收盘价格涨幅偏离值累计达到30%的证券,688545,兴福电子
5,国泰海通证券股份有限公司总部,140298127.55,0.019159416372,,,140298127.55,有价格涨跌幅限制的连续3个交易日内收盘价格涨幅偏离值累计达到30%的证券,688545,兴福电子
1,沪股通专用,,,641539525.26,0.087610028003,-641539525.26,有价格涨跌幅限制的连续3个交易日内收盘价格涨幅偏离值累计达到30%的证券,688545,兴福电子
2,华泰证券股份有限公司宜昌西陵一路证券营业部,,,246656669.75,0.03368396941,-246656669.75,有价格涨跌幅限制的连续3个交易日内收盘价格涨幅偏离值累计达到30%的证券,688545,兴福电子
3,摩根大通证券(中国)有限公司上海银城中路证券营业部,,,122359516.86,0.016709680817,-122359516.86,有价格涨跌幅限制的连续3个交易日内收盘价格涨幅偏离值累计达到30%的证券,688545,兴福电子
4,国泰海通证券股份有限公司总部,,,116255965.76,0.01587616665,-116255965.76,有价格涨跌幅限制的连续3个交易日内收盘价格涨幅偏离值累计达到30%的证券,688545,兴福电子
5,中信证券股份有限公司上海分公司,,,109373302.05,0.014936255177,-109373302.05,有价格涨跌幅限制的连续3个交易日内收盘价格涨幅偏离值累计达到30%的证券,688545,兴福电子
1,沪股通专用,152169952.97,0.030756753814,,,152169952.97,有价格涨跌幅限制的日换手率达到30%的前五只证券,688549,中巨芯
2,中国国际金融股份有限公司上海分公司,136355808.46,0.027560381994,,,136355808.46,有价格涨跌幅限制的日换手率达到30%的前五只证券,688549,中巨芯
3,华泰证券股份有限公司总部,70341692.07,0.014217538112,,,70341692.07,有价格涨跌幅限制的日换手率达到30%的前五只证券,688549,中巨芯
4,中信证券股份有限公司上海分公司,64058941.45,0.01294766183,,,64058941.45,有价格涨跌幅限制的日换手率达到30%的前五只证券,688549,中巨芯
5,中信证券股份有限公司北京建国门证券营业部,44280976.22,0.008950118323,,,44280976.22,有价格涨跌幅限制的日换手率达到30%的前五只证券,688549,中巨芯
6,沪股通专用,152169952.97,0.030756753814,,,152169952.97,有价格涨跌幅限制的日收盘价格跌幅达到15%的前五只证券,688549,中巨芯
7,中国国际金融股份有限公司上海分公司,136355808.46,0.027560381994,,,136355808.46,有价格涨跌幅限制的日收盘价格跌幅达到15%的前五只证券,688549,中巨芯
8,华泰证券股份有限公司总部,70341692.07,0.014217538112,,,70341692.07,有价格涨跌幅限制的日收盘价格跌幅达到15%的前五只证券,688549,中巨芯
9,中信证券股份有限公司上海分公司,64058941.45,0.01294766183,,,64058941.45,有价格涨跌幅限制的日收盘价格跌幅达到15%的前五只证券,688549,中巨芯
10,中信证券股份有限公司北京建国门证券营业部,44280976.22,0.008950118323,,,44280976.22,有价格涨跌幅限制的日收盘价格跌幅达到15%的前五只证券,688549,中巨芯
1,中信证券股份有限公司上海分公司,,,86856913.48,0.017555612345,-86856913.48,有价格涨跌幅限制的日换手率达到30%的前五只证券,688549,中巨芯
2,机构专用,,,82903473.94,0.016756538913,-82903473.94,有价格涨跌幅限制的日换手率达到30%的前五只证券,688549,中巨芯
3,机构专用,,,73703569.46,0.014897044369,-73703569.46,有价格涨跌幅限制的日换手率达到30%的前五只证券,688549,中巨芯
4,中信证券股份有限公司深圳深南中路中信大厦证券营业部,,,65892892.63,0.013318342006,-65892892.63,有价格涨跌幅限制的日换手率达到30%的前五只证券,688549,中巨芯
5,机构专用,,,51787148.99,0.010467273999,-51787148.99,有价格涨跌幅限制的日换手率达到30%的前五只证券,688549,中巨芯
6,中信证券股份有限公司上海分公司,,,86856913.48,0.017555612345,-86856913.48,有价格涨跌幅限制的日收盘价格跌幅达到15%的前五只证券,688549,中巨芯
7,机构专用,,,82903473.94,0.016756538913,-82903473.94,有价格涨跌幅限制的日收盘价格跌幅达到15%的前五只证券,688549,中巨芯
8,机构专用,,,73703569.46,0.014897044369,-73703569.46,有价格涨跌幅限制的日收盘价格跌幅达到15%的前五只证券,688549,中巨芯
9,中信证券股份有限公司深圳深南中路中信大厦证券营业部,,,65892892.63,0.013318342006,-65892892.63,有价格涨跌幅限制的日收盘价格跌幅达到15%的前五只证券,688549,中巨芯
10,机构专用,,,51787148.99,0.010467273999,-51787148.99,有价格涨跌幅限制的日收盘价格跌幅达到15%的前五只证券,688549,中巨芯
1,沪股通专用,152169952.97,0.030756753814,,,152169952.97,有价格涨跌幅限制的日换手率达到30%的前五只证券,688549,中巨芯
2,中国国际金融股份有限公司上海分公司,136355808.46,0.027560381994,,,136355808.46,有价格涨跌幅限制的日换手率达到30%的前五只证券,688549,中巨芯
3,华泰证券股份有限公司总部,70341692.07,0.014217538112,,,70341692.07,有价格涨跌幅限制的日换手率达到30%的前五只证券,688549,中巨芯
4,中信证券股份有限公司上海分公司,64058941.45,0.01294766183,,,64058941.45,有价格涨跌幅限制的日换手率达到30%的前五只证券,688549,中巨芯
5,中信证券股份有限公司北京建国门证券营业部,44280976.22,0.008950118323,,,44280976.22,有价格涨跌幅限制的日换手率达到30%的前五只证券,688549,中巨芯
6,沪股通专用,152169952.97,0.030756753814,,,152169952.97,有价格涨跌幅限制的日收盘价格跌幅达到15%的前五只证券,688549,中巨芯
7,中国国际金融股份有限公司上海分公司,136355808.46,0.027560381994,,,136355808.46,有价格涨跌幅限制的日收盘价格跌幅达到15%的前五只证券,688549,中巨芯
8,华泰证券股份有限公司总部,70341692.07,0.014217538112,,,70341692.07,有价格涨跌幅限制的日收盘价格跌幅达到15%的前五只证券,688549,中巨芯
9,中信证券股份有限公司上海分公司,64058941.45,0.01294766183,,,64058941.45,有价格涨跌幅限制的日收盘价格跌幅达到15%的前五只证券,688549,中巨芯
10,中信证券股份有限公司北京建国门证券营业部,44280976.22,0.008950118323,,,44280976.22,有价格涨跌幅限制的日收盘价格跌幅达到15%的前五只证券,688549,中巨芯
1,中信证券股份有限公司上海分公司,,,86856913.48,0.017555612345,-86856913.48,有价格涨跌幅限制的日换手率达到30%的前五只证券,688549,中巨芯
2,机构专用,,,82903473.94,0.016756538913,-82903473.94,有价格涨跌幅限制的日换手率达到30%的前五只证券,688549,中巨芯
3,机构专用,,,73703569.46,0.014897044369,-73703569.46,有价格涨跌幅限制的日换手率达到30%的前五只证券,688549,中巨芯
4,中信证券股份有限公司深圳深南中路中信大厦证券营业部,,,65892892.63,0.013318342006,-65892892.63,有价格涨跌幅限制的日换手率达到30%的前五只证券,688549,中巨芯
5,机构专用,,,51787148.99,0.010467273999,-51787148.99,有价格涨跌幅限制的日换手率达到30%的前五只证券,688549,中巨芯
6,中信证券股份有限公司上海分公司,,,86856913.48,0.017555612345,-86856913.48,有价格涨跌幅限制的日收盘价格跌幅达到15%的前五只证券,688549,中巨芯
7,机构专用,,,82903473.94,0.016756538913,-82903473.94,有价格涨跌幅限制的日收盘价格跌幅达到15%的前五只证券,688549,中巨芯
8,机构专用,,,73703569.46,0.014897044369,-73703569.46,有价格涨跌幅限制的日收盘价格跌幅达到15%的前五只证券,688549,中巨芯
9,中信证券股份有限公司深圳深南中路中信大厦证券营业部,,,65892892.63,0.013318342006,-65892892.63,有价格涨跌幅限制的日收盘价格跌幅达到15%的前五只证券,688549,中巨芯
10,机构专用,,,51787148.99,0.010467273999,-51787148.99,有价格涨跌幅限制的日收盘价格跌幅达到15%的前五只证券,688549,中巨芯
1,高盛(中国)证券有限责任公司上海浦东新区世纪大道证券营业部,154846606.27,0.057233658072,,,154846606.27,有价格涨跌幅限制的日收盘价格涨幅达到15%的前五只证券,688662,富信科技
2,中信证券股份有限公司上海分公司,97102005.46,0.03589037637,,,97102005.46,有价格涨跌幅限制的日收盘价格涨幅达到15%的前五只证券,688662,富信科技
3,瑞银证券有限责任公司上海花园石桥路证券营业部,62138197.3,0.022967221712,,,62138197.3,有价格涨跌幅限制的日收盘价格涨幅达到15%的前五只证券,688662,富信科技
4,中信证券股份有限公司深圳深南中路中信大厦证券营业部,59260006.79,0.021903398774,,,59260006.79,有价格涨跌幅限制的日收盘价格涨幅达到15%的前五只证券,688662,富信科技
5,机构专用,56580664.27,0.020913073075,,,56580664.27,有价格涨跌幅限制的日收盘价格涨幅达到15%的前五只证券,688662,富信科技
6,中信证券股份有限公司上海分公司,205170896.78,0.046220150496,,,205170896.78,有价格涨跌幅限制的连续3个交易日内收盘价格涨幅偏离值累计达到30%的证券,688662,富信科技
7,高盛(中国)证券有限责任公司上海浦东新区世纪大道证券营业部,172067875.4,0.038762822707,,,172067875.4,有价格涨跌幅限制的连续3个交易日内收盘价格涨幅偏离值累计达到30%的证券,688662,富信科技
8,国泰海通证券股份有限公司总部,107921943.62,0.024312261409,,,107921943.62,有价格涨跌幅限制的连续3个交易日内收盘价格涨幅偏离值累计达到30%的证券,688662,富信科技
9,瑞银证券有限责任公司上海花园石桥路证券营业部,98810251.48,0.022259612672,,,98810251.48,有价格涨跌幅限制的连续3个交易日内收盘价格涨幅偏离值累计达到30%的证券,688662,富信科技
10,华泰证券股份有限公司总部,71214884.5,0.016043029157,,,71214884.5,有价格涨跌幅限制的连续3个交易日内收盘价格涨幅偏离值累计达到30%的证券,688662,富信科技
1,中信证券股份有限公司上海分公司,,,119760222.9,0.044265197754,-119760222.9,有价格涨跌幅限制的日收盘价格涨幅达到15%的前五只证券,688662,富信科技
2,国泰海通证券股份有限公司总部,,,69182190.67,0.025570788672,-69182190.67,有价格涨跌幅限制的日收盘价格涨幅达到15%的前五只证券,688662,富信科技
3,申万宏源证券有限公司武汉青年路证券营业部,,,50002703.81,0.018481758958,-50002703.81,有价格涨跌幅限制的日收盘价格涨幅达到15%的前五只证券,688662,富信科技
4,瑞银证券有限责任公司上海花园石桥路证券营业部,,,39129130.19,0.014462720959,-39129130.19,有价格涨跌幅限制的日收盘价格涨幅达到15%的前五只证券,688662,富信科技
5,中信证券(山东)有限责任公司临沂金雀山路证券营业部,,,31129040.24,0.011505766178,-31129040.24,有价格涨跌幅限制的日收盘价格涨幅达到15%的前五只证券,688662,富信科技
6,中信证券股份有限公司上海分公司,,,158074862.63,0.035610527882,-158074862.63,有价格涨跌幅限制的连续3个交易日内收盘价格涨幅偏离值累计达到30%的证券,688662,富信科技
7,国泰海通证券股份有限公司总部,,,84650024.74,0.019069648495,-84650024.74,有价格涨跌幅限制的连续3个交易日内收盘价格涨幅偏离值累计达到30%的证券,688662,富信科技
8,瑞银证券有限责任公司上海花园石桥路证券营业部,,,62922097.98,0.014174860489,-62922097.98,有价格涨跌幅限制的连续3个交易日内收盘价格涨幅偏离值累计达到30%的证券,688662,富信科技
9,申万宏源证券有限公司武汉青年路证券营业部,,,58319760.74,0.013138062759,-58319760.74,有价格涨跌幅限制的连续3个交易日内收盘价格涨幅偏离值累计达到30%的证券,688662,富信科技
10,摩根大通证券(中国)有限公司上海银城中路证券营业部,,,55267190.56,0.012450390895,-55267190.56,有价格涨跌幅限制的连续3个交易日内收盘价格涨幅偏离值累计达到30%的证券,688662,富信科技
1,高盛(中国)证券有限责任公司上海浦东新区世纪大道证券营业部,154846606.27,0.057233658072,,,154846606.27,有价格涨跌幅限制的日收盘价格涨幅达到15%的前五只证券,688662,富信科技
2,中信证券股份有限公司上海分公司,97102005.46,0.03589037637,,,97102005.46,有价格涨跌幅限制的日收盘价格涨幅达到15%的前五只证券,688662,富信科技
3,瑞银证券有限责任公司上海花园石桥路证券营业部,62138197.3,0.022967221712,,,62138197.3,有价格涨跌幅限制的日收盘价格涨幅达到15%的前五只证券,688662,富信科技
4,中信证券股份有限公司深圳深南中路中信大厦证券营业部,59260006.79,0.021903398774,,,59260006.79,有价格涨跌幅限制的日收盘价格涨幅达到15%的前五只证券,688662,富信科技
5,机构专用,56580664.27,0.020913073075,,,56580664.27,有价格涨跌幅限制的日收盘价格涨幅达到15%的前五只证券,688662,富信科技
6,中信证券股份有限公司上海分公司,205170896.78,0.046220150496,,,205170896.78,有价格涨跌幅限制的连续3个交易日内收盘价格涨幅偏离值累计达到30%的证券,688662,富信科技
7,高盛(中国)证券有限责任公司上海浦东新区世纪大道证券营业部,172067875.4,0.038762822707,,,172067875.4,有价格涨跌幅限制的连续3个交易日内收盘价格涨幅偏离值累计达到30%的证券,688662,富信科技
8,国泰海通证券股份有限公司总部,107921943.62,0.024312261409,,,107921943.62,有价格涨跌幅限制的连续3个交易日内收盘价格涨幅偏离值累计达到30%的证券,688662,富信科技
9,瑞银证券有限责任公司上海花园石桥路证券营业部,98810251.48,0.022259612672,,,98810251.48,有价格涨跌幅限制的连续3个交易日内收盘价格涨幅偏离值累计达到30%的证券,688662,富信科技
10,华泰证券股份有限公司总部,71214884.5,0.016043029157,,,71214884.5,有价格涨跌幅限制的连续3个交易日内收盘价格涨幅偏离值累计达到30%的证券,688662,富信科技
1,中信证券股份有限公司上海分公司,,,119760222.9,0.044265197754,-119760222.9,有价格涨跌幅限制的日收盘价格涨幅达到15%的前五只证券,688662,富信科技
2,国泰海通证券股份有限公司总部,,,69182190.67,0.025570788672,-69182190.67,有价格涨跌幅限制的日收盘价格涨幅达到15%的前五只证券,688662,富信科技
3,申万宏源证券有限公司武汉青年路证券营业部,,,50002703.81,0.018481758958,-50002703.81,有价格涨跌幅限制的日收盘价格涨幅达到15%的前五只证券,688662,富信科技
4,瑞银证券有限责任公司上海花园石桥路证券营业部,,,39129130.19,0.014462720959,-39129130.19,有价格涨跌幅限制的日收盘价格涨幅达到15%的前五只证券,688662,富信科技
5,中信证券(山东)有限责任公司临沂金雀山路证券营业部,,,31129040.24,0.011505766178,-31129040.24,有价格涨跌幅限制的日收盘价格涨幅达到15%的前五只证券,688662,富信科技
6,中信证券股份有限公司上海分公司,,,158074862.63,0.035610527882,-158074862.63,有价格涨跌幅限制的连续3个交易日内收盘价格涨幅偏离值累计达到30%的证券,688662,富信科技
7,国泰海通证券股份有限公司总部,,,84650024.74,0.019069648495,-84650024.74,有价格涨跌幅限制的连续3个交易日内收盘价格涨幅偏离值累计达到30%的证券,688662,富信科技
8,瑞银证券有限责任公司上海花园石桥路证券营业部,,,62922097.98,0.014174860489,-62922097.98,有价格涨跌幅限制的连续3个交易日内收盘价格涨幅偏离值累计达到30%的证券,688662,富信科技
9,申万宏源证券有限公司武汉青年路证券营业部,,,58319760.74,0.013138062759,-58319760.74,有价格涨跌幅限制的连续3个交易日内收盘价格涨幅偏离值累计达到30%的证券,688662,富信科技
10,摩根大通证券(中国)有限公司上海银城中路证券营业部,,,55267190.56,0.012450390895,-55267190.56,有价格涨跌幅限制的连续3个交易日内收盘价格涨幅偏离值累计达到30%的证券,688662,富信科技
1,中信证券股份有限公司上海分公司,135337022.89,0.0436741864,,,135337022.89,有价格涨跌幅限制的日换手率达到30%的前五只证券,688783,西安奕材
2,高盛(中国)证券有限责任公司上海浦东新区世纪大道证券营业部,124158372.71,0.040066759244,,,124158372.71,有价格涨跌幅限制的日换手率达到30%的前五只证券,688783,西安奕材
3,中国国际金融股份有限公司上海分公司,100931353.51,0.03257124069,,,100931353.51,有价格涨跌幅限制的日换手率达到30%的前五只证券,688783,西安奕材
4,机构专用,89487606.58,0.028878264992,,,89487606.58,有价格涨跌幅限制的日换手率达到30%的前五只证券,688783,西安奕材
5,国泰海通证券股份有限公司总部,84652330.34,0.027317888155,,,84652330.34,有价格涨跌幅限制的日换手率达到30%的前五只证券,688783,西安奕材
1,中信证券股份有限公司上海分公司,,,112965664.53,0.036454795474,-112965664.53,有价格涨跌幅限制的日换手率达到30%的前五只证券,688783,西安奕材
2,国泰海通证券股份有限公司总部,,,85636201.81,0.027635390232,-85636201.81,有价格涨跌幅限制的日换手率达到30%的前五只证券,688783,西安奕材
3,瑞银证券有限责任公司上海花园石桥路证券营业部,,,81427921.92,0.026277349421,-81427921.92,有价格涨跌幅限制的日换手率达到30%的前五只证券,688783,西安奕材
4,机构专用,,,77150753.57,0.024897077831,-77150753.57,有价格涨跌幅限制的日换手率达到30%的前五只证券,688783,西安奕材
5,机构专用,,,76427683.94,0.024663738298,-76427683.94,有价格涨跌幅限制的日换手率达到30%的前五只证券,688783,西安奕材
1,国泰海通证券股份有限公司广州开创大道证券营业部,25123850.36,0.088686321137,,,25123850.36,有价格涨跌幅限制的日收盘价格涨幅达到15%的前五只证券,688788,科思科技
2,沪股通专用,23859686.3,0.084223865813,,,23859686.3,有价格涨跌幅限制的日收盘价格涨幅达到15%的前五只证券,688788,科思科技
3,国泰海通证券股份有限公司义乌宾王路证券营业部,10949071.97,0.038649844629,,,10949071.97,有价格涨跌幅限制的日收盘价格涨幅达到15%的前五只证券,688788,科思科技
4,摩根大通证券(中国)有限公司上海银城中路证券营业部,7110347.87,0.025099281581,,,7110347.87,有价格涨跌幅限制的日收盘价格涨幅达到15%的前五只证券,688788,科思科技
5,太平洋证券股份有限公司深圳景田东路证券营业部,6157086.59,0.021734302297,,,6157086.59,有价格涨跌幅限制的日收盘价格涨幅达到15%的前五只证券,688788,科思科技
1,沪股通专用,,,19572948.38,0.069091829507,-19572948.38,有价格涨跌幅限制的日收盘价格涨幅达到15%的前五只证券,688788,科思科技
2,中国国际金融股份有限公司上海分公司,,,6880783.9,0.024288928723,-6880783.9,有价格涨跌幅限制的日收盘价格涨幅达到15%的前五只证券,688788,科思科技
3,国泰海通证券股份有限公司总部,,,6871030.56,0.02425449977,-6871030.56,有价格涨跌幅限制的日收盘价格涨幅达到15%的前五只证券,688788,科思科技
4,高盛(中国)证券有限责任公司上海浦东新区世纪大道证券营业部,,,6439371.2,0.022730757188,-6439371.2,有价格涨跌幅限制的日收盘价格涨幅达到15%的前五只证券,688788,科思科技
5,中信证券股份有限公司上海分公司,,,5734428.23,0.020242332933,-5734428.23,有价格涨跌幅限制的日收盘价格涨幅达到15%的前五只证券,688788,科思科技
1,民生证券股份有限公司郑州桐柏路证券营业部,18611739.15,0.031568702836,107014.3,0.000181514613,18504724.85,当日换手率达到20%的前5只股票,920083,金戈新材
2,机构专用,10036278.55,0.017023250357,0.0,0.0,10036278.55,当日换手率达到20%的前5只股票,920083,金戈新材
3,东方财富证券股份有限公司拉萨东环路第二证券营业部,8790089.41,0.014909499765,13136693.77,0.022282086512,-4346604.36,当日换手率达到20%的前5只股票,920083,金戈新材
4,中信建投证券股份有限公司宁波分公司,8044669.23,0.013645139247,5554346.53,0.00942112468,2490322.7,当日换手率达到20%的前5只股票,920083,金戈新材
5,国投证券股份有限公司湖州仁皇山路证券营业部,6951231.16,0.011790480678,208424.79,0.000353524204,6742806.37,当日换手率达到20%的前5只股票,920083,金戈新材
6,民生证券股份有限公司郑州桐柏路证券营业部,18611739.15,0.031568702836,107014.3,0.000181514613,18504724.85,当日收盘价跌幅达到-20%的前5只股票,920083,金戈新材
7,机构专用,10036278.55,0.017023250357,0.0,0.0,10036278.55,当日收盘价跌幅达到-20%的前5只股票,920083,金戈新材
8,东方财富证券股份有限公司拉萨东环路第二证券营业部,8790089.41,0.014909499765,13136693.77,0.022282086512,-4346604.36,当日收盘价跌幅达到-20%的前5只股票,920083,金戈新材
9,中信建投证券股份有限公司宁波分公司,8044669.23,0.013645139247,5554346.53,0.00942112468,2490322.7,当日收盘价跌幅达到-20%的前5只股票,920083,金戈新材
10,国投证券股份有限公司湖州仁皇山路证券营业部,6951231.16,0.011790480678,208424.79,0.000353524204,6742806.37,当日收盘价跌幅达到-20%的前5只股票,920083,金戈新材
1,国泰海通证券股份有限公司重庆观音桥步行街营业部,6838369.87,0.011599048566,16317191.79,0.027676756835,-9478821.92,当日换手率达到20%的前5只股票,920083,金戈新材
2,东方财富证券股份有限公司拉萨东环路第二证券营业部,8790089.41,0.014909499765,13136693.77,0.022282086512,-4346604.36,当日换手率达到20%的前5只股票,920083,金戈新材
3,国金证券股份有限公司上海奉贤区金碧路证券营业部,1355956.41,0.002299934714,8381285.98,0.014216099009,-7025329.57,当日换手率达到20%的前5只股票,920083,金戈新材
4,东方财富证券股份有限公司拉萨团结路第二证券营业部,5592107.03,0.009485172967,7573017.3,0.012845136652,-1980910.27,当日换手率达到20%的前5只股票,920083,金戈新材
5,东方财富证券股份有限公司拉萨东环路第一证券营业部,4119610.28,0.006987565841,6349598.38,0.01077000826,-2229988.1,当日换手率达到20%的前5只股票,920083,金戈新材
6,国泰海通证券股份有限公司重庆观音桥步行街营业部,6838369.87,0.011599048566,16317191.79,0.027676756835,-9478821.92,当日收盘价跌幅达到-20%的前5只股票,920083,金戈新材
7,东方财富证券股份有限公司拉萨东环路第二证券营业部,8790089.41,0.014909499765,13136693.77,0.022282086512,-4346604.36,当日收盘价跌幅达到-20%的前5只股票,920083,金戈新材
8,国金证券股份有限公司上海奉贤区金碧路证券营业部,1355956.41,0.002299934714,8381285.98,0.014216099009,-7025329.57,当日收盘价跌幅达到-20%的前5只股票,920083,金戈新材
9,东方财富证券股份有限公司拉萨团结路第二证券营业部,5592107.03,0.009485172967,7573017.3,0.012845136652,-1980910.27,当日收盘价跌幅达到-20%的前5只股票,920083,金戈新材
10,东方财富证券股份有限公司拉萨东环路第一证券营业部,4119610.28,0.006987565841,6349598.38,0.01077000826,-2229988.1,当日收盘价跌幅达到-20%的前5只股票,920083,金戈新材
1,民生证券股份有限公司郑州桐柏路证券营业部,18611739.15,0.031568702836,107014.3,0.000181514613,18504724.85,当日换手率达到20%的前5只股票,920083,金戈新材
2,机构专用,10036278.55,0.017023250357,0.0,0.0,10036278.55,当日换手率达到20%的前5只股票,920083,金戈新材
3,东方财富证券股份有限公司拉萨东环路第二证券营业部,8790089.41,0.014909499765,13136693.77,0.022282086512,-4346604.36,当日换手率达到20%的前5只股票,920083,金戈新材
4,中信建投证券股份有限公司宁波分公司,8044669.23,0.013645139247,5554346.53,0.00942112468,2490322.7,当日换手率达到20%的前5只股票,920083,金戈新材
5,国投证券股份有限公司湖州仁皇山路证券营业部,6951231.16,0.011790480678,208424.79,0.000353524204,6742806.37,当日换手率达到20%的前5只股票,920083,金戈新材
6,民生证券股份有限公司郑州桐柏路证券营业部,18611739.15,0.031568702836,107014.3,0.000181514613,18504724.85,当日收盘价跌幅达到-20%的前5只股票,920083,金戈新材
7,机构专用,10036278.55,0.017023250357,0.0,0.0,10036278.55,当日收盘价跌幅达到-20%的前5只股票,920083,金戈新材
8,东方财富证券股份有限公司拉萨东环路第二证券营业部,8790089.41,0.014909499765,13136693.77,0.022282086512,-4346604.36,当日收盘价跌幅达到-20%的前5只股票,920083,金戈新材
9,中信建投证券股份有限公司宁波分公司,8044669.23,0.013645139247,5554346.53,0.00942112468,2490322.7,当日收盘价跌幅达到-20%的前5只股票,920083,金戈新材
10,国投证券股份有限公司湖州仁皇山路证券营业部,6951231.16,0.011790480678,208424.79,0.000353524204,6742806.37,当日收盘价跌幅达到-20%的前5只股票,920083,金戈新材
1,国泰海通证券股份有限公司重庆观音桥步行街营业部,6838369.87,0.011599048566,16317191.79,0.027676756835,-9478821.92,当日换手率达到20%的前5只股票,920083,金戈新材
2,东方财富证券股份有限公司拉萨东环路第二证券营业部,8790089.41,0.014909499765,13136693.77,0.022282086512,-4346604.36,当日换手率达到20%的前5只股票,920083,金戈新材
3,国金证券股份有限公司上海奉贤区金碧路证券营业部,1355956.41,0.002299934714,8381285.98,0.014216099009,-7025329.57,当日换手率达到20%的前5只股票,920083,金戈新材
4,东方财富证券股份有限公司拉萨团结路第二证券营业部,5592107.03,0.009485172967,7573017.3,0.012845136652,-1980910.27,当日换手率达到20%的前5只股票,920083,金戈新材
5,东方财富证券股份有限公司拉萨东环路第一证券营业部,4119610.28,0.006987565841,6349598.38,0.01077000826,-2229988.1,当日换手率达到20%的前5只股票,920083,金戈新材
6,国泰海通证券股份有限公司重庆观音桥步行街营业部,6838369.87,0.011599048566,16317191.79,0.027676756835,-9478821.92,当日收盘价跌幅达到-20%的前5只股票,920083,金戈新材
7,东方财富证券股份有限公司拉萨东环路第二证券营业部,8790089.41,0.014909499765,13136693.77,0.022282086512,-4346604.36,当日收盘价跌幅达到-20%的前5只股票,920083,金戈新材
8,国金证券股份有限公司上海奉贤区金碧路证券营业部,1355956.41,0.002299934714,8381285.98,0.014216099009,-7025329.57,当日收盘价跌幅达到-20%的前5只股票,920083,金戈新材
9,东方财富证券股份有限公司拉萨团结路第二证券营业部,5592107.03,0.009485172967,7573017.3,0.012845136652,-1980910.27,当日收盘价跌幅达到-20%的前5只股票,920083,金戈新材
10,东方财富证券股份有限公司拉萨东环路第一证券营业部,4119610.28,0.006987565841,6349598.38,0.01077000826,-2229988.1,当日收盘价跌幅达到-20%的前5只股票,920083,金戈新材
1,国信证券股份有限公司深圳互联网分公司,24201795.45,0.070429153673,1235495.42,0.003595390143,22966300.03,当日换手率达到20%的前5只股票,920088,科力股份
2,机构专用,10886004.49,0.031679140694,0.0,0.0,10886004.49,当日换手率达到20%的前5只股票,920088,科力股份
3,国信证券股份有限公司深圳红岭中路证券营业部,9500945.37,0.027648508264,1090982.4,0.003174845737,8409962.97,当日换手率达到20%的前5只股票,920088,科力股份
4,国金证券股份有限公司深圳分公司,8603229.52,0.025036083591,592825.7,0.001725170036,8010403.82,当日换手率达到20%的前5只股票,920088,科力股份
5,中信建投证券股份有限公司北京东城分公司,7184559.26,0.020907640065,408324.58,0.001188257072,6776234.68,当日换手率达到20%的前5只股票,920088,科力股份
1,东方财富证券股份有限公司拉萨团结路第一证券营业部,1875469.21,0.005457764878,6011561.9,0.017494124258,-4136092.69,当日换手率达到20%的前5只股票,920088,科力股份
2,东方财富证券股份有限公司拉萨金融城南环路证券营业部,2429426.95,0.007069826053,5319645.76,0.015480593144,-2890218.81,当日换手率达到20%的前5只股票,920088,科力股份
3,申万宏源证券有限公司嘉善体育南路证券营业部,637058.28,0.001853890369,4664735.04,0.013574750752,-4027676.76,当日换手率达到20%的前5只股票,920088,科力股份
4,东方财富证券股份有限公司拉萨东环路第二证券营业部,2981487.81,0.008676367155,4527712.92,0.013176005462,-1546225.11,当日换手率达到20%的前5只股票,920088,科力股份
5,东方财富证券股份有限公司拉萨团结路第二证券营业部,2734718.92,0.007958250018,3599971.33,0.010476203493,-865252.41,当日换手率达到20%的前5只股票,920088,科力股份
1,广发证券股份有限公司安徽分公司,7620121.88,0.017889894578,3700305.82,0.008687273257,3919816.06,当日换手率达到20%的前5只股票,920161,龙辰科技
2,东方财富证券股份有限公司拉萨团结路第二证券营业部,6681741.85,0.015686843226,4654375.68,0.0109271599,2027366.17,当日换手率达到20%的前5只股票,920161,龙辰科技
3,东方财富证券股份有限公司拉萨团结路第一证券营业部,6254969.87,0.014684903119,2154990.53,0.005059309287,4099979.34,当日换手率达到20%的前5只股票,920161,龙辰科技
4,国金证券股份有限公司深圳分公司,5635342.74,0.013230193574,27553474.42,0.064687778017,-21918131.68,当日换手率达到20%的前5只股票,920161,龙辰科技
5,国金证券股份有限公司上海静安区南京西路证券营业部,4865805.71,0.011423537912,591307.75,0.001388223637,4274497.96,当日换手率达到20%的前5只股票,920161,龙辰科技
1,国金证券股份有限公司深圳分公司,5635342.74,0.013230193574,27553474.42,0.064687778017,-21918131.68,当日换手率达到20%的前5只股票,920161,龙辰科技
2,国信证券股份有限公司福建分公司,212829.66,0.000499663948,11502153.9,0.027003809641,-11289324.24,当日换手率达到20%的前5只股票,920161,龙辰科技
3,华泰证券股份有限公司天津华昌道证券营业部,0.0,0.0,7986299.64,0.018749576566,-7986299.64,当日换手率达到20%的前5只股票,920161,龙辰科技
4,东方财富证券股份有限公司拉萨团结路第二证券营业部,6681741.85,0.015686843226,4654375.68,0.0109271599,2027366.17,当日换手率达到20%的前5只股票,920161,龙辰科技
5,中信建投证券股份有限公司上海营口路证券营业部,3383824.28,0.007944263962,4103040.04,0.009632779491,-719215.76,当日换手率达到20%的前5只股票,920161,龙辰科技
1,机构专用,7392356.11,0.022517768929,0.0,0.0,7392356.11,当日换手率达到20%的前5只股票,920206,彩客科技
2,国泰海通证券股份有限公司广西南宁双拥路第一营业部,6907690.36,0.021041434293,0.0,0.0,6907690.36,当日换手率达到20%的前5只股票,920206,彩客科技
3,东方财富证券股份有限公司拉萨团结路第一证券营业部,5492186.49,0.016729684617,7030349.54,0.021415064978,-1538163.05,当日换手率达到20%的前5只股票,920206,彩客科技
4,中泰证券股份有限公司济宁任城大道证券营业部,4503421.68,0.013717819768,1124107.16,0.003424129588,3379314.52,当日换手率达到20%的前5只股票,920206,彩客科技
5,东方财富证券股份有限公司拉萨东环路第一证券营业部,3705927.49,0.011288582104,1996154.24,0.006080461933,1709773.25,当日换手率达到20%的前5只股票,920206,彩客科技
1,国盛证券股份有限公司江西分公司,0.0,0.0,10632914.53,0.032388795787,-10632914.53,当日换手率达到20%的前5只股票,920206,彩客科技
2,东方财富证券股份有限公司拉萨团结路第一证券营业部,5492186.49,0.016729684617,7030349.54,0.021415064978,-1538163.05,当日换手率达到20%的前5只股票,920206,彩客科技
3,国金证券股份有限公司深圳分公司,719468.5,0.002191564529,6213790.66,0.018927754585,-5494322.16,当日换手率达到20%的前5只股票,920206,彩客科技
4,国信证券股份有限公司深圳红岭中路证券营业部,2563775.08,0.007809485092,6077488.49,0.01851256615,-3513713.41,当日换手率达到20%的前5只股票,920206,彩客科技
5,东莞证券股份有限公司湖北分公司,184294.86,0.000561378404,5445494.16,0.01658745566,-5261199.3,当日换手率达到20%的前5只股票,920206,彩客科技
1,机构专用,7442679.04,0.033427767398,8343163.91,0.037472171116,-900484.87,当日换手率达到20%的前5只股票,920211,新睿电子
2,中信建投证券股份有限公司慈溪三北西大街证券营业部,5689503.34,0.025553620307,804378.08,0.003612753313,4885125.26,当日换手率达到20%的前5只股票,920211,新睿电子
3,东方财富证券股份有限公司拉萨东环路第二证券营业部,4958151.64,0.022268854918,2083766.44,0.009358949848,2874385.2,当日换手率达到20%的前5只股票,920211,新睿电子
4,华西证券股份有限公司广安建安中路证券营业部,4017920.0,0.01804593406,1909269.35,0.008575220211,2108650.65,当日换手率达到20%的前5只股票,920211,新睿电子
5,华福证券有限责任公司福州上三路证券营业部,4002721.53,0.017977672226,81458.52,0.000365859719,3921263.01,当日换手率达到20%的前5只股票,920211,新睿电子
1,国金证券股份有限公司深圳分公司,2316335.09,0.010403499894,17416501.76,0.078223817873,-15100166.67,当日换手率达到20%的前5只股票,920211,新睿电子
2,机构专用,7442679.04,0.033427767398,8343163.91,0.037472171116,-900484.87,当日换手率达到20%的前5只股票,920211,新睿电子
3,国信证券股份有限公司深圳红岭中路证券营业部,2280750.99,0.010243678812,8121352.36,0.036475935102,-5840601.37,当日换手率达到20%的前5只股票,920211,新睿电子
4,国金证券股份有限公司苏州苏州中心广场证券营业部,0.0,0.0,5720118.72,0.025691125068,-5720118.72,当日换手率达到20%的前5只股票,920211,新睿电子
5,中信建投证券股份有限公司北京东城分公司,1623843.1,0.007293267538,5253383.24,0.02359484697,-3629540.14,当日换手率达到20%的前5只股票,920211,新睿电子
1,中银国际证券股份有限公司中银郑州花园路营业部分支,8689401.09,0.064462867052,0.0,0.0,8689401.09,当日收盘价涨幅达到20%的前5只股票,920634,新威凌
2,国盛证券股份有限公司慈溪营业部,7569753.61,0.056156691989,0.0,0.0,7569753.61,当日收盘价涨幅达到20%的前5只股票,920634,新威凌
3,东方财富证券股份有限公司拉萨金融城南环路证券营业部,7244650.66,0.053744895361,151413.76,0.001123272476,7093236.9,当日收盘价涨幅达到20%的前5只股票,920634,新威凌
4,国金证券股份有限公司北京崇文门外大街证券营业部,5930194.28,0.043993518253,0.0,0.0,5930194.28,当日收盘价涨幅达到20%的前5只股票,920634,新威凌
5,东亚前海证券有限责任公司浙江分公司,5383930.18,0.039941023762,0.0,0.0,5383930.18,当日收盘价涨幅达到20%的前5只股票,920634,新威凌
1,国信证券股份有限公司深圳互联网分公司,1990185.6,0.014764316713,6556883.28,0.048642649911,-4566697.68,当日收盘价涨幅达到20%的前5只股票,920634,新威凌
2,国泰海通证券股份有限公司河南洛阳长兴街营业部,39600.0,0.000293775084,4085086.67,0.030305471709,-4045486.67,当日收盘价涨幅达到20%的前5只股票,920634,新威凌
3,国金证券股份有限公司深圳分公司,1549641.5,0.011496112673,3254548.46,0.024144071901,-1704906.96,当日收盘价涨幅达到20%的前5只股票,920634,新威凌
4,国信证券股份有限公司深圳红岭中路证券营业部,206686.65,0.001533317878,3164490.72,0.023475972907,-2957804.07,当日收盘价涨幅达到20%的前5只股票,920634,新威凌
5,世纪证券有限责任公司南昌抚生南路证券营业部,197300.0,0.001463682426,2444000.0,0.018130967306,-2246700.0,当日收盘价涨幅达到20%的前5只股票,920634,新威凌
1,平安证券股份有限公司浙江分公司,6748113.72,0.024744550992,117296.8,0.000430113772,6630816.92,当日收盘价涨幅达到20%的前5只股票,920642,通易航天
2,东吴证券股份有限公司苏州西北街证券营业部,5480200.35,0.020095259599,1423142.79,0.005218499687,4057057.56,当日收盘价涨幅达到20%的前5只股票,920642,通易航天
3,东方财富证券股份有限公司拉萨东环路第一证券营业部,5145663.62,0.018868552178,1743092.04,0.006391716509,3402571.58,当日收盘价涨幅达到20%的前5只股票,920642,通易航天
4,华泰证券股份有限公司扬中翠竹南路证券营业部,4286300.61,0.01571736761,6203985.55,0.02274929605,-1917684.94,当日收盘价涨幅达到20%的前5只股票,920642,通易航天
5,东莞证券股份有限公司四川分公司,4189361.85,0.015361904411,13000.0,4.7669493e-05,4176361.85,当日收盘价涨幅达到20%的前5只股票,920642,通易航天
1,华泰证券股份有限公司扬中翠竹南路证券营业部,4286300.61,0.01571736761,6203985.55,0.02274929605,-1917684.94,当日收盘价涨幅达到20%的前5只股票,920642,通易航天
2,国信证券股份有限公司深圳互联网分公司,4040620.76,0.014816488071,4469060.34,0.01638752636,-428439.58,当日收盘价涨幅达到20%的前5只股票,920642,通易航天
3,国信证券股份有限公司深圳红岭中路证券营业部,370561.41,0.001358805747,4448298.16,0.016311393852,-4077736.75,当日收盘价涨幅达到20%的前5只股票,920642,通易航天
4,中信建投证券股份有限公司天津解放南路证券营业部,3662100.54,0.01342849829,4140978.38,0.015184487833,-478877.84,当日收盘价涨幅达到20%的前5只股票,920642,通易航天
5,中信建投证券股份有限公司上海营口路证券营业部,433524.91,0.001589685605,3629501.81,0.013308962525,-3195976.9,当日收盘价涨幅达到20%的前5只股票,920642,通易航天
