序号,交易营业部名称,买入金额,买入金额-占总成交比例,卖出金额,卖出金额-占总成交比例,净额,类型,代码,名称
1,深股通专用,126363206.89,0.030634894545,230157700.57,0.055798337658,-103794493.68,日振幅值达到15%的前5只证券,000539,粤电力A
2,国信证券股份有限公司浙江互联网分公司,55472324.51,0.013448446374,42449533.0,0.010291262773,13022791.51,日振幅值达到15%的前5只证券,000539,粤电力A
3,东方财富证券股份有限公司拉萨金融城南环路证券营业部,53583521.6,0.012990533985,35797590.6,0.008678597512,17785931.0,日振幅值达到15%的前5只证券,000539,粤电力A
4,机构专用,42074212.68,0.0102002719,32856396.7,0.00796554846,9217815.98,日振幅值达到15%的前5只证券,000539,粤电力A
5,机构专用,41274700.0,0.010006441851,88063048.76,0.021349586469,-46788348.76,日振幅值达到15%的前5只证券,000539,粤电力A
1,深股通专用,126363206.89,0.030634894545,230157700.57,0.055798337658,-103794493.68,日振幅值达到15%的前5只证券,000539,粤电力A
2,机构专用,41274700.0,0.010006441851,88063048.76,0.021349586469,-46788348.76,日振幅值达到15%的前5只证券,000539,粤电力A
3,机构专用,19577061.0,0.004746169506,73471455.22,0.01781206997,-53894394.22,日振幅值达到15%的前5只证券,000539,粤电力A
4,招商证券股份有限公司深圳益田路免税商务大厦证券营业部,19994996.04,0.004847491688,66256904.85,0.01606300871,-46261908.81,日振幅值达到15%的前5只证券,000539,粤电力A
5,机构专用,15738870.98,0.003815656983,59474391.12,0.014418688358,-43735520.14,日振幅值达到15%的前5只证券,000539,粤电力A
1,深股通专用,115124755.4,0.039123666625,124072786.88,0.042164539974,-8948031.48,日换手率达到20%的前5只证券,000601,韶能股份
2,国泰海通证券股份有限公司武汉紫阳东路证券营业部,53052869.86,0.018029335104,90678518.0,0.030815927434,-37625648.14,日换手率达到20%的前5只证券,000601,韶能股份
3,平安证券股份有限公司宁波海晏北路证券营业部,33935104.5,0.011532408566,25308.0,8.600598e-06,33909796.5,日换手率达到20%的前5只证券,000601,韶能股份
4,国信证券股份有限公司浙江互联网分公司,30189525.0,0.010259521573,13659284.7,0.004641932129,16530240.3,日换手率达到20%的前5只证券,000601,韶能股份
5,中国中金财富证券有限公司上海分公司,27914824.0,0.009486493711,140089.0,4.7607444e-05,27774735.0,日换手率达到20%的前5只证券,000601,韶能股份
1,深股通专用,115124755.4,0.039123666625,124072786.88,0.042164539974,-8948031.48,日换手率达到20%的前5只证券,000601,韶能股份
2,开源证券股份有限公司西安太华路证券营业部,2610.0,8.86975e-07,93666907.19,0.031831493044,-93664297.19,日换手率达到20%的前5只证券,000601,韶能股份
3,国泰海通证券股份有限公司武汉紫阳东路证券营业部,53052869.86,0.018029335104,90678518.0,0.030815927434,-37625648.14,日换手率达到20%的前5只证券,000601,韶能股份
4,国泰海通证券股份有限公司上海自贸试验区第二分公司,0.0,0.0,61264150.53,0.020819833172,-61264150.53,日换手率达到20%的前5只证券,000601,韶能股份
5,机构专用,5761244.54,0.001957884818,33676998.5,0.011444694563,-27915753.96,日换手率达到20%的前5只证券,000601,韶能股份
1,深股通专用,176122642.61,0.0737175474,115776590.43,0.048459222315,60346052.18,日涨幅偏离值达到7%的前5只证券,000700,模塑科技
2,机构专用,93403883.25,0.039094945936,0.0,0.0,93403883.25,日涨幅偏离值达到7%的前5只证券,000700,模塑科技
3,机构专用,50441447.48,0.021112673194,4675254.0,0.001956865132,45766193.48,日涨幅偏离值达到7%的前5只证券,000700,模塑科技
4,机构专用,47013339.0,0.019677810841,27537221.0,0.011525925141,19476118.0,日涨幅偏离值达到7%的前5只证券,000700,模塑科技
5,招商证券股份有限公司深圳益田路免税商务大厦证券营业部,44900961.0,0.018793658054,2198281.0,0.000920108178,42702680.0,日涨幅偏离值达到7%的前5只证券,000700,模塑科技
1,深股通专用,176122642.61,0.0737175474,115776590.43,0.048459222315,60346052.18,日涨幅偏离值达到7%的前5只证券,000700,模塑科技
2,机构专用,20371936.2,0.008526837607,38292288.0,0.016027544862,-17920351.8,日涨幅偏离值达到7%的前5只证券,000700,模塑科技
3,国泰海通证券股份有限公司南京太平南路证券营业部,89200.0,3.7335377e-05,34071680.32,0.014260975601,-33982480.32,日涨幅偏离值达到7%的前5只证券,000700,模塑科技
4,华泰证券股份有限公司江阴福泰路证券营业部,6335219.0,0.002651656823,32102575.0,0.013436790745,-25767356.0,日涨幅偏离值达到7%的前5只证券,000700,模塑科技
5,机构专用,47013339.0,0.019677810841,27537221.0,0.011525925141,19476118.0,日涨幅偏离值达到7%的前5只证券,000700,模塑科技
1,东莞证券股份有限公司东莞凤岗证券营业部,14674740.0,0.031979043029,1691486.7,0.003686070483,12983253.3,日跌幅偏离值达到7%的前5只证券,000712,锦龙股份
2,华宝证券股份有限公司舟山港航国际大厦证券营业部,4541616.0,0.009897043047,4453216.0,0.009704402673,88400.0,日跌幅偏离值达到7%的前5只证券,000712,锦龙股份
3,深股通专用,4535379.0,0.00988345144,11171852.0,0.024345585395,-6636473.0,日跌幅偏离值达到7%的前5只证券,000712,锦龙股份
4,华林证券股份有限公司东莞莞太路证券营业部,4161196.0,0.009068035681,0.0,0.0,4161196.0,日跌幅偏离值达到7%的前5只证券,000712,锦龙股份
5,东方财富证券股份有限公司拉萨团结路第一证券营业部,3890304.0,0.008477710611,3162042.0,0.006890689523,728262.0,日跌幅偏离值达到7%的前5只证券,000712,锦龙股份
1,深股通专用,4535379.0,0.00988345144,11171852.0,0.024345585395,-6636473.0,日跌幅偏离值达到7%的前5只证券,000712,锦龙股份
2,机构专用,3217069.0,0.007010603798,8684707.0,0.018925624498,-5467638.0,日跌幅偏离值达到7%的前5只证券,000712,锦龙股份
3,上海证券有限责任公司浦东新区商城路证券营业部,0.0,0.0,8406500.0,0.018319358654,-8406500.0,日跌幅偏离值达到7%的前5只证券,000712,锦龙股份
4,民生证券股份有限公司河南分公司,174301.0,0.000379834953,5798258.0,0.012635504416,-5623957.0,日跌幅偏离值达到7%的前5只证券,000712,锦龙股份
5,中信证券股份有限公司安徽分公司,5934.0,1.2931312e-05,5389657.0,0.011745085304,-5383723.0,日跌幅偏离值达到7%的前5只证券,000712,锦龙股份
1,深股通专用,80894103.0,0.017789662574,396614009.3,0.087220565353,-315719906.3,日振幅值达到15%的前5只证券,000767,晋控电力
2,国信证券股份有限公司浙江互联网分公司,65747892.28,0.014458814366,46966302.5,0.010328499147,18781589.78,日振幅值达到15%的前5只证券,000767,晋控电力
3,中国银河证券股份有限公司北京学院南路证券营业部,62005487.0,0.0136358109,33570267.73,0.007382537333,28435219.27,日振幅值达到15%的前5只证券,000767,晋控电力
4,机构专用,56915894.0,0.012516543379,67092876.04,0.014754593741,-10176982.04,日振幅值达到15%的前5只证券,000767,晋控电力
5,机构专用,43023238.0,0.009461368115,24892659.0,0.005474218611,18130579.0,日振幅值达到15%的前5只证券,000767,晋控电力
1,深股通专用,80894103.0,0.017789662574,396614009.3,0.087220565353,-315719906.3,日振幅值达到15%的前5只证券,000767,晋控电力
2,华安证券股份有限公司海南分公司,1156.0,2.54219e-07,115532415.89,0.025407076892,-115531259.89,日振幅值达到15%的前5只证券,000767,晋控电力
3,机构专用,42891718.0,0.009432445161,87135120.87,0.019162143359,-44243402.87,日振幅值达到15%的前5只证券,000767,晋控电力
4,机构专用,56915894.0,0.012516543379,67092876.04,0.014754593741,-10176982.04,日振幅值达到15%的前5只证券,000767,晋控电力
5,国信证券股份有限公司浙江互联网分公司,65747892.28,0.014458814366,46966302.5,0.010328499147,18781589.78,日振幅值达到15%的前5只证券,000767,晋控电力
1,深股通专用,143575768.88,0.044975868994,87291991.95,0.027344678178,56283776.93,日涨幅偏离值达到7%的前5只证券,001896,豫能控股
2,国泰海通证券股份有限公司成都北一环路证券营业部,102269745.0,0.03203653854,202163.0,6.3328629e-05,102067582.0,日涨幅偏离值达到7%的前5只证券,001896,豫能控股
3,国泰海通证券股份有限公司北京知春路证券营业部,101767026.0,0.031879059155,2876638.0,0.000901122068,98890388.0,日涨幅偏离值达到7%的前5只证券,001896,豫能控股
4,国泰海通证券股份有限公司上海自贸试验区第二分公司,68784678.0,0.021547164195,13967266.0,0.004375319949,54817412.0,日涨幅偏离值达到7%的前5只证券,001896,豫能控股
5,开源证券股份有限公司西安高新成章路证券营业部,60066461.0,0.018816136608,0.0,0.0,60066461.0,日涨幅偏离值达到7%的前5只证券,001896,豫能控股
6,深股通专用,467985364.06,0.037281431083,450088576.57,0.035855707331,17896787.49,连续三个交易日内，涨幅偏离值累计达到20%的证券,001896,豫能控股
7,国泰海通证券股份有限公司北京知春路证券营业部,208015807.0,0.016571302371,102906795.9,0.008197932914,105109011.1,连续三个交易日内，涨幅偏离值累计达到20%的证券,001896,豫能控股
8,国泰海通证券股份有限公司上海自贸试验区第二分公司,170920911.24,0.013616186878,13967266.0,0.001112683654,156953645.24,连续三个交易日内，涨幅偏离值累计达到20%的证券,001896,豫能控股
9,机构专用,153189302.03,0.012203621833,70647868.92,0.005628068437,82541433.11,连续三个交易日内，涨幅偏离值累计达到20%的证券,001896,豫能控股
10,机构专用,146101263.98,0.011638962717,119061436.67,0.009484870867,27039827.31,连续三个交易日内，涨幅偏离值累计达到20%的证券,001896,豫能控股
1,深股通专用,143575768.88,0.044975868994,87291991.95,0.027344678178,56283776.93,日涨幅偏离值达到7%的前5只证券,001896,豫能控股
2,机构专用,58290057.83,0.01825966892,49505240.36,0.015507778383,8784817.47,日涨幅偏离值达到7%的前5只证券,001896,豫能控股
3,机构专用,16038070.0,0.005024010255,31382912.43,0.009830863307,-15344842.43,日涨幅偏离值达到7%的前5只证券,001896,豫能控股
4,机构专用,8465098.0,0.002651736722,31064425.0,0.009731095435,-22599327.0,日涨幅偏离值达到7%的前5只证券,001896,豫能控股
5,国信证券股份有限公司浙江互联网分公司,12512898.46,0.003919731625,30135286.2,0.009440037792,-17622387.74,日涨幅偏离值达到7%的前5只证券,001896,豫能控股
6,深股通专用,467985364.06,0.037281431083,450088576.57,0.035855707331,17896787.49,连续三个交易日内，涨幅偏离值累计达到20%的证券,001896,豫能控股
7,中国国际金融股份有限公司上海分公司,131363573.99,0.010464904261,121805226.94,0.009703451267,9558347.05,连续三个交易日内，涨幅偏离值累计达到20%的证券,001896,豫能控股
8,机构专用,146101263.98,0.011638962717,119061436.67,0.009484870867,27039827.31,连续三个交易日内，涨幅偏离值累计达到20%的证券,001896,豫能控股
9,国信证券股份有限公司浙江互联网分公司,87205478.06,0.006947108329,117308776.43,0.009345247522,-30103298.37,连续三个交易日内，涨幅偏离值累计达到20%的证券,001896,豫能控股
10,国泰海通证券股份有限公司北京知春路证券营业部,208015807.0,0.016571302371,102906795.9,0.008197932914,105109011.1,连续三个交易日内，涨幅偏离值累计达到20%的证券,001896,豫能控股
1,深股通专用,143575768.88,0.044975868994,87291991.95,0.027344678178,56283776.93,日涨幅偏离值达到7%的前5只证券,001896,豫能控股
2,国泰海通证券股份有限公司成都北一环路证券营业部,102269745.0,0.03203653854,202163.0,6.3328629e-05,102067582.0,日涨幅偏离值达到7%的前5只证券,001896,豫能控股
3,国泰海通证券股份有限公司北京知春路证券营业部,101767026.0,0.031879059155,2876638.0,0.000901122068,98890388.0,日涨幅偏离值达到7%的前5只证券,001896,豫能控股
4,国泰海通证券股份有限公司上海自贸试验区第二分公司,68784678.0,0.021547164195,13967266.0,0.004375319949,54817412.0,日涨幅偏离值达到7%的前5只证券,001896,豫能控股
5,开源证券股份有限公司西安高新成章路证券营业部,60066461.0,0.018816136608,0.0,0.0,60066461.0,日涨幅偏离值达到7%的前5只证券,001896,豫能控股
6,深股通专用,467985364.06,0.037281431083,450088576.57,0.035855707331,17896787.49,连续三个交易日内，涨幅偏离值累计达到20%的证券,001896,豫能控股
7,国泰海通证券股份有限公司北京知春路证券营业部,208015807.0,0.016571302371,102906795.9,0.008197932914,105109011.1,连续三个交易日内，涨幅偏离值累计达到20%的证券,001896,豫能控股
8,国泰海通证券股份有限公司上海自贸试验区第二分公司,170920911.24,0.013616186878,13967266.0,0.001112683654,156953645.24,连续三个交易日内，涨幅偏离值累计达到20%的证券,001896,豫能控股
9,机构专用,153189302.03,0.012203621833,70647868.92,0.005628068437,82541433.11,连续三个交易日内，涨幅偏离值累计达到20%的证券,001896,豫能控股
10,机构专用,146101263.98,0.011638962717,119061436.67,0.009484870867,27039827.31,连续三个交易日内，涨幅偏离值累计达到20%的证券,001896,豫能控股
1,深股通专用,143575768.88,0.044975868994,87291991.95,0.027344678178,56283776.93,日涨幅偏离值达到7%的前5只证券,001896,豫能控股
2,机构专用,58290057.83,0.01825966892,49505240.36,0.015507778383,8784817.47,日涨幅偏离值达到7%的前5只证券,001896,豫能控股
3,机构专用,16038070.0,0.005024010255,31382912.43,0.009830863307,-15344842.43,日涨幅偏离值达到7%的前5只证券,001896,豫能控股
4,机构专用,8465098.0,0.002651736722,31064425.0,0.009731095435,-22599327.0,日涨幅偏离值达到7%的前5只证券,001896,豫能控股
5,国信证券股份有限公司浙江互联网分公司,12512898.46,0.003919731625,30135286.2,0.009440037792,-17622387.74,日涨幅偏离值达到7%的前5只证券,001896,豫能控股
6,深股通专用,467985364.06,0.037281431083,450088576.57,0.035855707331,17896787.49,连续三个交易日内，涨幅偏离值累计达到20%的证券,001896,豫能控股
7,中国国际金融股份有限公司上海分公司,131363573.99,0.010464904261,121805226.94,0.009703451267,9558347.05,连续三个交易日内，涨幅偏离值累计达到20%的证券,001896,豫能控股
8,机构专用,146101263.98,0.011638962717,119061436.67,0.009484870867,27039827.31,连续三个交易日内，涨幅偏离值累计达到20%的证券,001896,豫能控股
9,国信证券股份有限公司浙江互联网分公司,87205478.06,0.006947108329,117308776.43,0.009345247522,-30103298.37,连续三个交易日内，涨幅偏离值累计达到20%的证券,001896,豫能控股
10,国泰海通证券股份有限公司北京知春路证券营业部,208015807.0,0.016571302371,102906795.9,0.008197932914,105109011.1,连续三个交易日内，涨幅偏离值累计达到20%的证券,001896,豫能控股
1,国泰海通证券股份有限公司武汉紫阳东路证券营业部,176085713.51,0.108730127203,176485.0,0.00010897668,175909228.51,日涨幅偏离值达到7%的前5只证券,002046,国机精工
2,深股通专用,133137620.07,0.082210362653,63848018.18,0.039425135634,69289601.89,日涨幅偏离值达到7%的前5只证券,002046,国机精工
3,开源证券股份有限公司西安太华路证券营业部,108153591.0,0.066783122108,0.0,0.0,108153591.0,日涨幅偏离值达到7%的前5只证券,002046,国机精工
4,机构专用,46774839.95,0.02888271965,21031530.0,0.012986635239,25743309.95,日涨幅偏离值达到7%的前5只证券,002046,国机精工
5,机构专用,37896476.0,0.023400471134,9233976.0,0.005701833301,28662500.0,日涨幅偏离值达到7%的前5只证券,002046,国机精工
1,深股通专用,133137620.07,0.082210362653,63848018.18,0.039425135634,69289601.89,日涨幅偏离值达到7%的前5只证券,002046,国机精工
2,机构专用,28677693.04,0.017708019293,28700413.6,0.017722048878,-22720.56,日涨幅偏离值达到7%的前5只证券,002046,国机精工
3,机构专用,46774839.95,0.02888271965,21031530.0,0.012986635239,25743309.95,日涨幅偏离值达到7%的前5只证券,002046,国机精工
4,招商证券股份有限公司深圳福华三路证券营业部,22484.0,1.3883512e-05,17737874.0,0.010952855049,-17715390.0,日涨幅偏离值达到7%的前5只证券,002046,国机精工
5,华鑫证券有限责任公司上海分公司,5171702.0,0.003193443722,17415047.0,0.010753514512,-12243345.0,日涨幅偏离值达到7%的前5只证券,002046,国机精工
1,国新证券股份有限公司北京分公司,53283825.0,0.071658522945,0.0,0.0,53283825.0,连续三个交易日内，涨幅偏离值累计达到20%的证券,002137,实益达
2,开源证券股份有限公司西安太华路证券营业部,51481057.95,0.069234079429,0.0,0.0,51481057.95,连续三个交易日内，涨幅偏离值累计达到20%的证券,002137,实益达
3,国新证券股份有限公司北京中关村大街证券营业部,22895828.0,0.03079135584,0.0,0.0,22895828.0,连续三个交易日内，涨幅偏离值累计达到20%的证券,002137,实益达
4,华鑫证券有限责任公司上海茅台路证券营业部,19916000.0,0.026783946966,105444.0,0.00014180591,19810556.0,连续三个交易日内，涨幅偏离值累计达到20%的证券,002137,实益达
5,深股通专用,17781846.0,0.023913839136,28284826.6,0.038038727436,-10502980.6,连续三个交易日内，涨幅偏离值累计达到20%的证券,002137,实益达
1,深股通专用,17781846.0,0.023913839136,28284826.6,0.038038727436,-10502980.6,连续三个交易日内，涨幅偏离值累计达到20%的证券,002137,实益达
2,金元证券股份有限公司宁波分公司,0.0,0.0,11759601.0,0.015814848842,-11759601.0,连续三个交易日内，涨幅偏离值累计达到20%的证券,002137,实益达
3,国泰海通证券股份有限公司韶关百旺路证券营业部,129874.0,0.00017466049,7884793.0,0.010603829963,-7754919.0,连续三个交易日内，涨幅偏离值累计达到20%的证券,002137,实益达
4,甬兴证券有限公司四川分公司,0.0,0.0,7274560.0,0.009783160737,-7274560.0,连续三个交易日内，涨幅偏离值累计达到20%的证券,002137,实益达
5,机构专用,9289235.0,0.012492587748,6705694.38,0.009018124254,2583540.62,连续三个交易日内，涨幅偏离值累计达到20%的证券,002137,实益达
1,深股通专用,1235988605.21,0.100617036769,407529601.17,0.033175403635,828459004.04,日涨幅偏离值达到7%的前5只证券,002156,通富微电
2,国泰海通证券股份有限公司上海松江区中山东路证券营业部,324907644.0,0.026449470671,250184.0,2.0366509e-05,324657460.0,日涨幅偏离值达到7%的前5只证券,002156,通富微电
3,国泰海通证券股份有限公司成都北一环路证券营业部,205405253.0,0.016721244683,3351312.0,0.000272817307,202053941.0,日涨幅偏离值达到7%的前5只证券,002156,通富微电
4,机构专用,205402058.94,0.016720984667,106159009.83,0.008641993098,99243049.11,日涨幅偏离值达到7%的前5只证券,002156,通富微电
5,机构专用,192712950.14,0.015688013553,56599498.28,0.004607545551,136113451.86,日涨幅偏离值达到7%的前5只证券,002156,通富微电
1,深股通专用,1235988605.21,0.100617036769,407529601.17,0.033175403635,828459004.04,日涨幅偏离值达到7%的前5只证券,002156,通富微电
2,东方财富证券股份有限公司拉萨东环路第一证券营业部,21814837.0,0.00177586124,113340986.79,0.009226649977,-91526149.79,日涨幅偏离值达到7%的前5只证券,002156,通富微电
3,机构专用,132874741.49,0.010816817157,107977940.07,0.008790065151,24896801.42,日涨幅偏离值达到7%的前5只证券,002156,通富微电
4,机构专用,205402058.94,0.016720984667,106159009.83,0.008641993098,99243049.11,日涨幅偏离值达到7%的前5只证券,002156,通富微电
5,中国国际金融股份有限公司上海分公司,190718566.86,0.015525658549,92200700.22,0.00750570127,98517866.64,日涨幅偏离值达到7%的前5只证券,002156,通富微电
1,开源证券股份有限公司西安太华路证券营业部,104606568.0,0.092794616626,0.0,0.0,104606568.0,日涨幅偏离值达到7%的前5只证券,002167,东方锆业
2,深股通专用,93470915.84,0.082916378646,33434218.0,0.02965889715,60036697.84,日涨幅偏离值达到7%的前5只证券,002167,东方锆业
3,华鑫证券有限责任公司上海莲花路证券营业部,34999953.0,0.031047832681,43610.0,3.8685651e-05,34956343.0,日涨幅偏离值达到7%的前5只证券,002167,东方锆业
4,国泰海通证券股份有限公司深圳福田中心区华融大厦证券营业部,20301308.0,0.01800892744,101545.0,9.0078754e-05,20199763.0,日涨幅偏离值达到7%的前5只证券,002167,东方锆业
5,机构专用,19564389.0,0.017355219768,15656108.0,0.013888253553,3908281.0,日涨幅偏离值达到7%的前5只证券,002167,东方锆业
1,申万宏源证券有限公司天津七纬路证券营业部,140065.0,0.000124249158,36558195.51,0.032430121758,-36418130.51,日涨幅偏离值达到7%的前5只证券,002167,东方锆业
2,深股通专用,93470915.84,0.082916378646,33434218.0,0.02965889715,60036697.84,日涨幅偏离值达到7%的前5只证券,002167,东方锆业
3,机构专用,19564389.0,0.017355219768,15656108.0,0.013888253553,3908281.0,日涨幅偏离值达到7%的前5只证券,002167,东方锆业
4,机构专用,17658004.23,0.015664099915,14203588.42,0.012599749398,3454415.81,日涨幅偏离值达到7%的前5只证券,002167,东方锆业
5,机构专用,9073972.0,0.008049358364,11576893.5,0.010269655286,-2502921.5,日涨幅偏离值达到7%的前5只证券,002167,东方锆业
1,深股通专用,50022346.0,0.018597411853,85340360.0,0.031728016567,-35318014.0,日振幅值达到15%的前5只证券,002181,粤传媒
2,国信证券股份有限公司浙江互联网分公司,43636339.41,0.016223209039,42332550.07,0.015738483526,1303789.34,日振幅值达到15%的前5只证券,002181,粤传媒
3,东方财富证券股份有限公司拉萨金融城南环路证券营业部,36311555.0,0.013499985454,26288189.0,0.009773477592,10023366.0,日振幅值达到15%的前5只证券,002181,粤传媒
4,平安证券股份有限公司深圳深南东路罗湖商务中心证券营业部,35575622.47,0.013226378927,5781469.0,0.002149446572,29794153.47,日振幅值达到15%的前5只证券,002181,粤传媒
5,东方财富证券股份有限公司拉萨东环路第二证券营业部,26442643.92,0.009830901163,27902398.55,0.010373611776,-1459754.63,日振幅值达到15%的前5只证券,002181,粤传媒
1,深股通专用,50022346.0,0.018597411853,85340360.0,0.031728016567,-35318014.0,日振幅值达到15%的前5只证券,002181,粤传媒
2,中国中金财富证券有限公司深圳宝安中心路证券营业部,359029.0,0.000133480548,46244116.6,0.017192733867,-45885087.6,日振幅值达到15%的前5只证券,002181,粤传媒
3,国信证券股份有限公司浙江互联网分公司,43636339.41,0.016223209039,42332550.07,0.015738483526,1303789.34,日振幅值达到15%的前5只证券,002181,粤传媒
4,东方财富证券股份有限公司拉萨东环路第二证券营业部,26442643.92,0.009830901163,27902398.55,0.010373611776,-1459754.63,日振幅值达到15%的前5只证券,002181,粤传媒
5,中信证券股份有限公司浙江分公司,18720278.0,0.006959863897,27873763.0,0.010362965592,-9153485.0,日振幅值达到15%的前5只证券,002181,粤传媒
1,深股通专用,240230686.53,0.063967624303,129870623.28,0.034581407388,110360063.25,日换手率达到20%的前5只证券,002421,达实智能
2,机构专用,104820984.0,0.027911294017,52456969.54,0.013968022854,52364014.46,日换手率达到20%的前5只证券,002421,达实智能
3,机构专用,75527435.72,0.020111130274,52711560.6,0.014035814298,22815875.12,日换手率达到20%的前5只证券,002421,达实智能
4,东莞证券股份有限公司南京分公司,70120661.56,0.018671437023,3246880.0,0.000864565651,66873781.56,日换手率达到20%的前5只证券,002421,达实智能
5,机构专用,67428796.45,0.017954658419,45645805.32,0.01215437448,21782991.13,日换手率达到20%的前5只证券,002421,达实智能
1,深股通专用,240230686.53,0.063967624303,129870623.28,0.034581407388,110360063.25,日换手率达到20%的前5只证券,002421,达实智能
2,国泰海通证券股份有限公司上海自贸试验区第二分公司,0.0,0.0,79888342.59,0.02127233435,-79888342.59,日换手率达到20%的前5只证券,002421,达实智能
3,机构专用,75527435.72,0.020111130274,52711560.6,0.014035814298,22815875.12,日换手率达到20%的前5只证券,002421,达实智能
4,机构专用,104820984.0,0.027911294017,52456969.54,0.013968022854,52364014.46,日换手率达到20%的前5只证券,002421,达实智能
5,国泰海通证券股份有限公司上海松江区中山东路证券营业部,314817.0,8.3828156e-05,45885956.84,0.012218321024,-45571139.84,日换手率达到20%的前5只证券,002421,达实智能
1,中信建投证券股份有限公司上海营口路证券营业部,5334243.18,0.062476021996,2137644.0,0.025036633887,3196599.18,连续三个交易日内，涨幅偏离值累计达到12%的ST证券、*ST证券和未完成股改证券,002528,*ST英飞
2,机构专用,4152409.14,0.048634079102,2279866.0,0.026702374368,1872543.14,连续三个交易日内，涨幅偏离值累计达到12%的ST证券、*ST证券和未完成股改证券,002528,*ST英飞
3,国信证券股份有限公司深圳泰然九路证券营业部,3369113.0,0.039459914142,302138.0,0.003538717621,3066975.0,连续三个交易日内，涨幅偏离值累计达到12%的ST证券、*ST证券和未完成股改证券,002528,*ST英飞
4,机构专用,2619170.0,0.030676389698,954190.0,0.011175717607,1664980.0,连续三个交易日内，涨幅偏离值累计达到12%的ST证券、*ST证券和未完成股改证券,002528,*ST英飞
5,华泰证券股份有限公司杭州学院路证券营业部,2376960.0,0.027839564158,0.0,0.0,2376960.0,连续三个交易日内，涨幅偏离值累计达到12%的ST证券、*ST证券和未完成股改证券,002528,*ST英飞
1,机构专用,4152409.14,0.048634079102,2279866.0,0.026702374368,1872543.14,连续三个交易日内，涨幅偏离值累计达到12%的ST证券、*ST证券和未完成股改证券,002528,*ST英飞
2,中信建投证券股份有限公司上海营口路证券营业部,5334243.18,0.062476021996,2137644.0,0.025036633887,3196599.18,连续三个交易日内，涨幅偏离值累计达到12%的ST证券、*ST证券和未完成股改证券,002528,*ST英飞
3,招商证券股份有限公司北京车公庄西路证券营业部,0.0,0.0,1868865.0,0.021888625416,-1868865.0,连续三个交易日内，涨幅偏离值累计达到12%的ST证券、*ST证券和未完成股改证券,002528,*ST英飞
4,中国银河证券股份有限公司杭州东宁路证券营业部,0.0,0.0,1828599.0,0.021417019714,-1828599.0,连续三个交易日内，涨幅偏离值累计达到12%的ST证券、*ST证券和未完成股改证券,002528,*ST英飞
5,中邮证券有限责任公司重庆分公司,0.0,0.0,1655312.0,0.019387437999,-1655312.0,连续三个交易日内，涨幅偏离值累计达到12%的ST证券、*ST证券和未完成股改证券,002528,*ST英飞
1,国信证券股份有限公司浙江互联网分公司,68777952.12,0.012516600717,33686069.37,0.006130381424,35091882.75,日振幅值达到15%的前5只证券,002579,中京电子
2,深股通专用,67809938.8,0.012340436178,107945766.4,0.019644581083,-40135827.6,日振幅值达到15%的前5只证券,002579,中京电子
3,东方财富证券股份有限公司拉萨金融城南环路证券营业部,67637577.83,0.012309068954,38534193.56,0.007012670483,29103384.27,日振幅值达到15%的前5只证券,002579,中京电子
4,东方财富证券股份有限公司山南香曲东路证券营业部,57555626.19,0.010474298374,34333815.84,0.00624826199,23221810.35,日振幅值达到15%的前5只证券,002579,中京电子
5,东方财富证券股份有限公司昌都两江大道证券营业部,57197805.81,0.010409180197,28566517.0,0.005198696328,28631288.81,日振幅值达到15%的前5只证券,002579,中京电子
6,国信证券股份有限公司浙江互联网分公司,68777952.12,0.012516600717,33686069.37,0.006130381424,35091882.75,日换手率达到20%的前5只证券,002579,中京电子
7,深股通专用,67809938.8,0.012340436178,107945766.4,0.019644581083,-40135827.6,日换手率达到20%的前5只证券,002579,中京电子
8,东方财富证券股份有限公司拉萨金融城南环路证券营业部,67637577.83,0.012309068954,38534193.56,0.007012670483,29103384.27,日换手率达到20%的前5只证券,002579,中京电子
9,东方财富证券股份有限公司山南香曲东路证券营业部,57555626.19,0.010474298374,34333815.84,0.00624826199,23221810.35,日换手率达到20%的前5只证券,002579,中京电子
10,东方财富证券股份有限公司昌都两江大道证券营业部,57197805.81,0.010409180197,28566517.0,0.005198696328,28631288.81,日换手率达到20%的前5只证券,002579,中京电子
1,深股通专用,67809938.8,0.012340436178,107945766.4,0.019644581083,-40135827.6,日振幅值达到15%的前5只证券,002579,中京电子
2,招商证券股份有限公司深圳益田路免税商务大厦证券营业部,6898813.0,0.001255485008,60666047.2,0.011040350381,-53767234.2,日振幅值达到15%的前5只证券,002579,中京电子
3,机构专用,46447915.0,0.008452854269,59476023.0,0.010823783046,-13028108.0,日振幅值达到15%的前5只证券,002579,中京电子
4,华泰证券股份有限公司北京月坛南街证券营业部,7380084.0,0.001343069426,54196795.02,0.009863039281,-46816711.02,日振幅值达到15%的前5只证券,002579,中京电子
5,国新证券股份有限公司北京分公司,586836.0,0.000106795734,51850548.0,0.009436055978,-51263712.0,日振幅值达到15%的前5只证券,002579,中京电子
6,深股通专用,67809938.8,0.012340436178,107945766.4,0.019644581083,-40135827.6,日换手率达到20%的前5只证券,002579,中京电子
7,招商证券股份有限公司深圳益田路免税商务大厦证券营业部,6898813.0,0.001255485008,60666047.2,0.011040350381,-53767234.2,日换手率达到20%的前5只证券,002579,中京电子
8,机构专用,46447915.0,0.008452854269,59476023.0,0.010823783046,-13028108.0,日换手率达到20%的前5只证券,002579,中京电子
9,华泰证券股份有限公司北京月坛南街证券营业部,7380084.0,0.001343069426,54196795.02,0.009863039281,-46816711.02,日换手率达到20%的前5只证券,002579,中京电子
10,国新证券股份有限公司北京分公司,586836.0,0.000106795734,51850548.0,0.009436055978,-51263712.0,日换手率达到20%的前5只证券,002579,中京电子
1,国信证券股份有限公司浙江互联网分公司,68777952.12,0.012516600717,33686069.37,0.006130381424,35091882.75,日振幅值达到15%的前5只证券,002579,中京电子
2,深股通专用,67809938.8,0.012340436178,107945766.4,0.019644581083,-40135827.6,日振幅值达到15%的前5只证券,002579,中京电子
3,东方财富证券股份有限公司拉萨金融城南环路证券营业部,67637577.83,0.012309068954,38534193.56,0.007012670483,29103384.27,日振幅值达到15%的前5只证券,002579,中京电子
4,东方财富证券股份有限公司山南香曲东路证券营业部,57555626.19,0.010474298374,34333815.84,0.00624826199,23221810.35,日振幅值达到15%的前5只证券,002579,中京电子
5,东方财富证券股份有限公司昌都两江大道证券营业部,57197805.81,0.010409180197,28566517.0,0.005198696328,28631288.81,日振幅值达到15%的前5只证券,002579,中京电子
6,国信证券股份有限公司浙江互联网分公司,68777952.12,0.012516600717,33686069.37,0.006130381424,35091882.75,日换手率达到20%的前5只证券,002579,中京电子
7,深股通专用,67809938.8,0.012340436178,107945766.4,0.019644581083,-40135827.6,日换手率达到20%的前5只证券,002579,中京电子
8,东方财富证券股份有限公司拉萨金融城南环路证券营业部,67637577.83,0.012309068954,38534193.56,0.007012670483,29103384.27,日换手率达到20%的前5只证券,002579,中京电子
9,东方财富证券股份有限公司山南香曲东路证券营业部,57555626.19,0.010474298374,34333815.84,0.00624826199,23221810.35,日换手率达到20%的前5只证券,002579,中京电子
10,东方财富证券股份有限公司昌都两江大道证券营业部,57197805.81,0.010409180197,28566517.0,0.005198696328,28631288.81,日换手率达到20%的前5只证券,002579,中京电子
1,深股通专用,67809938.8,0.012340436178,107945766.4,0.019644581083,-40135827.6,日振幅值达到15%的前5只证券,002579,中京电子
2,招商证券股份有限公司深圳益田路免税商务大厦证券营业部,6898813.0,0.001255485008,60666047.2,0.011040350381,-53767234.2,日振幅值达到15%的前5只证券,002579,中京电子
3,机构专用,46447915.0,0.008452854269,59476023.0,0.010823783046,-13028108.0,日振幅值达到15%的前5只证券,002579,中京电子
4,华泰证券股份有限公司北京月坛南街证券营业部,7380084.0,0.001343069426,54196795.02,0.009863039281,-46816711.02,日振幅值达到15%的前5只证券,002579,中京电子
5,国新证券股份有限公司北京分公司,586836.0,0.000106795734,51850548.0,0.009436055978,-51263712.0,日振幅值达到15%的前5只证券,002579,中京电子
6,深股通专用,67809938.8,0.012340436178,107945766.4,0.019644581083,-40135827.6,日换手率达到20%的前5只证券,002579,中京电子
7,招商证券股份有限公司深圳益田路免税商务大厦证券营业部,6898813.0,0.001255485008,60666047.2,0.011040350381,-53767234.2,日换手率达到20%的前5只证券,002579,中京电子
8,机构专用,46447915.0,0.008452854269,59476023.0,0.010823783046,-13028108.0,日换手率达到20%的前5只证券,002579,中京电子
9,华泰证券股份有限公司北京月坛南街证券营业部,7380084.0,0.001343069426,54196795.02,0.009863039281,-46816711.02,日换手率达到20%的前5只证券,002579,中京电子
10,国新证券股份有限公司北京分公司,586836.0,0.000106795734,51850548.0,0.009436055978,-51263712.0,日换手率达到20%的前5只证券,002579,中京电子
1,广发证券股份有限公司南京泰山路证券营业部,13688388.0,0.012881810589,1456723.0,0.001370886752,12231665.0,日跌幅偏离值达到7%的前5只证券,002606,大连电瓷
2,中银国际证券股份有限公司大连分公司,9617668.0,0.009050954538,84732.0,7.9739234e-05,9532936.0,日跌幅偏离值达到7%的前5只证券,002606,大连电瓷
3,机构专用,7861715.0,0.007398469676,1120165.9,0.001054161012,6741549.1,日跌幅偏离值达到7%的前5只证券,002606,大连电瓷
4,国信证券股份有限公司浙江互联网分公司,7395332.0,0.006959567925,4905093.9,0.00461606513,2490238.1,日跌幅偏离值达到7%的前5只证券,002606,大连电瓷
5,东方财富证券股份有限公司拉萨团结路第一证券营业部,6939409.0,0.006530509826,8842713.0,0.008321663147,-1903304.0,日跌幅偏离值达到7%的前5只证券,002606,大连电瓷
1,机构专用,0.0,0.0,9049884.18,0.008516626929,-9049884.18,日跌幅偏离值达到7%的前5只证券,002606,大连电瓷
2,东方财富证券股份有限公司拉萨团结路第一证券营业部,6939409.0,0.006530509826,8842713.0,0.008321663147,-1903304.0,日跌幅偏离值达到7%的前5只证券,002606,大连电瓷
3,国信证券股份有限公司上海分公司,942321.0,0.000886795482,8043033.0,0.007569103657,-7100712.0,日跌幅偏离值达到7%的前5只证券,002606,大连电瓷
4,东方财富证券股份有限公司拉萨东环路第一证券营业部,5657269.0,0.005323918909,8040014.0,0.007566262549,-2382745.0,日跌幅偏离值达到7%的前5只证券,002606,大连电瓷
5,东方财富证券股份有限公司山南香曲东路证券营业部,6784784.0,0.006384995981,7837639.0,0.007375812335,-1052855.0,日跌幅偏离值达到7%的前5只证券,002606,大连电瓷
1,浙商证券股份有限公司杭州五星路证券营业部,19075348.57,0.026143502761,0.0,0.0,19075348.57,连续三个交易日内，涨幅偏离值累计达到12%的ST证券、*ST证券和未完成股改证券,002667,*ST威领
2,金融街证券股份有限公司沈阳奉天街证券营业部,11871501.0,0.01627035113,12097590.2,0.016580215121,-226089.2,连续三个交易日内，涨幅偏离值累计达到12%的ST证券、*ST证券和未完成股改证券,002667,*ST威领
3,国投证券股份有限公司上海虹桥路证券营业部,11100793.76,0.015214067059,13690988.0,0.018764028414,-2590194.24,连续三个交易日内，涨幅偏离值累计达到12%的ST证券、*ST证券和未完成股改证券,002667,*ST威领
4,机构专用,11074115.0,0.015177502787,3325713.0,0.004558018255,7748402.0,连续三个交易日内，涨幅偏离值累计达到12%的ST证券、*ST证券和未完成股改证券,002667,*ST威领
5,东亚前海证券有限责任公司上海分公司,10300096.0,0.01411667982,4314497.0,0.005913184958,5985599.0,连续三个交易日内，涨幅偏离值累计达到12%的ST证券、*ST证券和未完成股改证券,002667,*ST威领
1,长城证券股份有限公司温州车站大道证券营业部,1944.0,2.664327e-06,15188253.0,0.020816087988,-15186309.0,连续三个交易日内，涨幅偏离值累计达到12%的ST证券、*ST证券和未完成股改证券,002667,*ST威领
2,国投证券股份有限公司上海虹桥路证券营业部,11100793.76,0.015214067059,13690988.0,0.018764028414,-2590194.24,连续三个交易日内，涨幅偏离值累计达到12%的ST证券、*ST证券和未完成股改证券,002667,*ST威领
3,招商证券股份有限公司深圳南山南油大道证券营业部,1831349.0,0.002509934613,12112323.0,0.016600406993,-10280974.0,连续三个交易日内，涨幅偏离值累计达到12%的ST证券、*ST证券和未完成股改证券,002667,*ST威领
4,金融街证券股份有限公司沈阳奉天街证券营业部,11871501.0,0.01627035113,12097590.2,0.016580215121,-226089.2,连续三个交易日内，涨幅偏离值累计达到12%的ST证券、*ST证券和未完成股改证券,002667,*ST威领
5,东方财富证券股份有限公司拉萨东环路第一证券营业部,7574883.0,0.010381670033,12056426.0,0.016523797993,-4481543.0,连续三个交易日内，涨幅偏离值累计达到12%的ST证券、*ST证券和未完成股改证券,002667,*ST威领
1,深股通专用,12923091.56,0.023779094014,9250119.0,0.017020652397,3672972.56,日跌幅偏离值达到7%的前5只证券,002681,奋达科技
2,机构专用,8237442.0,0.015157279266,2073203.0,0.003814790665,6164239.0,日跌幅偏离值达到7%的前5只证券,002681,奋达科技
3,机构专用,7716298.0,0.014198349886,3676585.61,0.006765089798,4039712.39,日跌幅偏离值达到7%的前5只证券,002681,奋达科技
4,机构专用,7406167.02,0.013627694351,5914130.0,0.010882276321,1492037.02,日跌幅偏离值达到7%的前5只证券,002681,奋达科技
5,开源证券股份有限公司吉林分公司,4772108.0,0.008780902329,0.0,0.0,4772108.0,日跌幅偏离值达到7%的前5只证券,002681,奋达科技
1,方正证券股份有限公司新乡平原路证券营业部,189973.0,0.000349559222,25520768.0,0.046959408958,-25330795.0,日跌幅偏离值达到7%的前5只证券,002681,奋达科技
2,长江证券股份有限公司荆州北京西路证券营业部,64550.0,0.000118775025,14872857.16,0.027366754079,-14808307.16,日跌幅偏离值达到7%的前5只证券,002681,奋达科技
3,招商证券股份有限公司北京北三环东路证券营业部,40104.0,7.3793239e-05,13460146.0,0.024767299348,-13420042.0,日跌幅偏离值达到7%的前5只证券,002681,奋达科技
4,深股通专用,12923091.56,0.023779094014,9250119.0,0.017020652397,3672972.56,日跌幅偏离值达到7%的前5只证券,002681,奋达科技
5,中国中金财富证券有限公司上海浦东新区民生路证券营业部,82180.0,0.000151215051,6116253.78,0.011254193547,-6034073.78,日跌幅偏离值达到7%的前5只证券,002681,奋达科技
1,平安证券股份有限公司深圳深南大道证券营业部,28114059.0,0.024806536378,1340493.0,0.001182788596,26773566.0,日换手率达到20%的前5只证券,002806,华锋股份
2,中银国际证券股份有限公司深圳中心四路证券营业部,22411879.0,0.019775198299,281637.0,0.000248503373,22130242.0,日换手率达到20%的前5只证券,002806,华锋股份
3,机构专用,21169571.14,0.018679043698,25491457.28,0.022492474756,-4321886.14,日换手率达到20%的前5只证券,002806,华锋股份
4,机构专用,17228654.48,0.015201762368,16733750.86,0.014765082461,494903.62,日换手率达到20%的前5只证券,002806,华锋股份
5,机构专用,16224868.24,0.014316068136,33884133.84,0.029897781702,-17659265.6,日换手率达到20%的前5只证券,002806,华锋股份
1,机构专用,16224868.24,0.014316068136,33884133.84,0.029897781702,-17659265.6,日换手率达到20%的前5只证券,002806,华锋股份
2,机构专用,16061731.76,0.014172124104,30455578.0,0.026872583698,-14393846.24,日换手率达到20%的前5只证券,002806,华锋股份
3,机构专用,21169571.14,0.018679043698,25491457.28,0.022492474756,-4321886.14,日换手率达到20%的前5只证券,002806,华锋股份
4,广发证券股份有限公司上海漕溪北路证券营业部,213754.0,0.000188606575,19620424.86,0.017312149165,-19406670.86,日换手率达到20%的前5只证券,002806,华锋股份
5,中国国际金融股份有限公司上海分公司,9711402.0,0.008568888861,16809565.0,0.014831977328,-7098163.0,日换手率达到20%的前5只证券,002806,华锋股份
1,深股通专用,1850248354.99,0.086195260898,1544474007.61,0.071950524737,305774347.38,连续三个交易日内，涨幅偏离值累计达到20%的证券,002851,麦格米特
2,机构专用,417753820.71,0.019461387154,430507901.83,0.020055545958,-12754081.12,连续三个交易日内，涨幅偏离值累计达到20%的证券,002851,麦格米特
3,机构专用,357918924.68,0.016673931913,360112945.12,0.016776142064,-2194020.44,连续三个交易日内，涨幅偏离值累计达到20%的证券,002851,麦格米特
4,国泰海通证券股份有限公司上海松江区中山东路证券营业部,339386671.0,0.015810592439,349644760.18,0.016288473514,-10258089.18,连续三个交易日内，涨幅偏离值累计达到20%的证券,002851,麦格米特
5,机构专用,301453441.2,0.01404344338,258937220.62,0.012062792126,42516220.58,连续三个交易日内，涨幅偏离值累计达到20%的证券,002851,麦格米特
1,深股通专用,1850248354.99,0.086195260898,1544474007.61,0.071950524737,305774347.38,连续三个交易日内，涨幅偏离值累计达到20%的证券,002851,麦格米特
2,机构专用,417753820.71,0.019461387154,430507901.83,0.020055545958,-12754081.12,连续三个交易日内，涨幅偏离值累计达到20%的证券,002851,麦格米特
3,机构专用,357918924.68,0.016673931913,360112945.12,0.016776142064,-2194020.44,连续三个交易日内，涨幅偏离值累计达到20%的证券,002851,麦格米特
4,国泰海通证券股份有限公司上海松江区中山东路证券营业部,339386671.0,0.015810592439,349644760.18,0.016288473514,-10258089.18,连续三个交易日内，涨幅偏离值累计达到20%的证券,002851,麦格米特
5,中国国际金融股份有限公司上海分公司,286523733.9,0.013347931336,269188240.77,0.012540343885,17335493.13,连续三个交易日内，涨幅偏离值累计达到20%的证券,002851,麦格米特
1,机构专用,75520296.92,0.026576959229,0.0,0.0,75520296.92,日振幅值达到15%的前5只证券,002859,洁美科技
2,机构专用,52404286.05,0.018442016658,39907525.54,0.014044180472,12496760.51,日振幅值达到15%的前5只证券,002859,洁美科技
3,机构专用,45803072.0,0.016118929967,0.0,0.0,45803072.0,日振幅值达到15%的前5只证券,002859,洁美科技
4,五矿证券有限公司杭州中山北路证券营业部,38009925.29,0.013376380601,0.0,0.0,38009925.29,日振幅值达到15%的前5只证券,002859,洁美科技
5,招商证券股份有限公司深圳益田路免税商务大厦证券营业部,37398290.84,0.013161135369,11943136.0,0.004203005702,25455154.84,日振幅值达到15%的前5只证券,002859,洁美科技
1,中国国际金融股份有限公司上海分公司,35402950.81,0.012458939102,123303293.3,0.043392660417,-87900342.49,日振幅值达到15%的前5只证券,002859,洁美科技
2,深股通专用,34001997.96,0.01196591844,95405617.44,0.033574963398,-61403619.48,日振幅值达到15%的前5只证券,002859,洁美科技
3,机构专用,0.0,0.0,59039692.15,0.02077713615,-59039692.15,日振幅值达到15%的前5只证券,002859,洁美科技
4,国泰海通证券股份有限公司杭州延安路证券营业部,2745302.0,0.000966121457,51551300.39,0.018141835567,-48805998.39,日振幅值达到15%的前5只证券,002859,洁美科技
5,机构专用,0.0,0.0,40504439.82,0.014254245409,-40504439.82,日振幅值达到15%的前5只证券,002859,洁美科技
1,机构专用,48259592.52,0.050630906892,12814059.0,0.013443698843,35445533.52,日换手率达到20%的前5只证券,002995,天地在线
2,机构专用,33719310.0,0.0353761637,1825930.0,0.001915650071,31893380.0,日换手率达到20%的前5只证券,002995,天地在线
3,机构专用,33558672.0,0.035207632488,19024102.0,0.019958882509,14534570.0,日换手率达到20%的前5只证券,002995,天地在线
4,机构专用,23542239.0,0.024699025595,8690072.0,0.009117072966,14852167.0,日换手率达到20%的前5只证券,002995,天地在线
5,机构专用,20490530.0,0.021497365859,26157376.0,0.027442661648,-5666846.0,日换手率达到20%的前5只证券,002995,天地在线
1,机构专用,20490530.0,0.021497365859,26157376.0,0.027442661648,-5666846.0,日换手率达到20%的前5只证券,002995,天地在线
2,机构专用,33558672.0,0.035207632488,19024102.0,0.019958882509,14534570.0,日换手率达到20%的前5只证券,002995,天地在线
3,机构专用,48259592.52,0.050630906892,12814059.0,0.013443698843,35445533.52,日换手率达到20%的前5只证券,002995,天地在线
4,东方财富证券股份有限公司拉萨团结路第一证券营业部,4143922.0,0.004347540416,10988133.0,0.011528052969,-6844211.0,日换手率达到20%的前5只证券,002995,天地在线
5,东方财富证券股份有限公司拉萨金融城南环路证券营业部,4896809.0,0.005137421756,9900029.0,0.010386483191,-5003220.0,日换手率达到20%的前5只证券,002995,天地在线
1,上海证券有限责任公司乐清虹桥飞虹南路证券营业部,5165020.0,0.036113048436,134060.0,0.000937327498,5030960.0,日跌幅偏离值达到7%的前5只证券,003004,声迅股份
2,中国中金财富证券有限公司深圳分公司,4030782.0,0.028182625741,0.0,0.0,4030782.0,日跌幅偏离值达到7%的前5只证券,003004,声迅股份
3,东方财富证券股份有限公司山南香曲东路证券营业部,2512625.0,0.017567898736,866459.0,0.006058151921,1646166.0,日跌幅偏离值达到7%的前5只证券,003004,声迅股份
4,兴业证券股份有限公司龙岩人民西路证券营业部,2009398.0,0.014049410709,0.0,0.0,2009398.0,日跌幅偏离值达到7%的前5只证券,003004,声迅股份
5,东北证券股份有限公司四川第二分公司,1896006.0,0.013256590781,0.0,0.0,1896006.0,日跌幅偏离值达到7%的前5只证券,003004,声迅股份
1,国金证券股份有限公司上海互联网证券分公司,26634.0,0.00018622095,7336900.0,0.051298509023,-7310266.0,日跌幅偏离值达到7%的前5只证券,003004,声迅股份
2,机构专用,1690764.0,0.01182156937,7185308.0,0.050238600399,-5494544.0,日跌幅偏离值达到7%的前5只证券,003004,声迅股份
3,机构专用,1392482.0,0.009736026175,6034809.0,0.04219448322,-4642327.0,日跌幅偏离值达到7%的前5只证券,003004,声迅股份
4,华鑫证券有限责任公司上海世纪大道证券营业部,64490.0,0.000450904448,4649211.0,0.032506588945,-4584721.0,日跌幅偏离值达到7%的前5只证券,003004,声迅股份
5,国泰海通证券股份有限公司济南泉城路证券营业部,0.0,0.0,3095520.0,0.021643413519,-3095520.0,日跌幅偏离值达到7%的前5只证券,003004,声迅股份
1,机构专用,105365153.0,0.035062823449,87257521.0,0.029037067439,18107632.0,连续三个交易日内，跌幅偏离值累计达到20%的证券,003018,金富科技
2,机构专用,89895321.0,0.029914859698,73070840.22,0.02431610354,16824480.78,连续三个交易日内，跌幅偏离值累计达到20%的证券,003018,金富科技
3,机构专用,87356469.0,0.029069994798,107923927.0,0.03591431788,-20567458.0,连续三个交易日内，跌幅偏离值累计达到20%的证券,003018,金富科技
4,机构专用,74320224.0,0.024731866453,61248358.22,0.020381884424,13071865.78,连续三个交易日内，跌幅偏离值累计达到20%的证券,003018,金富科技
5,东吴证券股份有限公司苏州石路证券营业部,61848608.0,0.020581632172,315586697.0,0.105019167387,-253738089.0,连续三个交易日内，跌幅偏离值累计达到20%的证券,003018,金富科技
1,东吴证券股份有限公司苏州石路证券营业部,61848608.0,0.020581632172,315586697.0,0.105019167387,-253738089.0,连续三个交易日内，跌幅偏离值累计达到20%的证券,003018,金富科技
2,机构专用,87356469.0,0.029069994798,107923927.0,0.03591431788,-20567458.0,连续三个交易日内，跌幅偏离值累计达到20%的证券,003018,金富科技
3,机构专用,105365153.0,0.035062823449,87257521.0,0.029037067439,18107632.0,连续三个交易日内，跌幅偏离值累计达到20%的证券,003018,金富科技
4,方正证券股份有限公司慈溪人和路证券营业部,0.0,0.0,74950476.0,0.024941598171,-74950476.0,连续三个交易日内，跌幅偏离值累计达到20%的证券,003018,金富科技
5,机构专用,89895321.0,0.029914859698,73070840.22,0.02431610354,16824480.78,连续三个交易日内，跌幅偏离值累计达到20%的证券,003018,金富科技
1,中国国际金融股份有限公司上海分公司,10054414.0,0.064873978356,2137728.38,0.01379323993,7916685.62,日跌幅偏离值达到7%的前5只证券,003030,祖名股份
2,机构专用,8016097.0,0.051722169316,9873494.0,0.063706630347,-1857397.0,日跌幅偏离值达到7%的前5只证券,003030,祖名股份
3,机构专用,7933910.0,0.051191875093,8875746.0,0.057268872547,-941836.0,日跌幅偏离值达到7%的前5只证券,003030,祖名股份
4,机构专用,6546804.38,0.042241869655,4439882.0,0.028647398921,2106922.38,日跌幅偏离值达到7%的前5只证券,003030,祖名股份
5,机构专用,4926827.0,0.031789308473,3096267.0,0.019978007504,1830560.0,日跌幅偏离值达到7%的前5只证券,003030,祖名股份
1,机构专用,8016097.0,0.051722169316,9873494.0,0.063706630347,-1857397.0,日跌幅偏离值达到7%的前5只证券,003030,祖名股份
2,机构专用,343786.0,0.002218206404,9455574.0,0.061010089998,-9111788.0,日跌幅偏离值达到7%的前5只证券,003030,祖名股份
3,机构专用,7933910.0,0.051191875093,8875746.0,0.057268872547,-941836.0,日跌幅偏离值达到7%的前5只证券,003030,祖名股份
4,长江证券股份有限公司上海分公司,143556.0,0.000926264707,6336410.14,0.040884345351,-6192854.14,日跌幅偏离值达到7%的前5只证券,003030,祖名股份
5,华鑫证券有限责任公司绍兴胜利东路证券营业部,0.0,0.0,6024905.0,0.038874424364,-6024905.0,日跌幅偏离值达到7%的前5只证券,003030,祖名股份
1,华鑫证券有限责任公司上海分公司,269624620.0,0.064430926188,,,269624620.0,"非上市首日,当日收盘价涨幅达15%的前五只可转债",118033,华特转债
2,华鑫证券有限责任公司上海陆家嘴证券营业部,235471200.0,0.056269444188,,,235471200.0,"非上市首日,当日收盘价涨幅达15%的前五只可转债",118033,华特转债
3,国泰海通证券股份有限公司成都双庆路证券营业部,206921590.0,0.049447078283,,,206921590.0,"非上市首日,当日收盘价涨幅达15%的前五只可转债",118033,华特转债
4,华宝证券股份有限公司上海东大名路证券营业部,203795640.0,0.048700084727,,,203795640.0,"非上市首日,当日收盘价涨幅达15%的前五只可转债",118033,华特转债
5,国泰海通证券股份有限公司天津高新区梅苑路证券营业部,128597880.0,0.030730430011,,,128597880.0,"非上市首日,当日收盘价涨幅达15%的前五只可转债",118033,华特转债
1,华鑫证券有限责任公司上海分公司,,,269825480.0,0.064478924757,-269825480.0,"非上市首日,当日收盘价涨幅达15%的前五只可转债",118033,华特转债
2,华鑫证券有限责任公司上海陆家嘴证券营业部,,,235509240.0,0.056278534427,-235509240.0,"非上市首日,当日收盘价涨幅达15%的前五只可转债",118033,华特转债
3,华宝证券股份有限公司上海东大名路证券营业部,,,208324190.0,0.049782251002,-208324190.0,"非上市首日,当日收盘价涨幅达15%的前五只可转债",118033,华特转债
4,国泰海通证券股份有限公司成都双庆路证券营业部,,,206726340.0,0.049400420309,-206726340.0,"非上市首日,当日收盘价涨幅达15%的前五只可转债",118033,华特转债
5,国泰海通证券股份有限公司天津高新区梅苑路证券营业部,,,128785330.0,0.030775224056,-128785330.0,"非上市首日,当日收盘价涨幅达15%的前五只可转债",118033,华特转债
1,华宝证券股份有限公司上海东大名路证券营业部,155158335.46,0.12519957302,155088980.29,0.1251436093,69355.17,日跌幅达到15%的前5只可转债,127080,声迅转债
2,机构专用,55699831.29,0.044945023895,53323102.47,0.043027205993,2376728.82,日跌幅达到15%的前5只可转债,127080,声迅转债
3,东方证券股份有限公司上海松江区沪亭北路证券营业部,39564082.98,0.031924848132,39425428.41,0.031812965694,138654.57,日跌幅达到15%的前5只可转债,127080,声迅转债
4,华鑫证券有限责任公司上海陆家嘴证券营业部,28815812.07,0.023251908167,28781784.97,0.023224451192,34027.1,日跌幅达到15%的前5只可转债,127080,声迅转债
5,机构专用,23772295.67,0.019182219626,23693266.0,0.019118449408,79029.67,日跌幅达到15%的前5只可转债,127080,声迅转债
1,华宝证券股份有限公司上海东大名路证券营业部,155158335.46,0.12519957302,155088980.29,0.1251436093,69355.17,日跌幅达到15%的前5只可转债,127080,声迅转债
2,机构专用,55699831.29,0.044945023895,53323102.47,0.043027205993,2376728.82,日跌幅达到15%的前5只可转债,127080,声迅转债
3,东方证券股份有限公司上海松江区沪亭北路证券营业部,39564082.98,0.031924848132,39425428.41,0.031812965694,138654.57,日跌幅达到15%的前5只可转债,127080,声迅转债
4,华鑫证券有限责任公司上海陆家嘴证券营业部,28815812.07,0.023251908167,28781784.97,0.023224451192,34027.1,日跌幅达到15%的前5只可转债,127080,声迅转债
5,东北证券股份有限公司上海北艾路证券营业部,0.0,0.0,24069099.42,0.019421714995,-24069099.42,日跌幅达到15%的前5只可转债,127080,声迅转债
1,深股通专用,373285727.98,0.070409969963,436095392.8,0.082257266234,-62809664.82,日跌幅达到15%的前5只证券,300085,银之杰
2,机构专用,163529814.53,0.03084535107,16782785.58,0.003165605701,146747028.95,日跌幅达到15%的前5只证券,300085,银之杰
3,机构专用,91716862.94,0.017299835168,169116471.73,0.031899118563,-77399608.79,日跌幅达到15%的前5只证券,300085,银之杰
4,机构专用,76575212.95,0.014443784049,193767210.77,0.036548794844,-117191997.82,日跌幅达到15%的前5只证券,300085,银之杰
5,中国银河证券股份有限公司广州海明路证券营业部,52426288.63,0.009888761158,2898666.0,0.000546752717,49527622.63,日跌幅达到15%的前5只证券,300085,银之杰
1,深股通专用,373285727.98,0.070409969963,436095392.8,0.082257266234,-62809664.82,日跌幅达到15%的前5只证券,300085,银之杰
2,机构专用,28520767.0,0.005379649414,287016198.34,0.054137622709,-258495431.34,日跌幅达到15%的前5只证券,300085,银之杰
3,机构专用,76575212.95,0.014443784049,193767210.77,0.036548794844,-117191997.82,日跌幅达到15%的前5只证券,300085,银之杰
4,机构专用,91716862.94,0.017299835168,169116471.73,0.031899118563,-77399608.79,日跌幅达到15%的前5只证券,300085,银之杰
5,机构专用,31657640.46,0.005971333343,137465488.69,0.025929040957,-105807848.23,日跌幅达到15%的前5只证券,300085,银之杰
1,深股通专用,87104275.71,0.068311023363,41128523.0,0.032254805779,45975752.71,日涨幅达到15%的前5只证券,300197,节能铁汉
2,招商证券股份有限公司深圳益田路免税商务大厦证券营业部,29179073.0,0.022883518876,5865395.0,0.004599902033,23313678.0,日涨幅达到15%的前5只证券,300197,节能铁汉
3,国泰海通证券股份有限公司上海长宁区江苏路证券营业部,23333102.0,0.018298850003,14614097.0,0.011461020868,8719005.0,日涨幅达到15%的前5只证券,300197,节能铁汉
4,机构专用,20758604.07,0.016279814924,13039139.0,0.010225869185,7719465.07,日涨幅达到15%的前5只证券,300197,节能铁汉
5,招商证券股份有限公司深圳招商证券大厦证券营业部,18114259.0,0.014206002629,2920713.0,0.002290552242,15193546.0,日涨幅达到15%的前5只证券,300197,节能铁汉
1,国新证券股份有限公司北京分公司,0.0,0.0,60785374.43,0.047670577581,-60785374.43,日涨幅达到15%的前5只证券,300197,节能铁汉
2,长城证券股份有限公司西北分公司,0.0,0.0,42054879.13,0.032981295205,-42054879.13,日涨幅达到15%的前5只证券,300197,节能铁汉
3,深股通专用,87104275.71,0.068311023363,41128523.0,0.032254805779,45975752.71,日涨幅达到15%的前5只证券,300197,节能铁汉
4,国新证券股份有限公司北京中关村大街证券营业部,139834.0,0.000109664004,27033712.65,0.021201032457,-26893878.65,日涨幅达到15%的前5只证券,300197,节能铁汉
5,华鑫证券有限责任公司绍兴胜利东路证券营业部,10740808.0,0.00842341642,25001714.58,0.019607449748,-14260906.58,日涨幅达到15%的前5只证券,300197,节能铁汉
1,东北证券股份有限公司佛山分公司,44949466.6,0.136451590413,5535.6,1.6804236e-05,44943931.0,日涨幅达到15%的前5只证券,300516,久之洋
2,开源证券股份有限公司西安太华路证券营业部,25147440.0,0.076339241427,0.0,0.0,25147440.0,日涨幅达到15%的前5只证券,300516,久之洋
3,深股通专用,20743965.1,0.062971760145,25353017.6,0.076963306463,-4609052.5,日涨幅达到15%的前5只证券,300516,久之洋
4,中泰证券股份有限公司常州惠国路证券营业部,18129090.0,0.055033871375,39540.0,0.000120030254,18089550.0,日涨幅达到15%的前5只证券,300516,久之洋
5,国泰海通证券股份有限公司上海长宁区江苏路证券营业部,9807932.4,0.029773611922,635036.2,0.001927758125,9172896.2,日涨幅达到15%的前5只证券,300516,久之洋
1,深股通专用,20743965.1,0.062971760145,25353017.6,0.076963306463,-4609052.5,日涨幅达到15%的前5只证券,300516,久之洋
2,机构专用,3601098.8,0.010931735027,8897322.0,0.027009302427,-5296223.2,日涨幅达到15%的前5只证券,300516,久之洋
3,机构专用,5277677.6,0.016021269142,7170695.4,0.021767839881,-1893017.8,日涨幅达到15%的前5只证券,300516,久之洋
4,机构专用,4152861.0,0.01260670106,6129205.0,0.018606222353,-1976344.0,日涨幅达到15%的前5只证券,300516,久之洋
5,方正证券股份有限公司通化新华大街证券营业部,0.0,0.0,6046210.4,0.018354278425,-6046210.4,日涨幅达到15%的前5只证券,300516,久之洋
1,机构专用,33278888.0,0.045067055729,41172001.0,0.055756095683,-7893113.0,连续三个交易日内，涨幅偏离值累计达到30%的证券,300849,锦盛新材
2,机构专用,29388736.79,0.039798921128,25737855.5,0.0348548115,3650881.29,连续三个交易日内，涨幅偏离值累计达到30%的证券,300849,锦盛新材
3,机构专用,23556843.0,0.031901232886,22223419.0,0.030095478628,1333424.0,连续三个交易日内，涨幅偏离值累计达到30%的证券,300849,锦盛新材
4,机构专用,20457261.5,0.027703706449,27052580.99,0.036635243795,-6595319.49,连续三个交易日内，涨幅偏离值累计达到30%的证券,300849,锦盛新材
5,国泰海通证券股份有限公司上虞市民大道证券营业部,17662241.47,0.023918624343,12061773.0,0.016334337733,5600468.47,连续三个交易日内，涨幅偏离值累计达到30%的证券,300849,锦盛新材
1,机构专用,33278888.0,0.045067055729,41172001.0,0.055756095683,-7893113.0,连续三个交易日内，涨幅偏离值累计达到30%的证券,300849,锦盛新材
2,机构专用,20457261.5,0.027703706449,27052580.99,0.036635243795,-6595319.49,连续三个交易日内，涨幅偏离值累计达到30%的证券,300849,锦盛新材
3,机构专用,29388736.79,0.039798921128,25737855.5,0.0348548115,3650881.29,连续三个交易日内，涨幅偏离值累计达到30%的证券,300849,锦盛新材
4,机构专用,23556843.0,0.031901232886,22223419.0,0.030095478628,1333424.0,连续三个交易日内，涨幅偏离值累计达到30%的证券,300849,锦盛新材
5,中国国际金融股份有限公司上海分公司,8474723.0,0.011476669946,12622360.0,0.017093497882,-4147637.0,连续三个交易日内，涨幅偏离值累计达到30%的证券,300849,锦盛新材
1,深股通专用,254932455.02,0.076696555667,265853879.83,0.079982271744,-10921424.81,日换手率达到30%的前5只证券,301013,利和兴
2,机构专用,112390212.0,0.033812651082,0.0,0.0,112390212.0,日换手率达到30%的前5只证券,301013,利和兴
3,机构专用,70894641.2,0.021328688004,53378209.98,0.016058860975,17516431.22,日换手率达到30%的前5只证券,301013,利和兴
4,机构专用,53639939.0,0.01613760228,11802001.0,0.003550637861,41837938.0,日换手率达到30%的前5只证券,301013,利和兴
5,机构专用,50721482.55,0.015259583208,0.0,0.0,50721482.55,日换手率达到30%的前5只证券,301013,利和兴
1,深股通专用,254932455.02,0.076696555667,265853879.83,0.079982271744,-10921424.81,日换手率达到30%的前5只证券,301013,利和兴
2,机构专用,70894641.2,0.021328688004,53378209.98,0.016058860975,17516431.22,日换手率达到30%的前5只证券,301013,利和兴
3,中国银河证券股份有限公司深圳南山海岸城证券营业部,10892.0,3.276864e-06,50207122.0,0.015104837582,-50196230.0,日换手率达到30%的前5只证券,301013,利和兴
4,机构专用,32425511.0,0.009755231084,42969931.85,0.012927525332,-10544420.85,日换手率达到30%的前5只证券,301013,利和兴
5,机构专用,29283373.92,0.008809917583,38783418.0,0.011668010561,-9500044.08,日换手率达到30%的前5只证券,301013,利和兴
1,开源证券股份有限公司西安太华路证券营业部,41054842.2,0.165444824572,0.0,0.0,41054842.2,日涨幅达到15%的前5只证券,301115,联检科技
2,机构专用,18500629.08,0.074554746008,14736656.0,0.059386501958,3763973.08,日涨幅达到15%的前5只证券,301115,联检科技
3,华鑫证券有限责任公司成都交子大道证券营业部,8377155.0,0.033758671697,0.0,0.0,8377155.0,日涨幅达到15%的前5只证券,301115,联检科技
4,机构专用,7201040.5,0.029019107574,4653152.0,0.018751501043,2547888.5,日涨幅达到15%的前5只证券,301115,联检科技
5,机构专用,6544318.0,0.026372614908,5330736.0,0.02148206241,1213582.0,日涨幅达到15%的前5只证券,301115,联检科技
1,机构专用,18500629.08,0.074554746008,14736656.0,0.059386501958,3763973.08,日涨幅达到15%的前5只证券,301115,联检科技
2,中信证券股份有限公司常州太湖中路证券营业部,427267.0,0.001721821595,13954044.0,0.056232693586,-13526777.0,日涨幅达到15%的前5只证券,301115,联检科技
3,机构专用,5914218.0,0.023833406903,10510470.0,0.042355609525,-4596252.0,日涨幅达到15%的前5只证券,301115,联检科技
4,湘财证券股份有限公司长沙韶山路证券营业部,0.0,0.0,6879570.0,0.027723629925,-6879570.0,日涨幅达到15%的前5只证券,301115,联检科技
5,机构专用,6544318.0,0.026372614908,5330736.0,0.02148206241,1213582.0,日涨幅达到15%的前5只证券,301115,联检科技
1,东方财富证券股份有限公司拉萨金融城南环路证券营业部,3691710.0,0.015725370592,3548585.0,0.015115709035,143125.0,日振幅值达到30%的前5只证券,301139,*ST元道
2,东方财富证券股份有限公司拉萨东环路第二证券营业部,3310917.0,0.01410332795,2469425.0,0.010518871546,841492.0,日振幅值达到30%的前5只证券,301139,*ST元道
3,机构专用,2810433.0,0.011971444249,2755952.0,0.011739374581,54481.0,日振幅值达到30%的前5只证券,301139,*ST元道
4,机构专用,2789407.0,0.011881880973,2632301.0,0.011212665333,157106.0,日振幅值达到30%的前5只证券,301139,*ST元道
5,中信证券股份有限公司浙江分公司,2681095.0,0.011420510405,377203.0,0.00160675052,2303892.0,日振幅值达到30%的前5只证券,301139,*ST元道
6,东方财富证券股份有限公司拉萨金融城南环路证券营业部,3691710.0,0.015725370592,3548585.0,0.015115709035,143125.0,日换手率达到30%的前5只证券,301139,*ST元道
7,东方财富证券股份有限公司拉萨东环路第二证券营业部,3310917.0,0.01410332795,2469425.0,0.010518871546,841492.0,日换手率达到30%的前5只证券,301139,*ST元道
8,机构专用,2810433.0,0.011971444249,2755952.0,0.011739374581,54481.0,日换手率达到30%的前5只证券,301139,*ST元道
9,机构专用,2789407.0,0.011881880973,2632301.0,0.011212665333,157106.0,日换手率达到30%的前5只证券,301139,*ST元道
10,中信证券股份有限公司浙江分公司,2681095.0,0.011420510405,377203.0,0.00160675052,2303892.0,日换手率达到30%的前5只证券,301139,*ST元道
1,东方财富证券股份有限公司拉萨团结路第二证券营业部,2304810.76,0.009817673475,3579525.0,0.015247502423,-1274714.24,日振幅值达到30%的前5只证券,301139,*ST元道
2,东方财富证券股份有限公司拉萨金融城南环路证券营业部,3691710.0,0.015725370592,3548585.0,0.015115709035,143125.0,日振幅值达到30%的前5只证券,301139,*ST元道
3,国泰海通证券股份有限公司绵阳剑南路证券营业部,0.0,0.0,3259213.0,0.013883087313,-3259213.0,日振幅值达到30%的前5只证券,301139,*ST元道
4,华泰证券股份有限公司成都天府大道证券营业部,265569.0,0.001131229415,3105135.25,0.013226770939,-2839566.25,日振幅值达到30%的前5只证券,301139,*ST元道
5,机构专用,2209682.0,0.009412458817,2944002.0,0.012540400647,-734320.0,日振幅值达到30%的前5只证券,301139,*ST元道
6,东方财富证券股份有限公司拉萨团结路第二证券营业部,2304810.76,0.009817673475,3579525.0,0.015247502423,-1274714.24,日换手率达到30%的前5只证券,301139,*ST元道
7,东方财富证券股份有限公司拉萨金融城南环路证券营业部,3691710.0,0.015725370592,3548585.0,0.015115709035,143125.0,日换手率达到30%的前5只证券,301139,*ST元道
8,国泰海通证券股份有限公司绵阳剑南路证券营业部,0.0,0.0,3259213.0,0.013883087313,-3259213.0,日换手率达到30%的前5只证券,301139,*ST元道
9,华泰证券股份有限公司成都天府大道证券营业部,265569.0,0.001131229415,3105135.25,0.013226770939,-2839566.25,日换手率达到30%的前5只证券,301139,*ST元道
10,机构专用,2209682.0,0.009412458817,2944002.0,0.012540400647,-734320.0,日换手率达到30%的前5只证券,301139,*ST元道
1,东方财富证券股份有限公司拉萨金融城南环路证券营业部,3691710.0,0.015725370592,3548585.0,0.015115709035,143125.0,日振幅值达到30%的前5只证券,301139,*ST元道
2,东方财富证券股份有限公司拉萨东环路第二证券营业部,3310917.0,0.01410332795,2469425.0,0.010518871546,841492.0,日振幅值达到30%的前5只证券,301139,*ST元道
3,机构专用,2810433.0,0.011971444249,2755952.0,0.011739374581,54481.0,日振幅值达到30%的前5只证券,301139,*ST元道
4,机构专用,2789407.0,0.011881880973,2632301.0,0.011212665333,157106.0,日振幅值达到30%的前5只证券,301139,*ST元道
5,中信证券股份有限公司浙江分公司,2681095.0,0.011420510405,377203.0,0.00160675052,2303892.0,日振幅值达到30%的前5只证券,301139,*ST元道
6,东方财富证券股份有限公司拉萨金融城南环路证券营业部,3691710.0,0.015725370592,3548585.0,0.015115709035,143125.0,日换手率达到30%的前5只证券,301139,*ST元道
7,东方财富证券股份有限公司拉萨东环路第二证券营业部,3310917.0,0.01410332795,2469425.0,0.010518871546,841492.0,日换手率达到30%的前5只证券,301139,*ST元道
8,机构专用,2810433.0,0.011971444249,2755952.0,0.011739374581,54481.0,日换手率达到30%的前5只证券,301139,*ST元道
9,机构专用,2789407.0,0.011881880973,2632301.0,0.011212665333,157106.0,日换手率达到30%的前5只证券,301139,*ST元道
10,中信证券股份有限公司浙江分公司,2681095.0,0.011420510405,377203.0,0.00160675052,2303892.0,日换手率达到30%的前5只证券,301139,*ST元道
1,东方财富证券股份有限公司拉萨团结路第二证券营业部,2304810.76,0.009817673475,3579525.0,0.015247502423,-1274714.24,日振幅值达到30%的前5只证券,301139,*ST元道
2,东方财富证券股份有限公司拉萨金融城南环路证券营业部,3691710.0,0.015725370592,3548585.0,0.015115709035,143125.0,日振幅值达到30%的前5只证券,301139,*ST元道
3,国泰海通证券股份有限公司绵阳剑南路证券营业部,0.0,0.0,3259213.0,0.013883087313,-3259213.0,日振幅值达到30%的前5只证券,301139,*ST元道
4,华泰证券股份有限公司成都天府大道证券营业部,265569.0,0.001131229415,3105135.25,0.013226770939,-2839566.25,日振幅值达到30%的前5只证券,301139,*ST元道
5,机构专用,2209682.0,0.009412458817,2944002.0,0.012540400647,-734320.0,日振幅值达到30%的前5只证券,301139,*ST元道
6,东方财富证券股份有限公司拉萨团结路第二证券营业部,2304810.76,0.009817673475,3579525.0,0.015247502423,-1274714.24,日换手率达到30%的前5只证券,301139,*ST元道
7,东方财富证券股份有限公司拉萨金融城南环路证券营业部,3691710.0,0.015725370592,3548585.0,0.015115709035,143125.0,日换手率达到30%的前5只证券,301139,*ST元道
8,国泰海通证券股份有限公司绵阳剑南路证券营业部,0.0,0.0,3259213.0,0.013883087313,-3259213.0,日换手率达到30%的前5只证券,301139,*ST元道
9,华泰证券股份有限公司成都天府大道证券营业部,265569.0,0.001131229415,3105135.25,0.013226770939,-2839566.25,日换手率达到30%的前5只证券,301139,*ST元道
10,机构专用,2209682.0,0.009412458817,2944002.0,0.012540400647,-734320.0,日换手率达到30%的前5只证券,301139,*ST元道
1,深股通专用,304245211.06,0.033573476084,176822048.61,0.019512322969,127423162.45,连续三个交易日内，涨幅偏离值累计达到30%的证券,301236,软通动力
2,机构专用,116962441.74,0.012906811998,74980479.66,0.008274100131,41981962.08,连续三个交易日内，涨幅偏离值累计达到30%的证券,301236,软通动力
3,机构专用,110442217.86,0.012187304928,68604171.2,0.007570474135,41838046.66,连续三个交易日内，涨幅偏离值累计达到30%的证券,301236,软通动力
4,国泰海通证券股份有限公司上海分公司,109902044.0,0.012127696712,111029951.58,0.012252161376,-1127907.58,连续三个交易日内，涨幅偏离值累计达到30%的证券,301236,软通动力
5,国泰海通证券股份有限公司北京知春路证券营业部,107969814.46,0.011914475074,116514245.2,0.012857353485,-8544430.74,连续三个交易日内，涨幅偏离值累计达到30%的证券,301236,软通动力
1,深股通专用,304245211.06,0.033573476084,176822048.61,0.019512322969,127423162.45,连续三个交易日内，涨幅偏离值累计达到30%的证券,301236,软通动力
2,国泰海通证券股份有限公司北京知春路证券营业部,107969814.46,0.011914475074,116514245.2,0.012857353485,-8544430.74,连续三个交易日内，涨幅偏离值累计达到30%的证券,301236,软通动力
3,国泰海通证券股份有限公司上海分公司,109902044.0,0.012127696712,111029951.58,0.012252161376,-1127907.58,连续三个交易日内，涨幅偏离值累计达到30%的证券,301236,软通动力
4,机构专用,116962441.74,0.012906811998,74980479.66,0.008274100131,41981962.08,连续三个交易日内，涨幅偏离值累计达到30%的证券,301236,软通动力
5,机构专用,96974731.0,0.010701166998,72748336.64,0.008027783023,24226394.36,连续三个交易日内，涨幅偏离值累计达到30%的证券,301236,软通动力
1,机构专用,23213478.98,0.02467771711,14147141.0,0.015039501137,9066337.98,日换手率达到30%的前5只证券,301329,信音电子
2,中信证券股份有限公司临安万马路证券营业部,12697682.0,0.013498614517,368793.0,0.00039205538,12328889.0,日换手率达到30%的前5只证券,301329,信音电子
3,机构专用,11866244.0,0.012614731848,21743033.82,0.023114520585,-9876789.82,日换手率达到30%的前5只证券,301329,信音电子
4,东方财富证券股份有限公司拉萨金融城南环路证券营业部,8995944.0,0.009563381747,6196487.32,0.006587343556,2799456.68,日换手率达到30%的前5只证券,301329,信音电子
5,东方财富证券股份有限公司拉萨东环路第二证券营业部,8808318.0,0.00936392085,7827272.0,0.008320993347,981046.0,日换手率达到30%的前5只证券,301329,信音电子
1,机构专用,11866244.0,0.012614731848,21743033.82,0.023114520585,-9876789.82,日换手率达到30%的前5只证券,301329,信音电子
2,招商证券股份有限公司深圳益田路免税商务大厦证券营业部,4194084.0,0.004458634511,18665750.0,0.019843130732,-14471666.0,日换手率达到30%的前5只证券,301329,信音电子
3,申万宏源证券有限公司上海浦东新区陆家嘴环路证券营业部,0.0,0.0,17457986.0,0.018559184524,-17457986.0,日换手率达到30%的前5只证券,301329,信音电子
4,机构专用,4953278.0,0.00526571624,14711564.0,0.015639526284,-9758286.0,日换手率达到30%的前5只证券,301329,信音电子
5,机构专用,23213478.98,0.02467771711,14147141.0,0.015039501137,9066337.98,日换手率达到30%的前5只证券,301329,信音电子
1,国泰海通证券股份有限公司南京太平南路证券营业部,102511610.8,0.195349468638,0.0,0.0,102511610.8,日涨幅达到15%的前5只证券,301366,一博科技
2,国泰海通证券股份有限公司上海自贸试验区第二分公司,38811056.0,0.073959614016,0.0,0.0,38811056.0,日涨幅达到15%的前5只证券,301366,一博科技
3,东方证券股份有限公司成都万象南路证券营业部,32961776.0,0.062813035292,0.0,0.0,32961776.0,日涨幅达到15%的前5只证券,301366,一博科技
4,国泰海通证券股份有限公司广州东风中路证券营业部,19994138.88,0.038101483097,32414.0,6.1769175e-05,19961724.88,日涨幅达到15%的前5只证券,301366,一博科技
5,国泰海通证券股份有限公司重庆观音桥步行街证券营业部,16263823.0,0.030992871503,32279.0,6.1511915e-05,16231544.0,日涨幅达到15%的前5只证券,301366,一博科技
1,东吴证券股份有限公司张家港杨舍证券营业部,10832.0,2.0641812e-05,62701032.0,0.119485131379,-62690200.0,日涨幅达到15%的前5只证券,301366,一博科技
2,深股通专用,9124570.0,0.017388078162,20369838.0,0.038817427592,-11245268.0,日涨幅达到15%的前5只证券,301366,一博科技
3,华泰证券股份有限公司张家港杨舍东街证券营业部,59576.0,0.000113529968,14698801.0,0.028010514541,-14639225.0,日涨幅达到15%的前5只证券,301366,一博科技
4,华福证券股份有限公司北京亦庄荣华南路证券营业部,0.0,0.0,11303192.0,0.021539731294,-11303192.0,日涨幅达到15%的前5只证券,301366,一博科技
5,华泰证券股份有限公司苏州分公司,0.0,0.0,10832000.0,0.020641812452,-10832000.0,日涨幅达到15%的前5只证券,301366,一博科技
1,中信建投证券股份有限公司海南分公司,10070084.0,0.12956110801,0.0,0.0,10070084.0,日涨幅达到15%的前5只证券,301418,协昌科技
2,机构专用,8338818.0,0.107286741558,9381678.0,0.120704116934,-1042860.0,日涨幅达到15%的前5只证券,301418,协昌科技
3,浙商证券股份有限公司厦门杏林东路证券营业部,3958080.0,0.050924424304,0.0,0.0,3958080.0,日涨幅达到15%的前5只证券,301418,协昌科技
4,机构专用,3132456.0,0.040301994517,1205637.0,0.015511654677,1926819.0,日涨幅达到15%的前5只证券,301418,协昌科技
5,机构专用,2708181.0,0.03484329734,2345916.0,0.030182417173,362265.0,日涨幅达到15%的前5只证券,301418,协昌科技
1,机构专用,8338818.0,0.107286741558,9381678.0,0.120704116934,-1042860.0,日涨幅达到15%的前5只证券,301418,协昌科技
2,机构专用,2618783.0,0.033693107934,4042616.0,0.052012059504,-1423833.0,日涨幅达到15%的前5只证券,301418,协昌科技
3,机构专用,2036412.0,0.026200356927,3351622.0,0.043121771372,-1315210.0,日涨幅达到15%的前5只证券,301418,协昌科技
4,机构专用,2708181.0,0.03484329734,2345916.0,0.030182417173,362265.0,日涨幅达到15%的前5只证券,301418,协昌科技
5,机构专用,0.0,0.0,1678078.0,0.021590052775,-1678078.0,日涨幅达到15%的前5只证券,301418,协昌科技
1,华泰证券股份有限公司江西分公司,27101923.0,0.014796240625,28348181.2,0.015476632795,-1246258.2,连续三个交易日内，涨幅偏离值累计达到30%的证券,301419,阿莱德
2,机构专用,26080108.56,0.014238383076,31268018.08,0.017070711896,-5187909.52,连续三个交易日内，涨幅偏离值累计达到30%的证券,301419,阿莱德
3,中国银河证券股份有限公司宜昌新世纪证券营业部,22527050.0,0.012298597866,23229258.39,0.012681967131,-702208.39,连续三个交易日内，涨幅偏离值累计达到30%的证券,301419,阿莱德
4,开源证券股份有限公司西安太华路证券营业部,20845997.04,0.011380830366,20945733.37,0.011435281216,-99736.33,连续三个交易日内，涨幅偏离值累计达到30%的证券,301419,阿莱德
5,中信建投证券股份有限公司上海浦东新区五莲路证券营业部,16396108.0,0.00895142235,441774.0,0.000241185631,15954334.0,连续三个交易日内，涨幅偏离值累计达到30%的证券,301419,阿莱德
1,机构专用,15702582.92,0.008572793721,31442726.92,0.017166093838,-15740144.0,连续三个交易日内，涨幅偏离值累计达到30%的证券,301419,阿莱德
2,机构专用,26080108.56,0.014238383076,31268018.08,0.017070711896,-5187909.52,连续三个交易日内，涨幅偏离值累计达到30%的证券,301419,阿莱德
3,华泰证券股份有限公司江西分公司,27101923.0,0.014796240625,28348181.2,0.015476632795,-1246258.2,连续三个交易日内，涨幅偏离值累计达到30%的证券,301419,阿莱德
4,中国银河证券股份有限公司宜昌新世纪证券营业部,22527050.0,0.012298597866,23229258.39,0.012681967131,-702208.39,连续三个交易日内，涨幅偏离值累计达到30%的证券,301419,阿莱德
5,中泰证券股份有限公司武汉珞狮路证券营业部,51730.0,2.824189e-05,22365551.6,0.012210428137,-22313821.6,连续三个交易日内，涨幅偏离值累计达到30%的证券,301419,阿莱德
1,深股通专用,79520331.99,0.046447431347,97752733.87,0.057096886818,-18232401.88,日换手率达到30%的前5只证券,301563,云汉芯城
2,机构专用,38370770.6,0.022412176717,33138219.0,0.019355869291,5232551.6,日换手率达到30%的前5只证券,301563,云汉芯城
3,中国银河证券股份有限公司深圳华侨城证券营业部,37303251.76,0.02178864426,0.0,0.0,37303251.76,日换手率达到30%的前5只证券,301563,云汉芯城
4,机构专用,31975324.3,0.018676628267,21320055.64,0.012452938712,10655268.66,日换手率达到30%的前5只证券,301563,云汉芯城
5,机构专用,30894539.5,0.018045347228,22165123.95,0.012946538919,8729415.55,日换手率达到30%的前5只证券,301563,云汉芯城
1,深股通专用,79520331.99,0.046447431347,97752733.87,0.057096886818,-18232401.88,日换手率达到30%的前5只证券,301563,云汉芯城
2,开源证券股份有限公司西安太华路证券营业部,0.0,0.0,73240280.54,0.042779284455,-73240280.54,日换手率达到30%的前5只证券,301563,云汉芯城
3,机构专用,0.0,0.0,34370682.74,0.020075745246,-34370682.74,日换手率达到30%的前5只证券,301563,云汉芯城
4,机构专用,38370770.6,0.022412176717,33138219.0,0.019355869291,5232551.6,日换手率达到30%的前5只证券,301563,云汉芯城
5,平安证券股份有限公司浙江分公司,2410470.0,0.001407943567,27346569.9,0.015972995789,-24936099.9,日换手率达到30%的前5只证券,301563,云汉芯城
1,机构专用,12134979.0,0.015261714406,12284167.5,0.015449343266,-149188.5,日换手率达到30%的前5只证券,301591,肯特股份
2,粤开证券股份有限公司惠州分公司,11361318.8,0.014288710578,6814659.0,0.008570544657,4546659.8,日换手率达到30%的前5只证券,301591,肯特股份
3,华泰证券股份有限公司厦门厦禾路证券营业部,11069315.32,0.013921468598,139825.0,0.000175852733,10929490.32,日换手率达到30%的前5只证券,301591,肯特股份
4,东方财富证券股份有限公司拉萨金融城南环路证券营业部,10216621.9,0.012849067611,13019794.86,0.016374514598,-2803172.96,日换手率达到30%的前5只证券,301591,肯特股份
5,机构专用,9286023.7,0.011678688663,21675243.59,0.027260152436,-12389219.89,日换手率达到30%的前5只证券,301591,肯特股份
1,机构专用,6488129.92,0.008159881106,27689116.28,0.03482357776,-21200986.36,日换手率达到30%的前5只证券,301591,肯特股份
2,机构专用,5634948.0,0.007086865751,25979411.22,0.032673344921,-20344463.22,日换手率达到30%的前5只证券,301591,肯特股份
3,机构专用,9286023.7,0.011678688663,21675243.59,0.027260152436,-12389219.89,日换手率达到30%的前5只证券,301591,肯特股份
4,机构专用,5213272.0,0.006556539437,13381649.67,0.016829606013,-8168377.67,日换手率达到30%的前5只证券,301591,肯特股份
5,中信证券股份有限公司浙江分公司,1200639.3,0.001509999655,13298339.19,0.016724829503,-12097699.89,日换手率达到30%的前5只证券,301591,肯特股份
1,沪股通专用,54730547.44,0.035502805757,,,54730547.44,有价格涨跌幅限制的日收盘价格涨幅偏离值达到7%的前五只证券,600121,郑州煤电
2,东方证券股份有限公司张家港东环路证券营业部,38173597.0,0.024762584383,,,38173597.0,有价格涨跌幅限制的日收盘价格涨幅偏离值达到7%的前五只证券,600121,郑州煤电
3,中信证券股份有限公司深圳深南中路中信大厦证券营业部,28103287.0,0.018230139952,,,28103287.0,有价格涨跌幅限制的日收盘价格涨幅偏离值达到7%的前五只证券,600121,郑州煤电
4,国泰海通证券股份有限公司总部,25597651.22,0.016604775242,,,25597651.22,有价格涨跌幅限制的日收盘价格涨幅偏离值达到7%的前五只证券,600121,郑州煤电
5,华泰证券股份有限公司绍兴府山证券营业部,24811493.0,0.016094807337,,,24811493.0,有价格涨跌幅限制的日收盘价格涨幅偏离值达到7%的前五只证券,600121,郑州煤电
1,沪股通专用,,,78013110.07,0.050605821115,-78013110.07,有价格涨跌幅限制的日收盘价格涨幅偏离值达到7%的前五只证券,600121,郑州煤电
2,国金证券股份有限公司成都武成大街证券营业部,,,22662998.0,0.014701113976,-22662998.0,有价格涨跌幅限制的日收盘价格涨幅偏离值达到7%的前五只证券,600121,郑州煤电
3,中信证券股份有限公司上海分公司,,,19651292.0,0.012747469839,-19651292.0,有价格涨跌幅限制的日收盘价格涨幅偏离值达到7%的前五只证券,600121,郑州煤电
4,国泰海通证券股份有限公司总部,,,18740471.63,0.012156635648,-18740471.63,有价格涨跌幅限制的日收盘价格涨幅偏离值达到7%的前五只证券,600121,郑州煤电
5,东方财富证券股份有限公司拉萨金融城南环路证券营业部,,,16309681.0,0.010579821756,-16309681.0,有价格涨跌幅限制的日收盘价格涨幅偏离值达到7%的前五只证券,600121,郑州煤电
1,沪股通专用,66883393.48,0.043672811837,,,66883393.48,有价格涨跌幅限制的日价格振幅达到15%的前五只证券,600162,香江控股
2,东莞证券股份有限公司南京分公司,42740323.0,0.02790812468,,,42740323.0,有价格涨跌幅限制的日价格振幅达到15%的前五只证券,600162,香江控股
3,国泰海通证券股份有限公司总部,36453888.22,0.023803274896,,,36453888.22,有价格涨跌幅限制的日价格振幅达到15%的前五只证券,600162,香江控股
4,瑞银证券有限责任公司上海花园石桥路证券营业部,29731245.25,0.019413594495,,,29731245.25,有价格涨跌幅限制的日价格振幅达到15%的前五只证券,600162,香江控股
5,中信证券股份有限公司深圳深南中路中信大厦证券营业部,27050307.01,0.01766302376,,,27050307.01,有价格涨跌幅限制的日价格振幅达到15%的前五只证券,600162,香江控股
1,国泰海通证券股份有限公司总部,,,62008491.15,0.040489649604,-62008491.15,有价格涨跌幅限制的日价格振幅达到15%的前五只证券,600162,香江控股
2,华泰证券股份有限公司辽宁分公司,,,35701423.33,0.02331193832,-35701423.33,有价格涨跌幅限制的日价格振幅达到15%的前五只证券,600162,香江控股
3,沪股通专用,,,34900891.51,0.022789215507,-34900891.51,有价格涨跌幅限制的日价格振幅达到15%的前五只证券,600162,香江控股
4,东亚前海证券有限责任公司深圳分公司,,,25560677.81,0.016690341419,-25560677.81,有价格涨跌幅限制的日价格振幅达到15%的前五只证券,600162,香江控股
5,天风证券股份有限公司浙江分公司,,,23730369.0,0.015495205704,-23730369.0,有价格涨跌幅限制的日价格振幅达到15%的前五只证券,600162,香江控股
1,沪股通专用,241763173.82,0.049397923647,,,241763173.82,有价格涨跌幅限制的日换手率达到20%的前五只证券,600172,黄河旋风
2,国泰海通证券股份有限公司武汉紫阳东路证券营业部,157800783.0,0.032242425126,,,157800783.0,有价格涨跌幅限制的日换手率达到20%的前五只证券,600172,黄河旋风
3,国泰海通证券股份有限公司总部,134359513.61,0.027452820418,,,134359513.61,有价格涨跌幅限制的日换手率达到20%的前五只证券,600172,黄河旋风
4,摩根大通证券(中国)有限公司上海银城中路证券营业部,80236050.6,0.016394119248,,,80236050.6,有价格涨跌幅限制的日换手率达到20%的前五只证券,600172,黄河旋风
5,国泰海通证券股份有限公司成都北一环路证券营业部,69563939.0,0.014213554914,,,69563939.0,有价格涨跌幅限制的日换手率达到20%的前五只证券,600172,黄河旋风
1,沪股通专用,,,290230704.82,0.05930098439,-290230704.82,有价格涨跌幅限制的日换手率达到20%的前五只证券,600172,黄河旋风
2,国泰海通证券股份有限公司总部,,,169921332.0,0.034718939413,-169921332.0,有价格涨跌幅限制的日换手率达到20%的前五只证券,600172,黄河旋风
3,高盛(中国)证券有限责任公司上海浦东新区世纪大道证券营业部,,,138730454.98,0.028345906924,-138730454.98,有价格涨跌幅限制的日换手率达到20%的前五只证券,600172,黄河旋风
4,摩根大通证券(中国)有限公司上海银城中路证券营业部,,,51193105.18,0.01045995989,-51193105.18,有价格涨跌幅限制的日换手率达到20%的前五只证券,600172,黄河旋风
5,中国国际金融股份有限公司上海分公司,,,47393322.6,0.009683574608,-47393322.6,有价格涨跌幅限制的日换手率达到20%的前五只证券,600172,黄河旋风
1,东方财富证券股份有限公司拉萨东环路第二证券营业部,5607583.6,0.022537799587,,,5607583.6,ST、*ST证券连续三个交易日内收盘价格涨幅偏离值累计达到12%的证券,600180,*ST瑞茂
2,东方财富证券股份有限公司拉萨金融城南环路证券营业部,4760527.9,0.019133343592,,,4760527.9,ST、*ST证券连续三个交易日内收盘价格涨幅偏离值累计达到12%的证券,600180,*ST瑞茂
3,东方财富证券股份有限公司拉萨团结路第一证券营业部,4729985.0,0.01901058666,,,4729985.0,ST、*ST证券连续三个交易日内收盘价格涨幅偏离值累计达到12%的证券,600180,*ST瑞茂
4,东方财富证券股份有限公司山南香曲东路证券营业部,4324534.26,0.017381013536,,,4324534.26,ST、*ST证券连续三个交易日内收盘价格涨幅偏离值累计达到12%的证券,600180,*ST瑞茂
5,东方财富证券股份有限公司拉萨团结路第二证券营业部,3624496.0,0.014567444782,,,3624496.0,ST、*ST证券连续三个交易日内收盘价格涨幅偏离值累计达到12%的证券,600180,*ST瑞茂
1,东方财富证券股份有限公司山南香曲东路证券营业部,,,5260246.6,0.02114179513,-5260246.6,ST、*ST证券连续三个交易日内收盘价格涨幅偏离值累计达到12%的证券,600180,*ST瑞茂
2,东方财富证券股份有限公司拉萨金融城南环路证券营业部,,,4517570.03,0.018156856004,-4517570.03,ST、*ST证券连续三个交易日内收盘价格涨幅偏离值累计达到12%的证券,600180,*ST瑞茂
3,沪股通专用,,,4341727.0,0.017450113982,-4341727.0,ST、*ST证券连续三个交易日内收盘价格涨幅偏离值累计达到12%的证券,600180,*ST瑞茂
4,东方财富证券股份有限公司昌都两江大道证券营业部,,,3894085.0,0.015650967255,-3894085.0,ST、*ST证券连续三个交易日内收盘价格涨幅偏离值累计达到12%的证券,600180,*ST瑞茂
5,东方财富证券股份有限公司拉萨团结路第二证券营业部,,,3452101.0,0.013874560959,-3452101.0,ST、*ST证券连续三个交易日内收盘价格涨幅偏离值累计达到12%的证券,600180,*ST瑞茂
1,华鑫证券有限责任公司上海徐汇区云锦路证券营业部,49923930.0,0.180242377237,,,49923930.0,有价格涨跌幅限制的日收盘价格涨幅偏离值达到7%的前五只证券,600198,大唐电信
2,开源证券股份有限公司西安太华路证券营业部,24947102.0,0.09006752813,,,24947102.0,有价格涨跌幅限制的日收盘价格涨幅偏离值达到7%的前五只证券,600198,大唐电信
3,华鑫证券有限责任公司上海分公司,11189071.12,0.040396354569,,,11189071.12,有价格涨跌幅限制的日收盘价格涨幅偏离值达到7%的前五只证券,600198,大唐电信
4,国泰海通证券股份有限公司上海浦东新区福山路证券营业部,9618416.0,0.034725755066,,,9618416.0,有价格涨跌幅限制的日收盘价格涨幅偏离值达到7%的前五只证券,600198,大唐电信
5,沪股通专用,9266671.0,0.033455835911,,,9266671.0,有价格涨跌幅限制的日收盘价格涨幅偏离值达到7%的前五只证券,600198,大唐电信
1,国泰海通证券股份有限公司马鞍山雨山西路证券营业部,,,6420017.0,0.023178446208,-6420017.0,有价格涨跌幅限制的日收盘价格涨幅偏离值达到7%的前五只证券,600198,大唐电信
2,国泰海通证券股份有限公司总部,,,5031421.0,0.018165142086,-5031421.0,有价格涨跌幅限制的日收盘价格涨幅偏离值达到7%的前五只证券,600198,大唐电信
3,国投证券股份有限公司上海普陀区江宁路证券营业部,,,4595043.0,0.016589668999,-4595043.0,有价格涨跌幅限制的日收盘价格涨幅偏离值达到7%的前五只证券,600198,大唐电信
4,沪股通专用,,,2859117.0,0.010322385375,-2859117.0,有价格涨跌幅限制的日收盘价格涨幅偏离值达到7%的前五只证券,600198,大唐电信
5,国泰海通证券股份有限公司上海普陀区铜川路证券营业部,,,2768173.0,0.009994046585,-2768173.0,有价格涨跌幅限制的日收盘价格涨幅偏离值达到7%的前五只证券,600198,大唐电信
1,开源证券股份有限公司西安太华路证券营业部,83697033.0,0.078058377157,,,83697033.0,非ST、*ST和S证券连续三个交易日内收盘价格涨幅偏离值累计达到20%的证券,600255,鑫科材料
2,甬兴证券有限公司宁波和源路证券营业部,53081246.0,0.049505170873,,,53081246.0,非ST、*ST和S证券连续三个交易日内收盘价格涨幅偏离值累计达到20%的证券,600255,鑫科材料
3,沪股通专用,34195509.0,0.03189176298,,,34195509.0,非ST、*ST和S证券连续三个交易日内收盘价格涨幅偏离值累计达到20%的证券,600255,鑫科材料
4,甬兴证券有限公司青岛分公司,33471116.0,0.031216172222,,,33471116.0,非ST、*ST和S证券连续三个交易日内收盘价格涨幅偏离值累计达到20%的证券,600255,鑫科材料
5,中信证券股份有限公司东阳吴宁西路证券营业部,27807331.0,0.025933955519,,,27807331.0,非ST、*ST和S证券连续三个交易日内收盘价格涨幅偏离值累计达到20%的证券,600255,鑫科材料
1,沪股通专用,,,43636170.53,0.04069640864,-43636170.53,非ST、*ST和S证券连续三个交易日内收盘价格涨幅偏离值累计达到20%的证券,600255,鑫科材料
2,国元证券股份有限公司贵州分公司,,,22238664.0,0.020740448732,-22238664.0,非ST、*ST和S证券连续三个交易日内收盘价格涨幅偏离值累计达到20%的证券,600255,鑫科材料
3,中信证券股份有限公司上海分公司,,,15097115.0,0.014080024756,-15097115.0,非ST、*ST和S证券连续三个交易日内收盘价格涨幅偏离值累计达到20%的证券,600255,鑫科材料
4,国泰海通证券股份有限公司总部,,,11816459.6,0.01102038659,-11816459.6,非ST、*ST和S证券连续三个交易日内收盘价格涨幅偏离值累计达到20%的证券,600255,鑫科材料
5,摩根大通证券(中国)有限公司上海银城中路证券营业部,,,10821459.0,0.010092419023,-10821459.0,非ST、*ST和S证券连续三个交易日内收盘价格涨幅偏离值累计达到20%的证券,600255,鑫科材料
1,国泰海通证券股份有限公司武汉紫阳东路证券营业部,79339261.85,0.114363398465,,,79339261.85,有价格涨跌幅限制的日收盘价格涨幅偏离值达到7%的前五只证券,600310,广西能源
2,东亚前海证券有限责任公司深圳分公司,40482520.0,0.05835343634,,,40482520.0,有价格涨跌幅限制的日收盘价格涨幅偏离值达到7%的前五只证券,600310,广西能源
3,广发证券股份有限公司佛山顺德诚德路证券营业部,29194125.0,0.042081805053,,,29194125.0,有价格涨跌幅限制的日收盘价格涨幅偏离值达到7%的前五只证券,600310,广西能源
4,开源证券股份有限公司西安太华路证券营业部,25809473.4,0.037203006705,,,25809473.4,有价格涨跌幅限制的日收盘价格涨幅偏离值达到7%的前五只证券,600310,广西能源
5,中泰证券股份有限公司常州惠国路证券营业部,20046983.72,0.028896679068,,,20046983.72,有价格涨跌幅限制的日收盘价格涨幅偏离值达到7%的前五只证券,600310,广西能源
1,平安证券股份有限公司金华李渔路证券营业部,,,10181125.0,0.014675559465,-10181125.0,有价格涨跌幅限制的日收盘价格涨幅偏离值达到7%的前五只证券,600310,广西能源
2,中信证券华南股份有限公司广西分公司,,,9150901.0,0.013190545424,-9150901.0,有价格涨跌幅限制的日收盘价格涨幅偏离值达到7%的前五只证券,600310,广西能源
3,沪股通专用,,,8226344.0,0.011857844841,-8226344.0,有价格涨跌幅限制的日收盘价格涨幅偏离值达到7%的前五只证券,600310,广西能源
4,华林证券股份有限公司西藏分公司,,,6294911.0,0.009073785137,-6294911.0,有价格涨跌幅限制的日收盘价格涨幅偏离值达到7%的前五只证券,600310,广西能源
5,国信证券股份有限公司浙江互联网分公司,,,5560519.0,0.00801519746,-5560519.0,有价格涨跌幅限制的日收盘价格涨幅偏离值达到7%的前五只证券,600310,广西能源
1,东方财富证券股份有限公司拉萨东环路第二证券营业部,924813.42,0.110388405661,,,924813.42,退市整理的证券,600421,退市华嵘
2,华泰证券股份有限公司泰州分公司,660000.0,0.078779509641,,,660000.0,退市整理的证券,600421,退市华嵘
3,东方财富证券股份有限公司拉萨团结路第二证券营业部,353949.0,0.042248376754,,,353949.0,退市整理的证券,600421,退市华嵘
4,国海证券股份有限公司贵港中山路证券营业部,308074.0,0.03677260402,,,308074.0,退市整理的证券,600421,退市华嵘
5,东方财富证券股份有限公司拉萨金融城南环路证券营业部,283610.0,0.033852510196,,,283610.0,退市整理的证券,600421,退市华嵘
1,东方财富证券股份有限公司拉萨团结路第二证券营业部,,,614207.0,0.073313524663,-614207.0,退市整理的证券,600421,退市华嵘
2,东方财富证券股份有限公司拉萨金融城南环路证券营业部,,,469298.0,0.056016767144,-469298.0,退市整理的证券,600421,退市华嵘
3,中信建投证券股份有限公司上海营口路证券营业部,,,417838.67,0.049874432623,-417838.67,退市整理的证券,600421,退市华嵘
4,国泰海通证券股份有限公司遵义北海路证券营业部,,,367356.0,0.043848675066,-367356.0,退市整理的证券,600421,退市华嵘
5,金融街证券股份有限公司深圳分公司,,,340000.0,0.040583383754,-340000.0,退市整理的证券,600421,退市华嵘
1,开源证券股份有限公司西安太华路证券营业部,31906622.0,0.212555404158,,,31906622.0,有价格涨跌幅限制的日收盘价格涨幅偏离值达到7%的前五只证券,600439,瑞贝卡
2,国泰海通证券股份有限公司总部,7383759.6,0.049189099554,,,7383759.6,有价格涨跌幅限制的日收盘价格涨幅偏离值达到7%的前五只证券,600439,瑞贝卡
3,高盛(中国)证券有限责任公司上海浦东新区世纪大道证券营业部,5375571.2,0.035810958271,,,5375571.2,有价格涨跌幅限制的日收盘价格涨幅偏离值达到7%的前五只证券,600439,瑞贝卡
4,国泰海通证券股份有限公司上海浦东新区锦康路证券营业部,4709974.0,0.031376885561,,,4709974.0,有价格涨跌幅限制的日收盘价格涨幅偏离值达到7%的前五只证券,600439,瑞贝卡
5,国泰海通证券股份有限公司上海长宁区江苏路证券营业部,4600465.0,0.030647358952,,,4600465.0,有价格涨跌幅限制的日收盘价格涨幅偏离值达到7%的前五只证券,600439,瑞贝卡
1,五矿证券有限公司杭州中山北路证券营业部,,,9183000.0,0.061175271904,-9183000.0,有价格涨跌幅限制的日收盘价格涨幅偏离值达到7%的前五只证券,600439,瑞贝卡
2,国泰海通证券股份有限公司总部,,,6109167.0,0.040698023776,-6109167.0,有价格涨跌幅限制的日收盘价格涨幅偏离值达到7%的前五只证券,600439,瑞贝卡
3,高盛(中国)证券有限责任公司上海浦东新区世纪大道证券营业部,,,5460158.0,0.036374458269,-5460158.0,有价格涨跌幅限制的日收盘价格涨幅偏离值达到7%的前五只证券,600439,瑞贝卡
4,华泰证券股份有限公司郑州经三路证券营业部,,,4420139.0,0.029446063942,-4420139.0,有价格涨跌幅限制的日收盘价格涨幅偏离值达到7%的前五只证券,600439,瑞贝卡
5,华泰证券股份有限公司上海静安区广中西路证券营业部,,,3065111.0,0.020419143944,-3065111.0,有价格涨跌幅限制的日收盘价格涨幅偏离值达到7%的前五只证券,600439,瑞贝卡
1,国泰海通证券股份有限公司上海自贸试验区第二分公司,1358201749.94,0.062261252796,,,1358201749.94,非ST、*ST和S证券连续三个交易日内收盘价格涨幅偏离值累计达到20%的证券,600487,亨通光电
2,沪股通专用,716155358.48,0.032829238968,,,716155358.48,非ST、*ST和S证券连续三个交易日内收盘价格涨幅偏离值累计达到20%的证券,600487,亨通光电
3,爱建证券有限责任公司上海浦东新区前滩大道证券营业部,326964278.0,0.014988351744,,,326964278.0,非ST、*ST和S证券连续三个交易日内收盘价格涨幅偏离值累计达到20%的证券,600487,亨通光电
4,国泰海通证券股份有限公司北京知春路证券营业部,323075796.0,0.014810100052,,,323075796.0,非ST、*ST和S证券连续三个交易日内收盘价格涨幅偏离值累计达到20%的证券,600487,亨通光电
5,国泰海通证券股份有限公司湛江万豪世家证券营业部,308555245.0,0.014144464261,,,308555245.0,非ST、*ST和S证券连续三个交易日内收盘价格涨幅偏离值累计达到20%的证券,600487,亨通光电
1,沪股通专用,,,599356249.15,0.027475057329,-599356249.15,非ST、*ST和S证券连续三个交易日内收盘价格涨幅偏离值累计达到20%的证券,600487,亨通光电
2,高盛(中国)证券有限责任公司上海浦东新区世纪大道证券营业部,,,514385393.79,0.023579912954,-514385393.79,非ST、*ST和S证券连续三个交易日内收盘价格涨幅偏离值累计达到20%的证券,600487,亨通光电
3,摩根大通证券(中国)有限公司上海银城中路证券营业部,,,321808629.87,0.014752011958,-321808629.87,非ST、*ST和S证券连续三个交易日内收盘价格涨幅偏离值累计达到20%的证券,600487,亨通光电
4,中信证券股份有限公司总部(非营业场所),,,315394143.03,0.014457965814,-315394143.03,非ST、*ST和S证券连续三个交易日内收盘价格涨幅偏离值累计达到20%的证券,600487,亨通光电
5,国泰海通证券股份有限公司上海自贸试验区第二分公司,,,289378704.0,0.013265393484,-289378704.0,非ST、*ST和S证券连续三个交易日内收盘价格涨幅偏离值累计达到20%的证券,600487,亨通光电
1,国投证券股份有限公司阳江分公司,485931.0,0.117143999821,,,485931.0,退市整理的证券,600599,退市熊猫
2,平安证券股份有限公司扬州新城河南路证券营业部,198842.0,0.047935092045,,,198842.0,退市整理的证券,600599,退市熊猫
3,东方财富证券股份有限公司拉萨团结路第二证券营业部,189300.0,0.045634790055,,,189300.0,退市整理的证券,600599,退市熊猫
4,长城证券股份有限公司成都天晖中街证券营业部,168136.64,0.040532912134,,,168136.64,退市整理的证券,600599,退市熊猫
5,东方财富证券股份有限公司山南香曲东路证券营业部,156862.0,0.037814920431,,,156862.0,退市整理的证券,600599,退市熊猫
1,中信建投证券股份有限公司北京望京证券营业部,,,390483.45,0.094134338408,-390483.45,退市整理的证券,600599,退市熊猫
2,财达证券股份有限公司保定莲池北大街证券营业部,,,280623.0,0.067650140991,-280623.0,退市整理的证券,600599,退市熊猫
3,华泰证券股份有限公司黄冈东门路证券营业部,,,236180.0,0.056936210856,-236180.0,退市整理的证券,600599,退市熊猫
4,招商证券股份有限公司上海闵行区申长路证券营业部,,,196000.0,0.047249967516,-196000.0,退市整理的证券,600599,退市熊猫
5,国泰海通证券股份有限公司深圳龙华壹成中心证券营业部,,,167232.0,0.040314829426,-167232.0,退市整理的证券,600599,退市熊猫
1,中信证券股份有限公司北京天通苑证券营业部,4451993.0,0.092388835169,,,4451993.0,有价格涨跌幅限制的日收盘价格跌幅偏离值达到7%的前五只证券,600636,退市国化
2,中国中金财富证券有限公司广州番禺东兴路证券营业部,2639000.0,0.054765166076,,,2639000.0,有价格涨跌幅限制的日收盘价格跌幅偏离值达到7%的前五只证券,600636,退市国化
3,财通证券股份有限公司台州临海杜桥滨海西路证券营业部,2050300.0,0.042548321336,,,2050300.0,有价格涨跌幅限制的日收盘价格跌幅偏离值达到7%的前五只证券,600636,退市国化
4,东方财富证券股份有限公司拉萨东环路第二证券营业部,1243833.0,0.025812323158,,,1243833.0,有价格涨跌幅限制的日收盘价格跌幅偏离值达到7%的前五只证券,600636,退市国化
5,中信建投证券股份有限公司上海万航渡路证券营业部,1015000.0,0.021063525414,,,1015000.0,有价格涨跌幅限制的日收盘价格跌幅偏离值达到7%的前五只证券,600636,退市国化
6,中信证券股份有限公司北京天通苑证券营业部,4451993.0,0.092388835169,,,4451993.0,退市整理的证券,600636,退市国化
7,中国中金财富证券有限公司广州番禺东兴路证券营业部,2639000.0,0.054765166076,,,2639000.0,退市整理的证券,600636,退市国化
8,财通证券股份有限公司台州临海杜桥滨海西路证券营业部,2050300.0,0.042548321336,,,2050300.0,退市整理的证券,600636,退市国化
9,东方财富证券股份有限公司拉萨东环路第二证券营业部,1243833.0,0.025812323158,,,1243833.0,退市整理的证券,600636,退市国化
10,中信建投证券股份有限公司上海万航渡路证券营业部,1015000.0,0.021063525414,,,1015000.0,退市整理的证券,600636,退市国化
1,招商证券股份有限公司北京金融大街证券营业部,,,3360096.6,0.06972953707,-3360096.6,有价格涨跌幅限制的日收盘价格跌幅偏离值达到7%的前五只证券,600636,退市国化
2,华西证券股份有限公司成都西玉龙街证券营业部,,,3076324.0,0.063840619463,-3076324.0,有价格涨跌幅限制的日收盘价格跌幅偏离值达到7%的前五只证券,600636,退市国化
3,国金证券股份有限公司成都武成大街证券营业部,,,1323960.0,0.027475138036,-1323960.0,有价格涨跌幅限制的日收盘价格跌幅偏离值达到7%的前五只证券,600636,退市国化
4,中国中金财富证券有限公司南通如东青园北路证券营业部,,,1116500.0,0.023169877955,-1116500.0,有价格涨跌幅限制的日收盘价格跌幅偏离值达到7%的前五只证券,600636,退市国化
5,中信证券股份有限公司浙江分公司,,,1065928.64,0.022120408865,-1065928.64,有价格涨跌幅限制的日收盘价格跌幅偏离值达到7%的前五只证券,600636,退市国化
6,招商证券股份有限公司北京金融大街证券营业部,,,3360096.6,0.06972953707,-3360096.6,退市整理的证券,600636,退市国化
7,华西证券股份有限公司成都西玉龙街证券营业部,,,3076324.0,0.063840619463,-3076324.0,退市整理的证券,600636,退市国化
8,国金证券股份有限公司成都武成大街证券营业部,,,1323960.0,0.027475138036,-1323960.0,退市整理的证券,600636,退市国化
9,中国中金财富证券有限公司南通如东青园北路证券营业部,,,1116500.0,0.023169877955,-1116500.0,退市整理的证券,600636,退市国化
10,中信证券股份有限公司浙江分公司,,,1065928.64,0.022120408865,-1065928.64,退市整理的证券,600636,退市国化
1,中信证券股份有限公司北京天通苑证券营业部,4451993.0,0.092388835169,,,4451993.0,有价格涨跌幅限制的日收盘价格跌幅偏离值达到7%的前五只证券,600636,退市国化
2,中国中金财富证券有限公司广州番禺东兴路证券营业部,2639000.0,0.054765166076,,,2639000.0,有价格涨跌幅限制的日收盘价格跌幅偏离值达到7%的前五只证券,600636,退市国化
3,财通证券股份有限公司台州临海杜桥滨海西路证券营业部,2050300.0,0.042548321336,,,2050300.0,有价格涨跌幅限制的日收盘价格跌幅偏离值达到7%的前五只证券,600636,退市国化
4,东方财富证券股份有限公司拉萨东环路第二证券营业部,1243833.0,0.025812323158,,,1243833.0,有价格涨跌幅限制的日收盘价格跌幅偏离值达到7%的前五只证券,600636,退市国化
5,中信建投证券股份有限公司上海万航渡路证券营业部,1015000.0,0.021063525414,,,1015000.0,有价格涨跌幅限制的日收盘价格跌幅偏离值达到7%的前五只证券,600636,退市国化
6,中信证券股份有限公司北京天通苑证券营业部,4451993.0,0.092388835169,,,4451993.0,退市整理的证券,600636,退市国化
7,中国中金财富证券有限公司广州番禺东兴路证券营业部,2639000.0,0.054765166076,,,2639000.0,退市整理的证券,600636,退市国化
8,财通证券股份有限公司台州临海杜桥滨海西路证券营业部,2050300.0,0.042548321336,,,2050300.0,退市整理的证券,600636,退市国化
9,东方财富证券股份有限公司拉萨东环路第二证券营业部,1243833.0,0.025812323158,,,1243833.0,退市整理的证券,600636,退市国化
10,中信建投证券股份有限公司上海万航渡路证券营业部,1015000.0,0.021063525414,,,1015000.0,退市整理的证券,600636,退市国化
1,招商证券股份有限公司北京金融大街证券营业部,,,3360096.6,0.06972953707,-3360096.6,有价格涨跌幅限制的日收盘价格跌幅偏离值达到7%的前五只证券,600636,退市国化
2,华西证券股份有限公司成都西玉龙街证券营业部,,,3076324.0,0.063840619463,-3076324.0,有价格涨跌幅限制的日收盘价格跌幅偏离值达到7%的前五只证券,600636,退市国化
3,国金证券股份有限公司成都武成大街证券营业部,,,1323960.0,0.027475138036,-1323960.0,有价格涨跌幅限制的日收盘价格跌幅偏离值达到7%的前五只证券,600636,退市国化
4,中国中金财富证券有限公司南通如东青园北路证券营业部,,,1116500.0,0.023169877955,-1116500.0,有价格涨跌幅限制的日收盘价格跌幅偏离值达到7%的前五只证券,600636,退市国化
5,中信证券股份有限公司浙江分公司,,,1065928.64,0.022120408865,-1065928.64,有价格涨跌幅限制的日收盘价格跌幅偏离值达到7%的前五只证券,600636,退市国化
6,招商证券股份有限公司北京金融大街证券营业部,,,3360096.6,0.06972953707,-3360096.6,退市整理的证券,600636,退市国化
7,华西证券股份有限公司成都西玉龙街证券营业部,,,3076324.0,0.063840619463,-3076324.0,退市整理的证券,600636,退市国化
8,国金证券股份有限公司成都武成大街证券营业部,,,1323960.0,0.027475138036,-1323960.0,退市整理的证券,600636,退市国化
9,中国中金财富证券有限公司南通如东青园北路证券营业部,,,1116500.0,0.023169877955,-1116500.0,退市整理的证券,600636,退市国化
10,中信证券股份有限公司浙江分公司,,,1065928.64,0.022120408865,-1065928.64,退市整理的证券,600636,退市国化
1,中山证券有限责任公司张家港人民东路证券营业部,528230.0,0.100812177083,,,528230.0,退市整理的证券,600696,退市岩石
2,国金证券股份有限公司上海静安区南京西路证券营业部,306190.0,0.058436060998,,,306190.0,退市整理的证券,600696,退市岩石
3,国海证券股份有限公司钦州扬帆北大道证券营业部,302178.0,0.057670374736,,,302178.0,退市整理的证券,600696,退市岩石
4,中国银河证券股份有限公司莆田幸福路证券营业部,288228.0,0.055008030927,,,288228.0,退市整理的证券,600696,退市岩石
5,东方财富证券股份有限公司拉萨东城区江苏大道证券营业部,284668.0,0.054328608421,,,284668.0,退市整理的证券,600696,退市岩石
1,华泰证券股份有限公司上海黄浦区黄陂南路证券营业部,,,282338.0,0.053883930207,-282338.0,退市整理的证券,600696,退市岩石
2,东方证券股份有限公司上海黄浦区北京东路证券营业部,,,260500.0,0.04971616934,-260500.0,退市整理的证券,600696,退市岩石
3,五矿证券有限公司上海分公司,,,254600.0,0.04859016013,-254600.0,退市整理的证券,600696,退市岩石
4,国金证券股份有限公司深圳分公司,,,217002.0,0.041414618729,-217002.0,退市整理的证券,600696,退市岩石
5,国金证券股份有限公司上海静安区南京西路证券营业部,,,201324.32,0.038422548888,-201324.32,退市整理的证券,600696,退市岩石
1,沪股通专用,17569276.06,0.017496592485,,,17569276.06,有价格涨跌幅限制的日收盘价格跌幅偏离值达到7%的前五只证券,600850,电科数字
2,招商证券股份有限公司昆明北京路证券营业部,10098467.0,0.010056689941,,,10098467.0,有价格涨跌幅限制的日收盘价格跌幅偏离值达到7%的前五只证券,600850,电科数字
3,广发证券股份有限公司青岛武夷山路证券营业部,9279368.0,0.009240979529,,,9279368.0,有价格涨跌幅限制的日收盘价格跌幅偏离值达到7%的前五只证券,600850,电科数字
4,华泰证券股份有限公司南通湖东路证券营业部,8463115.48,0.008428103822,,,8463115.48,有价格涨跌幅限制的日收盘价格跌幅偏离值达到7%的前五只证券,600850,电科数字
5,国泰海通证券股份有限公司上海长宁区江苏路证券营业部,8456664.93,0.008421679958,,,8456664.93,有价格涨跌幅限制的日收盘价格跌幅偏离值达到7%的前五只证券,600850,电科数字
1,广发证券股份有限公司江门鹤山证券营业部,,,11350684.0,0.011303726557,-11350684.0,有价格涨跌幅限制的日收盘价格跌幅偏离值达到7%的前五只证券,600850,电科数字
2,国泰海通证券股份有限公司总部,,,10401471.0,0.010358440423,-10401471.0,有价格涨跌幅限制的日收盘价格跌幅偏离值达到7%的前五只证券,600850,电科数字
3,华泰证券股份有限公司南通湖东路证券营业部,,,9875307.0,0.009834453147,-9875307.0,有价格涨跌幅限制的日收盘价格跌幅偏离值达到7%的前五只证券,600850,电科数字
4,国信证券股份有限公司浙江互联网分公司,,,9117590.0,0.0090798708,-9117590.0,有价格涨跌幅限制的日收盘价格跌幅偏离值达到7%的前五只证券,600850,电科数字
5,浙商证券股份有限公司四川分公司,,,8951421.0,0.008914389236,-8951421.0,有价格涨跌幅限制的日收盘价格跌幅偏离值达到7%的前五只证券,600850,电科数字
1,国信证券股份有限公司浙江互联网分公司,78821730.67,0.015891918869,,,78821730.67,有价格涨跌幅限制的日价格振幅达到15%的前五只证券,600863,华能蒙电
2,沪股通专用,72853575.0,0.014688628293,,,72853575.0,有价格涨跌幅限制的日价格振幅达到15%的前五只证券,600863,华能蒙电
3,东方财富证券股份有限公司拉萨团结路第一证券营业部,53243985.65,0.010734972361,,,53243985.65,有价格涨跌幅限制的日价格振幅达到15%的前五只证券,600863,华能蒙电
4,东方财富证券股份有限公司山南香曲东路证券营业部,52214401.0,0.010527389051,,,52214401.0,有价格涨跌幅限制的日价格振幅达到15%的前五只证券,600863,华能蒙电
5,东方财富证券股份有限公司拉萨金融城南环路证券营业部,44707333.7,0.009013825426,,,44707333.7,有价格涨跌幅限制的日价格振幅达到15%的前五只证券,600863,华能蒙电
1,信达证券股份有限公司资产管理事业部,,,411417854.03,0.082949449369,-411417854.03,有价格涨跌幅限制的日价格振幅达到15%的前五只证券,600863,华能蒙电
2,国信证券股份有限公司浙江互联网分公司,,,65640150.89,0.013234268565,-65640150.89,有价格涨跌幅限制的日价格振幅达到15%的前五只证券,600863,华能蒙电
3,沪股通专用,,,51897046.46,0.010463404506,-51897046.46,有价格涨跌幅限制的日价格振幅达到15%的前五只证券,600863,华能蒙电
4,东方财富证券股份有限公司山南香曲东路证券营业部,,,46846120.21,0.009445044347,-46846120.21,有价格涨跌幅限制的日价格振幅达到15%的前五只证券,600863,华能蒙电
5,东方财富证券股份有限公司拉萨金融城南环路证券营业部,,,39800839.0,0.008024585339,-39800839.0,有价格涨跌幅限制的日价格振幅达到15%的前五只证券,600863,华能蒙电
1,沪股通专用,100499401.14,0.047360438492,,,100499401.14,非ST、*ST和S证券连续三个交易日内收盘价格涨幅偏离值累计达到20%的证券,600936,北投科技
2,中国银河证券股份有限公司庄河世纪大街证券营业部,61142845.0,0.028813623932,,,61142845.0,非ST、*ST和S证券连续三个交易日内收盘价格涨幅偏离值累计达到20%的证券,600936,北投科技
3,高盛(中国)证券有限责任公司上海浦东新区世纪大道证券营业部,50525317.35,0.023810103916,,,50525317.35,非ST、*ST和S证券连续三个交易日内收盘价格涨幅偏离值累计达到20%的证券,600936,北投科技
4,开源证券股份有限公司西安太华路证券营业部,42870954.0,0.020202977898,,,42870954.0,非ST、*ST和S证券连续三个交易日内收盘价格涨幅偏离值累计达到20%的证券,600936,北投科技
5,摩根大通证券(中国)有限公司上海银城中路证券营业部,32841433.0,0.015476556576,,,32841433.0,非ST、*ST和S证券连续三个交易日内收盘价格涨幅偏离值累计达到20%的证券,600936,北投科技
1,沪股通专用,,,69238871.0,0.032628883894,-69238871.0,非ST、*ST和S证券连续三个交易日内收盘价格涨幅偏离值累计达到20%的证券,600936,北投科技
2,国泰海通证券股份有限公司河池百旺路证券营业部,,,68879416.0,0.032459490383,-68879416.0,非ST、*ST和S证券连续三个交易日内收盘价格涨幅偏离值累计达到20%的证券,600936,北投科技
3,长江证券股份有限公司上海福州路证券营业部,,,26972248.89,0.012710697975,-26972248.89,非ST、*ST和S证券连续三个交易日内收盘价格涨幅偏离值累计达到20%的证券,600936,北投科技
4,摩根大通证券(中国)有限公司上海银城中路证券营业部,,,24208263.26,0.011408167115,-24208263.26,非ST、*ST和S证券连续三个交易日内收盘价格涨幅偏离值累计达到20%的证券,600936,北投科技
5,国泰海通证券股份有限公司总部,,,20661950.0,0.009736963614,-20661950.0,非ST、*ST和S证券连续三个交易日内收盘价格涨幅偏离值累计达到20%的证券,600936,北投科技
1,机构专用,64935119.92,0.041128322793,,,64935119.92,有价格涨跌幅限制的日价格振幅达到15%的前五只证券,601101,昊华能源
2,沪股通专用,47397343.47,0.030020322503,,,47397343.47,有价格涨跌幅限制的日价格振幅达到15%的前五只证券,601101,昊华能源
3,中信证券股份有限公司上海分公司,30653258.11,0.019415026811,,,30653258.11,有价格涨跌幅限制的日价格振幅达到15%的前五只证券,601101,昊华能源
4,东方财富证券股份有限公司拉萨金融城南环路证券营业部,24389062.52,0.015447437953,,,24389062.52,有价格涨跌幅限制的日价格振幅达到15%的前五只证券,601101,昊华能源
5,机构专用,22185799.52,0.014051944852,,,22185799.52,有价格涨跌幅限制的日价格振幅达到15%的前五只证券,601101,昊华能源
1,机构专用,,,66152530.22,0.041899400815,-66152530.22,有价格涨跌幅限制的日价格振幅达到15%的前五只证券,601101,昊华能源
2,沪股通专用,,,50336161.0,0.031881697922,-50336161.0,有价格涨跌幅限制的日价格振幅达到15%的前五只证券,601101,昊华能源
3,招商证券股份有限公司宁波丽江东路证券营业部,,,24007554.24,0.015205799904,-24007554.24,有价格涨跌幅限制的日价格振幅达到15%的前五只证券,601101,昊华能源
4,中信证券股份有限公司上海分公司,,,22296477.24,0.014122045423,-22296477.24,有价格涨跌幅限制的日价格振幅达到15%的前五只证券,601101,昊华能源
5,机构专用,,,22232656.0,0.014081622605,-22232656.0,有价格涨跌幅限制的日价格振幅达到15%的前五只证券,601101,昊华能源
1,沪股通专用,27191909.33,0.059412828197,,,27191909.33,有价格涨跌幅限制的日收盘价格跌幅偏离值达到7%的前五只证券,601177,杭齿前进
2,兴业证券股份有限公司云南分公司,9227723.0,0.020162067863,,,9227723.0,有价格涨跌幅限制的日收盘价格跌幅偏离值达到7%的前五只证券,601177,杭齿前进
3,华宝证券股份有限公司上海东大名路证券营业部,5380459.0,0.011756007359,,,5380459.0,有价格涨跌幅限制的日收盘价格跌幅偏离值达到7%的前五只证券,601177,杭齿前进
4,申万宏源证券有限公司上海徐汇区宜山路证券营业部,4029080.0,0.008803318477,,,4029080.0,有价格涨跌幅限制的日收盘价格跌幅偏离值达到7%的前五只证券,601177,杭齿前进
5,东海证券股份有限公司常州延政中路证券营业部,3658184.13,0.007992931375,,,3658184.13,有价格涨跌幅限制的日收盘价格跌幅偏离值达到7%的前五只证券,601177,杭齿前进
1,浙商证券股份有限公司重庆分公司,,,10112219.8,0.022094644785,-10112219.8,有价格涨跌幅限制的日收盘价格跌幅偏离值达到7%的前五只证券,601177,杭齿前进
2,东方财富证券股份有限公司拉萨东环路第一证券营业部,,,4479724.08,0.009787951037,-4479724.08,有价格涨跌幅限制的日收盘价格跌幅偏离值达到7%的前五只证券,601177,杭齿前进
3,东方财富证券股份有限公司山南香曲东路证券营业部,,,4051714.0,0.008852772524,-4051714.0,有价格涨跌幅限制的日收盘价格跌幅偏离值达到7%的前五只证券,601177,杭齿前进
4,华西证券股份有限公司遂宁遂州南路证券营业部,,,3917600.0,0.008559740801,-3917600.0,有价格涨跌幅限制的日收盘价格跌幅偏离值达到7%的前五只证券,601177,杭齿前进
5,中信证券股份有限公司杭州金城路证券营业部,,,3400163.0,0.007429169379,-3400163.0,有价格涨跌幅限制的日收盘价格跌幅偏离值达到7%的前五只证券,601177,杭齿前进
1,中泰证券股份有限公司常州惠国路证券营业部,8349558.0,0.167123063549,,,8349558.0,有价格涨跌幅限制的日收盘价格涨幅偏离值达到7%的前五只证券,601798,蓝科高新
2,华鑫证券有限责任公司上海徐汇区瑞平路证券营业部,5211108.0,0.104304483357,,,5211108.0,有价格涨跌幅限制的日收盘价格涨幅偏离值达到7%的前五只证券,601798,蓝科高新
3,东北证券股份有限公司长春卫星路证券营业部,5099234.0,0.102065236008,,,5099234.0,有价格涨跌幅限制的日收盘价格涨幅偏离值达到7%的前五只证券,601798,蓝科高新
4,华泰证券股份有限公司总部,4829322.0,0.096662732028,,,4829322.0,有价格涨跌幅限制的日收盘价格涨幅偏离值达到7%的前五只证券,601798,蓝科高新
5,中国中金财富证券有限公司北京万寿路证券营业部,1960254.0,0.039236047443,,,1960254.0,有价格涨跌幅限制的日收盘价格涨幅偏离值达到7%的前五只证券,601798,蓝科高新
1,国泰海通证券股份有限公司总部,,,1692876.0,0.033884263494,-1692876.0,有价格涨跌幅限制的日收盘价格涨幅偏离值达到7%的前五只证券,601798,蓝科高新
2,机构专用,,,1632848.0,0.032682755191,-1632848.0,有价格涨跌幅限制的日收盘价格涨幅偏离值达到7%的前五只证券,601798,蓝科高新
3,中国银河证券股份有限公司青岛海口路证券营业部,,,1570506.0,0.031434930333,-1570506.0,有价格涨跌幅限制的日收盘价格涨幅偏离值达到7%的前五只证券,601798,蓝科高新
4,财通证券股份有限公司嵊州官河南路证券营业部,,,1179500.0,0.02360863335,-1179500.0,有价格涨跌幅限制的日收盘价格涨幅偏离值达到7%的前五只证券,601798,蓝科高新
5,中信证券股份有限公司上海分公司,,,1133203.0,0.022681961965,-1133203.0,有价格涨跌幅限制的日收盘价格涨幅偏离值达到7%的前五只证券,601798,蓝科高新
1,国信证券股份有限公司浙江互联网分公司,198711473.29,0.018422330224,,,198711473.29,有价格涨跌幅限制的日价格振幅达到15%的前五只证券,601991,大唐发电
2,东方财富证券股份有限公司山南香曲东路证券营业部,127157102.17,0.011788600264,,,127157102.17,有价格涨跌幅限制的日价格振幅达到15%的前五只证券,601991,大唐发电
3,东方财富证券股份有限公司拉萨东城区江苏大道证券营业部,106257202.87,0.009850992736,,,106257202.87,有价格涨跌幅限制的日价格振幅达到15%的前五只证券,601991,大唐发电
4,东方财富证券股份有限公司拉萨金融城南环路证券营业部,103481105.34,0.009593623674,,,103481105.34,有价格涨跌幅限制的日价格振幅达到15%的前五只证券,601991,大唐发电
5,东方财富证券股份有限公司昌都两江大道证券营业部,103122223.28,0.009560352099,,,103122223.28,有价格涨跌幅限制的日价格振幅达到15%的前五只证券,601991,大唐发电
1,国信证券股份有限公司浙江互联网分公司,,,186905393.88,0.017327801107,-186905393.88,有价格涨跌幅限制的日价格振幅达到15%的前五只证券,601991,大唐发电
2,沪股通专用,,,134924243.83,0.012508683741,-134924243.83,有价格涨跌幅限制的日价格振幅达到15%的前五只证券,601991,大唐发电
3,东方财富证券股份有限公司山南香曲东路证券营业部,,,93547253.61,0.008672666802,-93547253.61,有价格涨跌幅限制的日价格振幅达到15%的前五只证券,601991,大唐发电
4,东方财富证券股份有限公司拉萨金融城南环路证券营业部,,,92227554.11,0.008550318859,-92227554.11,有价格涨跌幅限制的日价格振幅达到15%的前五只证券,601991,大唐发电
5,东方财富证券股份有限公司拉萨东城区江苏大道证券营业部,,,85878713.08,0.007961724532,-85878713.08,有价格涨跌幅限制的日价格振幅达到15%的前五只证券,601991,大唐发电
1,沪股通专用,196051238.13,0.059948789481,,,196051238.13,有价格涨跌幅限制的日价格振幅达到15%的前五只证券,603011,合锻智能
2,中信证券股份有限公司上海分公司,92092076.59,0.028160028802,,,92092076.59,有价格涨跌幅限制的日价格振幅达到15%的前五只证券,603011,合锻智能
3,机构专用,63696545.92,0.019477208399,,,63696545.92,有价格涨跌幅限制的日价格振幅达到15%的前五只证券,603011,合锻智能
4,华泰证券股份有限公司泰兴国庆西路证券营业部,60529523.62,0.018508792413,,,60529523.62,有价格涨跌幅限制的日价格振幅达到15%的前五只证券,603011,合锻智能
5,高盛(中国)证券有限责任公司上海浦东新区世纪大道证券营业部,56779836.0,0.017362208306,,,56779836.0,有价格涨跌幅限制的日价格振幅达到15%的前五只证券,603011,合锻智能
1,沪股通专用,,,193929364.0,0.059299960191,-193929364.0,有价格涨跌幅限制的日价格振幅达到15%的前五只证券,603011,合锻智能
2,机构专用,,,86916353.84,0.026577389913,-86916353.84,有价格涨跌幅限制的日价格振幅达到15%的前五只证券,603011,合锻智能
3,国海证券股份有限公司南宁飞云路证券营业部,,,64971043.2,0.01986692575,-64971043.2,有价格涨跌幅限制的日价格振幅达到15%的前五只证券,603011,合锻智能
4,中信证券股份有限公司上海分公司,,,51924958.42,0.01587767785,-51924958.42,有价格涨跌幅限制的日价格振幅达到15%的前五只证券,603011,合锻智能
5,高盛(中国)证券有限责任公司上海浦东新区世纪大道证券营业部,,,50692886.46,0.015500933366,-50692886.46,有价格涨跌幅限制的日价格振幅达到15%的前五只证券,603011,合锻智能
1,国泰海通证券股份有限公司总部,67740828.0,0.047610434243,,,67740828.0,非ST、*ST和S证券连续三个交易日内收盘价格涨幅偏离值累计达到20%的证券,603311,金海高科
2,兴业证券股份有限公司武汉新华路证券营业部,55684787.0,0.039137060589,,,55684787.0,非ST、*ST和S证券连续三个交易日内收盘价格涨幅偏离值累计达到20%的证券,603311,金海高科
3,中信证券股份有限公司上海分公司,44832485.0,0.031509713449,,,44832485.0,非ST、*ST和S证券连续三个交易日内收盘价格涨幅偏离值累计达到20%的证券,603311,金海高科
4,摩根大通证券(中国)有限公司上海银城中路证券营业部,41155225.0,0.028925216763,,,41155225.0,非ST、*ST和S证券连续三个交易日内收盘价格涨幅偏离值累计达到20%的证券,603311,金海高科
5,中国国际金融股份有限公司上海分公司,32081135.0,0.02254765425,,,32081135.0,非ST、*ST和S证券连续三个交易日内收盘价格涨幅偏离值累计达到20%的证券,603311,金海高科
1,国泰海通证券股份有限公司总部,,,50753239.5,0.035671010278,-50753239.5,非ST、*ST和S证券连续三个交易日内收盘价格涨幅偏离值累计达到20%的证券,603311,金海高科
2,中信证券股份有限公司深圳滨海大道证券营业部,,,46125537.0,0.032418512013,-46125537.0,非ST、*ST和S证券连续三个交易日内收盘价格涨幅偏离值累计达到20%的证券,603311,金海高科
3,中信证券股份有限公司上海分公司,,,43882591.0,0.030842097372,-43882591.0,非ST、*ST和S证券连续三个交易日内收盘价格涨幅偏离值累计达到20%的证券,603311,金海高科
4,摩根大通证券(中国)有限公司上海银城中路证券营业部,,,41249613.0,0.028991555688,-41249613.0,非ST、*ST和S证券连续三个交易日内收盘价格涨幅偏离值累计达到20%的证券,603311,金海高科
5,瑞银证券有限责任公司上海花园石桥路证券营业部,,,28822116.0,0.020257110801,-28822116.0,非ST、*ST和S证券连续三个交易日内收盘价格涨幅偏离值累计达到20%的证券,603311,金海高科
1,长城证券股份有限公司深圳分公司,41169973.0,0.080422260314,,,41169973.0,有价格涨跌幅限制的日换手率达到20%的前五只证券,603344,星德胜
2,沪股通专用,32619874.36,0.063720324208,,,32619874.36,有价格涨跌幅限制的日换手率达到20%的前五只证券,603344,星德胜
3,兴业证券股份有限公司龙岩人民西路证券营业部,14724190.8,0.028762532961,,,14724190.8,有价格涨跌幅限制的日换手率达到20%的前五只证券,603344,星德胜
4,中信证券股份有限公司上海分公司,9628858.0,0.018809206521,,,9628858.0,有价格涨跌幅限制的日换手率达到20%的前五只证券,603344,星德胜
5,高盛(中国)证券有限责任公司上海浦东新区世纪大道证券营业部,8486101.0,0.016576921818,,,8486101.0,有价格涨跌幅限制的日换手率达到20%的前五只证券,603344,星德胜
1,国元证券股份有限公司浙江分公司,,,89735126.38,0.17529041598,-89735126.38,有价格涨跌幅限制的日换手率达到20%的前五只证券,603344,星德胜
2,沪股通专用,,,48977308.01,0.09567326688,-48977308.01,有价格涨跌幅限制的日换手率达到20%的前五只证券,603344,星德胜
3,中信证券股份有限公司上海分公司,,,11507172.0,0.022478343186,-11507172.0,有价格涨跌幅限制的日换手率达到20%的前五只证券,603344,星德胜
4,中国国际金融股份有限公司上海分公司,,,11395593.0,0.022260382504,-11395593.0,有价格涨跌幅限制的日换手率达到20%的前五只证券,603344,星德胜
5,国新证券股份有限公司海南分公司,,,10813105.0,0.021122538631,-10813105.0,有价格涨跌幅限制的日换手率达到20%的前五只证券,603344,星德胜
1,中信证券股份有限公司深圳深南中路中信大厦证券营业部,21787205.69,0.024800962307,,,21787205.69,有价格涨跌幅限制的日换手率达到20%的前五只证券,603435,嘉德利
2,中信证券股份有限公司上海分公司,15993492.82,0.018205823097,,,15993492.82,有价格涨跌幅限制的日换手率达到20%的前五只证券,603435,嘉德利
3,华泰证券股份有限公司总部,13567261.34,0.015443978539,,,13567261.34,有价格涨跌幅限制的日换手率达到20%的前五只证券,603435,嘉德利
4,兴业证券股份有限公司厦门湖里大道证券营业部,12661341.48,0.014412745593,,,12661341.48,有价格涨跌幅限制的日换手率达到20%的前五只证券,603435,嘉德利
5,国金证券股份有限公司深圳分公司,12073594.3,0.013743697168,,,12073594.3,有价格涨跌幅限制的日换手率达到20%的前五只证券,603435,嘉德利
1,国泰海通证券股份有限公司总部,,,15874584.33,0.018070466365,-15874584.33,有价格涨跌幅限制的日换手率达到20%的前五只证券,603435,嘉德利
2,东方财富证券股份有限公司拉萨东环路第二证券营业部,,,11346231.76,0.012915720823,-11346231.76,有价格涨跌幅限制的日换手率达到20%的前五只证券,603435,嘉德利
3,国泰海通证券股份有限公司南京广州路证券营业部,,,9191158.2,0.010462542619,-9191158.2,有价格涨跌幅限制的日换手率达到20%的前五只证券,603435,嘉德利
4,东方财富证券股份有限公司拉萨东城区江苏大道证券营业部,,,8235723.4,0.009374945485,-8235723.4,有价格涨跌幅限制的日换手率达到20%的前五只证券,603435,嘉德利
5,东方财富证券股份有限公司拉萨团结路第一证券营业部,,,7855247.34,0.008941839351,-7855247.34,有价格涨跌幅限制的日换手率达到20%的前五只证券,603435,嘉德利
1,中信证券股份有限公司深圳深南中路中信大厦证券营业部,36225256.0,0.015297830817,,,36225256.0,有价格涨跌幅限制的日换手率达到20%的前五只证券,603459,红板科技
2,高盛(中国)证券有限责任公司上海浦东新区世纪大道证券营业部,31130810.0,0.013146459602,,,31130810.0,有价格涨跌幅限制的日换手率达到20%的前五只证券,603459,红板科技
3,机构专用,30845355.0,0.013025912702,,,30845355.0,有价格涨跌幅限制的日换手率达到20%的前五只证券,603459,红板科技
4,华泰证券股份有限公司总部,30314884.0,0.012801896187,,,30314884.0,有价格涨跌幅限制的日换手率达到20%的前五只证券,603459,红板科技
5,东方财富证券股份有限公司山南香曲东路证券营业部,28868026.46,0.012190892034,,,28868026.46,有价格涨跌幅限制的日换手率达到20%的前五只证券,603459,红板科技
1,华福证券股份有限公司上海浦明路证券营业部,,,72294024.65,0.030529577435,-72294024.65,有价格涨跌幅限制的日换手率达到20%的前五只证券,603459,红板科技
2,高盛(中国)证券有限责任公司上海浦东新区世纪大道证券营业部,,,68676438.84,0.029001880413,-68676438.84,有价格涨跌幅限制的日换手率达到20%的前五只证券,603459,红板科技
3,中信证券股份有限公司深圳深南中路中信大厦证券营业部,,,64553830.64,0.027260913758,-64553830.64,有价格涨跌幅限制的日换手率达到20%的前五只证券,603459,红板科技
4,中信证券股份有限公司上海分公司,,,41812157.0,0.017657164489,-41812157.0,有价格涨跌幅限制的日换手率达到20%的前五只证券,603459,红板科技
5,中国国际金融股份有限公司上海分公司,,,34455221.1,0.01455034971,-34455221.1,有价格涨跌幅限制的日换手率达到20%的前五只证券,603459,红板科技
1,中信证券股份有限公司上海分公司,141967548.0,0.039731133086,,,141967548.0,非ST、*ST和S证券连续三个交易日内收盘价格涨幅偏离值累计达到20%的证券,603687,大胜达
2,国泰海通证券股份有限公司总部,138233694.0,0.038686174204,,,138233694.0,非ST、*ST和S证券连续三个交易日内收盘价格涨幅偏离值累计达到20%的证券,603687,大胜达
3,高盛(中国)证券有限责任公司上海浦东新区世纪大道证券营业部,108802306.0,0.030449486243,,,108802306.0,非ST、*ST和S证券连续三个交易日内收盘价格涨幅偏离值累计达到20%的证券,603687,大胜达
4,瑞银证券有限责任公司上海花园石桥路证券营业部,75785567.0,0.021209399548,,,75785567.0,非ST、*ST和S证券连续三个交易日内收盘价格涨幅偏离值累计达到20%的证券,603687,大胜达
5,中国国际金融股份有限公司上海分公司,59150493.0,0.016553896595,,,59150493.0,非ST、*ST和S证券连续三个交易日内收盘价格涨幅偏离值累计达到20%的证券,603687,大胜达
1,国泰海通证券股份有限公司总部,,,119761957.0,0.033516661513,-119761957.0,非ST、*ST和S证券连续三个交易日内收盘价格涨幅偏离值累计达到20%的证券,603687,大胜达
2,高盛(中国)证券有限责任公司上海浦东新区世纪大道证券营业部,,,96442881.0,0.026990569283,-96442881.0,非ST、*ST和S证券连续三个交易日内收盘价格涨幅偏离值累计达到20%的证券,603687,大胜达
3,中信证券股份有限公司上海分公司,,,79840008.0,0.022344078123,-79840008.0,非ST、*ST和S证券连续三个交易日内收盘价格涨幅偏离值累计达到20%的证券,603687,大胜达
4,瑞银证券有限责任公司上海花园石桥路证券营业部,,,56316001.0,0.015760633765,-56316001.0,非ST、*ST和S证券连续三个交易日内收盘价格涨幅偏离值累计达到20%的证券,603687,大胜达
5,中国国际金融股份有限公司上海分公司,,,51224902.0,0.014335835389,-51224902.0,非ST、*ST和S证券连续三个交易日内收盘价格涨幅偏离值累计达到20%的证券,603687,大胜达
1,兴业证券股份有限公司杭州萧山帆影路证券营业部,4449131.0,0.024587811079,,,4449131.0,有价格涨跌幅限制的日收盘价格跌幅偏离值达到7%的前五只证券,603721,中广天择
2,东莞证券股份有限公司东莞寮步证券营业部,3244578.0,0.017930933231,,,3244578.0,有价格涨跌幅限制的日收盘价格跌幅偏离值达到7%的前五只证券,603721,中广天择
3,高盛(中国)证券有限责任公司上海浦东新区世纪大道证券营业部,2625023.0,0.014507005886,,,2625023.0,有价格涨跌幅限制的日收盘价格跌幅偏离值达到7%的前五只证券,603721,中广天择
4,国泰海通证券股份有限公司总部,2539265.0,0.014033070301,,,2539265.0,有价格涨跌幅限制的日收盘价格跌幅偏离值达到7%的前五只证券,603721,中广天择
5,东方财富证券股份有限公司浙江分公司,2176872.0,0.01203033075,,,2176872.0,有价格涨跌幅限制的日收盘价格跌幅偏离值达到7%的前五只证券,603721,中广天择
1,中国银河证券股份有限公司北京学院南路证券营业部,,,14841999.49,0.082023271399,-14841999.49,有价格涨跌幅限制的日收盘价格跌幅偏离值达到7%的前五只证券,603721,中广天择
2,中信证券股份有限公司北京安外大街证券营业部,,,8980821.0,0.049631878694,-8980821.0,有价格涨跌幅限制的日收盘价格跌幅偏离值达到7%的前五只证券,603721,中广天择
3,中国银河证券股份有限公司青田临江东路证券营业部,,,4719892.0,0.026084152796,-4719892.0,有价格涨跌幅限制的日收盘价格跌幅偏离值达到7%的前五只证券,603721,中广天择
4,国金证券股份有限公司上海奉贤区金碧路证券营业部,,,3535706.0,0.019539831747,-3535706.0,有价格涨跌幅限制的日收盘价格跌幅偏离值达到7%的前五只证券,603721,中广天择
5,中信证券股份有限公司海宁海昌南路证券营业部,,,3020587.0,0.016693062646,-3020587.0,有价格涨跌幅限制的日收盘价格跌幅偏离值达到7%的前五只证券,603721,中广天择
1,沪股通专用,312751888.76,0.080232447782,,,312751888.76,非ST、*ST和S证券连续三个交易日内收盘价格涨幅偏离值累计达到20%的证券,603800,洪田股份
2,长城证券股份有限公司深圳分公司,136054621.78,0.034903051683,,,136054621.78,非ST、*ST和S证券连续三个交易日内收盘价格涨幅偏离值累计达到20%的证券,603800,洪田股份
3,国泰海通证券股份有限公司总部,118968061.18,0.030519715786,,,118968061.18,非ST、*ST和S证券连续三个交易日内收盘价格涨幅偏离值累计达到20%的证券,603800,洪田股份
4,长江证券股份有限公司西安太白北路证券营业部,100614105.0,0.025811245961,,,100614105.0,非ST、*ST和S证券连续三个交易日内收盘价格涨幅偏离值累计达到20%的证券,603800,洪田股份
5,高盛(中国)证券有限责任公司上海浦东新区世纪大道证券营业部,95834366.2,0.024585065856,,,95834366.2,非ST、*ST和S证券连续三个交易日内收盘价格涨幅偏离值累计达到20%的证券,603800,洪田股份
1,沪股通专用,,,284344993.74,0.072945026656,-284344993.74,非ST、*ST和S证券连续三个交易日内收盘价格涨幅偏离值累计达到20%的证券,603800,洪田股份
2,国泰海通证券股份有限公司总部,,,130859374.0,0.03357027813,-130859374.0,非ST、*ST和S证券连续三个交易日内收盘价格涨幅偏离值累计达到20%的证券,603800,洪田股份
3,高盛(中国)证券有限责任公司上海浦东新区世纪大道证券营业部,,,86636398.6,0.022225446357,-86636398.6,非ST、*ST和S证券连续三个交易日内收盘价格涨幅偏离值累计达到20%的证券,603800,洪田股份
4,华泰证券股份有限公司总部,,,65980859.0,0.016926535105,-65980859.0,非ST、*ST和S证券连续三个交易日内收盘价格涨幅偏离值累计达到20%的证券,603800,洪田股份
5,中信证券股份有限公司上海分公司,,,57559469.4,0.014766136637,-57559469.4,非ST、*ST和S证券连续三个交易日内收盘价格涨幅偏离值累计达到20%的证券,603800,洪田股份
1,沪股通专用,247020996.34,0.050045031096,,,247020996.34,有价格涨跌幅限制的日换手率达到20%的前五只证券,603890,春秋电子
2,高盛(中国)证券有限责任公司上海浦东新区世纪大道证券营业部,49546332.55,0.010037801603,,,49546332.55,有价格涨跌幅限制的日换手率达到20%的前五只证券,603890,春秋电子
3,东方财富证券股份有限公司拉萨金融城南环路证券营业部,47810445.44,0.009686120873,,,47810445.44,有价格涨跌幅限制的日换手率达到20%的前五只证券,603890,春秋电子
4,中国银河证券股份有限公司桂林中山中路证券营业部,42472173.0,0.008604617624,,,42472173.0,有价格涨跌幅限制的日换手率达到20%的前五只证券,603890,春秋电子
5,东方财富证券股份有限公司拉萨东环路第二证券营业部,40643120.08,0.008234062037,,,40643120.08,有价格涨跌幅限制的日换手率达到20%的前五只证券,603890,春秋电子
1,沪股通专用,,,209910076.26,0.042526572435,-209910076.26,有价格涨跌幅限制的日换手率达到20%的前五只证券,603890,春秋电子
2,国联民生证券股份有限公司慈溪影清路证券营业部,,,97877900.6,0.019829498916,-97877900.6,有价格涨跌幅限制的日换手率达到20%的前五只证券,603890,春秋电子
3,广发证券股份有限公司深圳后海证券营业部,,,88460780.93,0.01792164471,-88460780.93,有价格涨跌幅限制的日换手率达到20%的前五只证券,603890,春秋电子
4,国信证券股份有限公司深圳泰然九路证券营业部,,,83720257.35,0.016961241937,-83720257.35,有价格涨跌幅限制的日换手率达到20%的前五只证券,603890,春秋电子
5,高盛(中国)证券有限责任公司上海浦东新区世纪大道证券营业部,,,65836508.44,0.013338097413,-65836508.44,有价格涨跌幅限制的日换手率达到20%的前五只证券,603890,春秋电子
1,沪股通专用,24701401.06,0.077772067904,,,24701401.06,有价格涨跌幅限制的日收盘价格跌幅偏离值达到7%的前五只证券,605077,华康股份
2,东方财富证券股份有限公司拉萨东环路第一证券营业部,9222183.0,0.02903593366,,,9222183.0,有价格涨跌幅限制的日收盘价格跌幅偏离值达到7%的前五只证券,605077,华康股份
3,麦高证券有限责任公司北京分公司,5534709.0,0.017425965561,,,5534709.0,有价格涨跌幅限制的日收盘价格跌幅偏离值达到7%的前五只证券,605077,华康股份
4,中信证券股份有限公司上海分公司,5175922.0,0.016296328952,,,5175922.0,有价格涨跌幅限制的日收盘价格跌幅偏离值达到7%的前五只证券,605077,华康股份
5,华宝证券股份有限公司上海东大名路证券营业部,4839971.0,0.015238591218,,,4839971.0,有价格涨跌幅限制的日收盘价格跌幅偏离值达到7%的前五只证券,605077,华康股份
1,沪股通专用,,,22452581.0,0.07069168465,-22452581.0,有价格涨跌幅限制的日收盘价格跌幅偏离值达到7%的前五只证券,605077,华康股份
2,中国银河证券股份有限公司北京安贞门证券营业部,,,9454813.0,0.029768366453,-9454813.0,有价格涨跌幅限制的日收盘价格跌幅偏离值达到7%的前五只证券,605077,华康股份
3,光大证券股份有限公司烟台锦华街证券营业部,,,9403515.88,0.02960685808,-9403515.88,有价格涨跌幅限制的日收盘价格跌幅偏离值达到7%的前五只证券,605077,华康股份
4,中山证券有限责任公司湖北分公司,,,9235829.88,0.0290789007,-9235829.88,有价格涨跌幅限制的日收盘价格跌幅偏离值达到7%的前五只证券,605077,华康股份
5,江海证券有限公司北京东三环北路证券营业部,,,8814935.0,0.027753718168,-8814935.0,有价格涨跌幅限制的日收盘价格跌幅偏离值达到7%的前五只证券,605077,华康股份
1,高盛(中国)证券有限责任公司上海浦东新区世纪大道证券营业部,36871105.0,0.042313781007,,,36871105.0,非ST、*ST和S证券连续三个交易日内收盘价格涨幅偏离值累计达到20%的证券,605303,园林股份
2,国泰海通证券股份有限公司总部,34722104.0,0.039847558264,,,34722104.0,非ST、*ST和S证券连续三个交易日内收盘价格涨幅偏离值累计达到20%的证券,605303,园林股份
3,中信证券股份有限公司上海分公司,25906439.0,0.029730581346,,,25906439.0,非ST、*ST和S证券连续三个交易日内收盘价格涨幅偏离值累计达到20%的证券,605303,园林股份
4,中国国际金融股份有限公司上海分公司,17617621.0,0.020218221202,,,17617621.0,非ST、*ST和S证券连续三个交易日内收盘价格涨幅偏离值累计达到20%的证券,605303,园林股份
5,华泰证券股份有限公司总部,14881492.0,0.01707820239,,,14881492.0,非ST、*ST和S证券连续三个交易日内收盘价格涨幅偏离值累计达到20%的证券,605303,园林股份
1,高盛(中国)证券有限责任公司上海浦东新区世纪大道证券营业部,,,56154311.0,0.064443450183,-56154311.0,非ST、*ST和S证券连续三个交易日内收盘价格涨幅偏离值累计达到20%的证券,605303,园林股份
2,国泰海通证券股份有限公司总部,,,32848597.0,0.037697496179,-32848597.0,非ST、*ST和S证券连续三个交易日内收盘价格涨幅偏离值累计达到20%的证券,605303,园林股份
3,中信证券股份有限公司上海分公司,,,24635919.0,0.028272515333,-24635919.0,非ST、*ST和S证券连续三个交易日内收盘价格涨幅偏离值累计达到20%的证券,605303,园林股份
4,瑞银证券有限责任公司上海花园石桥路证券营业部,,,19239082.0,0.022079031874,-19239082.0,非ST、*ST和S证券连续三个交易日内收盘价格涨幅偏离值累计达到20%的证券,605303,园林股份
5,中国国际金融股份有限公司上海分公司,,,13534279.0,0.015532122449,-13534279.0,非ST、*ST和S证券连续三个交易日内收盘价格涨幅偏离值累计达到20%的证券,605303,园林股份
1,沪股通专用,232221309.53,0.086805230612,,,232221309.53,有价格涨跌幅限制的日收盘价格涨幅达到15%的前五只证券,688268,华特气体
2,华泰证券股份有限公司总部,87790864.12,0.032816567183,,,87790864.12,有价格涨跌幅限制的日收盘价格涨幅达到15%的前五只证券,688268,华特气体
3,瑞银证券有限责任公司上海花园石桥路证券营业部,75471117.93,0.02821139804,,,75471117.93,有价格涨跌幅限制的日收盘价格涨幅达到15%的前五只证券,688268,华特气体
4,天府证券有限责任公司上海崂山路证券营业部,59029135.86,0.022065321057,,,59029135.86,有价格涨跌幅限制的日收盘价格涨幅达到15%的前五只证券,688268,华特气体
5,国融证券股份有限公司上海分公司,56731601.14,0.021206493624,,,56731601.14,有价格涨跌幅限制的日收盘价格涨幅达到15%的前五只证券,688268,华特气体
1,沪股通专用,,,200911026.84,0.075101324907,-200911026.84,有价格涨跌幅限制的日收盘价格涨幅达到15%的前五只证券,688268,华特气体
2,瑞银证券有限责任公司上海花园石桥路证券营业部,,,56410931.73,0.021086626149,-56410931.73,有价格涨跌幅限制的日收盘价格涨幅达到15%的前五只证券,688268,华特气体
3,中信证券股份有限公司上海分公司,,,43972610.63,0.016437133242,-43972610.63,有价格涨跌幅限制的日收盘价格涨幅达到15%的前五只证券,688268,华特气体
4,国泰海通证券股份有限公司总部,,,43339573.38,0.01620050145,-43339573.38,有价格涨跌幅限制的日收盘价格涨幅达到15%的前五只证券,688268,华特气体
5,摩根大通证券(中国)有限公司上海银城中路证券营业部,,,27742773.99,0.010370357048,-27742773.99,有价格涨跌幅限制的日收盘价格涨幅达到15%的前五只证券,688268,华特气体
1,开源证券股份有限公司徐州分公司,716062.78,0.221451300448,,,716062.78,退市整理的证券,688287,退市观典
2,东方财富证券股份有限公司拉萨团结路第二证券营业部,137232.15,0.042440745322,,,137232.15,退市整理的证券,688287,退市观典
3,方正证券股份有限公司岳阳岳阳大道证券营业部,98599.2,0.030493026133,,,98599.2,退市整理的证券,688287,退市观典
4,东吴证券股份有限公司南京湖南路证券营业部,77046.55,0.02382760167,,,77046.55,退市整理的证券,688287,退市观典
5,中原证券股份有限公司新密西大街证券营业部,70000.0,0.021648368641,,,70000.0,退市整理的证券,688287,退市观典
1,东方财富证券股份有限公司拉萨东环路第二证券营业部,,,339838.62,0.105099310345,-339838.62,退市整理的证券,688287,退市观典
2,国都证券股份有限公司北京鲁谷路证券营业部,,,230585.95,0.071311566414,-230585.95,退市整理的证券,688287,退市观典
3,平安证券股份有限公司河南分公司,,,163181.9,0.050466027524,-163181.9,退市整理的证券,688287,退市观典
4,长城证券股份有限公司前海分公司,,,117919.94,0.036468204732,-117919.94,退市整理的证券,688287,退市观典
5,东方财富证券股份有限公司拉萨东环路第一证券营业部,,,113309.0,0.035042214319,-113309.0,退市整理的证券,688287,退市观典
1,东方财富证券股份有限公司拉萨东环路第二证券营业部,919122.27,0.013868394076,,,919122.27,有价格涨跌幅限制的日收盘价格涨幅达到15%的前五只证券,688496,*ST清越
2,东方财富证券股份有限公司昌都两江大道证券营业部,899791.83,0.013576722153,,,899791.83,有价格涨跌幅限制的日收盘价格涨幅达到15%的前五只证券,688496,*ST清越
3,华西证券股份有限公司石家庄自强路证券营业部,763661.11,0.01152268154,,,763661.11,有价格涨跌幅限制的日收盘价格涨幅达到15%的前五只证券,688496,*ST清越
4,华泰证券股份有限公司杭州解放东路证券营业部,723391.3,0.010915060974,,,723391.3,有价格涨跌幅限制的日收盘价格涨幅达到15%的前五只证券,688496,*ST清越
5,东方财富证券股份有限公司拉萨达孜区虎峰大道证券营业部,722482.03,0.010901341238,,,722482.03,有价格涨跌幅限制的日收盘价格涨幅达到15%的前五只证券,688496,*ST清越
1,中信证券股份有限公司上海分公司,,,1301534.22,0.019638507362,-1301534.22,有价格涨跌幅限制的日收盘价格涨幅达到15%的前五只证券,688496,*ST清越
2,华泰证券股份有限公司成都天府大道证券营业部,,,1255916.24,0.018950189665,-1255916.24,有价格涨跌幅限制的日收盘价格涨幅达到15%的前五只证券,688496,*ST清越
3,浙商证券股份有限公司义乌江滨北路证券营业部,,,1209660.27,0.018252245506,-1209660.27,有价格涨跌幅限制的日收盘价格涨幅达到15%的前五只证券,688496,*ST清越
4,东莞证券股份有限公司四川分公司,,,1171008.98,0.017669046362,-1171008.98,有价格涨跌幅限制的日收盘价格涨幅达到15%的前五只证券,688496,*ST清越
5,民生证券股份有限公司河南分公司,,,1157233.29,0.0174611886,-1157233.29,有价格涨跌幅限制的日收盘价格涨幅达到15%的前五只证券,688496,*ST清越
1,沪股通专用,1088358761.41,0.10314691139,,,1088358761.41,有价格涨跌幅限制的日收盘价格涨幅达到15%的前五只证券,688498,源杰科技
2,机构专用,312433427.85,0.029610220674,,,312433427.85,有价格涨跌幅限制的日收盘价格涨幅达到15%的前五只证券,688498,源杰科技
3,国泰海通证券股份有限公司总部,292610437.06,0.027731538435,,,292610437.06,有价格涨跌幅限制的日收盘价格涨幅达到15%的前五只证券,688498,源杰科技
4,中国国际金融股份有限公司上海分公司,289603134.94,0.027446527705,,,289603134.94,有价格涨跌幅限制的日收盘价格涨幅达到15%的前五只证券,688498,源杰科技
5,中信证券股份有限公司上海分公司,248256492.73,0.023527986695,,,248256492.73,有价格涨跌幅限制的日收盘价格涨幅达到15%的前五只证券,688498,源杰科技
1,机构专用,,,616293967.75,0.058407963932,-616293967.75,有价格涨跌幅限制的日收盘价格涨幅达到15%的前五只证券,688498,源杰科技
2,沪股通专用,,,615529886.24,0.058335549715,-615529886.24,有价格涨跌幅限制的日收盘价格涨幅达到15%的前五只证券,688498,源杰科技
3,中信证券股份有限公司上海分公司,,,349392612.74,0.033112949649,-349392612.74,有价格涨跌幅限制的日收盘价格涨幅达到15%的前五只证券,688498,源杰科技
4,国泰海通证券股份有限公司总部,,,269263141.83,0.025518847659,-269263141.83,有价格涨跌幅限制的日收盘价格涨幅达到15%的前五只证券,688498,源杰科技
5,机构专用,,,198050791.53,0.018769847011,-198050791.53,有价格涨跌幅限制的日收盘价格涨幅达到15%的前五只证券,688498,源杰科技
1,沪股通专用,209851827.33,0.042138307691,,,209851827.33,有价格涨跌幅限制的连续3个交易日内收盘价格涨幅偏离值累计达到30%的证券,688515,裕太微
2,申万宏源证券有限公司上海闵行区东川路证券营业部,113986833.84,0.02288858924,,,113986833.84,有价格涨跌幅限制的连续3个交易日内收盘价格涨幅偏离值累计达到30%的证券,688515,裕太微
3,中信证券股份有限公司上海分公司,67572864.7,0.013568650798,,,67572864.7,有价格涨跌幅限制的连续3个交易日内收盘价格涨幅偏离值累计达到30%的证券,688515,裕太微
4,国泰海通证券股份有限公司总部,59721246.63,0.011992043616,,,59721246.63,有价格涨跌幅限制的连续3个交易日内收盘价格涨幅偏离值累计达到30%的证券,688515,裕太微
5,申万宏源证券有限公司武汉青年路证券营业部,56495818.48,0.011344376709,,,56495818.48,有价格涨跌幅限制的连续3个交易日内收盘价格涨幅偏离值累计达到30%的证券,688515,裕太微
1,沪股通专用,,,238207980.85,0.047832231529,-238207980.85,有价格涨跌幅限制的连续3个交易日内收盘价格涨幅偏离值累计达到30%的证券,688515,裕太微
2,国融证券股份有限公司杭州市心北路证券营业部,,,162434559.76,0.032616906633,-162434559.76,有价格涨跌幅限制的连续3个交易日内收盘价格涨幅偏离值累计达到30%的证券,688515,裕太微
3,光大证券股份有限公司北京月坛北街证券营业部,,,79876580.06,0.016039240405,-79876580.06,有价格涨跌幅限制的连续3个交易日内收盘价格涨幅偏离值累计达到30%的证券,688515,裕太微
4,机构专用,,,68793413.27,0.013813737304,-68793413.27,有价格涨跌幅限制的连续3个交易日内收盘价格涨幅偏离值累计达到30%的证券,688515,裕太微
5,国泰海通证券股份有限公司总部,,,61284762.92,0.01230599814,-61284762.92,有价格涨跌幅限制的连续3个交易日内收盘价格涨幅偏离值累计达到30%的证券,688515,裕太微
1,国泰海通证券股份有限公司总部,120556758.87,0.025069085084,,,120556758.87,有价格涨跌幅限制的日换手率达到30%的前五只证券,688635,长进光子
2,高盛(中国)证券有限责任公司上海浦东新区世纪大道证券营业部,79528850.79,0.016537567414,,,79528850.79,有价格涨跌幅限制的日换手率达到30%的前五只证券,688635,长进光子
3,瑞银证券有限责任公司上海花园石桥路证券营业部,74750759.77,0.01554399085,,,74750759.77,有价格涨跌幅限制的日换手率达到30%的前五只证券,688635,长进光子
4,中国国际金融股份有限公司上海分公司,63628100.97,0.013231097882,,,63628100.97,有价格涨跌幅限制的日换手率达到30%的前五只证券,688635,长进光子
5,中信证券股份有限公司上海分公司,62062930.18,0.012905629612,,,62062930.18,有价格涨跌幅限制的日换手率达到30%的前五只证券,688635,长进光子
1,机构专用,,,65792283.0,0.013681127096,-65792283.0,有价格涨跌幅限制的日换手率达到30%的前五只证券,688635,长进光子
2,申万宏源证券有限公司上海虹口区中山北一路证券营业部,,,59021860.68,0.012273256689,-59021860.68,有价格涨跌幅限制的日换手率达到30%的前五只证券,688635,长进光子
3,国泰海通证券股份有限公司深圳滨河大道证券营业部,,,56155172.37,0.011677145332,-56155172.37,有价格涨跌幅限制的日换手率达到30%的前五只证券,688635,长进光子
4,东方财富证券股份有限公司拉萨团结路第一证券营业部,,,47120675.26,0.009798473585,-47120675.26,有价格涨跌幅限制的日换手率达到30%的前五只证券,688635,长进光子
5,东方财富证券股份有限公司山南香曲东路证券营业部,,,42495422.54,0.008836678867,-42495422.54,有价格涨跌幅限制的日换手率达到30%的前五只证券,688635,长进光子
1,机构专用,65116748.62,0.080462420826,,,65116748.62,有价格涨跌幅限制的日收盘价格涨幅达到15%的前五只证券,688655,迅捷兴
2,国泰海通证券股份有限公司总部,47894842.93,0.059181932282,,,47894842.93,有价格涨跌幅限制的日收盘价格涨幅达到15%的前五只证券,688655,迅捷兴
3,高盛(中国)证券有限责任公司上海浦东新区世纪大道证券营业部,43969817.51,0.054331919746,,,43969817.51,有价格涨跌幅限制的日收盘价格涨幅达到15%的前五只证券,688655,迅捷兴
4,华泰证券股份有限公司总部,41191670.48,0.050899063527,,,41191670.48,有价格涨跌幅限制的日收盘价格涨幅达到15%的前五只证券,688655,迅捷兴
5,瑞银证券有限责任公司上海花园石桥路证券营业部,23400338.43,0.02891495534,,,23400338.43,有价格涨跌幅限制的日收盘价格涨幅达到15%的前五只证券,688655,迅捷兴
1,中信证券股份有限公司上海分公司,,,40978583.06,0.050635759078,-40978583.06,有价格涨跌幅限制的日收盘价格涨幅达到15%的前五只证券,688655,迅捷兴
2,国泰海通证券股份有限公司总部,,,20477531.33,0.025303347883,-20477531.33,有价格涨跌幅限制的日收盘价格涨幅达到15%的前五只证券,688655,迅捷兴
3,机构专用,,,20009349.94,0.024724833003,-20009349.94,有价格涨跌幅限制的日收盘价格涨幅达到15%的前五只证券,688655,迅捷兴
4,招商证券股份有限公司漳州台商投资区证券营业部,,,18554021.68,0.022926536292,-18554021.68,有价格涨跌幅限制的日收盘价格涨幅达到15%的前五只证券,688655,迅捷兴
5,华泰证券股份有限公司总部,,,15426098.13,0.019061473826,-15426098.13,有价格涨跌幅限制的日收盘价格涨幅达到15%的前五只证券,688655,迅捷兴
1,沪股通专用,167359377.81,0.121630804955,,,167359377.81,有价格涨跌幅限制的日收盘价格涨幅达到15%的前五只证券,688661,和林微纳
2,国信证券股份有限公司杭州向往街证券营业部,55978845.1,0.040683420786,,,55978845.1,有价格涨跌幅限制的日收盘价格涨幅达到15%的前五只证券,688661,和林微纳
3,高盛(中国)证券有限责任公司上海浦东新区世纪大道证券营业部,46696292.34,0.033937193721,,,46696292.34,有价格涨跌幅限制的日收盘价格涨幅达到15%的前五只证券,688661,和林微纳
4,东方证券股份有限公司成都万象南路证券营业部,32950890.0,0.023947527334,,,32950890.0,有价格涨跌幅限制的日收盘价格涨幅达到15%的前五只证券,688661,和林微纳
5,申万宏源证券有限公司上海闵行区东川路证券营业部,30739227.68,0.022340170329,,,30739227.68,有价格涨跌幅限制的日收盘价格涨幅达到15%的前五只证券,688661,和林微纳
1,沪股通专用,,,125613391.16,0.091291316207,-125613391.16,有价格涨跌幅限制的日收盘价格涨幅达到15%的前五只证券,688661,和林微纳
2,机构专用,,,57816183.07,0.042018732253,-57816183.07,有价格涨跌幅限制的日收盘价格涨幅达到15%的前五只证券,688661,和林微纳
3,中信证券股份有限公司上海分公司,,,53774659.54,0.039081497623,-53774659.54,有价格涨跌幅限制的日收盘价格涨幅达到15%的前五只证券,688661,和林微纳
4,高盛(中国)证券有限责任公司上海浦东新区世纪大道证券营业部,,,28974042.98,0.021057297276,-28974042.98,有价格涨跌幅限制的日收盘价格涨幅达到15%的前五只证券,688661,和林微纳
5,华泰证券股份有限公司上海浦东新区滨江大道证券营业部,,,26297158.7,0.019111833604,-26297158.7,有价格涨跌幅限制的日收盘价格涨幅达到15%的前五只证券,688661,和林微纳
1,国信证券股份有限公司深圳互联网分公司,8165015.55,0.020004266793,807181.04,0.001977591442,7357834.51,当日换手率达到20%的前5只股票,920088,科力股份
2,机构专用,8011296.36,0.019627655179,2208953.2,0.005411929576,5802343.16,当日换手率达到20%的前5只股票,920088,科力股份
3,国信证券股份有限公司深圳红岭中路证券营业部,7652189.96,0.018747845436,1328766.62,0.003255474752,6323423.34,当日换手率达到20%的前5只股票,920088,科力股份
4,国金证券股份有限公司深圳分公司,7327227.77,0.017951688918,1051178.9,0.002575385562,6276048.87,当日换手率达到20%的前5只股票,920088,科力股份
5,中信建投证券股份有限公司北京东城分公司,5761519.53,0.014115707815,1224205.34,0.002999299889,4537314.19,当日换手率达到20%的前5只股票,920088,科力股份
6,国信证券股份有限公司深圳互联网分公司,8165015.55,0.020004266793,807181.04,0.001977591442,7357834.51,当日收盘价涨幅达到20%的前5只股票,920088,科力股份
7,机构专用,8011296.36,0.019627655179,2208953.2,0.005411929576,5802343.16,当日收盘价涨幅达到20%的前5只股票,920088,科力股份
8,国信证券股份有限公司深圳红岭中路证券营业部,7652189.96,0.018747845436,1328766.62,0.003255474752,6323423.34,当日收盘价涨幅达到20%的前5只股票,920088,科力股份
9,国金证券股份有限公司深圳分公司,7327227.77,0.017951688918,1051178.9,0.002575385562,6276048.87,当日收盘价涨幅达到20%的前5只股票,920088,科力股份
10,中信建投证券股份有限公司北京东城分公司,5761519.53,0.014115707815,1224205.34,0.002999299889,4537314.19,当日收盘价涨幅达到20%的前5只股票,920088,科力股份
1,中信证券(山东)有限责任公司青岛连云港路证券营业部,7056.99,1.7289607e-05,18474814.58,0.045263247516,-18467757.59,当日换手率达到20%的前5只股票,920088,科力股份
2,东方财富证券股份有限公司拉萨团结路第二证券营业部,3118828.08,0.007641120658,5178657.81,0.012687698122,-2059829.73,当日换手率达到20%的前5只股票,920088,科力股份
3,东方财富证券股份有限公司拉萨团结路第一证券营业部,3031355.13,0.007426812159,4929691.92,0.012077732341,-1898336.79,当日换手率达到20%的前5只股票,920088,科力股份
4,华泰证券股份有限公司上海徐汇区天钥桥路证券营业部,0.0,0.0,4400139.2,0.010780329559,-4400139.2,当日换手率达到20%的前5只股票,920088,科力股份
5,财信证券股份有限公司温州车站大道证券营业部,786597.48,0.001927161774,3604250.59,0.008830404541,-2817653.11,当日换手率达到20%的前5只股票,920088,科力股份
6,中信证券(山东)有限责任公司青岛连云港路证券营业部,7056.99,1.7289607e-05,18474814.58,0.045263247516,-18467757.59,当日收盘价涨幅达到20%的前5只股票,920088,科力股份
7,东方财富证券股份有限公司拉萨团结路第二证券营业部,3118828.08,0.007641120658,5178657.81,0.012687698122,-2059829.73,当日收盘价涨幅达到20%的前5只股票,920088,科力股份
8,东方财富证券股份有限公司拉萨团结路第一证券营业部,3031355.13,0.007426812159,4929691.92,0.012077732341,-1898336.79,当日收盘价涨幅达到20%的前5只股票,920088,科力股份
9,华泰证券股份有限公司上海徐汇区天钥桥路证券营业部,0.0,0.0,4400139.2,0.010780329559,-4400139.2,当日收盘价涨幅达到20%的前5只股票,920088,科力股份
10,财信证券股份有限公司温州车站大道证券营业部,786597.48,0.001927161774,3604250.59,0.008830404541,-2817653.11,当日收盘价涨幅达到20%的前5只股票,920088,科力股份
1,国信证券股份有限公司深圳互联网分公司,8165015.55,0.020004266793,807181.04,0.001977591442,7357834.51,当日换手率达到20%的前5只股票,920088,科力股份
2,机构专用,8011296.36,0.019627655179,2208953.2,0.005411929576,5802343.16,当日换手率达到20%的前5只股票,920088,科力股份
3,国信证券股份有限公司深圳红岭中路证券营业部,7652189.96,0.018747845436,1328766.62,0.003255474752,6323423.34,当日换手率达到20%的前5只股票,920088,科力股份
4,国金证券股份有限公司深圳分公司,7327227.77,0.017951688918,1051178.9,0.002575385562,6276048.87,当日换手率达到20%的前5只股票,920088,科力股份
5,中信建投证券股份有限公司北京东城分公司,5761519.53,0.014115707815,1224205.34,0.002999299889,4537314.19,当日换手率达到20%的前5只股票,920088,科力股份
6,国信证券股份有限公司深圳互联网分公司,8165015.55,0.020004266793,807181.04,0.001977591442,7357834.51,当日收盘价涨幅达到20%的前5只股票,920088,科力股份
7,机构专用,8011296.36,0.019627655179,2208953.2,0.005411929576,5802343.16,当日收盘价涨幅达到20%的前5只股票,920088,科力股份
8,国信证券股份有限公司深圳红岭中路证券营业部,7652189.96,0.018747845436,1328766.62,0.003255474752,6323423.34,当日收盘价涨幅达到20%的前5只股票,920088,科力股份
9,国金证券股份有限公司深圳分公司,7327227.77,0.017951688918,1051178.9,0.002575385562,6276048.87,当日收盘价涨幅达到20%的前5只股票,920088,科力股份
10,中信建投证券股份有限公司北京东城分公司,5761519.53,0.014115707815,1224205.34,0.002999299889,4537314.19,当日收盘价涨幅达到20%的前5只股票,920088,科力股份
1,中信证券(山东)有限责任公司青岛连云港路证券营业部,7056.99,1.7289607e-05,18474814.58,0.045263247516,-18467757.59,当日换手率达到20%的前5只股票,920088,科力股份
2,东方财富证券股份有限公司拉萨团结路第二证券营业部,3118828.08,0.007641120658,5178657.81,0.012687698122,-2059829.73,当日换手率达到20%的前5只股票,920088,科力股份
3,东方财富证券股份有限公司拉萨团结路第一证券营业部,3031355.13,0.007426812159,4929691.92,0.012077732341,-1898336.79,当日换手率达到20%的前5只股票,920088,科力股份
4,华泰证券股份有限公司上海徐汇区天钥桥路证券营业部,0.0,0.0,4400139.2,0.010780329559,-4400139.2,当日换手率达到20%的前5只股票,920088,科力股份
5,财信证券股份有限公司温州车站大道证券营业部,786597.48,0.001927161774,3604250.59,0.008830404541,-2817653.11,当日换手率达到20%的前5只股票,920088,科力股份
6,中信证券(山东)有限责任公司青岛连云港路证券营业部,7056.99,1.7289607e-05,18474814.58,0.045263247516,-18467757.59,当日收盘价涨幅达到20%的前5只股票,920088,科力股份
7,东方财富证券股份有限公司拉萨团结路第二证券营业部,3118828.08,0.007641120658,5178657.81,0.012687698122,-2059829.73,当日收盘价涨幅达到20%的前5只股票,920088,科力股份
8,东方财富证券股份有限公司拉萨团结路第一证券营业部,3031355.13,0.007426812159,4929691.92,0.012077732341,-1898336.79,当日收盘价涨幅达到20%的前5只股票,920088,科力股份
9,华泰证券股份有限公司上海徐汇区天钥桥路证券营业部,0.0,0.0,4400139.2,0.010780329559,-4400139.2,当日收盘价涨幅达到20%的前5只股票,920088,科力股份
10,财信证券股份有限公司温州车站大道证券营业部,786597.48,0.001927161774,3604250.59,0.008830404541,-2817653.11,当日收盘价涨幅达到20%的前5只股票,920088,科力股份
1,平安证券股份有限公司深圳金田路证券营业部,7798206.79,0.01866893137,264686.53,0.000633660378,7533520.26,当日换手率达到20%的前5只股票,920128,胜业电气
2,东方财富证券股份有限公司拉萨东环路第二证券营业部,5839077.43,0.013978769573,2686026.36,0.006430355481,3153051.07,当日换手率达到20%的前5只股票,920128,胜业电气
3,国金证券股份有限公司深圳分公司,5608038.19,0.013425660912,12616233.0,0.030203301139,-7008194.81,当日换手率达到20%的前5只股票,920128,胜业电气
4,东方财富证券股份有限公司山南香曲东路证券营业部,5048717.76,0.012086646059,363305.03,0.000869753375,4685412.73,当日换手率达到20%的前5只股票,920128,胜业电气
5,平安证券股份有限公司福州长乐北路证券营业部,4915052.7,0.011766651489,301158.68,0.000720974819,4613894.02,当日换手率达到20%的前5只股票,920128,胜业电气
1,国金证券股份有限公司深圳分公司,5608038.19,0.013425660912,12616233.0,0.030203301139,-7008194.81,当日换手率达到20%的前5只股票,920128,胜业电气
2,国信证券股份有限公司深圳互联网分公司,3982765.4,0.009534752786,12477224.49,0.029870514332,-8494459.09,当日换手率达到20%的前5只股票,920128,胜业电气
3,国投证券股份有限公司柳州晨华路证券营业部,0.0,0.0,7437785.36,0.017806081342,-7437785.36,当日换手率达到20%的前5只股票,920128,胜业电气
4,东吴证券股份有限公司苏州西北街证券营业部,2613275.0,0.006256188498,7077697.28,0.016944029356,-4464422.28,当日换手率达到20%的前5只股票,920128,胜业电气
5,申万宏源证券有限公司北京东四环中路证券营业部,0.0,0.0,6551822.48,0.015685083445,-6551822.48,当日换手率达到20%的前5只股票,920128,胜业电气
1,机构专用,23030010.96,0.029854703669,27315852.52,0.035410607658,-4285841.56,当日换手率达到20%的前5只股票,920161,龙辰科技
2,国信证券股份有限公司深圳红岭中路证券营业部,16370327.52,0.021221495636,9748786.65,0.012637733307,6621540.87,当日换手率达到20%的前5只股票,920161,龙辰科技
3,机构专用,13378080.85,0.017342529282,18197825.43,0.023590552631,-4819744.58,当日换手率达到20%的前5只股票,920161,龙辰科技
4,国金证券股份有限公司深圳分公司,11695061.47,0.015160765455,8843770.61,0.011464525629,2851290.86,当日换手率达到20%的前5只股票,920161,龙辰科技
5,平安证券股份有限公司浙江分公司,11677806.93,0.01513839772,335405.61,0.000434799406,11342401.32,当日换手率达到20%的前5只股票,920161,龙辰科技
1,机构专用,23030010.96,0.029854703669,27315852.52,0.035410607658,-4285841.56,当日换手率达到20%的前5只股票,920161,龙辰科技
2,机构专用,13378080.85,0.017342529282,18197825.43,0.023590552631,-4819744.58,当日换手率达到20%的前5只股票,920161,龙辰科技
3,国信证券股份有限公司深圳红岭中路证券营业部,16370327.52,0.021221495636,9748786.65,0.012637733307,6621540.87,当日换手率达到20%的前5只股票,920161,龙辰科技
4,东方财富证券股份有限公司拉萨东环路第二证券营业部,8222649.83,0.010659342476,9017485.25,0.011689718709,-794835.42,当日换手率达到20%的前5只股票,920161,龙辰科技
5,国金证券股份有限公司上海奉贤区金碧路证券营业部,2966639.81,0.00384577118,8853507.95,0.011477148523,-5886868.14,当日换手率达到20%的前5只股票,920161,龙辰科技
1,国金证券股份有限公司深圳分公司,8256942.71,0.034997589147,5978323.71,0.025339514193,2278619.0,当日换手率达到20%的前5只股票,920218,新天力
2,机构专用,5151223.54,0.021833796284,5213788.83,0.022098983338,-62565.29,当日换手率达到20%的前5只股票,920218,新天力
3,国信证券股份有限公司浙江分公司,3273901.27,0.013876643641,1213815.43,0.005144835711,2060085.84,当日换手率达到20%的前5只股票,920218,新天力
4,国投证券股份有限公司河源龙川证券营业部,2748910.89,0.011651437742,0.0,0.0,2748910.89,当日换手率达到20%的前5只股票,920218,新天力
5,华林证券股份有限公司西藏分公司,2705119.88,0.011465826696,224850.71,0.000953044371,2480269.17,当日换手率达到20%的前5只股票,920218,新天力
1,国金证券股份有限公司深圳分公司,8256942.71,0.034997589147,5978323.71,0.025339514193,2278619.0,当日换手率达到20%的前5只股票,920218,新天力
2,机构专用,5151223.54,0.021833796284,5213788.83,0.022098983338,-62565.29,当日换手率达到20%的前5只股票,920218,新天力
3,东方财富证券股份有限公司拉萨东环路第二证券营业部,2323161.18,0.009846869883,4946243.05,0.020964973134,-2623081.87,当日换手率达到20%的前5只股票,920218,新天力
4,国信证券股份有限公司深圳红岭中路证券营业部,2227281.9,0.009440479314,3035890.48,0.012867819415,-808608.58,当日换手率达到20%的前5只股票,920218,新天力
5,东方财富证券股份有限公司拉萨团结路第二证券营业部,1561481.96,0.006618442929,3004626.41,0.012735304619,-1443144.45,当日换手率达到20%的前5只股票,920218,新天力
1,国信证券股份有限公司深圳互联网分公司,42306030.15,0.042993356339,26266151.59,0.02669288541,16039878.56,当日价格振幅达到30%的前5只股票,920725,惠丰钻石
2,国金证券股份有限公司深圳分公司,38303482.66,0.038925781341,46793941.07,0.047554180239,-8490458.41,当日价格振幅达到30%的前5只股票,920725,惠丰钻石
3,机构专用,13990420.21,0.014217715992,4170455.07,0.004238210494,9819965.14,当日价格振幅达到30%的前5只股票,920725,惠丰钻石
4,中泰证券股份有限公司杭州湖墅南路证券营业部,11473293.27,0.011659694474,11462358.65,0.011648582204,10934.62,当日价格振幅达到30%的前5只股票,920725,惠丰钻石
5,东方财富证券股份有限公司拉萨金融城南环路证券营业部,10423692.4,0.010593041232,11544105.59,0.011731657248,-1120413.19,当日价格振幅达到30%的前5只股票,920725,惠丰钻石
1,国金证券股份有限公司深圳分公司,38303482.66,0.038925781341,46793941.07,0.047554180239,-8490458.41,当日价格振幅达到30%的前5只股票,920725,惠丰钻石
2,国信证券股份有限公司深圳互联网分公司,42306030.15,0.042993356339,26266151.59,0.02669288541,16039878.56,当日价格振幅达到30%的前5只股票,920725,惠丰钻石
3,财通证券股份有限公司宁波天童南路证券营业部,0.0,0.0,24257113.03,0.024651206945,-24257113.03,当日价格振幅达到30%的前5只股票,920725,惠丰钻石
4,国泰海通证券股份有限公司云南丽江福慧路营业部,0.0,0.0,16682373.22,0.016953403897,-16682373.22,当日价格振幅达到30%的前5只股票,920725,惠丰钻石
5,华泰证券股份有限公司南京广州路证券营业部,675569.07,0.000686544723,14439091.08,0.014673676207,-13763522.01,当日价格振幅达到30%的前5只股票,920725,惠丰钻石
1,国信证券股份有限公司深圳互联网分公司,29597460.96,0.058291611787,23634655.39,0.046547984592,5962805.57,当日换手率达到20%的前5只股票,920981,晶赛科技
2,机构专用,22866294.27,0.045034712619,0.0,0.0,22866294.27,当日换手率达到20%的前5只股票,920981,晶赛科技
3,国金证券股份有限公司深圳分公司,7935037.75,0.015627899321,2976410.06,0.005861980525,4958627.69,当日换手率达到20%的前5只股票,920981,晶赛科技
4,东方财富证券股份有限公司拉萨金融城南环路证券营业部,7247419.93,0.014273649675,2975111.4,0.00585942284,4272308.53,当日换手率达到20%的前5只股票,920981,晶赛科技
5,东方财富证券股份有限公司拉萨东环路第二证券营业部,6778115.74,0.01334936439,3344312.96,0.006586557983,3433802.78,当日换手率达到20%的前5只股票,920981,晶赛科技
6,国信证券股份有限公司深圳互联网分公司,29597460.96,0.058291611787,23634655.39,0.046547984592,5962805.57,当日收盘价涨幅达到20%的前5只股票,920981,晶赛科技
7,机构专用,22866294.27,0.045034712619,0.0,0.0,22866294.27,当日收盘价涨幅达到20%的前5只股票,920981,晶赛科技
8,国金证券股份有限公司深圳分公司,7935037.75,0.015627899321,2976410.06,0.005861980525,4958627.69,当日收盘价涨幅达到20%的前5只股票,920981,晶赛科技
9,东方财富证券股份有限公司拉萨金融城南环路证券营业部,7247419.93,0.014273649675,2975111.4,0.00585942284,4272308.53,当日收盘价涨幅达到20%的前5只股票,920981,晶赛科技
10,东方财富证券股份有限公司拉萨东环路第二证券营业部,6778115.74,0.01334936439,3344312.96,0.006586557983,3433802.78,当日收盘价涨幅达到20%的前5只股票,920981,晶赛科技
1,国信证券股份有限公司深圳互联网分公司,29597460.96,0.058291611787,23634655.39,0.046547984592,5962805.57,当日换手率达到20%的前5只股票,920981,晶赛科技
2,国投证券股份有限公司合肥创新大道证券营业部,0.0,0.0,18351736.44,0.036143380597,-18351736.44,当日换手率达到20%的前5只股票,920981,晶赛科技
3,中信建投证券股份有限公司上海营口路证券营业部,1841900.22,0.003627585918,12413655.98,0.024448449015,-10571755.76,当日换手率达到20%的前5只股票,920981,晶赛科技
4,东方财富证券股份有限公司拉萨团结路第一证券营业部,6427955.84,0.012659731418,8649915.56,0.017035836976,-2221959.72,当日换手率达到20%的前5只股票,920981,晶赛科技
5,国信证券股份有限公司深圳红岭中路证券营业部,2180069.33,0.004293603266,7492529.07,0.01475638726,-5312459.74,当日换手率达到20%的前5只股票,920981,晶赛科技
6,国信证券股份有限公司深圳互联网分公司,29597460.96,0.058291611787,23634655.39,0.046547984592,5962805.57,当日收盘价涨幅达到20%的前5只股票,920981,晶赛科技
7,国投证券股份有限公司合肥创新大道证券营业部,0.0,0.0,18351736.44,0.036143380597,-18351736.44,当日收盘价涨幅达到20%的前5只股票,920981,晶赛科技
8,中信建投证券股份有限公司上海营口路证券营业部,1841900.22,0.003627585918,12413655.98,0.024448449015,-10571755.76,当日收盘价涨幅达到20%的前5只股票,920981,晶赛科技
9,东方财富证券股份有限公司拉萨团结路第一证券营业部,6427955.84,0.012659731418,8649915.56,0.017035836976,-2221959.72,当日收盘价涨幅达到20%的前5只股票,920981,晶赛科技
10,国信证券股份有限公司深圳红岭中路证券营业部,2180069.33,0.004293603266,7492529.07,0.01475638726,-5312459.74,当日收盘价涨幅达到20%的前5只股票,920981,晶赛科技
1,国信证券股份有限公司深圳互联网分公司,29597460.96,0.058291611787,23634655.39,0.046547984592,5962805.57,当日换手率达到20%的前5只股票,920981,晶赛科技
2,机构专用,22866294.27,0.045034712619,0.0,0.0,22866294.27,当日换手率达到20%的前5只股票,920981,晶赛科技
3,国金证券股份有限公司深圳分公司,7935037.75,0.015627899321,2976410.06,0.005861980525,4958627.69,当日换手率达到20%的前5只股票,920981,晶赛科技
4,东方财富证券股份有限公司拉萨金融城南环路证券营业部,7247419.93,0.014273649675,2975111.4,0.00585942284,4272308.53,当日换手率达到20%的前5只股票,920981,晶赛科技
5,东方财富证券股份有限公司拉萨东环路第二证券营业部,6778115.74,0.01334936439,3344312.96,0.006586557983,3433802.78,当日换手率达到20%的前5只股票,920981,晶赛科技
6,国信证券股份有限公司深圳互联网分公司,29597460.96,0.058291611787,23634655.39,0.046547984592,5962805.57,当日收盘价涨幅达到20%的前5只股票,920981,晶赛科技
7,机构专用,22866294.27,0.045034712619,0.0,0.0,22866294.27,当日收盘价涨幅达到20%的前5只股票,920981,晶赛科技
8,国金证券股份有限公司深圳分公司,7935037.75,0.015627899321,2976410.06,0.005861980525,4958627.69,当日收盘价涨幅达到20%的前5只股票,920981,晶赛科技
9,东方财富证券股份有限公司拉萨金融城南环路证券营业部,7247419.93,0.014273649675,2975111.4,0.00585942284,4272308.53,当日收盘价涨幅达到20%的前5只股票,920981,晶赛科技
10,东方财富证券股份有限公司拉萨东环路第二证券营业部,6778115.74,0.01334936439,3344312.96,0.006586557983,3433802.78,当日收盘价涨幅达到20%的前5只股票,920981,晶赛科技
1,国信证券股份有限公司深圳互联网分公司,29597460.96,0.058291611787,23634655.39,0.046547984592,5962805.57,当日换手率达到20%的前5只股票,920981,晶赛科技
2,国投证券股份有限公司合肥创新大道证券营业部,0.0,0.0,18351736.44,0.036143380597,-18351736.44,当日换手率达到20%的前5只股票,920981,晶赛科技
3,中信建投证券股份有限公司上海营口路证券营业部,1841900.22,0.003627585918,12413655.98,0.024448449015,-10571755.76,当日换手率达到20%的前5只股票,920981,晶赛科技
4,东方财富证券股份有限公司拉萨团结路第一证券营业部,6427955.84,0.012659731418,8649915.56,0.017035836976,-2221959.72,当日换手率达到20%的前5只股票,920981,晶赛科技
5,国信证券股份有限公司深圳红岭中路证券营业部,2180069.33,0.004293603266,7492529.07,0.01475638726,-5312459.74,当日换手率达到20%的前5只股票,920981,晶赛科技
6,国信证券股份有限公司深圳互联网分公司,29597460.96,0.058291611787,23634655.39,0.046547984592,5962805.57,当日收盘价涨幅达到20%的前5只股票,920981,晶赛科技
7,国投证券股份有限公司合肥创新大道证券营业部,0.0,0.0,18351736.44,0.036143380597,-18351736.44,当日收盘价涨幅达到20%的前5只股票,920981,晶赛科技
8,中信建投证券股份有限公司上海营口路证券营业部,1841900.22,0.003627585918,12413655.98,0.024448449015,-10571755.76,当日收盘价涨幅达到20%的前5只股票,920981,晶赛科技
9,东方财富证券股份有限公司拉萨团结路第一证券营业部,6427955.84,0.012659731418,8649915.56,0.017035836976,-2221959.72,当日收盘价涨幅达到20%的前5只股票,920981,晶赛科技
10,国信证券股份有限公司深圳红岭中路证券营业部,2180069.33,0.004293603266,7492529.07,0.01475638726,-5312459.74,当日收盘价涨幅达到20%的前5只股票,920981,晶赛科技
