序号,交易营业部名称,买入金额,买入金额-占总成交比例,卖出金额,卖出金额-占总成交比例,净额,类型,代码,名称
1,国新证券股份有限公司北京分公司,43691536.0,0.080544776052,0.0,0.0,43691536.0,连续三个交易日内，涨幅偏离值累计达到20%的证券,000068,华控赛格
2,国新证券股份有限公司北京中关村大街证券营业部,23782977.0,0.04384360752,0.0,0.0,23782977.0,连续三个交易日内，涨幅偏离值累计达到20%的证券,000068,华控赛格
3,机构专用,21165665.0,0.039018627027,11548208.0,0.021288970641,9617457.0,连续三个交易日内，涨幅偏离值累计达到20%的证券,000068,华控赛格
4,机构专用,15140747.0,0.027911769373,7971156.0,0.014694721991,7169591.0,连续三个交易日内，涨幅偏离值累计达到20%的证券,000068,华控赛格
5,机构专用,11557619.04,0.02130631977,8238963.0,0.015188420699,3318656.04,连续三个交易日内，涨幅偏离值累计达到20%的证券,000068,华控赛格
1,华西证券股份有限公司成都高升桥路证券营业部,21747.0,4.0090311e-05,22567054.0,0.041602069348,-22545307.0,连续三个交易日内，涨幅偏离值累计达到20%的证券,000068,华控赛格
2,招商证券股份有限公司北京车公庄西路证券营业部,625128.0,0.001152415305,16818144.0,0.031004028837,-16193016.0,连续三个交易日内，涨幅偏离值累计达到20%的证券,000068,华控赛格
3,机构专用,21165665.0,0.039018627027,11548208.0,0.021288970641,9617457.0,连续三个交易日内，涨幅偏离值累计达到20%的证券,000068,华控赛格
4,中信建投证券股份有限公司杭州庆春路证券营业部,10595062.0,0.019531858437,11399851.68,0.021015477703,-804789.68,连续三个交易日内，涨幅偏离值累计达到20%的证券,000068,华控赛格
5,平安证券股份有限公司深圳深南东路罗湖商务中心证券营业部,1597054.0,0.002944148193,8709716.0,0.016056247707,-7112662.0,连续三个交易日内，涨幅偏离值累计达到20%的证券,000068,华控赛格
1,国新证券股份有限公司北京中关村大街证券营业部,24395388.0,0.098870564728,769818.0,0.003119947934,23625570.0,连续三个交易日内，涨幅偏离值累计达到20%的证券,000517,荣安地产
2,国新证券股份有限公司北京分公司,13891926.0,0.056301730834,0.0,0.0,13891926.0,连续三个交易日内，涨幅偏离值累计达到20%的证券,000517,荣安地产
3,深股通专用,7652598.0,0.031014742864,7744193.0,0.031385962595,-91595.0,连续三个交易日内，涨幅偏离值累计达到20%的证券,000517,荣安地产
4,华鑫证券有限责任公司绍兴胜利东路证券营业部,7182772.0,0.029110614021,318955.0,0.001292673065,6863817.0,连续三个交易日内，涨幅偏离值累计达到20%的证券,000517,荣安地产
5,国信证券股份有限公司厦门湖滨北路证券营业部,5944237.0,0.02409103184,5968810.0,0.024190622238,-24573.0,连续三个交易日内，涨幅偏离值累计达到20%的证券,000517,荣安地产
1,深股通专用,7652598.0,0.031014742864,7744193.0,0.031385962595,-91595.0,连续三个交易日内，涨幅偏离值累计达到20%的证券,000517,荣安地产
2,机构专用,0.0,0.0,6109772.0,0.024761918441,-6109772.0,连续三个交易日内，涨幅偏离值累计达到20%的证券,000517,荣安地产
3,国信证券股份有限公司厦门湖滨北路证券营业部,5944237.0,0.02409103184,5968810.0,0.024190622238,-24573.0,连续三个交易日内，涨幅偏离值累计达到20%的证券,000517,荣安地产
4,东方财富证券股份有限公司山南香曲东路证券营业部,446613.0,0.001810050306,5694257.0,0.023077903303,-5247644.0,连续三个交易日内，涨幅偏离值累计达到20%的证券,000517,荣安地产
5,机构专用,3546672.0,0.014374088395,4745543.0,0.019232918794,-1198871.0,连续三个交易日内，涨幅偏离值累计达到20%的证券,000517,荣安地产
1,机构专用,9234628.75,0.048397779887,4170183.0,0.021855518439,5064445.75,日振幅值达到15%的前5只证券,000668,荣丰控股
2,平安证券股份有限公司济南解放路证券营业部,8536963.0,0.044741382395,89365.0,0.000468353165,8447598.0,日振幅值达到15%的前5只证券,000668,荣丰控股
3,机构专用,6480983.0,0.03396619368,5827561.0,0.030541673325,653422.0,日振幅值达到15%的前5只证券,000668,荣丰控股
4,国泰海通证券股份有限公司杭州延安路证券营业部,5786825.0,0.03032817996,0.0,0.0,5786825.0,日振幅值达到15%的前5只证券,000668,荣丰控股
5,机构专用,3490381.0,0.018292743101,3197990.0,0.016760350664,292391.0,日振幅值达到15%的前5只证券,000668,荣丰控股
6,机构专用,14501537.0,0.047579556867,14954480.0,0.049065663286,-452943.0,连续三个交易日内，涨幅偏离值累计达到20%的证券,000668,荣丰控股
7,机构专用,11528668.0,0.037825570814,7174374.0,0.023539128005,4354294.0,连续三个交易日内，涨幅偏离值累计达到20%的证券,000668,荣丰控股
8,机构专用,11103030.75,0.036429054586,5034205.0,0.016517231455,6068825.75,连续三个交易日内，涨幅偏离值累计达到20%的证券,000668,荣丰控股
9,第一创业证券股份有限公司武汉分公司,9607990.0,0.031523824445,618948.0,0.002030768984,8989042.0,连续三个交易日内，涨幅偏离值累计达到20%的证券,000668,荣丰控股
10,平安证券股份有限公司济南解放路证券营业部,8556923.0,0.028075272606,89365.0,0.000293206651,8467558.0,连续三个交易日内，涨幅偏离值累计达到20%的证券,000668,荣丰控股
1,机构专用,0.0,0.0,14954480.0,0.078374957019,-14954480.0,日振幅值达到15%的前5只证券,000668,荣丰控股
2,机构专用,6480983.0,0.03396619368,5827561.0,0.030541673325,653422.0,日振幅值达到15%的前5只证券,000668,荣丰控股
3,华鑫证券有限责任公司深圳分公司,0.0,0.0,5294443.0,0.027747654386,-5294443.0,日振幅值达到15%的前5只证券,000668,荣丰控股
4,广发证券股份有限公司广州中山三路中华广场证券营业部,4078.0,2.1372396e-05,4519409.0,0.023685777514,-4515331.0,日振幅值达到15%的前5只证券,000668,荣丰控股
5,机构专用,9234628.75,0.048397779887,4170183.0,0.021855518439,5064445.75,日振幅值达到15%的前5只证券,000668,荣丰控股
6,机构专用,14501537.0,0.047579556867,14954480.0,0.049065663286,-452943.0,连续三个交易日内，涨幅偏离值累计达到20%的证券,000668,荣丰控股
7,长城证券股份有限公司深圳分公司,0.0,0.0,9499442.08,0.031167678615,-9499442.08,连续三个交易日内，涨幅偏离值累计达到20%的证券,000668,荣丰控股
8,申万宏源证券有限公司广州东风东路证券营业部,0.0,0.0,9417454.2,0.030898676302,-9417454.2,连续三个交易日内，涨幅偏离值累计达到20%的证券,000668,荣丰控股
9,广发证券股份有限公司广州中山三路中华广场证券营业部,4078.0,1.3379922e-05,8304711.0,0.027247764791,-8300633.0,连续三个交易日内，涨幅偏离值累计达到20%的证券,000668,荣丰控股
10,机构专用,11528668.0,0.037825570814,7174374.0,0.023539128005,4354294.0,连续三个交易日内，涨幅偏离值累计达到20%的证券,000668,荣丰控股
1,机构专用,9234628.75,0.048397779887,4170183.0,0.021855518439,5064445.75,日振幅值达到15%的前5只证券,000668,荣丰控股
2,平安证券股份有限公司济南解放路证券营业部,8536963.0,0.044741382395,89365.0,0.000468353165,8447598.0,日振幅值达到15%的前5只证券,000668,荣丰控股
3,机构专用,6480983.0,0.03396619368,5827561.0,0.030541673325,653422.0,日振幅值达到15%的前5只证券,000668,荣丰控股
4,国泰海通证券股份有限公司杭州延安路证券营业部,5786825.0,0.03032817996,0.0,0.0,5786825.0,日振幅值达到15%的前5只证券,000668,荣丰控股
5,机构专用,3490381.0,0.018292743101,3197990.0,0.016760350664,292391.0,日振幅值达到15%的前5只证券,000668,荣丰控股
6,机构专用,14501537.0,0.047579556867,14954480.0,0.049065663286,-452943.0,连续三个交易日内，涨幅偏离值累计达到20%的证券,000668,荣丰控股
7,机构专用,11528668.0,0.037825570814,7174374.0,0.023539128005,4354294.0,连续三个交易日内，涨幅偏离值累计达到20%的证券,000668,荣丰控股
8,机构专用,11103030.75,0.036429054586,5034205.0,0.016517231455,6068825.75,连续三个交易日内，涨幅偏离值累计达到20%的证券,000668,荣丰控股
9,第一创业证券股份有限公司武汉分公司,9607990.0,0.031523824445,618948.0,0.002030768984,8989042.0,连续三个交易日内，涨幅偏离值累计达到20%的证券,000668,荣丰控股
10,平安证券股份有限公司济南解放路证券营业部,8556923.0,0.028075272606,89365.0,0.000293206651,8467558.0,连续三个交易日内，涨幅偏离值累计达到20%的证券,000668,荣丰控股
1,机构专用,0.0,0.0,14954480.0,0.078374957019,-14954480.0,日振幅值达到15%的前5只证券,000668,荣丰控股
2,机构专用,6480983.0,0.03396619368,5827561.0,0.030541673325,653422.0,日振幅值达到15%的前5只证券,000668,荣丰控股
3,华鑫证券有限责任公司深圳分公司,0.0,0.0,5294443.0,0.027747654386,-5294443.0,日振幅值达到15%的前5只证券,000668,荣丰控股
4,广发证券股份有限公司广州中山三路中华广场证券营业部,4078.0,2.1372396e-05,4519409.0,0.023685777514,-4515331.0,日振幅值达到15%的前5只证券,000668,荣丰控股
5,机构专用,9234628.75,0.048397779887,4170183.0,0.021855518439,5064445.75,日振幅值达到15%的前5只证券,000668,荣丰控股
6,机构专用,14501537.0,0.047579556867,14954480.0,0.049065663286,-452943.0,连续三个交易日内，涨幅偏离值累计达到20%的证券,000668,荣丰控股
7,长城证券股份有限公司深圳分公司,0.0,0.0,9499442.08,0.031167678615,-9499442.08,连续三个交易日内，涨幅偏离值累计达到20%的证券,000668,荣丰控股
8,申万宏源证券有限公司广州东风东路证券营业部,0.0,0.0,9417454.2,0.030898676302,-9417454.2,连续三个交易日内，涨幅偏离值累计达到20%的证券,000668,荣丰控股
9,广发证券股份有限公司广州中山三路中华广场证券营业部,4078.0,1.3379922e-05,8304711.0,0.027247764791,-8300633.0,连续三个交易日内，涨幅偏离值累计达到20%的证券,000668,荣丰控股
10,机构专用,11528668.0,0.037825570814,7174374.0,0.023539128005,4354294.0,连续三个交易日内，涨幅偏离值累计达到20%的证券,000668,荣丰控股
1,国新证券股份有限公司北京分公司,47641023.0,0.047450170065,43369579.15,0.043195837888,4271443.85,连续三个交易日内，涨幅偏离值累计达到20%的证券,000759,中百集团
2,深股通专用,44148574.0,0.043971712035,10904604.0,0.01086091947,33243970.0,连续三个交易日内，涨幅偏离值累计达到20%的证券,000759,中百集团
3,国泰海通证券股份有限公司南京太平南路证券营业部,43136941.0,0.042964131701,47559140.0,0.047368615093,-4422199.0,连续三个交易日内，涨幅偏离值累计达到20%的证券,000759,中百集团
4,国新证券股份有限公司北京中关村大街证券营业部,23711795.0,0.023616804058,26023684.0,0.025919431485,-2311889.0,连续三个交易日内，涨幅偏离值累计达到20%的证券,000759,中百集团
5,机构专用,21677230.0,0.021590389653,2424131.0,0.002414419779,19253099.0,连续三个交易日内，涨幅偏离值累计达到20%的证券,000759,中百集团
1,国泰海通证券股份有限公司南京太平南路证券营业部,43136941.0,0.042964131701,47559140.0,0.047368615093,-4422199.0,连续三个交易日内，涨幅偏离值累计达到20%的证券,000759,中百集团
2,国新证券股份有限公司北京分公司,47641023.0,0.047450170065,43369579.15,0.043195837888,4271443.85,连续三个交易日内，涨幅偏离值累计达到20%的证券,000759,中百集团
3,国新证券股份有限公司北京中关村大街证券营业部,23711795.0,0.023616804058,26023684.0,0.025919431485,-2311889.0,连续三个交易日内，涨幅偏离值累计达到20%的证券,000759,中百集团
4,国信证券股份有限公司深圳互联网分公司,6591106.0,0.006564701615,15609742.35,0.01554720874,-9018636.35,连续三个交易日内，涨幅偏离值累计达到20%的证券,000759,中百集团
5,华鑫证券有限责任公司上海东大名路证券营业部,10741080.0,0.010698050558,12251577.0,0.012202496412,-1510497.0,连续三个交易日内，涨幅偏离值累计达到20%的证券,000759,中百集团
1,开源证券股份有限公司西安太华路证券营业部,49741166.0,0.041724891091,40884720.8,0.034295748569,8856445.2,连续三个交易日内，涨幅偏离值累计达到20%的证券,000785,居然智家
2,深股通专用,35329470.0,0.029635780715,19363416.0,0.016242812317,15966054.0,连续三个交易日内，涨幅偏离值累计达到20%的证券,000785,居然智家
3,东亚前海证券有限责任公司苏州分公司,34875262.0,0.029254772772,805772.0,0.000675913969,34069490.0,连续三个交易日内，涨幅偏离值累计达到20%的证券,000785,居然智家
4,平安证券股份有限公司杭州曙光路证券营业部,18610604.08,0.015611323393,10519970.96,0.008824574852,8090633.12,连续三个交易日内，涨幅偏离值累计达到20%的证券,000785,居然智家
5,国泰海通证券股份有限公司沈阳青年大街证券营业部,15650669.0,0.013128410772,8671814.0,0.007274266444,6978855.0,连续三个交易日内，涨幅偏离值累计达到20%的证券,000785,居然智家
1,开源证券股份有限公司西安太华路证券营业部,49741166.0,0.041724891091,40884720.8,0.034295748569,8856445.2,连续三个交易日内，涨幅偏离值累计达到20%的证券,000785,居然智家
2,华泰证券股份有限公司北京东三环北路证券营业部,0.0,0.0,21301680.0,0.017868706135,-21301680.0,连续三个交易日内，涨幅偏离值累计达到20%的证券,000785,居然智家
3,深股通专用,35329470.0,0.029635780715,19363416.0,0.016242812317,15966054.0,连续三个交易日内，涨幅偏离值累计达到20%的证券,000785,居然智家
4,中国银河证券股份有限公司桂林中山中路证券营业部,14057901.52,0.011792333334,14985359.0,0.012570321979,-927457.48,连续三个交易日内，涨幅偏离值累计达到20%的证券,000785,居然智家
5,平安证券股份有限公司杭州曙光路证券营业部,18610604.08,0.015611323393,10519970.96,0.008824574852,8090633.12,连续三个交易日内，涨幅偏离值累计达到20%的证券,000785,居然智家
1,机构专用,12432099.0,0.020915135017,22926306.15,0.03857005873,-10494207.15,连续三个交易日内，涨幅偏离值累计达到12%的ST证券、*ST证券和未完成股改证券,000821,ST京机
2,机构专用,9179908.0,0.01544381325,10977910.0,0.018468680941,-1798002.0,连续三个交易日内，涨幅偏离值累计达到12%的ST证券、*ST证券和未完成股改证券,000821,ST京机
3,广发证券股份有限公司深圳福华一路证券营业部,8110962.73,0.013645473754,179130.0,0.000301359258,7931832.73,连续三个交易日内，涨幅偏离值累计达到12%的ST证券、*ST证券和未完成股改证券,000821,ST京机
4,机构专用,7888608.0,0.013271395395,10255730.0,0.017253721809,-2367122.0,连续三个交易日内，涨幅偏离值累计达到12%的ST证券、*ST证券和未完成股改证券,000821,ST京机
5,东方财富证券股份有限公司拉萨金融城南环路证券营业部,7699763.0,0.012953692111,7226745.0,0.012157910535,473018.0,连续三个交易日内，涨幅偏离值累计达到12%的ST证券、*ST证券和未完成股改证券,000821,ST京机
1,机构专用,12432099.0,0.020915135017,22926306.15,0.03857005873,-10494207.15,连续三个交易日内，涨幅偏离值累计达到12%的ST证券、*ST证券和未完成股改证券,000821,ST京机
2,机构专用,5481460.41,0.009221731951,16114700.58,0.02711055779,-10633240.17,连续三个交易日内，涨幅偏离值累计达到12%的ST证券、*ST证券和未完成股改证券,000821,ST京机
3,机构专用,9179908.0,0.01544381325,10977910.0,0.018468680941,-1798002.0,连续三个交易日内，涨幅偏离值累计达到12%的ST证券、*ST证券和未完成股改证券,000821,ST京机
4,机构专用,7888608.0,0.013271395395,10255730.0,0.017253721809,-2367122.0,连续三个交易日内，涨幅偏离值累计达到12%的ST证券、*ST证券和未完成股改证券,000821,ST京机
5,东方财富证券股份有限公司拉萨金融城南环路证券营业部,7699763.0,0.012953692111,7226745.0,0.012157910535,473018.0,连续三个交易日内，涨幅偏离值累计达到12%的ST证券、*ST证券和未完成股改证券,000821,ST京机
1,机构专用,29962136.09,0.029436350908,0.0,0.0,29962136.09,连续三个交易日内，涨幅偏离值累计达到20%的证券,001400,江顺科技
2,机构专用,23471064.4,0.023059186627,57969124.14,0.056951863341,-34498059.74,连续三个交易日内，涨幅偏离值累计达到20%的证券,001400,江顺科技
3,机构专用,16038507.2,0.015757058327,35093613.38,0.034477779387,-19055106.18,连续三个交易日内，涨幅偏离值累计达到20%的证券,001400,江顺科技
4,机构专用,14481012.0,0.014226894553,14853567.2,0.014592912035,-372555.2,连续三个交易日内，涨幅偏离值累计达到20%的证券,001400,江顺科技
5,机构专用,14308703.4,0.014057609679,41713498.22,0.040981496363,-27404794.82,连续三个交易日内，涨幅偏离值累计达到20%的证券,001400,江顺科技
1,机构专用,23471064.4,0.023059186627,57969124.14,0.056951863341,-34498059.74,连续三个交易日内，涨幅偏离值累计达到20%的证券,001400,江顺科技
2,机构专用,14308703.4,0.014057609679,41713498.22,0.040981496363,-27404794.82,连续三个交易日内，涨幅偏离值累计达到20%的证券,001400,江顺科技
3,机构专用,16038507.2,0.015757058327,35093613.38,0.034477779387,-19055106.18,连续三个交易日内，涨幅偏离值累计达到20%的证券,001400,江顺科技
4,中国国际金融股份有限公司上海分公司,1213735.0,0.001192435989,25109844.0,0.024669208397,-23896109.0,连续三个交易日内，涨幅偏离值累计达到20%的证券,001400,江顺科技
5,机构专用,13593038.4,0.013354503399,24783934.87,0.024349018425,-11190896.47,连续三个交易日内，涨幅偏离值累计达到20%的证券,001400,江顺科技
1,深股通专用,176349082.27,0.069679100091,103725651.34,0.040984109181,72623430.93,日振幅值达到15%的前5只证券,002046,国机精工
2,国泰海通证券股份有限公司武汉紫阳东路证券营业部,145464619.4,0.057476022242,205291.0,8.1114639e-05,145259328.4,日振幅值达到15%的前5只证券,002046,国机精工
3,招商证券股份有限公司北京建国路证券营业部,104123889.72,0.041141461244,1060403.0,0.000418986738,103063486.72,日振幅值达到15%的前5只证券,002046,国机精工
4,机构专用,82762676.0,0.032701212337,22563443.0,0.008915274086,60199233.0,日振幅值达到15%的前5只证券,002046,国机精工
5,机构专用,64250754.3,0.025386776513,16401697.0,0.006480643235,47849057.3,日振幅值达到15%的前5只证券,002046,国机精工
6,深股通专用,176349082.27,0.069679100091,103725651.34,0.040984109181,72623430.93,日涨幅偏离值达到7%的前5只证券,002046,国机精工
7,国泰海通证券股份有限公司武汉紫阳东路证券营业部,145464619.4,0.057476022242,205291.0,8.1114639e-05,145259328.4,日涨幅偏离值达到7%的前5只证券,002046,国机精工
8,招商证券股份有限公司北京建国路证券营业部,104123889.72,0.041141461244,1060403.0,0.000418986738,103063486.72,日涨幅偏离值达到7%的前5只证券,002046,国机精工
9,机构专用,82762676.0,0.032701212337,22563443.0,0.008915274086,60199233.0,日涨幅偏离值达到7%的前5只证券,002046,国机精工
10,机构专用,64250754.3,0.025386776513,16401697.0,0.006480643235,47849057.3,日涨幅偏离值达到7%的前5只证券,002046,国机精工
1,深股通专用,176349082.27,0.069679100091,103725651.34,0.040984109181,72623430.93,日振幅值达到15%的前5只证券,002046,国机精工
2,机构专用,26674522.58,0.010539645031,44749134.0,0.017681290693,-18074611.42,日振幅值达到15%的前5只证券,002046,国机精工
3,机构专用,47301294.02,0.018689700893,34073205.08,0.013463014588,13228088.94,日振幅值达到15%的前5只证券,002046,国机精工
4,国泰海通证券股份有限公司北京亦庄宏达北路证券营业部,280007.0,0.000110636446,24269540.0,0.009589387623,-23989533.0,日振幅值达到15%的前5只证券,002046,国机精工
5,机构专用,82762676.0,0.032701212337,22563443.0,0.008915274086,60199233.0,日振幅值达到15%的前5只证券,002046,国机精工
6,深股通专用,176349082.27,0.069679100091,103725651.34,0.040984109181,72623430.93,日涨幅偏离值达到7%的前5只证券,002046,国机精工
7,机构专用,26674522.58,0.010539645031,44749134.0,0.017681290693,-18074611.42,日涨幅偏离值达到7%的前5只证券,002046,国机精工
8,机构专用,47301294.02,0.018689700893,34073205.08,0.013463014588,13228088.94,日涨幅偏离值达到7%的前5只证券,002046,国机精工
9,国泰海通证券股份有限公司北京亦庄宏达北路证券营业部,280007.0,0.000110636446,24269540.0,0.009589387623,-23989533.0,日涨幅偏离值达到7%的前5只证券,002046,国机精工
10,机构专用,82762676.0,0.032701212337,22563443.0,0.008915274086,60199233.0,日涨幅偏离值达到7%的前5只证券,002046,国机精工
1,深股通专用,176349082.27,0.069679100091,103725651.34,0.040984109181,72623430.93,日振幅值达到15%的前5只证券,002046,国机精工
2,国泰海通证券股份有限公司武汉紫阳东路证券营业部,145464619.4,0.057476022242,205291.0,8.1114639e-05,145259328.4,日振幅值达到15%的前5只证券,002046,国机精工
3,招商证券股份有限公司北京建国路证券营业部,104123889.72,0.041141461244,1060403.0,0.000418986738,103063486.72,日振幅值达到15%的前5只证券,002046,国机精工
4,机构专用,82762676.0,0.032701212337,22563443.0,0.008915274086,60199233.0,日振幅值达到15%的前5只证券,002046,国机精工
5,机构专用,64250754.3,0.025386776513,16401697.0,0.006480643235,47849057.3,日振幅值达到15%的前5只证券,002046,国机精工
6,深股通专用,176349082.27,0.069679100091,103725651.34,0.040984109181,72623430.93,日涨幅偏离值达到7%的前5只证券,002046,国机精工
7,国泰海通证券股份有限公司武汉紫阳东路证券营业部,145464619.4,0.057476022242,205291.0,8.1114639e-05,145259328.4,日涨幅偏离值达到7%的前5只证券,002046,国机精工
8,招商证券股份有限公司北京建国路证券营业部,104123889.72,0.041141461244,1060403.0,0.000418986738,103063486.72,日涨幅偏离值达到7%的前5只证券,002046,国机精工
9,机构专用,82762676.0,0.032701212337,22563443.0,0.008915274086,60199233.0,日涨幅偏离值达到7%的前5只证券,002046,国机精工
10,机构专用,64250754.3,0.025386776513,16401697.0,0.006480643235,47849057.3,日涨幅偏离值达到7%的前5只证券,002046,国机精工
1,深股通专用,176349082.27,0.069679100091,103725651.34,0.040984109181,72623430.93,日振幅值达到15%的前5只证券,002046,国机精工
2,机构专用,26674522.58,0.010539645031,44749134.0,0.017681290693,-18074611.42,日振幅值达到15%的前5只证券,002046,国机精工
3,机构专用,47301294.02,0.018689700893,34073205.08,0.013463014588,13228088.94,日振幅值达到15%的前5只证券,002046,国机精工
4,国泰海通证券股份有限公司北京亦庄宏达北路证券营业部,280007.0,0.000110636446,24269540.0,0.009589387623,-23989533.0,日振幅值达到15%的前5只证券,002046,国机精工
5,机构专用,82762676.0,0.032701212337,22563443.0,0.008915274086,60199233.0,日振幅值达到15%的前5只证券,002046,国机精工
6,深股通专用,176349082.27,0.069679100091,103725651.34,0.040984109181,72623430.93,日涨幅偏离值达到7%的前5只证券,002046,国机精工
7,机构专用,26674522.58,0.010539645031,44749134.0,0.017681290693,-18074611.42,日涨幅偏离值达到7%的前5只证券,002046,国机精工
8,机构专用,47301294.02,0.018689700893,34073205.08,0.013463014588,13228088.94,日涨幅偏离值达到7%的前5只证券,002046,国机精工
9,国泰海通证券股份有限公司北京亦庄宏达北路证券营业部,280007.0,0.000110636446,24269540.0,0.009589387623,-23989533.0,日涨幅偏离值达到7%的前5只证券,002046,国机精工
10,机构专用,82762676.0,0.032701212337,22563443.0,0.008915274086,60199233.0,日涨幅偏离值达到7%的前5只证券,002046,国机精工
1,深股通专用,1119374653.19,0.07793256102,1483573274.32,0.103288621373,-364198621.13,连续三个交易日内，涨幅偏离值累计达到20%的证券,002138,顺络电子
2,机构专用,269697228.0,0.018776730041,379602032.83,0.026428469237,-109904804.83,连续三个交易日内，涨幅偏离值累计达到20%的证券,002138,顺络电子
3,机构专用,203592473.22,0.014174416758,187506884.42,0.01305451367,16085588.8,连续三个交易日内，涨幅偏离值累计达到20%的证券,002138,顺络电子
4,机构专用,174395137.67,0.012141653976,0.0,0.0,174395137.67,连续三个交易日内，涨幅偏离值累计达到20%的证券,002138,顺络电子
5,机构专用,160971099.35,0.011207052069,269578576.55,0.018768469347,-108607477.2,连续三个交易日内，涨幅偏离值累计达到20%的证券,002138,顺络电子
1,深股通专用,1119374653.19,0.07793256102,1483573274.32,0.103288621373,-364198621.13,连续三个交易日内，涨幅偏离值累计达到20%的证券,002138,顺络电子
2,机构专用,269697228.0,0.018776730041,379602032.83,0.026428469237,-109904804.83,连续三个交易日内，涨幅偏离值累计达到20%的证券,002138,顺络电子
3,机构专用,148868345.99,0.010364440024,283686839.34,0.019750708,-134818493.35,连续三个交易日内，涨幅偏离值累计达到20%的证券,002138,顺络电子
4,机构专用,160971099.35,0.011207052069,269578576.55,0.018768469347,-108607477.2,连续三个交易日内，涨幅偏离值累计达到20%的证券,002138,顺络电子
5,中国国际金融股份有限公司上海分公司,158507568.17,0.011035537292,251936170.0,0.017540178247,-93428601.83,连续三个交易日内，涨幅偏离值累计达到20%的证券,002138,顺络电子
1,申万宏源证券有限公司上海第二分公司,77355544.0,0.057682866776,44165.0,3.2933177e-05,77311379.0,连续三个交易日内，涨幅偏离值累计达到20%的证券,002164,宁波东力
2,深股通专用,56784197.42,0.042343122747,25470169.0,0.018992722295,31314028.42,连续三个交易日内，涨幅偏离值累计达到20%的证券,002164,宁波东力
3,机构专用,30637610.0,0.0228460054,10760498.0,0.008023941666,19877112.0,连续三个交易日内，涨幅偏离值累计达到20%的证券,002164,宁波东力
4,中泰证券股份有限公司常州惠国路证券营业部,24752734.0,0.018457741796,14621.0,1.090266e-05,24738113.0,连续三个交易日内，涨幅偏离值累计达到20%的证券,002164,宁波东力
5,机构专用,22122340.0,0.016496296516,18234152.86,0.013596933792,3888187.14,连续三个交易日内，涨幅偏离值累计达到20%的证券,002164,宁波东力
1,深股通专用,56784197.42,0.042343122747,25470169.0,0.018992722295,31314028.42,连续三个交易日内，涨幅偏离值累计达到20%的证券,002164,宁波东力
2,机构专用,22122340.0,0.016496296516,18234152.86,0.013596933792,3888187.14,连续三个交易日内，涨幅偏离值累计达到20%的证券,002164,宁波东力
3,机构专用,15004519.0,0.011188644352,13721251.0,0.010231730688,1283268.0,连续三个交易日内，涨幅偏离值累计达到20%的证券,002164,宁波东力
4,东方财富证券股份有限公司拉萨东环路第二证券营业部,5763816.0,0.004297990981,11371885.04,0.008479843794,-5608069.04,连续三个交易日内，涨幅偏离值累计达到20%的证券,002164,宁波东力
5,机构专用,30637610.0,0.0228460054,10760498.0,0.008023941666,19877112.0,连续三个交易日内，涨幅偏离值累计达到20%的证券,002164,宁波东力
1,深股通专用,149662548.45,0.062088298043,80182478.92,0.033264124529,69480069.53,连续三个交易日内，涨幅偏离值累计达到20%的证券,002254,泰和新材
2,国泰海通证券股份有限公司上海长宁区江苏路证券营业部,85821677.0,0.035603575613,4165571.0,0.001728109112,81656106.0,连续三个交易日内，涨幅偏离值累计达到20%的证券,002254,泰和新材
3,开源证券股份有限公司西安太华路证券营业部,78034098.6,0.032372857616,36490053.6,0.015138091306,41544045.0,连续三个交易日内，涨幅偏离值累计达到20%的证券,002254,泰和新材
4,国新证券股份有限公司北京分公司,59392284.0,0.02463920245,0.0,0.0,59392284.0,连续三个交易日内，涨幅偏离值累计达到20%的证券,002254,泰和新材
5,机构专用,38851340.6,0.016117683679,12073724.0,0.005008848118,26777616.6,连续三个交易日内，涨幅偏离值累计达到20%的证券,002254,泰和新材
1,深股通专用,149662548.45,0.062088298043,80182478.92,0.033264124529,69480069.53,连续三个交易日内，涨幅偏离值累计达到20%的证券,002254,泰和新材
2,中国银河证券股份有限公司杭州建国北路证券营业部,166870.0,6.92269e-05,39640035.0,0.016444877713,-39473165.0,连续三个交易日内，涨幅偏离值累计达到20%的证券,002254,泰和新材
3,开源证券股份有限公司西安太华路证券营业部,78034098.6,0.032372857616,36490053.6,0.015138091306,41544045.0,连续三个交易日内，涨幅偏离值累计达到20%的证券,002254,泰和新材
4,长江证券股份有限公司上海东明路证券营业部,90198.0,3.7419116e-05,31915019.0,0.013240114058,-31824821.0,连续三个交易日内，涨幅偏离值累计达到20%的证券,002254,泰和新材
5,机构专用,36302596.58,0.015060323772,31051355.24,0.012881818589,5251241.34,连续三个交易日内，涨幅偏离值累计达到20%的证券,002254,泰和新材
1,机构专用,15449394.0,0.045879777504,9310681.0,0.027649755886,6138713.0,日振幅值达到15%的前5只证券,002329,皇氏集团
2,信达证券股份有限公司北京分公司,15372767.0,0.04565221973,11070.0,3.2874373e-05,15361697.0,日振幅值达到15%的前5只证券,002329,皇氏集团
3,中国国际金融股份有限公司上海分公司,15176550.0,0.045069517761,2036736.0,0.00604845695,13139814.0,日振幅值达到15%的前5只证券,002329,皇氏集团
4,机构专用,13631607.0,0.04048152932,26796053.0,0.079575739322,-13164446.0,日振幅值达到15%的前5只证券,002329,皇氏集团
5,机构专用,11206982.68,0.033281167653,5252604.0,0.015598560231,5954378.68,日振幅值达到15%的前5只证券,002329,皇氏集团
1,机构专用,13631607.0,0.04048152932,26796053.0,0.079575739322,-13164446.0,日振幅值达到15%的前5只证券,002329,皇氏集团
2,中国银河证券股份有限公司运城河东街证券营业部,0.0,0.0,19889715.2,0.059066116639,-19889715.2,日振幅值达到15%的前5只证券,002329,皇氏集团
3,机构专用,8218977.0,0.024407742859,13949966.0,0.04142695411,-5730989.0,日振幅值达到15%的前5只证券,002329,皇氏集团
4,机构专用,15449394.0,0.045879777504,9310681.0,0.027649755886,6138713.0,日振幅值达到15%的前5只证券,002329,皇氏集团
5,东方财富证券股份有限公司山南香曲东路证券营业部,691379.0,0.002053175334,5266275.64,0.015639160645,-4574896.64,日振幅值达到15%的前5只证券,002329,皇氏集团
1,开源证券股份有限公司西安太华路证券营业部,98082304.0,0.060168365806,292800.0,0.000179617493,97789504.0,连续三个交易日内，涨幅偏离值累计达到20%的证券,002354,天娱数科
2,深股通专用,49114993.4,0.030129480742,10530026.0,0.006459620446,38584967.4,连续三个交易日内，涨幅偏离值累计达到20%的证券,002354,天娱数科
3,华源证券股份有限公司深圳分公司,37959256.0,0.023286019064,2111540.0,0.0012953194,35847716.0,连续三个交易日内，涨幅偏离值累计达到20%的证券,002354,天娱数科
4,华鑫证券有限责任公司绍兴胜利东路证券营业部,27865717.0,0.017094160573,184600.0,0.000113242449,27681117.0,连续三个交易日内，涨幅偏离值累计达到20%的证券,002354,天娱数科
5,东北证券股份有限公司武汉香港路证券营业部,27627588.0,0.01694808088,674953.0,0.000414048379,26952635.0,连续三个交易日内，涨幅偏离值累计达到20%的证券,002354,天娱数科
1,中银国际证券股份有限公司重庆分公司,57779.0,3.5444396e-05,23391170.0,0.014349259915,-23333391.0,连续三个交易日内，涨幅偏离值累计达到20%的证券,002354,天娱数科
2,东方财富证券股份有限公司拉萨金融城南环路证券营业部,7105448.0,0.004358820878,17657992.68,0.010832255357,-10552544.68,连续三个交易日内，涨幅偏离值累计达到20%的证券,002354,天娱数科
3,东方财富证券股份有限公司拉萨东环路第一证券营业部,7210530.0,0.004423283192,14603060.0,0.008958213869,-7392530.0,连续三个交易日内，涨幅偏离值累计达到20%的证券,002354,天娱数科
4,中信证券股份有限公司浙江分公司,8306363.0,0.005095519448,12210467.0,0.007490483147,-3904104.0,连续三个交易日内，涨幅偏离值累计达到20%的证券,002354,天娱数科
5,东方财富证券股份有限公司拉萨东环路第二证券营业部,7246444.0,0.004445314553,11976789.0,0.00734713391,-4730345.0,连续三个交易日内，涨幅偏离值累计达到20%的证券,002354,天娱数科
1,开源证券股份有限公司西安太华路证券营业部,104557017.0,0.021677428174,116484431.0,0.02415029578,-11927414.0,日换手率达到20%的前5只证券,002361,神剑股份
2,机构专用,102684889.0,0.021289286647,43529468.0,0.009024807164,59155421.0,日换手率达到20%的前5只证券,002361,神剑股份
3,深股通专用,101956378.12,0.021138247121,253039875.82,0.052461842262,-151083497.7,日换手率达到20%的前5只证券,002361,神剑股份
4,开源证券股份有限公司西安高新成章路证券营业部,91692168.0,0.01901020556,25560.0,5.299262e-06,91666608.0,日换手率达到20%的前5只证券,002361,神剑股份
5,机构专用,68060065.04,0.014110647126,75706468.89,0.015695948381,-7646403.85,日换手率达到20%的前5只证券,002361,神剑股份
6,开源证券股份有限公司西安太华路证券营业部,104557017.0,0.021677428174,116484431.0,0.02415029578,-11927414.0,日涨幅偏离值达到7%的前5只证券,002361,神剑股份
7,机构专用,102684889.0,0.021289286647,43529468.0,0.009024807164,59155421.0,日涨幅偏离值达到7%的前5只证券,002361,神剑股份
8,深股通专用,101956378.12,0.021138247121,253039875.82,0.052461842262,-151083497.7,日涨幅偏离值达到7%的前5只证券,002361,神剑股份
9,开源证券股份有限公司西安高新成章路证券营业部,91692168.0,0.01901020556,25560.0,5.299262e-06,91666608.0,日涨幅偏离值达到7%的前5只证券,002361,神剑股份
10,机构专用,68060065.04,0.014110647126,75706468.89,0.015695948381,-7646403.85,日涨幅偏离值达到7%的前5只证券,002361,神剑股份
11,深股通专用,270647993.22,0.037355310883,410207899.28,0.056617613979,-139559906.06,连续三个交易日内，涨幅偏离值累计达到20%的证券,002361,神剑股份
12,开源证券股份有限公司西安太华路证券营业部,210218731.0,0.029014758087,116626208.0,0.016096953852,93592523.0,连续三个交易日内，涨幅偏离值累计达到20%的证券,002361,神剑股份
13,开源证券股份有限公司西安高新成章路证券营业部,158764068.0,0.021912895221,42370.0,5.847982e-06,158721698.0,连续三个交易日内，涨幅偏离值累计达到20%的证券,002361,神剑股份
14,机构专用,155477480.0,0.021459274579,96423460.0,0.013308535127,59054020.0,连续三个交易日内，涨幅偏离值累计达到20%的证券,002361,神剑股份
15,机构专用,110932762.04,0.015311134451,101275536.17,0.013978227193,9657225.87,连续三个交易日内，涨幅偏离值累计达到20%的证券,002361,神剑股份
1,深股通专用,101956378.12,0.021138247121,253039875.82,0.052461842262,-151083497.7,日换手率达到20%的前5只证券,002361,神剑股份
2,开源证券股份有限公司西安太华路证券营业部,104557017.0,0.021677428174,116484431.0,0.02415029578,-11927414.0,日换手率达到20%的前5只证券,002361,神剑股份
3,机构专用,58414312.0,0.012110828035,84238812.15,0.017464928249,-25824500.15,日换手率达到20%的前5只证券,002361,神剑股份
4,机构专用,68060065.04,0.014110647126,75706468.89,0.015695948381,-7646403.85,日换手率达到20%的前5只证券,002361,神剑股份
5,机构专用,102684889.0,0.021289286647,43529468.0,0.009024807164,59155421.0,日换手率达到20%的前5只证券,002361,神剑股份
6,深股通专用,101956378.12,0.021138247121,253039875.82,0.052461842262,-151083497.7,日涨幅偏离值达到7%的前5只证券,002361,神剑股份
7,开源证券股份有限公司西安太华路证券营业部,104557017.0,0.021677428174,116484431.0,0.02415029578,-11927414.0,日涨幅偏离值达到7%的前5只证券,002361,神剑股份
8,机构专用,58414312.0,0.012110828035,84238812.15,0.017464928249,-25824500.15,日涨幅偏离值达到7%的前5只证券,002361,神剑股份
9,机构专用,68060065.04,0.014110647126,75706468.89,0.015695948381,-7646403.85,日涨幅偏离值达到7%的前5只证券,002361,神剑股份
10,机构专用,102684889.0,0.021289286647,43529468.0,0.009024807164,59155421.0,日涨幅偏离值达到7%的前5只证券,002361,神剑股份
11,深股通专用,270647993.22,0.037355310883,410207899.28,0.056617613979,-139559906.06,连续三个交易日内，涨幅偏离值累计达到20%的证券,002361,神剑股份
12,开源证券股份有限公司西安太华路证券营业部,210218731.0,0.029014758087,116626208.0,0.016096953852,93592523.0,连续三个交易日内，涨幅偏离值累计达到20%的证券,002361,神剑股份
13,机构专用,88316069.0,0.012189538796,106872235.15,0.014750693405,-18556166.15,连续三个交易日内，涨幅偏离值累计达到20%的证券,002361,神剑股份
14,机构专用,110932762.04,0.015311134451,101275536.17,0.013978227193,9657225.87,连续三个交易日内，涨幅偏离值累计达到20%的证券,002361,神剑股份
15,机构专用,155477480.0,0.021459274579,96423460.0,0.013308535127,59054020.0,连续三个交易日内，涨幅偏离值累计达到20%的证券,002361,神剑股份
1,开源证券股份有限公司西安太华路证券营业部,104557017.0,0.021677428174,116484431.0,0.02415029578,-11927414.0,日换手率达到20%的前5只证券,002361,神剑股份
2,机构专用,102684889.0,0.021289286647,43529468.0,0.009024807164,59155421.0,日换手率达到20%的前5只证券,002361,神剑股份
3,深股通专用,101956378.12,0.021138247121,253039875.82,0.052461842262,-151083497.7,日换手率达到20%的前5只证券,002361,神剑股份
4,开源证券股份有限公司西安高新成章路证券营业部,91692168.0,0.01901020556,25560.0,5.299262e-06,91666608.0,日换手率达到20%的前5只证券,002361,神剑股份
5,机构专用,68060065.04,0.014110647126,75706468.89,0.015695948381,-7646403.85,日换手率达到20%的前5只证券,002361,神剑股份
6,开源证券股份有限公司西安太华路证券营业部,104557017.0,0.021677428174,116484431.0,0.02415029578,-11927414.0,日涨幅偏离值达到7%的前5只证券,002361,神剑股份
7,机构专用,102684889.0,0.021289286647,43529468.0,0.009024807164,59155421.0,日涨幅偏离值达到7%的前5只证券,002361,神剑股份
8,深股通专用,101956378.12,0.021138247121,253039875.82,0.052461842262,-151083497.7,日涨幅偏离值达到7%的前5只证券,002361,神剑股份
9,开源证券股份有限公司西安高新成章路证券营业部,91692168.0,0.01901020556,25560.0,5.299262e-06,91666608.0,日涨幅偏离值达到7%的前5只证券,002361,神剑股份
10,机构专用,68060065.04,0.014110647126,75706468.89,0.015695948381,-7646403.85,日涨幅偏离值达到7%的前5只证券,002361,神剑股份
11,深股通专用,270647993.22,0.037355310883,410207899.28,0.056617613979,-139559906.06,连续三个交易日内，涨幅偏离值累计达到20%的证券,002361,神剑股份
12,开源证券股份有限公司西安太华路证券营业部,210218731.0,0.029014758087,116626208.0,0.016096953852,93592523.0,连续三个交易日内，涨幅偏离值累计达到20%的证券,002361,神剑股份
13,开源证券股份有限公司西安高新成章路证券营业部,158764068.0,0.021912895221,42370.0,5.847982e-06,158721698.0,连续三个交易日内，涨幅偏离值累计达到20%的证券,002361,神剑股份
14,机构专用,155477480.0,0.021459274579,96423460.0,0.013308535127,59054020.0,连续三个交易日内，涨幅偏离值累计达到20%的证券,002361,神剑股份
15,机构专用,110932762.04,0.015311134451,101275536.17,0.013978227193,9657225.87,连续三个交易日内，涨幅偏离值累计达到20%的证券,002361,神剑股份
1,深股通专用,101956378.12,0.021138247121,253039875.82,0.052461842262,-151083497.7,日换手率达到20%的前5只证券,002361,神剑股份
2,开源证券股份有限公司西安太华路证券营业部,104557017.0,0.021677428174,116484431.0,0.02415029578,-11927414.0,日换手率达到20%的前5只证券,002361,神剑股份
3,机构专用,58414312.0,0.012110828035,84238812.15,0.017464928249,-25824500.15,日换手率达到20%的前5只证券,002361,神剑股份
4,机构专用,68060065.04,0.014110647126,75706468.89,0.015695948381,-7646403.85,日换手率达到20%的前5只证券,002361,神剑股份
5,机构专用,102684889.0,0.021289286647,43529468.0,0.009024807164,59155421.0,日换手率达到20%的前5只证券,002361,神剑股份
6,深股通专用,101956378.12,0.021138247121,253039875.82,0.052461842262,-151083497.7,日涨幅偏离值达到7%的前5只证券,002361,神剑股份
7,开源证券股份有限公司西安太华路证券营业部,104557017.0,0.021677428174,116484431.0,0.02415029578,-11927414.0,日涨幅偏离值达到7%的前5只证券,002361,神剑股份
8,机构专用,58414312.0,0.012110828035,84238812.15,0.017464928249,-25824500.15,日涨幅偏离值达到7%的前5只证券,002361,神剑股份
9,机构专用,68060065.04,0.014110647126,75706468.89,0.015695948381,-7646403.85,日涨幅偏离值达到7%的前5只证券,002361,神剑股份
10,机构专用,102684889.0,0.021289286647,43529468.0,0.009024807164,59155421.0,日涨幅偏离值达到7%的前5只证券,002361,神剑股份
11,深股通专用,270647993.22,0.037355310883,410207899.28,0.056617613979,-139559906.06,连续三个交易日内，涨幅偏离值累计达到20%的证券,002361,神剑股份
12,开源证券股份有限公司西安太华路证券营业部,210218731.0,0.029014758087,116626208.0,0.016096953852,93592523.0,连续三个交易日内，涨幅偏离值累计达到20%的证券,002361,神剑股份
13,机构专用,88316069.0,0.012189538796,106872235.15,0.014750693405,-18556166.15,连续三个交易日内，涨幅偏离值累计达到20%的证券,002361,神剑股份
14,机构专用,110932762.04,0.015311134451,101275536.17,0.013978227193,9657225.87,连续三个交易日内，涨幅偏离值累计达到20%的证券,002361,神剑股份
15,机构专用,155477480.0,0.021459274579,96423460.0,0.013308535127,59054020.0,连续三个交易日内，涨幅偏离值累计达到20%的证券,002361,神剑股份
1,开源证券股份有限公司西安太华路证券营业部,104557017.0,0.021677428174,116484431.0,0.02415029578,-11927414.0,日换手率达到20%的前5只证券,002361,神剑股份
2,机构专用,102684889.0,0.021289286647,43529468.0,0.009024807164,59155421.0,日换手率达到20%的前5只证券,002361,神剑股份
3,深股通专用,101956378.12,0.021138247121,253039875.82,0.052461842262,-151083497.7,日换手率达到20%的前5只证券,002361,神剑股份
4,开源证券股份有限公司西安高新成章路证券营业部,91692168.0,0.01901020556,25560.0,5.299262e-06,91666608.0,日换手率达到20%的前5只证券,002361,神剑股份
5,机构专用,68060065.04,0.014110647126,75706468.89,0.015695948381,-7646403.85,日换手率达到20%的前5只证券,002361,神剑股份
6,开源证券股份有限公司西安太华路证券营业部,104557017.0,0.021677428174,116484431.0,0.02415029578,-11927414.0,日涨幅偏离值达到7%的前5只证券,002361,神剑股份
7,机构专用,102684889.0,0.021289286647,43529468.0,0.009024807164,59155421.0,日涨幅偏离值达到7%的前5只证券,002361,神剑股份
8,深股通专用,101956378.12,0.021138247121,253039875.82,0.052461842262,-151083497.7,日涨幅偏离值达到7%的前5只证券,002361,神剑股份
9,开源证券股份有限公司西安高新成章路证券营业部,91692168.0,0.01901020556,25560.0,5.299262e-06,91666608.0,日涨幅偏离值达到7%的前5只证券,002361,神剑股份
10,机构专用,68060065.04,0.014110647126,75706468.89,0.015695948381,-7646403.85,日涨幅偏离值达到7%的前5只证券,002361,神剑股份
11,深股通专用,270647993.22,0.037355310883,410207899.28,0.056617613979,-139559906.06,连续三个交易日内，涨幅偏离值累计达到20%的证券,002361,神剑股份
12,开源证券股份有限公司西安太华路证券营业部,210218731.0,0.029014758087,116626208.0,0.016096953852,93592523.0,连续三个交易日内，涨幅偏离值累计达到20%的证券,002361,神剑股份
13,开源证券股份有限公司西安高新成章路证券营业部,158764068.0,0.021912895221,42370.0,5.847982e-06,158721698.0,连续三个交易日内，涨幅偏离值累计达到20%的证券,002361,神剑股份
14,机构专用,155477480.0,0.021459274579,96423460.0,0.013308535127,59054020.0,连续三个交易日内，涨幅偏离值累计达到20%的证券,002361,神剑股份
15,机构专用,110932762.04,0.015311134451,101275536.17,0.013978227193,9657225.87,连续三个交易日内，涨幅偏离值累计达到20%的证券,002361,神剑股份
1,深股通专用,101956378.12,0.021138247121,253039875.82,0.052461842262,-151083497.7,日换手率达到20%的前5只证券,002361,神剑股份
2,开源证券股份有限公司西安太华路证券营业部,104557017.0,0.021677428174,116484431.0,0.02415029578,-11927414.0,日换手率达到20%的前5只证券,002361,神剑股份
3,机构专用,58414312.0,0.012110828035,84238812.15,0.017464928249,-25824500.15,日换手率达到20%的前5只证券,002361,神剑股份
4,机构专用,68060065.04,0.014110647126,75706468.89,0.015695948381,-7646403.85,日换手率达到20%的前5只证券,002361,神剑股份
5,机构专用,102684889.0,0.021289286647,43529468.0,0.009024807164,59155421.0,日换手率达到20%的前5只证券,002361,神剑股份
6,深股通专用,101956378.12,0.021138247121,253039875.82,0.052461842262,-151083497.7,日涨幅偏离值达到7%的前5只证券,002361,神剑股份
7,开源证券股份有限公司西安太华路证券营业部,104557017.0,0.021677428174,116484431.0,0.02415029578,-11927414.0,日涨幅偏离值达到7%的前5只证券,002361,神剑股份
8,机构专用,58414312.0,0.012110828035,84238812.15,0.017464928249,-25824500.15,日涨幅偏离值达到7%的前5只证券,002361,神剑股份
9,机构专用,68060065.04,0.014110647126,75706468.89,0.015695948381,-7646403.85,日涨幅偏离值达到7%的前5只证券,002361,神剑股份
10,机构专用,102684889.0,0.021289286647,43529468.0,0.009024807164,59155421.0,日涨幅偏离值达到7%的前5只证券,002361,神剑股份
11,深股通专用,270647993.22,0.037355310883,410207899.28,0.056617613979,-139559906.06,连续三个交易日内，涨幅偏离值累计达到20%的证券,002361,神剑股份
12,开源证券股份有限公司西安太华路证券营业部,210218731.0,0.029014758087,116626208.0,0.016096953852,93592523.0,连续三个交易日内，涨幅偏离值累计达到20%的证券,002361,神剑股份
13,机构专用,88316069.0,0.012189538796,106872235.15,0.014750693405,-18556166.15,连续三个交易日内，涨幅偏离值累计达到20%的证券,002361,神剑股份
14,机构专用,110932762.04,0.015311134451,101275536.17,0.013978227193,9657225.87,连续三个交易日内，涨幅偏离值累计达到20%的证券,002361,神剑股份
15,机构专用,155477480.0,0.021459274579,96423460.0,0.013308535127,59054020.0,连续三个交易日内，涨幅偏离值累计达到20%的证券,002361,神剑股份
1,深股通专用,98869670.4,0.036558280522,48582047.93,0.017963811646,50287622.47,日换手率达到20%的前5只证券,002421,达实智能
2,机构专用,61627990.32,0.022787709811,29494300.0,0.010905881337,32133690.32,日换手率达到20%的前5只证券,002421,达实智能
3,华泰证券股份有限公司辽宁分公司,39780996.87,0.014709514426,9415016.0,0.003481318332,30365980.87,日换手率达到20%的前5只证券,002421,达实智能
4,机构专用,31204943.0,0.011538412693,8319183.0,0.00307612056,22885760.0,日换手率达到20%的前5只证券,002421,达实智能
5,华鑫证券有限责任公司上海陆家嘴证券营业部,30105388.0,0.011131838665,5738757.0,0.002121976208,24366631.0,日换手率达到20%的前5只证券,002421,达实智能
6,深股通专用,98869670.4,0.036558280522,48582047.93,0.017963811646,50287622.47,日涨幅偏离值达到7%的前5只证券,002421,达实智能
7,机构专用,61627990.32,0.022787709811,29494300.0,0.010905881337,32133690.32,日涨幅偏离值达到7%的前5只证券,002421,达实智能
8,华泰证券股份有限公司辽宁分公司,39780996.87,0.014709514426,9415016.0,0.003481318332,30365980.87,日涨幅偏离值达到7%的前5只证券,002421,达实智能
9,机构专用,31204943.0,0.011538412693,8319183.0,0.00307612056,22885760.0,日涨幅偏离值达到7%的前5只证券,002421,达实智能
10,华鑫证券有限责任公司上海陆家嘴证券营业部,30105388.0,0.011131838665,5738757.0,0.002121976208,24366631.0,日涨幅偏离值达到7%的前5只证券,002421,达实智能
11,深股通专用,291826145.57,0.043502899736,223995784.27,0.033391340332,67830361.3,连续三个交易日内，涨幅偏离值累计达到20%的证券,002421,达实智能
12,机构专用,124026491.18,0.018488788932,41066852.0,0.00612188857,82959639.18,连续三个交易日内，涨幅偏离值累计达到20%的证券,002421,达实智能
13,开源证券股份有限公司西安太华路证券营业部,105475889.0,0.01572342675,26745.0,3.986912e-06,105449144.0,连续三个交易日内，涨幅偏离值累计达到20%的证券,002421,达实智能
14,国泰海通证券股份有限公司上海自贸试验区第二分公司,71927697.0,0.010722354519,661041.0,9.8542234e-05,71266656.0,连续三个交易日内，涨幅偏离值累计达到20%的证券,002421,达实智能
15,机构专用,60839058.0,0.009069356808,42321401.0,0.006308905807,18517657.0,连续三个交易日内，涨幅偏离值累计达到20%的证券,002421,达实智能
1,国盛证券股份有限公司宁波桑田路证券营业部,5685421.0,0.002102254564,49676189.0,0.018368383807,-43990768.0,日换手率达到20%的前5只证券,002421,达实智能
2,深股通专用,98869670.4,0.036558280522,48582047.93,0.017963811646,50287622.47,日换手率达到20%的前5只证券,002421,达实智能
3,国泰海通证券股份有限公司武汉紫阳东路证券营业部,624520.0,0.000230923976,42784126.35,0.015819958605,-42159606.35,日换手率达到20%的前5只证券,002421,达实智能
4,东莞证券股份有限公司河源分公司,51306.0,1.8971027e-05,32897432.0,0.012164231383,-32846126.0,日换手率达到20%的前5只证券,002421,达实智能
5,国泰海通证券股份有限公司上海松江区中山东路证券营业部,74746.0,2.7638256e-05,32140839.0,0.011884471786,-32066093.0,日换手率达到20%的前5只证券,002421,达实智能
6,国盛证券股份有限公司宁波桑田路证券营业部,5685421.0,0.002102254564,49676189.0,0.018368383807,-43990768.0,日涨幅偏离值达到7%的前5只证券,002421,达实智能
7,深股通专用,98869670.4,0.036558280522,48582047.93,0.017963811646,50287622.47,日涨幅偏离值达到7%的前5只证券,002421,达实智能
8,国泰海通证券股份有限公司武汉紫阳东路证券营业部,624520.0,0.000230923976,42784126.35,0.015819958605,-42159606.35,日涨幅偏离值达到7%的前5只证券,002421,达实智能
9,东莞证券股份有限公司河源分公司,51306.0,1.8971027e-05,32897432.0,0.012164231383,-32846126.0,日涨幅偏离值达到7%的前5只证券,002421,达实智能
10,国泰海通证券股份有限公司上海松江区中山东路证券营业部,74746.0,2.7638256e-05,32140839.0,0.011884471786,-32066093.0,日涨幅偏离值达到7%的前5只证券,002421,达实智能
11,国泰海通证券股份有限公司武汉紫阳东路证券营业部,39767749.93,0.00592822975,241370576.97,0.035981423079,-201602827.04,连续三个交易日内，涨幅偏离值累计达到20%的证券,002421,达实智能
12,深股通专用,291826145.57,0.043502899736,223995784.27,0.033391340332,67830361.3,连续三个交易日内，涨幅偏离值累计达到20%的证券,002421,达实智能
13,机构专用,41804816.0,0.006231897815,63500012.0,0.009466028652,-21695196.0,连续三个交易日内，涨幅偏离值累计达到20%的证券,002421,达实智能
14,国信证券股份有限公司浙江互联网分公司,37888834.0,0.00564813733,56578988.98,0.008434302828,-18690154.98,连续三个交易日内，涨幅偏离值累计达到20%的证券,002421,达实智能
15,国盛证券股份有限公司宁波桑田路证券营业部,54757343.0,0.008162747713,52291376.0,0.007795142833,2465967.0,连续三个交易日内，涨幅偏离值累计达到20%的证券,002421,达实智能
1,深股通专用,98869670.4,0.036558280522,48582047.93,0.017963811646,50287622.47,日换手率达到20%的前5只证券,002421,达实智能
2,机构专用,61627990.32,0.022787709811,29494300.0,0.010905881337,32133690.32,日换手率达到20%的前5只证券,002421,达实智能
3,华泰证券股份有限公司辽宁分公司,39780996.87,0.014709514426,9415016.0,0.003481318332,30365980.87,日换手率达到20%的前5只证券,002421,达实智能
4,机构专用,31204943.0,0.011538412693,8319183.0,0.00307612056,22885760.0,日换手率达到20%的前5只证券,002421,达实智能
5,华鑫证券有限责任公司上海陆家嘴证券营业部,30105388.0,0.011131838665,5738757.0,0.002121976208,24366631.0,日换手率达到20%的前5只证券,002421,达实智能
6,深股通专用,98869670.4,0.036558280522,48582047.93,0.017963811646,50287622.47,日涨幅偏离值达到7%的前5只证券,002421,达实智能
7,机构专用,61627990.32,0.022787709811,29494300.0,0.010905881337,32133690.32,日涨幅偏离值达到7%的前5只证券,002421,达实智能
8,华泰证券股份有限公司辽宁分公司,39780996.87,0.014709514426,9415016.0,0.003481318332,30365980.87,日涨幅偏离值达到7%的前5只证券,002421,达实智能
9,机构专用,31204943.0,0.011538412693,8319183.0,0.00307612056,22885760.0,日涨幅偏离值达到7%的前5只证券,002421,达实智能
10,华鑫证券有限责任公司上海陆家嘴证券营业部,30105388.0,0.011131838665,5738757.0,0.002121976208,24366631.0,日涨幅偏离值达到7%的前5只证券,002421,达实智能
11,深股通专用,291826145.57,0.043502899736,223995784.27,0.033391340332,67830361.3,连续三个交易日内，涨幅偏离值累计达到20%的证券,002421,达实智能
12,机构专用,124026491.18,0.018488788932,41066852.0,0.00612188857,82959639.18,连续三个交易日内，涨幅偏离值累计达到20%的证券,002421,达实智能
13,开源证券股份有限公司西安太华路证券营业部,105475889.0,0.01572342675,26745.0,3.986912e-06,105449144.0,连续三个交易日内，涨幅偏离值累计达到20%的证券,002421,达实智能
14,国泰海通证券股份有限公司上海自贸试验区第二分公司,71927697.0,0.010722354519,661041.0,9.8542234e-05,71266656.0,连续三个交易日内，涨幅偏离值累计达到20%的证券,002421,达实智能
15,机构专用,60839058.0,0.009069356808,42321401.0,0.006308905807,18517657.0,连续三个交易日内，涨幅偏离值累计达到20%的证券,002421,达实智能
1,国盛证券股份有限公司宁波桑田路证券营业部,5685421.0,0.002102254564,49676189.0,0.018368383807,-43990768.0,日换手率达到20%的前5只证券,002421,达实智能
2,深股通专用,98869670.4,0.036558280522,48582047.93,0.017963811646,50287622.47,日换手率达到20%的前5只证券,002421,达实智能
3,国泰海通证券股份有限公司武汉紫阳东路证券营业部,624520.0,0.000230923976,42784126.35,0.015819958605,-42159606.35,日换手率达到20%的前5只证券,002421,达实智能
4,东莞证券股份有限公司河源分公司,51306.0,1.8971027e-05,32897432.0,0.012164231383,-32846126.0,日换手率达到20%的前5只证券,002421,达实智能
5,国泰海通证券股份有限公司上海松江区中山东路证券营业部,74746.0,2.7638256e-05,32140839.0,0.011884471786,-32066093.0,日换手率达到20%的前5只证券,002421,达实智能
6,国盛证券股份有限公司宁波桑田路证券营业部,5685421.0,0.002102254564,49676189.0,0.018368383807,-43990768.0,日涨幅偏离值达到7%的前5只证券,002421,达实智能
7,深股通专用,98869670.4,0.036558280522,48582047.93,0.017963811646,50287622.47,日涨幅偏离值达到7%的前5只证券,002421,达实智能
8,国泰海通证券股份有限公司武汉紫阳东路证券营业部,624520.0,0.000230923976,42784126.35,0.015819958605,-42159606.35,日涨幅偏离值达到7%的前5只证券,002421,达实智能
9,东莞证券股份有限公司河源分公司,51306.0,1.8971027e-05,32897432.0,0.012164231383,-32846126.0,日涨幅偏离值达到7%的前5只证券,002421,达实智能
10,国泰海通证券股份有限公司上海松江区中山东路证券营业部,74746.0,2.7638256e-05,32140839.0,0.011884471786,-32066093.0,日涨幅偏离值达到7%的前5只证券,002421,达实智能
11,国泰海通证券股份有限公司武汉紫阳东路证券营业部,39767749.93,0.00592822975,241370576.97,0.035981423079,-201602827.04,连续三个交易日内，涨幅偏离值累计达到20%的证券,002421,达实智能
12,深股通专用,291826145.57,0.043502899736,223995784.27,0.033391340332,67830361.3,连续三个交易日内，涨幅偏离值累计达到20%的证券,002421,达实智能
13,机构专用,41804816.0,0.006231897815,63500012.0,0.009466028652,-21695196.0,连续三个交易日内，涨幅偏离值累计达到20%的证券,002421,达实智能
14,国信证券股份有限公司浙江互联网分公司,37888834.0,0.00564813733,56578988.98,0.008434302828,-18690154.98,连续三个交易日内，涨幅偏离值累计达到20%的证券,002421,达实智能
15,国盛证券股份有限公司宁波桑田路证券营业部,54757343.0,0.008162747713,52291376.0,0.007795142833,2465967.0,连续三个交易日内，涨幅偏离值累计达到20%的证券,002421,达实智能
1,深股通专用,98869670.4,0.036558280522,48582047.93,0.017963811646,50287622.47,日换手率达到20%的前5只证券,002421,达实智能
2,机构专用,61627990.32,0.022787709811,29494300.0,0.010905881337,32133690.32,日换手率达到20%的前5只证券,002421,达实智能
3,华泰证券股份有限公司辽宁分公司,39780996.87,0.014709514426,9415016.0,0.003481318332,30365980.87,日换手率达到20%的前5只证券,002421,达实智能
4,机构专用,31204943.0,0.011538412693,8319183.0,0.00307612056,22885760.0,日换手率达到20%的前5只证券,002421,达实智能
5,华鑫证券有限责任公司上海陆家嘴证券营业部,30105388.0,0.011131838665,5738757.0,0.002121976208,24366631.0,日换手率达到20%的前5只证券,002421,达实智能
6,深股通专用,98869670.4,0.036558280522,48582047.93,0.017963811646,50287622.47,日涨幅偏离值达到7%的前5只证券,002421,达实智能
7,机构专用,61627990.32,0.022787709811,29494300.0,0.010905881337,32133690.32,日涨幅偏离值达到7%的前5只证券,002421,达实智能
8,华泰证券股份有限公司辽宁分公司,39780996.87,0.014709514426,9415016.0,0.003481318332,30365980.87,日涨幅偏离值达到7%的前5只证券,002421,达实智能
9,机构专用,31204943.0,0.011538412693,8319183.0,0.00307612056,22885760.0,日涨幅偏离值达到7%的前5只证券,002421,达实智能
10,华鑫证券有限责任公司上海陆家嘴证券营业部,30105388.0,0.011131838665,5738757.0,0.002121976208,24366631.0,日涨幅偏离值达到7%的前5只证券,002421,达实智能
11,深股通专用,291826145.57,0.043502899736,223995784.27,0.033391340332,67830361.3,连续三个交易日内，涨幅偏离值累计达到20%的证券,002421,达实智能
12,机构专用,124026491.18,0.018488788932,41066852.0,0.00612188857,82959639.18,连续三个交易日内，涨幅偏离值累计达到20%的证券,002421,达实智能
13,开源证券股份有限公司西安太华路证券营业部,105475889.0,0.01572342675,26745.0,3.986912e-06,105449144.0,连续三个交易日内，涨幅偏离值累计达到20%的证券,002421,达实智能
14,国泰海通证券股份有限公司上海自贸试验区第二分公司,71927697.0,0.010722354519,661041.0,9.8542234e-05,71266656.0,连续三个交易日内，涨幅偏离值累计达到20%的证券,002421,达实智能
15,机构专用,60839058.0,0.009069356808,42321401.0,0.006308905807,18517657.0,连续三个交易日内，涨幅偏离值累计达到20%的证券,002421,达实智能
1,国盛证券股份有限公司宁波桑田路证券营业部,5685421.0,0.002102254564,49676189.0,0.018368383807,-43990768.0,日换手率达到20%的前5只证券,002421,达实智能
2,深股通专用,98869670.4,0.036558280522,48582047.93,0.017963811646,50287622.47,日换手率达到20%的前5只证券,002421,达实智能
3,国泰海通证券股份有限公司武汉紫阳东路证券营业部,624520.0,0.000230923976,42784126.35,0.015819958605,-42159606.35,日换手率达到20%的前5只证券,002421,达实智能
4,东莞证券股份有限公司河源分公司,51306.0,1.8971027e-05,32897432.0,0.012164231383,-32846126.0,日换手率达到20%的前5只证券,002421,达实智能
5,国泰海通证券股份有限公司上海松江区中山东路证券营业部,74746.0,2.7638256e-05,32140839.0,0.011884471786,-32066093.0,日换手率达到20%的前5只证券,002421,达实智能
6,国盛证券股份有限公司宁波桑田路证券营业部,5685421.0,0.002102254564,49676189.0,0.018368383807,-43990768.0,日涨幅偏离值达到7%的前5只证券,002421,达实智能
7,深股通专用,98869670.4,0.036558280522,48582047.93,0.017963811646,50287622.47,日涨幅偏离值达到7%的前5只证券,002421,达实智能
8,国泰海通证券股份有限公司武汉紫阳东路证券营业部,624520.0,0.000230923976,42784126.35,0.015819958605,-42159606.35,日涨幅偏离值达到7%的前5只证券,002421,达实智能
9,东莞证券股份有限公司河源分公司,51306.0,1.8971027e-05,32897432.0,0.012164231383,-32846126.0,日涨幅偏离值达到7%的前5只证券,002421,达实智能
10,国泰海通证券股份有限公司上海松江区中山东路证券营业部,74746.0,2.7638256e-05,32140839.0,0.011884471786,-32066093.0,日涨幅偏离值达到7%的前5只证券,002421,达实智能
11,国泰海通证券股份有限公司武汉紫阳东路证券营业部,39767749.93,0.00592822975,241370576.97,0.035981423079,-201602827.04,连续三个交易日内，涨幅偏离值累计达到20%的证券,002421,达实智能
12,深股通专用,291826145.57,0.043502899736,223995784.27,0.033391340332,67830361.3,连续三个交易日内，涨幅偏离值累计达到20%的证券,002421,达实智能
13,机构专用,41804816.0,0.006231897815,63500012.0,0.009466028652,-21695196.0,连续三个交易日内，涨幅偏离值累计达到20%的证券,002421,达实智能
14,国信证券股份有限公司浙江互联网分公司,37888834.0,0.00564813733,56578988.98,0.008434302828,-18690154.98,连续三个交易日内，涨幅偏离值累计达到20%的证券,002421,达实智能
15,国盛证券股份有限公司宁波桑田路证券营业部,54757343.0,0.008162747713,52291376.0,0.007795142833,2465967.0,连续三个交易日内，涨幅偏离值累计达到20%的证券,002421,达实智能
1,深股通专用,75069733.0,0.023972719897,78950515.0,0.025212006306,-3880782.0,连续三个交易日内，涨幅偏离值累计达到20%的证券,002471,中超控股
2,国新证券股份有限公司北京分公司,57328845.0,0.018307356218,58317432.0,0.01862305095,-988587.0,连续三个交易日内，涨幅偏离值累计达到20%的证券,002471,中超控股
3,中信证券股份有限公司东阳吴宁西路证券营业部,53109810.98,0.016960052627,55587681.78,0.017751334283,-2477870.8,连续三个交易日内，涨幅偏离值累计达到20%的证券,002471,中超控股
4,广发证券股份有限公司佛山顺德诚德路证券营业部,48278224.0,0.015417136772,49113491.09,0.015683870423,-835267.09,连续三个交易日内，涨幅偏离值累计达到20%的证券,002471,中超控股
5,国信证券股份有限公司浙江互联网分公司,41650225.08,0.013300555891,27011724.92,0.008625906734,14638500.16,连续三个交易日内，涨幅偏离值累计达到20%的证券,002471,中超控股
1,深股通专用,75069733.0,0.023972719897,78950515.0,0.025212006306,-3880782.0,连续三个交易日内，涨幅偏离值累计达到20%的证券,002471,中超控股
2,国新证券股份有限公司北京分公司,57328845.0,0.018307356218,58317432.0,0.01862305095,-988587.0,连续三个交易日内，涨幅偏离值累计达到20%的证券,002471,中超控股
3,中信证券股份有限公司东阳吴宁西路证券营业部,53109810.98,0.016960052627,55587681.78,0.017751334283,-2477870.8,连续三个交易日内，涨幅偏离值累计达到20%的证券,002471,中超控股
4,广发证券股份有限公司佛山顺德诚德路证券营业部,48278224.0,0.015417136772,49113491.09,0.015683870423,-835267.09,连续三个交易日内，涨幅偏离值累计达到20%的证券,002471,中超控股
5,国泰海通证券股份有限公司沈阳青年大街证券营业部,34353918.0,0.010970557915,35120499.25,0.011215357475,-766581.25,连续三个交易日内，涨幅偏离值累计达到20%的证券,002471,中超控股
1,深股通专用,602337941.74,0.097100914587,163825062.41,0.026409698427,438512879.33,日振幅值达到15%的前5只证券,002491,通鼎互联
2,中国国际金融股份有限公司上海分公司,133858028.0,0.021578811566,31992965.0,0.005157480455,101865063.0,日振幅值达到15%的前5只证券,002491,通鼎互联
3,机构专用,125565120.6,0.020241939293,202964912.74,0.032719304713,-77399792.14,日振幅值达到15%的前5只证券,002491,通鼎互联
4,机构专用,119990308.36,0.019343242183,41524734.0,0.006694065524,78465574.36,日振幅值达到15%的前5只证券,002491,通鼎互联
5,机构专用,100366070.57,0.016179683481,69909031.81,0.011269804633,30457038.76,日振幅值达到15%的前5只证券,002491,通鼎互联
1,机构专用,125565120.6,0.020241939293,202964912.74,0.032719304713,-77399792.14,日振幅值达到15%的前5只证券,002491,通鼎互联
2,深股通专用,602337941.74,0.097100914587,163825062.41,0.026409698427,438512879.33,日振幅值达到15%的前5只证券,002491,通鼎互联
3,国泰海通证券股份有限公司无锡湖滨路证券营业部,18335515.0,0.002955807949,161025694.8,0.0259584216,-142690179.8,日振幅值达到15%的前5只证券,002491,通鼎互联
4,机构专用,44408344.0,0.007158922789,133852863.88,0.021577979075,-89444519.88,日振幅值达到15%的前5只证券,002491,通鼎互联
5,方正证券股份有限公司慈溪人和路证券营业部,33506246.0,0.005401431498,78120567.0,0.01259355916,-44614321.0,日振幅值达到15%的前5只证券,002491,通鼎互联
1,深股通专用,129280918.0,0.073889408848,108378660.0,0.061942901111,20902258.0,日振幅值达到15%的前5只证券,002552,宝鼎科技
2,机构专用,117068308.0,0.0669093955,0.0,0.0,117068308.0,日振幅值达到15%的前5只证券,002552,宝鼎科技
3,机构专用,70467630.0,0.040275174436,0.0,0.0,70467630.0,日振幅值达到15%的前5只证券,002552,宝鼎科技
4,机构专用,45501702.0,0.02600611068,38676115.0,0.022105004498,6825587.0,日振幅值达到15%的前5只证券,002552,宝鼎科技
5,机构专用,42243321.0,0.02414381074,47740331.0,0.027285580041,-5497010.0,日振幅值达到15%的前5只证券,002552,宝鼎科技
1,深股通专用,129280918.0,0.073889408848,108378660.0,0.061942901111,20902258.0,日振幅值达到15%的前5只证券,002552,宝鼎科技
2,中信证券股份有限公司杭州新城路证券营业部,91314.0,5.218974e-05,62110786.0,0.035498891342,-62019472.0,日振幅值达到15%的前5只证券,002552,宝鼎科技
3,机构专用,42243321.0,0.02414381074,47740331.0,0.027285580041,-5497010.0,日振幅值达到15%的前5只证券,002552,宝鼎科技
4,机构专用,41330038.0,0.023621831611,44486145.0,0.025425677717,-3156107.0,日振幅值达到15%的前5只证券,002552,宝鼎科技
5,机构专用,45501702.0,0.02600611068,38676115.0,0.022105004498,6825587.0,日振幅值达到15%的前5只证券,002552,宝鼎科技
1,深股通专用,124976977.68,0.048250269689,162656564.75,0.062797350853,-37679587.07,日换手率达到20%的前5只证券,002585,双星新材
2,广发证券股份有限公司广州天河北路证券营业部,38263625.0,0.014772562594,1738296.0,0.00067110961,36525329.0,日换手率达到20%的前5只证券,002585,双星新材
3,机构专用,28519842.0,0.011010748488,41288506.0,0.015940388274,-12768664.0,日换手率达到20%的前5只证券,002585,双星新材
4,机构专用,28268732.28,0.010913801739,41657508.37,0.016082850224,-13388776.09,日换手率达到20%的前5只证券,002585,双星新材
5,中国国际金融股份有限公司上海分公司,26634490.94,0.01028286485,23033767.0,0.008892721606,3600723.94,日换手率达到20%的前5只证券,002585,双星新材
1,深股通专用,124976977.68,0.048250269689,162656564.75,0.062797350853,-37679587.07,日换手率达到20%的前5只证券,002585,双星新材
2,机构专用,24914387.0,0.009618778708,68810358.0,0.026565839505,-43895971.0,日换手率达到20%的前5只证券,002585,双星新材
3,机构专用,28268732.28,0.010913801739,41657508.37,0.016082850224,-13388776.09,日换手率达到20%的前5只证券,002585,双星新材
4,机构专用,28519842.0,0.011010748488,41288506.0,0.015940388274,-12768664.0,日换手率达到20%的前5只证券,002585,双星新材
5,东海证券股份有限公司福州长乐北路证券营业部,0.0,0.0,38040481.0,0.014686412661,-38040481.0,日换手率达到20%的前5只证券,002585,双星新材
1,国泰海通证券股份有限公司武汉紫阳东路证券营业部,138852376.0,0.152638581734,59065.0,6.4929374e-05,138793311.0,连续三个交易日内，涨幅偏离值累计达到20%的证券,002613,北玻股份
2,国泰海通证券股份有限公司北京知春路证券营业部,79965832.0,0.087905382214,837570.0,0.000920729631,79128262.0,连续三个交易日内，涨幅偏离值累计达到20%的证券,002613,北玻股份
3,国新证券股份有限公司北京分公司,57321910.0,0.063013218043,0.0,0.0,57321910.0,连续三个交易日内，涨幅偏离值累计达到20%的证券,002613,北玻股份
4,国新证券股份有限公司北京中关村大街证券营业部,23672034.05,0.026022354159,0.0,0.0,23672034.05,连续三个交易日内，涨幅偏离值累计达到20%的证券,002613,北玻股份
5,华鑫证券有限责任公司绍兴胜利东路证券营业部,21495964.0,0.023630229114,15720.0,1.7280788e-05,21480244.0,连续三个交易日内，涨幅偏离值累计达到20%的证券,002613,北玻股份
1,国盛证券股份有限公司合肥徽州大道证券营业部,385141.0,0.000423380411,21523775.0,0.023660801379,-21138634.0,连续三个交易日内，涨幅偏离值累计达到20%的证券,002613,北玻股份
2,机构专用,5975078.0,0.006568324273,19892059.0,0.021867077547,-13916981.0,连续三个交易日内，涨幅偏离值累计达到20%的证券,002613,北玻股份
3,机构专用,6479218.0,0.007122518712,19570678.0,0.021513787661,-13091460.0,连续三个交易日内，涨幅偏离值累计达到20%的证券,002613,北玻股份
4,机构专用,6343862.72,0.006973724442,17167715.0,0.018872242195,-10823852.28,连续三个交易日内，涨幅偏离值累计达到20%的证券,002613,北玻股份
5,华鑫证券有限责任公司上海东大名路证券营业部,14828416.0,0.016300681723,16281683.0,0.017898238928,-1453267.0,连续三个交易日内，涨幅偏离值累计达到20%的证券,002613,北玻股份
1,机构专用,18120050.0,0.021187347932,19923779.0,0.023296405794,-1803729.0,连续三个交易日内，涨幅偏离值累计达到20%的证券,002631,德尔未来
2,机构专用,16136853.0,0.018868442363,15244914.03,0.017825519121,891938.97,连续三个交易日内，涨幅偏离值累计达到20%的证券,002631,德尔未来
3,机构专用,13695174.0,0.016013444584,23650795.0,0.027654317871,-9955621.0,连续三个交易日内，涨幅偏离值累计达到20%的证券,002631,德尔未来
4,国泰海通证券股份有限公司丽江福慧路证券营业部,12317792.0,0.014402904234,0.0,0.0,12317792.0,连续三个交易日内，涨幅偏离值累计达到20%的证券,002631,德尔未来
5,平安证券股份有限公司杭州曙光路证券营业部,11590480.0,0.013552475433,12052595.0,0.014092815624,-462115.0,连续三个交易日内，涨幅偏离值累计达到20%的证券,002631,德尔未来
1,机构专用,10905912.0,0.012752026185,23884635.21,0.027927741724,-12978723.21,连续三个交易日内，涨幅偏离值累计达到20%的证券,002631,德尔未来
2,机构专用,13695174.0,0.016013444584,23650795.0,0.027654317871,-9955621.0,连续三个交易日内，涨幅偏离值累计达到20%的证券,002631,德尔未来
3,机构专用,18120050.0,0.021187347932,19923779.0,0.023296405794,-1803729.0,连续三个交易日内，涨幅偏离值累计达到20%的证券,002631,德尔未来
4,机构专用,16136853.0,0.018868442363,15244914.03,0.017825519121,891938.97,连续三个交易日内，涨幅偏离值累计达到20%的证券,002631,德尔未来
5,东吴证券股份有限公司吴江体育路证券营业部,10808047.0,0.012637594944,12198568.0,0.014263498417,-1390521.0,连续三个交易日内，涨幅偏离值累计达到20%的证券,002631,德尔未来
1,深股通专用,148508734.45,0.060302852696,112106646.05,0.045521568735,36402088.4,日涨幅偏离值达到7%的前5只证券,002636,金安国纪
2,上海证券有限责任公司徐汇区高安路证券营业部,68382828.0,0.027767253011,0.0,0.0,68382828.0,日涨幅偏离值达到7%的前5只证券,002636,金安国纪
3,国泰海通证券股份有限公司上海松江区中山东路证券营业部,64022176.0,0.025996584396,137245.0,5.5729146e-05,63884931.0,日涨幅偏离值达到7%的前5只证券,002636,金安国纪
4,机构专用,61145149.99,0.024828350915,45047041.0,0.018291618253,16098108.99,日涨幅偏离值达到7%的前5只证券,002636,金安国纪
5,国新证券股份有限公司北京分公司,59386236.0,0.024114133454,19194.0,7.793838e-06,59367042.0,日涨幅偏离值达到7%的前5只证券,002636,金安国纪
6,深股通专用,722710725.46,0.094629140177,309234917.15,0.040490106611,413475808.31,连续三个交易日内，涨幅偏离值累计达到20%的证券,002636,金安国纪
7,机构专用,181816819.27,0.02380643966,36106609.0,0.004727669376,145710210.27,连续三个交易日内，涨幅偏离值累计达到20%的证券,002636,金安国纪
8,机构专用,167306380.27,0.021906495024,57268224.0,0.007498495049,110038156.27,连续三个交易日内，涨幅偏离值累计达到20%的证券,002636,金安国纪
9,机构专用,161925407.27,0.021201929794,0.0,0.0,161925407.27,连续三个交易日内，涨幅偏离值累计达到20%的证券,002636,金安国纪
10,机构专用,123354349.6,0.016151574383,53916050.0,0.007059573455,69438299.6,连续三个交易日内，涨幅偏离值累计达到20%的证券,002636,金安国纪
1,深股通专用,148508734.45,0.060302852696,112106646.05,0.045521568735,36402088.4,日涨幅偏离值达到7%的前5只证券,002636,金安国纪
2,财通证券股份有限公司杭州丽水路证券营业部,1053826.0,0.000427912299,47942010.93,0.019467137968,-46888184.93,日涨幅偏离值达到7%的前5只证券,002636,金安国纪
3,机构专用,61145149.99,0.024828350915,45047041.0,0.018291618253,16098108.99,日涨幅偏离值达到7%的前5只证券,002636,金安国纪
4,国泰海通证券股份有限公司南通世纪大道证券营业部,85820.0,3.484772e-05,39889411.77,0.016197332305,-39803591.77,日涨幅偏离值达到7%的前5只证券,002636,金安国纪
5,机构专用,30454133.0,0.012366081383,38722883.0,0.015723656377,-8268750.0,日涨幅偏离值达到7%的前5只证券,002636,金安国纪
6,深股通专用,722710725.46,0.094629140177,309234917.15,0.040490106611,413475808.31,连续三个交易日内，涨幅偏离值累计达到20%的证券,002636,金安国纪
7,机构专用,116793850.22,0.015292566216,126488674.91,0.016561971654,-9694824.69,连续三个交易日内，涨幅偏离值累计达到20%的证券,002636,金安国纪
8,机构专用,97890661.53,0.012817450753,66631652.0,0.008724508597,31259009.53,连续三个交易日内，涨幅偏离值累计达到20%的证券,002636,金安国纪
9,东方财富证券股份有限公司拉萨东环路第二证券营业部,21106931.0,0.002763665547,65997139.0,0.008641427749,-44890208.0,连续三个交易日内，涨幅偏离值累计达到20%的证券,002636,金安国纪
10,机构专用,167306380.27,0.021906495024,57268224.0,0.007498495049,110038156.27,连续三个交易日内，涨幅偏离值累计达到20%的证券,002636,金安国纪
1,深股通专用,148508734.45,0.060302852696,112106646.05,0.045521568735,36402088.4,日涨幅偏离值达到7%的前5只证券,002636,金安国纪
2,上海证券有限责任公司徐汇区高安路证券营业部,68382828.0,0.027767253011,0.0,0.0,68382828.0,日涨幅偏离值达到7%的前5只证券,002636,金安国纪
3,国泰海通证券股份有限公司上海松江区中山东路证券营业部,64022176.0,0.025996584396,137245.0,5.5729146e-05,63884931.0,日涨幅偏离值达到7%的前5只证券,002636,金安国纪
4,机构专用,61145149.99,0.024828350915,45047041.0,0.018291618253,16098108.99,日涨幅偏离值达到7%的前5只证券,002636,金安国纪
5,国新证券股份有限公司北京分公司,59386236.0,0.024114133454,19194.0,7.793838e-06,59367042.0,日涨幅偏离值达到7%的前5只证券,002636,金安国纪
6,深股通专用,722710725.46,0.094629140177,309234917.15,0.040490106611,413475808.31,连续三个交易日内，涨幅偏离值累计达到20%的证券,002636,金安国纪
7,机构专用,181816819.27,0.02380643966,36106609.0,0.004727669376,145710210.27,连续三个交易日内，涨幅偏离值累计达到20%的证券,002636,金安国纪
8,机构专用,167306380.27,0.021906495024,57268224.0,0.007498495049,110038156.27,连续三个交易日内，涨幅偏离值累计达到20%的证券,002636,金安国纪
9,机构专用,161925407.27,0.021201929794,0.0,0.0,161925407.27,连续三个交易日内，涨幅偏离值累计达到20%的证券,002636,金安国纪
10,机构专用,123354349.6,0.016151574383,53916050.0,0.007059573455,69438299.6,连续三个交易日内，涨幅偏离值累计达到20%的证券,002636,金安国纪
1,深股通专用,148508734.45,0.060302852696,112106646.05,0.045521568735,36402088.4,日涨幅偏离值达到7%的前5只证券,002636,金安国纪
2,财通证券股份有限公司杭州丽水路证券营业部,1053826.0,0.000427912299,47942010.93,0.019467137968,-46888184.93,日涨幅偏离值达到7%的前5只证券,002636,金安国纪
3,机构专用,61145149.99,0.024828350915,45047041.0,0.018291618253,16098108.99,日涨幅偏离值达到7%的前5只证券,002636,金安国纪
4,国泰海通证券股份有限公司南通世纪大道证券营业部,85820.0,3.484772e-05,39889411.77,0.016197332305,-39803591.77,日涨幅偏离值达到7%的前5只证券,002636,金安国纪
5,机构专用,30454133.0,0.012366081383,38722883.0,0.015723656377,-8268750.0,日涨幅偏离值达到7%的前5只证券,002636,金安国纪
6,深股通专用,722710725.46,0.094629140177,309234917.15,0.040490106611,413475808.31,连续三个交易日内，涨幅偏离值累计达到20%的证券,002636,金安国纪
7,机构专用,116793850.22,0.015292566216,126488674.91,0.016561971654,-9694824.69,连续三个交易日内，涨幅偏离值累计达到20%的证券,002636,金安国纪
8,机构专用,97890661.53,0.012817450753,66631652.0,0.008724508597,31259009.53,连续三个交易日内，涨幅偏离值累计达到20%的证券,002636,金安国纪
9,东方财富证券股份有限公司拉萨东环路第二证券营业部,21106931.0,0.002763665547,65997139.0,0.008641427749,-44890208.0,连续三个交易日内，涨幅偏离值累计达到20%的证券,002636,金安国纪
10,机构专用,167306380.27,0.021906495024,57268224.0,0.007498495049,110038156.27,连续三个交易日内，涨幅偏离值累计达到20%的证券,002636,金安国纪
1,东方财富证券股份有限公司拉萨团结路第一证券营业部,7655303.0,0.018896429545,6049349.6,0.01493227747,1605953.4,连续三个交易日内，涨幅偏离值累计达到12%的ST证券、*ST证券和未完成股改证券,002717,*ST岭南
2,东方财富证券股份有限公司拉萨金融城南环路证券营业部,5773356.0,0.014251011997,5809943.0,0.014341323728,-36587.0,连续三个交易日内，涨幅偏离值累计达到12%的ST证券、*ST证券和未完成股改证券,002717,*ST岭南
3,东方财富证券股份有限公司山南香曲东路证券营业部,5283187.0,0.013041073739,4795907.5,0.011838267954,487279.5,连续三个交易日内，涨幅偏离值累计达到12%的ST证券、*ST证券和未完成股改证券,002717,*ST岭南
4,东方财富证券股份有限公司拉萨团结路第二证券营业部,5169438.0,0.012760294525,3963708.8,0.009784060027,1205729.2,连续三个交易日内，涨幅偏离值累计达到12%的ST证券、*ST证券和未完成股改证券,002717,*ST岭南
5,东方证券股份有限公司厦门仙岳路证券营业部,5116716.0,0.012630154992,2626884.0,0.006484227787,2489832.0,连续三个交易日内，涨幅偏离值累计达到12%的ST证券、*ST证券和未完成股改证券,002717,*ST岭南
1,东方财富证券股份有限公司拉萨团结路第一证券营业部,7655303.0,0.018896429545,6049349.6,0.01493227747,1605953.4,连续三个交易日内，涨幅偏离值累计达到12%的ST证券、*ST证券和未完成股改证券,002717,*ST岭南
2,东方财富证券股份有限公司拉萨金融城南环路证券营业部,5773356.0,0.014251011997,5809943.0,0.014341323728,-36587.0,连续三个交易日内，涨幅偏离值累计达到12%的ST证券、*ST证券和未完成股改证券,002717,*ST岭南
3,东方财富证券股份有限公司山南香曲东路证券营业部,5283187.0,0.013041073739,4795907.5,0.011838267954,487279.5,连续三个交易日内，涨幅偏离值累计达到12%的ST证券、*ST证券和未完成股改证券,002717,*ST岭南
4,东方财富证券股份有限公司拉萨团结路第二证券营业部,5169438.0,0.012760294525,3963708.8,0.009784060027,1205729.2,连续三个交易日内，涨幅偏离值累计达到12%的ST证券、*ST证券和未完成股改证券,002717,*ST岭南
5,东方财富证券股份有限公司拉萨东环路第一证券营业部,4056435.1,0.01001294659,3660340.0,0.009035221326,396095.1,连续三个交易日内，涨幅偏离值累计达到12%的ST证券、*ST证券和未完成股改证券,002717,*ST岭南
1,深股通专用,56599355.24,0.03716307393,135481534.6,0.088957025484,-78882179.36,日换手率达到20%的前5只证券,002735,王子新材
2,第一创业证券股份有限公司温州雪山路证券营业部,38552507.0,0.025313533374,0.0,0.0,38552507.0,日换手率达到20%的前5只证券,002735,王子新材
3,机构专用,32809210.0,0.021542490928,35923448.0,0.023587296148,-3114238.0,日换手率达到20%的前5只证券,002735,王子新材
4,天风证券股份有限公司浙江分公司,27514123.0,0.018065742672,0.0,0.0,27514123.0,日换手率达到20%的前5只证券,002735,王子新材
5,五矿证券有限公司杭州中山北路证券营业部,24370156.0,0.016001417424,7520.0,4.937624e-06,24362636.0,日换手率达到20%的前5只证券,002735,王子新材
1,深股通专用,56599355.24,0.03716307393,135481534.6,0.088957025484,-78882179.36,日换手率达到20%的前5只证券,002735,王子新材
2,机构专用,32809210.0,0.021542490928,35923448.0,0.023587296148,-3114238.0,日换手率达到20%的前5只证券,002735,王子新材
3,机构专用,12287810.52,0.008068162771,27696514.0,0.0181855004,-15408703.48,日换手率达到20%的前5只证券,002735,王子新材
4,机构专用,0.0,0.0,25739279.0,0.016900382068,-25739279.0,日换手率达到20%的前5只证券,002735,王子新材
5,东方财富证券股份有限公司上海东方路证券营业部,162691.0,0.00010682273,23534893.0,0.015452984663,-23372202.0,日换手率达到20%的前5只证券,002735,王子新材
1,深股通专用,225470415.66,0.061272124653,181634930.66,0.049359726775,43835485.0,日涨幅偏离值达到7%的前5只证券,002747,埃斯顿
2,机构专用,53758439.0,0.014608984358,41119947.2,0.011174443987,12638491.8,日涨幅偏离值达到7%的前5只证券,002747,埃斯顿
3,机构专用,51179663.44,0.013908195933,100963614.98,0.027437103819,-49783951.54,日涨幅偏离值达到7%的前5只证券,002747,埃斯顿
4,机构专用,40943123.0,0.011126391588,17456595.0,0.004743871438,23486528.0,日涨幅偏离值达到7%的前5只证券,002747,埃斯顿
5,平安证券股份有限公司杭州曙光路证券营业部,39748750.0,0.010801817869,8335086.12,0.002265079586,31413663.88,日涨幅偏离值达到7%的前5只证券,002747,埃斯顿
6,深股通专用,396250189.95,0.060254004383,478039704.47,0.072690959345,-81789514.52,连续三个交易日内，涨幅偏离值累计达到20%的证券,002747,埃斯顿
7,机构专用,151893427.2,0.023096991397,198369220.88,0.0301641241,-46475793.68,连续三个交易日内，涨幅偏离值累计达到20%的证券,002747,埃斯顿
8,机构专用,75810949.88,0.011527851398,62198476.2,0.009457931763,13612473.68,连续三个交易日内，涨幅偏离值累计达到20%的证券,002747,埃斯顿
9,中国国际金融股份有限公司上海分公司,66454233.0,0.010105064295,84952447.72,0.012917912185,-18498214.72,连续三个交易日内，涨幅偏离值累计达到20%的证券,002747,埃斯顿
10,机构专用,65840461.88,0.010011733948,40943104.0,0.006225829111,24897357.88,连续三个交易日内，涨幅偏离值累计达到20%的证券,002747,埃斯顿
1,深股通专用,225470415.66,0.061272124653,181634930.66,0.049359726775,43835485.0,日涨幅偏离值达到7%的前5只证券,002747,埃斯顿
2,机构专用,51179663.44,0.013908195933,100963614.98,0.027437103819,-49783951.54,日涨幅偏离值达到7%的前5只证券,002747,埃斯顿
3,机构专用,21438007.0,0.00582582967,62936758.0,0.017103214496,-41498751.0,日涨幅偏离值达到7%的前5只证券,002747,埃斯顿
4,中国国际金融股份有限公司上海分公司,22364498.0,0.006077605815,55392129.72,0.015052943718,-33027631.72,日涨幅偏离值达到7%的前5只证券,002747,埃斯顿
5,机构专用,53758439.0,0.014608984358,41119947.2,0.011174443987,12638491.8,日涨幅偏离值达到7%的前5只证券,002747,埃斯顿
6,深股通专用,396250189.95,0.060254004383,478039704.47,0.072690959345,-81789514.52,连续三个交易日内，涨幅偏离值累计达到20%的证券,002747,埃斯顿
7,机构专用,151893427.2,0.023096991397,198369220.88,0.0301641241,-46475793.68,连续三个交易日内，涨幅偏离值累计达到20%的证券,002747,埃斯顿
8,机构专用,62645104.78,0.009525846331,99249430.8,0.015091918667,-36604326.02,连续三个交易日内，涨幅偏离值累计达到20%的证券,002747,埃斯顿
9,中国国际金融股份有限公司上海分公司,66454233.0,0.010105064295,84952447.72,0.012917912185,-18498214.72,连续三个交易日内，涨幅偏离值累计达到20%的证券,002747,埃斯顿
10,机构专用,75810949.88,0.011527851398,62198476.2,0.009457931763,13612473.68,连续三个交易日内，涨幅偏离值累计达到20%的证券,002747,埃斯顿
1,深股通专用,225470415.66,0.061272124653,181634930.66,0.049359726775,43835485.0,日涨幅偏离值达到7%的前5只证券,002747,埃斯顿
2,机构专用,53758439.0,0.014608984358,41119947.2,0.011174443987,12638491.8,日涨幅偏离值达到7%的前5只证券,002747,埃斯顿
3,机构专用,51179663.44,0.013908195933,100963614.98,0.027437103819,-49783951.54,日涨幅偏离值达到7%的前5只证券,002747,埃斯顿
4,机构专用,40943123.0,0.011126391588,17456595.0,0.004743871438,23486528.0,日涨幅偏离值达到7%的前5只证券,002747,埃斯顿
5,平安证券股份有限公司杭州曙光路证券营业部,39748750.0,0.010801817869,8335086.12,0.002265079586,31413663.88,日涨幅偏离值达到7%的前5只证券,002747,埃斯顿
6,深股通专用,396250189.95,0.060254004383,478039704.47,0.072690959345,-81789514.52,连续三个交易日内，涨幅偏离值累计达到20%的证券,002747,埃斯顿
7,机构专用,151893427.2,0.023096991397,198369220.88,0.0301641241,-46475793.68,连续三个交易日内，涨幅偏离值累计达到20%的证券,002747,埃斯顿
8,机构专用,75810949.88,0.011527851398,62198476.2,0.009457931763,13612473.68,连续三个交易日内，涨幅偏离值累计达到20%的证券,002747,埃斯顿
9,中国国际金融股份有限公司上海分公司,66454233.0,0.010105064295,84952447.72,0.012917912185,-18498214.72,连续三个交易日内，涨幅偏离值累计达到20%的证券,002747,埃斯顿
10,机构专用,65840461.88,0.010011733948,40943104.0,0.006225829111,24897357.88,连续三个交易日内，涨幅偏离值累计达到20%的证券,002747,埃斯顿
1,深股通专用,225470415.66,0.061272124653,181634930.66,0.049359726775,43835485.0,日涨幅偏离值达到7%的前5只证券,002747,埃斯顿
2,机构专用,51179663.44,0.013908195933,100963614.98,0.027437103819,-49783951.54,日涨幅偏离值达到7%的前5只证券,002747,埃斯顿
3,机构专用,21438007.0,0.00582582967,62936758.0,0.017103214496,-41498751.0,日涨幅偏离值达到7%的前5只证券,002747,埃斯顿
4,中国国际金融股份有限公司上海分公司,22364498.0,0.006077605815,55392129.72,0.015052943718,-33027631.72,日涨幅偏离值达到7%的前5只证券,002747,埃斯顿
5,机构专用,53758439.0,0.014608984358,41119947.2,0.011174443987,12638491.8,日涨幅偏离值达到7%的前5只证券,002747,埃斯顿
6,深股通专用,396250189.95,0.060254004383,478039704.47,0.072690959345,-81789514.52,连续三个交易日内，涨幅偏离值累计达到20%的证券,002747,埃斯顿
7,机构专用,151893427.2,0.023096991397,198369220.88,0.0301641241,-46475793.68,连续三个交易日内，涨幅偏离值累计达到20%的证券,002747,埃斯顿
8,机构专用,62645104.78,0.009525846331,99249430.8,0.015091918667,-36604326.02,连续三个交易日内，涨幅偏离值累计达到20%的证券,002747,埃斯顿
9,中国国际金融股份有限公司上海分公司,66454233.0,0.010105064295,84952447.72,0.012917912185,-18498214.72,连续三个交易日内，涨幅偏离值累计达到20%的证券,002747,埃斯顿
10,机构专用,75810949.88,0.011527851398,62198476.2,0.009457931763,13612473.68,连续三个交易日内，涨幅偏离值累计达到20%的证券,002747,埃斯顿
1,机构专用,17669980.0,0.040846706441,7309896.0,0.016897878551,10360084.0,连续三个交易日内，涨幅偏离值累计达到12%的ST证券、*ST证券和未完成股改证券,002856,*ST美芝
2,机构专用,12080716.0,0.027926316841,369357.0,0.00085382196,11711359.0,连续三个交易日内，涨幅偏离值累计达到12%的ST证券、*ST证券和未完成股改证券,002856,*ST美芝
3,中国银河证券股份有限公司上海静安区安业路证券营业部,10311522.0,0.023836569826,5490166.8,0.012691312135,4821355.2,连续三个交易日内，涨幅偏离值累计达到12%的ST证券、*ST证券和未完成股改证券,002856,*ST美芝
4,东方财富证券股份有限公司拉萨团结路第二证券营业部,9614444.0,0.022225173524,3420370.0,0.007906678407,6194074.0,连续三个交易日内，涨幅偏离值累计达到12%的ST证券、*ST证券和未完成股改证券,002856,*ST美芝
5,中信建投证券股份有限公司上海营口路证券营业部,8513996.0,0.019681329309,10181115.0,0.023535115244,-1667119.0,连续三个交易日内，涨幅偏离值累计达到12%的ST证券、*ST证券和未完成股改证券,002856,*ST美芝
1,东方财富证券股份有限公司拉萨东环路第二证券营业部,4901905.0,0.011331460168,17291152.0,0.0399709909,-12389247.0,连续三个交易日内，涨幅偏离值累计达到12%的ST证券、*ST证券和未完成股改证券,002856,*ST美芝
2,东方财富证券股份有限公司拉萨团结路第一证券营业部,2197577.0,0.005080016084,14117387.0,0.032634375506,-11919810.0,连续三个交易日内，涨幅偏离值累计达到12%的ST证券、*ST证券和未完成股改证券,002856,*ST美芝
3,东亚前海证券有限责任公司浙江分公司,4742186.0,0.010962246671,10631696.0,0.02457669819,-5889510.0,连续三个交易日内，涨幅偏离值累计达到12%的ST证券、*ST证券和未完成股改证券,002856,*ST美芝
4,中信建投证券股份有限公司上海营口路证券营业部,8513996.0,0.019681329309,10181115.0,0.023535115244,-1667119.0,连续三个交易日内，涨幅偏离值累计达到12%的ST证券、*ST证券和未完成股改证券,002856,*ST美芝
5,机构专用,17669980.0,0.040846706441,7309896.0,0.016897878551,10360084.0,连续三个交易日内，涨幅偏离值累计达到12%的ST证券、*ST证券和未完成股改证券,002856,*ST美芝
1,深股通专用,135986119.37,0.034889310893,185773781.56,0.047663094223,-49787662.19,日换手率达到20%的前5只证券,002896,中大力德
2,机构专用,60826001.62,0.015605837498,20599308.76,0.005285066526,40226692.86,日换手率达到20%的前5只证券,002896,中大力德
3,东方财富证券股份有限公司拉萨团结路第一证券营业部,35884544.0,0.009206726522,15028638.5,0.003855826193,20855905.5,日换手率达到20%的前5只证券,002896,中大力德
4,东方财富证券股份有限公司拉萨东环路第二证券营业部,34412139.56,0.008828958729,16407940.7,0.004209707188,18004198.86,日换手率达到20%的前5只证券,002896,中大力德
5,东方财富证券股份有限公司拉萨团结路第二证券营业部,32258345.4,0.00827637002,9729339.02,0.002496210168,22529006.38,日换手率达到20%的前5只证券,002896,中大力德
6,深股通专用,312684117.03,0.050036835892,250322488.56,0.040057504036,62361628.47,连续三个交易日内，涨幅偏离值累计达到20%的证券,002896,中大力德
7,中信证券股份有限公司北京北三环中路证券营业部,127644223.09,0.020426087209,135307853.4,0.021652448867,-7663630.31,连续三个交易日内，涨幅偏离值累计达到20%的证券,002896,中大力德
8,机构专用,78426850.77,0.012550146451,23661759.76,0.003786439814,54765091.01,连续三个交易日内，涨幅偏离值累计达到20%的证券,002896,中大力德
9,中国中金财富证券有限公司上海分公司,54151790.32,0.008665564056,27862616.0,0.004458675924,26289174.32,连续三个交易日内，涨幅偏离值累计达到20%的证券,002896,中大力德
10,机构专用,52882661.05,0.00846247343,54209248.35,0.008674758697,-1326587.3,连续三个交易日内，涨幅偏离值累计达到20%的证券,002896,中大力德
1,深股通专用,135986119.37,0.034889310893,185773781.56,0.047663094223,-49787662.19,日换手率达到20%的前5只证券,002896,中大力德
2,中信证券股份有限公司北京北三环中路证券营业部,814235.0,0.000208904395,134786597.4,0.034581555254,-133972362.4,日换手率达到20%的前5只证券,002896,中大力德
3,机构专用,27083748.0,0.006948748214,43161455.35,0.011073729005,-16077707.35,日换手率达到20%的前5只证券,002896,中大力德
4,机构专用,19801566.6,0.00508039362,41554627.4,0.010661472811,-21753060.8,日换手率达到20%的前5只证券,002896,中大力德
5,招商证券股份有限公司深圳益田路免税商务大厦证券营业部,5633782.24,0.001445432673,38058237.95,0.009764420825,-32424455.71,日换手率达到20%的前5只证券,002896,中大力德
6,深股通专用,312684117.03,0.050036835892,250322488.56,0.040057504036,62361628.47,连续三个交易日内，涨幅偏离值累计达到20%的证券,002896,中大力德
7,中信证券股份有限公司北京北三环中路证券营业部,127644223.09,0.020426087209,135307853.4,0.021652448867,-7663630.31,连续三个交易日内，涨幅偏离值累计达到20%的证券,002896,中大力德
8,机构专用,50587913.32,0.008095259654,64126480.4,0.010261749802,-13538567.08,连续三个交易日内，涨幅偏离值累计达到20%的证券,002896,中大力德
9,机构专用,52882661.05,0.00846247343,54209248.35,0.008674758697,-1326587.3,连续三个交易日内，涨幅偏离值累计达到20%的证券,002896,中大力德
10,机构专用,48163019.68,0.007707219461,53139921.8,0.00850364122,-4976902.12,连续三个交易日内，涨幅偏离值累计达到20%的证券,002896,中大力德
1,深股通专用,135986119.37,0.034889310893,185773781.56,0.047663094223,-49787662.19,日换手率达到20%的前5只证券,002896,中大力德
2,机构专用,60826001.62,0.015605837498,20599308.76,0.005285066526,40226692.86,日换手率达到20%的前5只证券,002896,中大力德
3,东方财富证券股份有限公司拉萨团结路第一证券营业部,35884544.0,0.009206726522,15028638.5,0.003855826193,20855905.5,日换手率达到20%的前5只证券,002896,中大力德
4,东方财富证券股份有限公司拉萨东环路第二证券营业部,34412139.56,0.008828958729,16407940.7,0.004209707188,18004198.86,日换手率达到20%的前5只证券,002896,中大力德
5,东方财富证券股份有限公司拉萨团结路第二证券营业部,32258345.4,0.00827637002,9729339.02,0.002496210168,22529006.38,日换手率达到20%的前5只证券,002896,中大力德
6,深股通专用,312684117.03,0.050036835892,250322488.56,0.040057504036,62361628.47,连续三个交易日内，涨幅偏离值累计达到20%的证券,002896,中大力德
7,中信证券股份有限公司北京北三环中路证券营业部,127644223.09,0.020426087209,135307853.4,0.021652448867,-7663630.31,连续三个交易日内，涨幅偏离值累计达到20%的证券,002896,中大力德
8,机构专用,78426850.77,0.012550146451,23661759.76,0.003786439814,54765091.01,连续三个交易日内，涨幅偏离值累计达到20%的证券,002896,中大力德
9,中国中金财富证券有限公司上海分公司,54151790.32,0.008665564056,27862616.0,0.004458675924,26289174.32,连续三个交易日内，涨幅偏离值累计达到20%的证券,002896,中大力德
10,机构专用,52882661.05,0.00846247343,54209248.35,0.008674758697,-1326587.3,连续三个交易日内，涨幅偏离值累计达到20%的证券,002896,中大力德
1,深股通专用,135986119.37,0.034889310893,185773781.56,0.047663094223,-49787662.19,日换手率达到20%的前5只证券,002896,中大力德
2,中信证券股份有限公司北京北三环中路证券营业部,814235.0,0.000208904395,134786597.4,0.034581555254,-133972362.4,日换手率达到20%的前5只证券,002896,中大力德
3,机构专用,27083748.0,0.006948748214,43161455.35,0.011073729005,-16077707.35,日换手率达到20%的前5只证券,002896,中大力德
4,机构专用,19801566.6,0.00508039362,41554627.4,0.010661472811,-21753060.8,日换手率达到20%的前5只证券,002896,中大力德
5,招商证券股份有限公司深圳益田路免税商务大厦证券营业部,5633782.24,0.001445432673,38058237.95,0.009764420825,-32424455.71,日换手率达到20%的前5只证券,002896,中大力德
6,深股通专用,312684117.03,0.050036835892,250322488.56,0.040057504036,62361628.47,连续三个交易日内，涨幅偏离值累计达到20%的证券,002896,中大力德
7,中信证券股份有限公司北京北三环中路证券营业部,127644223.09,0.020426087209,135307853.4,0.021652448867,-7663630.31,连续三个交易日内，涨幅偏离值累计达到20%的证券,002896,中大力德
8,机构专用,50587913.32,0.008095259654,64126480.4,0.010261749802,-13538567.08,连续三个交易日内，涨幅偏离值累计达到20%的证券,002896,中大力德
9,机构专用,52882661.05,0.00846247343,54209248.35,0.008674758697,-1326587.3,连续三个交易日内，涨幅偏离值累计达到20%的证券,002896,中大力德
10,机构专用,48163019.68,0.007707219461,53139921.8,0.00850364122,-4976902.12,连续三个交易日内，涨幅偏离值累计达到20%的证券,002896,中大力德
1,机构专用,122531957.05,0.037990272746,116894742.46,0.036242489352,5637214.59,连续三个交易日内，涨幅偏离值累计达到20%的证券,002931,锋龙股份
2,机构专用,120342588.0,0.037311472461,105110240.62,0.032588777701,15232347.38,连续三个交易日内，涨幅偏离值累计达到20%的证券,002931,锋龙股份
3,机构专用,99968534.85,0.030994623741,77351859.0,0.023982463772,22616675.85,连续三个交易日内，涨幅偏离值累计达到20%的证券,002931,锋龙股份
4,机构专用,77140513.0,0.023916937256,64196232.0,0.019903643275,12944281.0,连续三个交易日内，涨幅偏离值累计达到20%的证券,002931,锋龙股份
5,开源证券股份有限公司西安太华路证券营业部,66144480.0,0.020507685475,0.0,0.0,66144480.0,连续三个交易日内，涨幅偏离值累计达到20%的证券,002931,锋龙股份
1,机构专用,122531957.05,0.037990272746,116894742.46,0.036242489352,5637214.59,连续三个交易日内，涨幅偏离值累计达到20%的证券,002931,锋龙股份
2,机构专用,120342588.0,0.037311472461,105110240.62,0.032588777701,15232347.38,连续三个交易日内，涨幅偏离值累计达到20%的证券,002931,锋龙股份
3,机构专用,99968534.85,0.030994623741,77351859.0,0.023982463772,22616675.85,连续三个交易日内，涨幅偏离值累计达到20%的证券,002931,锋龙股份
4,机构专用,77140513.0,0.023916937256,64196232.0,0.019903643275,12944281.0,连续三个交易日内，涨幅偏离值累计达到20%的证券,002931,锋龙股份
5,国联民生证券股份有限公司宁波分公司,0.0,0.0,45664254.0,0.014157918522,-45664254.0,连续三个交易日内，涨幅偏离值累计达到20%的证券,002931,锋龙股份
1,深股通专用,123595970.63,0.045327202666,117625798.1,0.043137720122,5970172.53,连续三个交易日内，涨幅偏离值累计达到20%的证券,002971,和远气体
2,机构专用,50531987.0,0.018531944077,55625844.0,0.020400049384,-5093857.0,连续三个交易日内，涨幅偏离值累计达到20%的证券,002971,和远气体
3,机构专用,49096328.6,0.018005435171,49199225.0,0.018043171078,-102896.4,连续三个交易日内，涨幅偏离值累计达到20%的证券,002971,和远气体
4,机构专用,47705984.9,0.017495544838,45346175.5,0.016630115663,2359809.4,连续三个交易日内，涨幅偏离值累计达到20%的证券,002971,和远气体
5,机构专用,32713173.99,0.011997127898,45954300.8,0.016853137648,-13241126.81,连续三个交易日内，涨幅偏离值累计达到20%的证券,002971,和远气体
1,深股通专用,123595970.63,0.045327202666,117625798.1,0.043137720122,5970172.53,连续三个交易日内，涨幅偏离值累计达到20%的证券,002971,和远气体
2,长江证券股份有限公司武汉新华路证券营业部,186579.0,6.8425403e-05,64065148.2,0.023495053613,-63878569.2,连续三个交易日内，涨幅偏离值累计达到20%的证券,002971,和远气体
3,机构专用,50531987.0,0.018531944077,55625844.0,0.020400049384,-5093857.0,连续三个交易日内，涨幅偏离值累计达到20%的证券,002971,和远气体
4,机构专用,49096328.6,0.018005435171,49199225.0,0.018043171078,-102896.4,连续三个交易日内，涨幅偏离值累计达到20%的证券,002971,和远气体
5,机构专用,32713173.99,0.011997127898,45954300.8,0.016853137648,-13241126.81,连续三个交易日内，涨幅偏离值累计达到20%的证券,002971,和远气体
1,开源证券股份有限公司西安太华路证券营业部,40239657.04,0.034198406719,0.0,0.0,40239657.04,连续三个交易日内，涨幅偏离值累计达到20%的证券,003009,中天火箭
2,深股通专用,39299134.64,0.033399086597,39068739.09,0.033203280735,230395.55,连续三个交易日内，涨幅偏离值累计达到20%的证券,003009,中天火箭
3,机构专用,22689944.8,0.019283463572,32346801.76,0.027490519652,-9656856.96,连续三个交易日内，涨幅偏离值累计达到20%的证券,003009,中天火箭
4,机构专用,20443884.6,0.017374608331,12638579.78,0.01074112762,7805304.82,连续三个交易日内，涨幅偏离值累计达到20%的证券,003009,中天火箭
5,机构专用,16859017.38,0.014327943518,14760106.0,0.012544145386,2098911.38,连续三个交易日内，涨幅偏离值累计达到20%的证券,003009,中天火箭
1,深股通专用,39299134.64,0.033399086597,39068739.09,0.033203280735,230395.55,连续三个交易日内，涨幅偏离值累计达到20%的证券,003009,中天火箭
2,机构专用,22689944.8,0.019283463572,32346801.76,0.027490519652,-9656856.96,连续三个交易日内，涨幅偏离值累计达到20%的证券,003009,中天火箭
3,华鑫证券有限责任公司上海宛平南路证券营业部,15528620.0,0.013197281031,16402705.0,0.013940138116,-874085.0,连续三个交易日内，涨幅偏离值累计达到20%的证券,003009,中天火箭
4,机构专用,16859017.38,0.014327943518,14760106.0,0.012544145386,2098911.38,连续三个交易日内，涨幅偏离值累计达到20%的证券,003009,中天火箭
5,华鑫证券有限责任公司上海东大名路证券营业部,12210160.0,0.010377027254,13671002.8,0.011618551161,-1460842.8,连续三个交易日内，涨幅偏离值累计达到20%的证券,003009,中天火箭
1,机构专用,32824890.01,0.026923000284,21177437.0,0.017369750277,11647453.01,日换手率达到30%的前5只证券,300162,雷曼光电
2,机构专用,29007668.84,0.023792112515,38530228.0,0.031602522935,-9522559.16,日换手率达到30%的前5只证券,300162,雷曼光电
3,机构专用,28347505.86,0.023250646326,19503286.0,0.015996610327,8844219.86,日换手率达到30%的前5只证券,300162,雷曼光电
4,机构专用,26272483.0,0.021548710964,35151270.0,0.028831098958,-8878787.0,日换手率达到30%的前5只证券,300162,雷曼光电
5,机构专用,25376919.23,0.020814168864,16052806.0,0.013166523951,9324113.23,日换手率达到30%的前5只证券,300162,雷曼光电
1,开源证券股份有限公司西安太华路证券营业部,0.0,0.0,76059875.0,0.062384368556,-76059875.0,日换手率达到30%的前5只证券,300162,雷曼光电
2,机构专用,29007668.84,0.023792112515,38530228.0,0.031602522935,-9522559.16,日换手率达到30%的前5只证券,300162,雷曼光电
3,机构专用,26272483.0,0.021548710964,35151270.0,0.028831098958,-8878787.0,日换手率达到30%的前5只证券,300162,雷曼光电
4,机构专用,32824890.01,0.026923000284,21177437.0,0.017369750277,11647453.01,日换手率达到30%的前5只证券,300162,雷曼光电
5,机构专用,28347505.86,0.023250646326,19503286.0,0.015996610327,8844219.86,日换手率达到30%的前5只证券,300162,雷曼光电
1,深股通专用,58373333.01,0.029976796896,122850746.75,0.063088257839,-64477413.74,日涨幅达到15%的前5只证券,300197,节能铁汉
2,开源证券股份有限公司西安高新成章路证券营业部,54810748.0,0.028147281914,0.0,0.0,54810748.0,日涨幅达到15%的前5只证券,300197,节能铁汉
3,机构专用,28815316.0,0.014797696665,11349673.0,0.005828463526,17465643.0,日涨幅达到15%的前5只证券,300197,节能铁汉
4,机构专用,26888997.0,0.013808462876,10325622.0,0.005302576666,16563375.0,日涨幅达到15%的前5只证券,300197,节能铁汉
5,机构专用,21702884.88,0.011145208583,46217879.25,0.023734536094,-24514994.37,日涨幅达到15%的前5只证券,300197,节能铁汉
1,深股通专用,58373333.01,0.029976796896,122850746.75,0.063088257839,-64477413.74,日涨幅达到15%的前5只证券,300197,节能铁汉
2,机构专用,21702884.88,0.011145208583,46217879.25,0.023734536094,-24514994.37,日涨幅达到15%的前5只证券,300197,节能铁汉
3,东兴证券股份有限公司乌鲁木齐新华北路证券营业部,61106.0,3.1380119e-05,44144236.0,0.022669646026,-44083130.0,日涨幅达到15%的前5只证券,300197,节能铁汉
4,机构专用,21027746.0,0.010798500591,38348220.61,0.019693184563,-17320474.61,日涨幅达到15%的前5只证券,300197,节能铁汉
5,国投证券股份有限公司佛山南海罗村证券营业部,3787991.0,0.001945269029,33849887.0,0.017383129166,-30061896.0,日涨幅达到15%的前5只证券,300197,节能铁汉
1,深股通专用,133019607.0,0.063352538817,190092756.05,0.090534463138,-57073149.05,日跌幅达到15%的前5只证券,300322,硕贝德
2,机构专用,42200052.0,0.020098393708,75018154.38,0.035728496306,-32818102.38,日跌幅达到15%的前5只证券,300322,硕贝德
3,机构专用,34451046.0,0.016407815947,38105344.0,0.018148228967,-3654298.0,日跌幅达到15%的前5只证券,300322,硕贝德
4,中国国际金融股份有限公司上海分公司,27949994.0,0.013311594582,21603890.26,0.010289169598,6346103.74,日跌幅达到15%的前5只证券,300322,硕贝德
5,机构专用,27011984.0,0.012864853562,30981192.02,0.014755247097,-3969208.02,日跌幅达到15%的前5只证券,300322,硕贝德
1,深股通专用,133019607.0,0.063352538817,190092756.05,0.090534463138,-57073149.05,日跌幅达到15%的前5只证券,300322,硕贝德
2,机构专用,42200052.0,0.020098393708,75018154.38,0.035728496306,-32818102.38,日跌幅达到15%的前5只证券,300322,硕贝德
3,国泰海通证券股份有限公司上海黄浦区合肥路证券营业部,26019.0,1.239193e-05,53157738.0,0.025317152381,-53131719.0,日跌幅达到15%的前5只证券,300322,硕贝德
4,东方证券股份有限公司深圳深南大道证券营业部,1403804.0,0.000668582244,50551238.0,0.024075768527,-49147434.0,日跌幅达到15%的前5只证券,300322,硕贝德
5,机构专用,19851832.0,0.009454726155,48712195.36,0.023199897496,-28860363.36,日跌幅达到15%的前5只证券,300322,硕贝德
1,机构专用,34654158.0,0.035839783112,28865788.51,0.029853375735,5788369.49,连续三个交易日内，涨幅偏离值累计达到30%的证券,300334,津膜科技
2,华西证券股份有限公司北京紫竹院路证券营业部,30221282.0,0.031255244818,108110.0,0.000111808775,30113172.0,连续三个交易日内，涨幅偏离值累计达到30%的证券,300334,津膜科技
3,机构专用,29060907.0,0.030055169827,29449963.49,0.030457537134,-389056.49,连续三个交易日内，涨幅偏离值累计达到30%的证券,300334,津膜科技
4,开源证券股份有限公司西安太华路证券营业部,22969733.6,0.023755598689,26021546.52,0.026911823496,-3051812.92,连续三个交易日内，涨幅偏离值累计达到30%的证券,300334,津膜科技
5,机构专用,22335042.0,0.023099192341,24380285.0,0.025214409382,-2045243.0,连续三个交易日内，涨幅偏离值累计达到30%的证券,300334,津膜科技
1,机构专用,29060907.0,0.030055169827,29449963.49,0.030457537134,-389056.49,连续三个交易日内，涨幅偏离值累计达到30%的证券,300334,津膜科技
2,机构专用,34654158.0,0.035839783112,28865788.51,0.029853375735,5788369.49,连续三个交易日内，涨幅偏离值累计达到30%的证券,300334,津膜科技
3,开源证券股份有限公司西安太华路证券营业部,22969733.6,0.023755598689,26021546.52,0.026911823496,-3051812.92,连续三个交易日内，涨幅偏离值累计达到30%的证券,300334,津膜科技
4,机构专用,22335042.0,0.023099192341,24380285.0,0.025214409382,-2045243.0,连续三个交易日内，涨幅偏离值累计达到30%的证券,300334,津膜科技
5,机构专用,19637472.0,0.020309330192,22120660.0,0.022877475675,-2483188.0,连续三个交易日内，涨幅偏离值累计达到30%的证券,300334,津膜科技
1,开源证券股份有限公司西安太华路证券营业部,96222115.58,0.242302196927,0.0,0.0,96222115.58,日涨幅达到15%的前5只证券,300376,易事特
2,深股通专用,31185528.0,0.078529991792,44296360.0,0.11154509833,-13110832.0,日涨幅达到15%的前5只证券,300376,易事特
3,机构专用,10494668.0,0.026427200203,4306345.0,0.010844043991,6188323.0,日涨幅达到15%的前5只证券,300376,易事特
4,机构专用,8310403.0,0.020926882475,6122972.0,0.015418592268,2187431.0,日涨幅达到15%的前5只证券,300376,易事特
5,广发证券股份有限公司武汉和平大道证券营业部,7578078.0,0.019082774649,39384.0,9.9175015e-05,7538694.0,日涨幅达到15%的前5只证券,300376,易事特
1,深股通专用,31185528.0,0.078529991792,44296360.0,0.11154509833,-13110832.0,日涨幅达到15%的前5只证券,300376,易事特
2,机构专用,8310403.0,0.020926882475,6122972.0,0.015418592268,2187431.0,日涨幅达到15%的前5只证券,300376,易事特
3,华泰证券股份有限公司中山中山五路证券营业部,243000.0,0.000611911654,4994388.0,0.012576642879,-4751388.0,日涨幅达到15%的前5只证券,300376,易事特
4,机构专用,10494668.0,0.026427200203,4306345.0,0.010844043991,6188323.0,日涨幅达到15%的前5只证券,300376,易事特
5,机构专用,4608145.0,0.011604023155,4076877.0,0.01026620801,531268.0,日涨幅达到15%的前5只证券,300376,易事特
1,国金证券股份有限公司深圳分公司,49348173.42,0.044899591367,1459171.0,0.001327631341,47889002.42,日跌幅达到15%的前5只证券,300737,科顺股份
2,深股通专用,44956543.0,0.040903852566,57067581.09,0.051923118804,-12111038.09,日跌幅达到15%的前5只证券,300737,科顺股份
3,华创证券有限责任公司北京西直门证券营业部,13015047.0,0.011841781598,5185229.0,0.004717796974,7829818.0,日跌幅达到15%的前5只证券,300737,科顺股份
4,招商证券股份有限公司宁波中山东路证券营业部,12553875.0,0.011422182798,171171.0,0.000155740475,12382704.0,日跌幅达到15%的前5只证券,300737,科顺股份
5,国泰海通证券股份有限公司宁波广福街证券营业部,12286822.0,0.011179203783,511450.0,0.000465344397,11775372.0,日跌幅达到15%的前5只证券,300737,科顺股份
1,机构专用,9028807.0,0.008214888551,64784511.05,0.058944391889,-55755704.05,日跌幅达到15%的前5只证券,300737,科顺股份
2,深股通专用,44956543.0,0.040903852566,57067581.09,0.051923118804,-12111038.09,日跌幅达到15%的前5只证券,300737,科顺股份
3,机构专用,2583060.0,0.002350205295,18339613.21,0.016686354973,-15756553.21,日跌幅达到15%的前5只证券,300737,科顺股份
4,机构专用,5082407.0,0.004624244053,17826869.0,0.016219833035,-12744462.0,日跌幅达到15%的前5只证券,300737,科顺股份
5,机构专用,5447647.0,0.00495655882,17282120.0,0.015724191438,-11834473.0,日跌幅达到15%的前5只证券,300737,科顺股份
1,机构专用,3231848.0,0.019997771307,1268126.0,0.007846808927,1963722.0,日换手率达到30%的前5只证券,301139,*ST元道
2,中信建投证券股份有限公司北京五路居证券营业部,3017752.0,0.018673005153,0.0,0.0,3017752.0,日换手率达到30%的前5只证券,301139,*ST元道
3,机构专用,2887253.0,0.017865513848,617023.0,0.00381796571,2270230.0,日换手率达到30%的前5只证券,301139,*ST元道
4,东方财富证券股份有限公司拉萨金融城南环路证券营业部,2553802.92,0.015802218037,734266.0,0.004543432595,1819536.92,日换手率达到30%的前5只证券,301139,*ST元道
5,东方财富证券股份有限公司拉萨东环路第二证券营业部,2542665.4,0.015733302179,1612652.0,0.009978639433,930013.4,日换手率达到30%的前5只证券,301139,*ST元道
1,东方财富证券股份有限公司拉萨东环路第二证券营业部,2542665.4,0.015733302179,1612652.0,0.009978639433,930013.4,日换手率达到30%的前5只证券,301139,*ST元道
2,招商证券股份有限公司上海牡丹江路证券营业部,568945.0,0.003520472496,1547615.0,0.009576208671,-978670.0,日换手率达到30%的前5只证券,301139,*ST元道
3,川财证券有限责任公司成都蜀锦路证券营业部,0.0,0.0,1545163.0,0.009561036381,-1545163.0,日换手率达到30%的前5只证券,301139,*ST元道
4,华创证券有限责任公司贵阳中华北路证券营业部,2444.0,1.5122788e-05,1409254.0,0.00872006951,-1406810.0,日换手率达到30%的前5只证券,301139,*ST元道
5,东方财富证券股份有限公司拉萨东环路第一证券营业部,1975068.0,0.012221168254,1316282.0,0.008144784783,658786.0,日换手率达到30%的前5只证券,301139,*ST元道
1,机构专用,33223285.02,0.064936535074,0.0,0.0,33223285.02,连续三个交易日内，涨幅偏离值累计达到30%的证券,301151,冠龙节能
2,机构专用,26791688.0,0.052365664216,18007768.92,0.035197064871,8783919.08,连续三个交易日内，涨幅偏离值累计达到30%的证券,301151,冠龙节能
3,机构专用,25949661.36,0.050719881976,11319610.0,0.022124731234,14630051.36,连续三个交易日内，涨幅偏离值累计达到30%的证券,301151,冠龙节能
4,机构专用,19673941.92,0.03845368147,5818292.52,0.011372137225,13855649.4,连续三个交易日内，涨幅偏离值累计达到30%的证券,301151,冠龙节能
5,机构专用,17374592.0,0.033959489621,14411354.46,0.028167696957,2963237.54,连续三个交易日内，涨幅偏离值累计达到30%的证券,301151,冠龙节能
1,机构专用,26791688.0,0.052365664216,18007768.92,0.035197064871,8783919.08,连续三个交易日内，涨幅偏离值累计达到30%的证券,301151,冠龙节能
2,机构专用,17374592.0,0.033959489621,14411354.46,0.028167696957,2963237.54,连续三个交易日内，涨幅偏离值累计达到30%的证券,301151,冠龙节能
3,机构专用,14865561.11,0.029055466063,12355149.0,0.024148742844,2510412.11,连续三个交易日内，涨幅偏离值累计达到30%的证券,301151,冠龙节能
4,机构专用,25949661.36,0.050719881976,11319610.0,0.022124731234,14630051.36,连续三个交易日内，涨幅偏离值累计达到30%的证券,301151,冠龙节能
5,机构专用,0.0,0.0,9774941.13,0.019105600399,-9774941.13,连续三个交易日内，涨幅偏离值累计达到30%的证券,301151,冠龙节能
1,机构专用,19367798.0,0.074473411961,0.0,0.0,19367798.0,日涨幅达到15%的前5只证券,301195,北路智控
2,中泰证券股份有限公司常州惠国路证券营业部,18165179.0,0.069849079333,0.0,0.0,18165179.0,日涨幅达到15%的前5只证券,301195,北路智控
3,国泰海通证券股份有限公司成都北一环路证券营业部,15628419.5,0.060094685195,60180.0,0.000231405239,15568239.5,日涨幅达到15%的前5只证券,301195,北路智控
4,机构专用,10663437.5,0.04100324538,0.0,0.0,10663437.5,日涨幅达到15%的前5只证券,301195,北路智控
5,机构专用,10517326.3,0.040441415915,0.0,0.0,10517326.3,日涨幅达到15%的前5只证券,301195,北路智控
1,国泰海通证券股份有限公司深圳宝安怀德国际大厦证券营业部,0.0,0.0,9427804.1,0.036251965176,-9427804.1,日涨幅达到15%的前5只证券,301195,北路智控
2,机构专用,670030.0,0.00257641164,6501222.0,0.024998618029,-5831192.0,日涨幅达到15%的前5只证券,301195,北路智控
3,申万宏源证券有限公司南通新世纪大道证券营业部,0.0,0.0,6294400.0,0.024203342282,-6294400.0,日涨幅达到15%的前5只证券,301195,北路智控
4,东方财富证券股份有限公司拉萨东环路第一证券营业部,564157.0,0.00216930684,5588226.0,0.02148794907,-5024069.0,日涨幅达到15%的前5只证券,301195,北路智控
5,中泰证券股份有限公司淄博青年路证券营业部,33158.0,0.00012749975,5060067.0,0.0194570624,-5026909.0,日涨幅达到15%的前5只证券,301195,北路智控
1,开源证券股份有限公司西安太华路证券营业部,32887726.8,0.071276980915,0.0,0.0,32887726.8,日涨幅达到15%的前5只证券,301302,华如科技
2,机构专用,19298429.0,0.041825139326,7388205.5,0.016012325377,11910223.5,日涨幅达到15%的前5只证券,301302,华如科技
3,机构专用,15256244.53,0.033064585364,11027833.0,0.023900424832,4228411.53,日涨幅达到15%的前5只证券,301302,华如科技
4,机构专用,15073582.65,0.032668705545,8475618.1,0.018369055217,6597964.55,日涨幅达到15%的前5只证券,301302,华如科技
5,机构专用,14514828.0,0.031457726605,0.0,0.0,14514828.0,日涨幅达到15%的前5只证券,301302,华如科技
1,机构专用,15256244.53,0.033064585364,11027833.0,0.023900424832,4228411.53,日涨幅达到15%的前5只证券,301302,华如科技
2,机构专用,12794726.0,0.027729780366,10775798.0,0.023354193893,2018928.0,日涨幅达到15%的前5只证券,301302,华如科技
3,机构专用,15073582.65,0.032668705545,8475618.1,0.018369055217,6597964.55,日涨幅达到15%的前5只证券,301302,华如科技
4,中信证券股份有限公司福建分公司,0.0,0.0,7490508.0,0.016234043751,-7490508.0,日涨幅达到15%的前5只证券,301302,华如科技
5,机构专用,19298429.0,0.041825139326,7388205.5,0.016012325377,11910223.5,日涨幅达到15%的前5只证券,301302,华如科技
1,平安证券股份有限公司杭州曙光路证券营业部,41077296.0,0.024665595108,301598.0,0.000181099899,40775698.0,日换手率达到30%的前5只证券,301313,凡拓数创
2,机构专用,39436283.0,0.02368021958,5745557.0,0.003450022188,33690726.0,日换手率达到30%的前5只证券,301313,凡拓数创
3,东方证券股份有限公司成都万象南路证券营业部,36715700.0,0.022046596989,0.0,0.0,36715700.0,日换手率达到30%的前5只证券,301313,凡拓数创
4,平安证券股份有限公司浙江分公司,28684204.0,0.017223941952,2151826.0,0.001292102305,26532378.0,日换手率达到30%的前5只证券,301313,凡拓数创
5,机构专用,27931828.12,0.016772164434,0.0,0.0,27931828.12,日换手率达到30%的前5只证券,301313,凡拓数创
6,平安证券股份有限公司杭州曙光路证券营业部,41077296.0,0.024665595108,301598.0,0.000181099899,40775698.0,日涨幅达到15%的前5只证券,301313,凡拓数创
7,机构专用,39436283.0,0.02368021958,5745557.0,0.003450022188,33690726.0,日涨幅达到15%的前5只证券,301313,凡拓数创
8,东方证券股份有限公司成都万象南路证券营业部,36715700.0,0.022046596989,0.0,0.0,36715700.0,日涨幅达到15%的前5只证券,301313,凡拓数创
9,平安证券股份有限公司浙江分公司,28684204.0,0.017223941952,2151826.0,0.001292102305,26532378.0,日涨幅达到15%的前5只证券,301313,凡拓数创
10,机构专用,27931828.12,0.016772164434,0.0,0.0,27931828.12,日涨幅达到15%的前5只证券,301313,凡拓数创
11,机构专用,53730752.0,0.020904442003,14461836.62,0.005626510213,39268915.38,连续三个交易日内，涨幅偏离值累计达到30%的证券,301313,凡拓数创
12,平安证券股份有限公司杭州曙光路证券营业部,44791399.0,0.017426504707,3517031.0,0.001368333177,41274368.0,连续三个交易日内，涨幅偏离值累计达到30%的证券,301313,凡拓数创
13,东方证券股份有限公司成都万象南路证券营业部,36715700.0,0.014284579923,0.0,0.0,36715700.0,连续三个交易日内，涨幅偏离值累计达到30%的证券,301313,凡拓数创
14,平安证券股份有限公司浙江分公司,30841759.0,0.011999269288,3950492.0,0.001536975155,26891267.0,连续三个交易日内，涨幅偏离值累计达到30%的证券,301313,凡拓数创
15,机构专用,28996543.0,0.011281371075,22667854.0,0.008819136558,6328689.0,连续三个交易日内，涨幅偏离值累计达到30%的证券,301313,凡拓数创
1,浙商证券股份有限公司深圳分公司,10004.0,6.00708e-06,268438200.0,0.161188505511,-268428196.0,日换手率达到30%的前5只证券,301313,凡拓数创
2,国信证券股份有限公司深圳宝安万丰海岸城证券营业部,0.0,0.0,49403827.0,0.029665409173,-49403827.0,日换手率达到30%的前5只证券,301313,凡拓数创
3,国泰海通证券股份有限公司深圳前海听海大道证券营业部,766816.0,0.000460448345,44984516.0,0.027011755053,-44217700.0,日换手率达到30%的前5只证券,301313,凡拓数创
4,招商证券股份有限公司深圳中心路证券营业部,42419.0,2.5471245e-05,36900337.0,0.022157465569,-36857918.0,日换手率达到30%的前5只证券,301313,凡拓数创
5,光大证券股份有限公司深圳新园路证券营业部,80412.0,4.828482e-05,36267843.38,0.021777673493,-36187431.38,日换手率达到30%的前5只证券,301313,凡拓数创
6,浙商证券股份有限公司深圳分公司,10004.0,6.00708e-06,268438200.0,0.161188505511,-268428196.0,日涨幅达到15%的前5只证券,301313,凡拓数创
7,国信证券股份有限公司深圳宝安万丰海岸城证券营业部,0.0,0.0,49403827.0,0.029665409173,-49403827.0,日涨幅达到15%的前5只证券,301313,凡拓数创
8,国泰海通证券股份有限公司深圳前海听海大道证券营业部,766816.0,0.000460448345,44984516.0,0.027011755053,-44217700.0,日涨幅达到15%的前5只证券,301313,凡拓数创
9,招商证券股份有限公司深圳中心路证券营业部,42419.0,2.5471245e-05,36900337.0,0.022157465569,-36857918.0,日涨幅达到15%的前5只证券,301313,凡拓数创
10,光大证券股份有限公司深圳新园路证券营业部,80412.0,4.828482e-05,36267843.38,0.021777673493,-36187431.38,日涨幅达到15%的前5只证券,301313,凡拓数创
11,浙商证券股份有限公司深圳分公司,10004.0,3.892148e-06,268438200.0,0.104438344419,-268428196.0,连续三个交易日内，涨幅偏离值累计达到30%的证券,301313,凡拓数创
12,国信证券股份有限公司深圳宝安万丰海岸城证券营业部,0.0,0.0,49403827.0,0.019221012135,-49403827.0,连续三个交易日内，涨幅偏离值累计达到30%的证券,301313,凡拓数创
13,国泰海通证券股份有限公司深圳前海听海大道证券营业部,2863317.0,0.001113999748,44994634.0,0.017505575148,-42131317.0,连续三个交易日内，涨幅偏离值累计达到30%的证券,301313,凡拓数创
14,招商证券股份有限公司深圳中心路证券营业部,474198.0,0.000184491082,38116775.0,0.014829681005,-37642577.0,连续三个交易日内，涨幅偏离值累计达到30%的证券,301313,凡拓数创
15,光大证券股份有限公司深圳新园路证券营业部,135960.0,5.2896485e-05,36310170.38,0.014126804903,-36174210.38,连续三个交易日内，涨幅偏离值累计达到30%的证券,301313,凡拓数创
1,平安证券股份有限公司杭州曙光路证券营业部,41077296.0,0.024665595108,301598.0,0.000181099899,40775698.0,日换手率达到30%的前5只证券,301313,凡拓数创
2,机构专用,39436283.0,0.02368021958,5745557.0,0.003450022188,33690726.0,日换手率达到30%的前5只证券,301313,凡拓数创
3,东方证券股份有限公司成都万象南路证券营业部,36715700.0,0.022046596989,0.0,0.0,36715700.0,日换手率达到30%的前5只证券,301313,凡拓数创
4,平安证券股份有限公司浙江分公司,28684204.0,0.017223941952,2151826.0,0.001292102305,26532378.0,日换手率达到30%的前5只证券,301313,凡拓数创
5,机构专用,27931828.12,0.016772164434,0.0,0.0,27931828.12,日换手率达到30%的前5只证券,301313,凡拓数创
6,平安证券股份有限公司杭州曙光路证券营业部,41077296.0,0.024665595108,301598.0,0.000181099899,40775698.0,日涨幅达到15%的前5只证券,301313,凡拓数创
7,机构专用,39436283.0,0.02368021958,5745557.0,0.003450022188,33690726.0,日涨幅达到15%的前5只证券,301313,凡拓数创
8,东方证券股份有限公司成都万象南路证券营业部,36715700.0,0.022046596989,0.0,0.0,36715700.0,日涨幅达到15%的前5只证券,301313,凡拓数创
9,平安证券股份有限公司浙江分公司,28684204.0,0.017223941952,2151826.0,0.001292102305,26532378.0,日涨幅达到15%的前5只证券,301313,凡拓数创
10,机构专用,27931828.12,0.016772164434,0.0,0.0,27931828.12,日涨幅达到15%的前5只证券,301313,凡拓数创
11,机构专用,53730752.0,0.020904442003,14461836.62,0.005626510213,39268915.38,连续三个交易日内，涨幅偏离值累计达到30%的证券,301313,凡拓数创
12,平安证券股份有限公司杭州曙光路证券营业部,44791399.0,0.017426504707,3517031.0,0.001368333177,41274368.0,连续三个交易日内，涨幅偏离值累计达到30%的证券,301313,凡拓数创
13,东方证券股份有限公司成都万象南路证券营业部,36715700.0,0.014284579923,0.0,0.0,36715700.0,连续三个交易日内，涨幅偏离值累计达到30%的证券,301313,凡拓数创
14,平安证券股份有限公司浙江分公司,30841759.0,0.011999269288,3950492.0,0.001536975155,26891267.0,连续三个交易日内，涨幅偏离值累计达到30%的证券,301313,凡拓数创
15,机构专用,28996543.0,0.011281371075,22667854.0,0.008819136558,6328689.0,连续三个交易日内，涨幅偏离值累计达到30%的证券,301313,凡拓数创
1,浙商证券股份有限公司深圳分公司,10004.0,6.00708e-06,268438200.0,0.161188505511,-268428196.0,日换手率达到30%的前5只证券,301313,凡拓数创
2,国信证券股份有限公司深圳宝安万丰海岸城证券营业部,0.0,0.0,49403827.0,0.029665409173,-49403827.0,日换手率达到30%的前5只证券,301313,凡拓数创
3,国泰海通证券股份有限公司深圳前海听海大道证券营业部,766816.0,0.000460448345,44984516.0,0.027011755053,-44217700.0,日换手率达到30%的前5只证券,301313,凡拓数创
4,招商证券股份有限公司深圳中心路证券营业部,42419.0,2.5471245e-05,36900337.0,0.022157465569,-36857918.0,日换手率达到30%的前5只证券,301313,凡拓数创
5,光大证券股份有限公司深圳新园路证券营业部,80412.0,4.828482e-05,36267843.38,0.021777673493,-36187431.38,日换手率达到30%的前5只证券,301313,凡拓数创
6,浙商证券股份有限公司深圳分公司,10004.0,6.00708e-06,268438200.0,0.161188505511,-268428196.0,日涨幅达到15%的前5只证券,301313,凡拓数创
7,国信证券股份有限公司深圳宝安万丰海岸城证券营业部,0.0,0.0,49403827.0,0.029665409173,-49403827.0,日涨幅达到15%的前5只证券,301313,凡拓数创
8,国泰海通证券股份有限公司深圳前海听海大道证券营业部,766816.0,0.000460448345,44984516.0,0.027011755053,-44217700.0,日涨幅达到15%的前5只证券,301313,凡拓数创
9,招商证券股份有限公司深圳中心路证券营业部,42419.0,2.5471245e-05,36900337.0,0.022157465569,-36857918.0,日涨幅达到15%的前5只证券,301313,凡拓数创
10,光大证券股份有限公司深圳新园路证券营业部,80412.0,4.828482e-05,36267843.38,0.021777673493,-36187431.38,日涨幅达到15%的前5只证券,301313,凡拓数创
11,浙商证券股份有限公司深圳分公司,10004.0,3.892148e-06,268438200.0,0.104438344419,-268428196.0,连续三个交易日内，涨幅偏离值累计达到30%的证券,301313,凡拓数创
12,国信证券股份有限公司深圳宝安万丰海岸城证券营业部,0.0,0.0,49403827.0,0.019221012135,-49403827.0,连续三个交易日内，涨幅偏离值累计达到30%的证券,301313,凡拓数创
13,国泰海通证券股份有限公司深圳前海听海大道证券营业部,2863317.0,0.001113999748,44994634.0,0.017505575148,-42131317.0,连续三个交易日内，涨幅偏离值累计达到30%的证券,301313,凡拓数创
14,招商证券股份有限公司深圳中心路证券营业部,474198.0,0.000184491082,38116775.0,0.014829681005,-37642577.0,连续三个交易日内，涨幅偏离值累计达到30%的证券,301313,凡拓数创
15,光大证券股份有限公司深圳新园路证券营业部,135960.0,5.2896485e-05,36310170.38,0.014126804903,-36174210.38,连续三个交易日内，涨幅偏离值累计达到30%的证券,301313,凡拓数创
1,平安证券股份有限公司杭州曙光路证券营业部,41077296.0,0.024665595108,301598.0,0.000181099899,40775698.0,日换手率达到30%的前5只证券,301313,凡拓数创
2,机构专用,39436283.0,0.02368021958,5745557.0,0.003450022188,33690726.0,日换手率达到30%的前5只证券,301313,凡拓数创
3,东方证券股份有限公司成都万象南路证券营业部,36715700.0,0.022046596989,0.0,0.0,36715700.0,日换手率达到30%的前5只证券,301313,凡拓数创
4,平安证券股份有限公司浙江分公司,28684204.0,0.017223941952,2151826.0,0.001292102305,26532378.0,日换手率达到30%的前5只证券,301313,凡拓数创
5,机构专用,27931828.12,0.016772164434,0.0,0.0,27931828.12,日换手率达到30%的前5只证券,301313,凡拓数创
6,平安证券股份有限公司杭州曙光路证券营业部,41077296.0,0.024665595108,301598.0,0.000181099899,40775698.0,日涨幅达到15%的前5只证券,301313,凡拓数创
7,机构专用,39436283.0,0.02368021958,5745557.0,0.003450022188,33690726.0,日涨幅达到15%的前5只证券,301313,凡拓数创
8,东方证券股份有限公司成都万象南路证券营业部,36715700.0,0.022046596989,0.0,0.0,36715700.0,日涨幅达到15%的前5只证券,301313,凡拓数创
9,平安证券股份有限公司浙江分公司,28684204.0,0.017223941952,2151826.0,0.001292102305,26532378.0,日涨幅达到15%的前5只证券,301313,凡拓数创
10,机构专用,27931828.12,0.016772164434,0.0,0.0,27931828.12,日涨幅达到15%的前5只证券,301313,凡拓数创
11,机构专用,53730752.0,0.020904442003,14461836.62,0.005626510213,39268915.38,连续三个交易日内，涨幅偏离值累计达到30%的证券,301313,凡拓数创
12,平安证券股份有限公司杭州曙光路证券营业部,44791399.0,0.017426504707,3517031.0,0.001368333177,41274368.0,连续三个交易日内，涨幅偏离值累计达到30%的证券,301313,凡拓数创
13,东方证券股份有限公司成都万象南路证券营业部,36715700.0,0.014284579923,0.0,0.0,36715700.0,连续三个交易日内，涨幅偏离值累计达到30%的证券,301313,凡拓数创
14,平安证券股份有限公司浙江分公司,30841759.0,0.011999269288,3950492.0,0.001536975155,26891267.0,连续三个交易日内，涨幅偏离值累计达到30%的证券,301313,凡拓数创
15,机构专用,28996543.0,0.011281371075,22667854.0,0.008819136558,6328689.0,连续三个交易日内，涨幅偏离值累计达到30%的证券,301313,凡拓数创
1,浙商证券股份有限公司深圳分公司,10004.0,6.00708e-06,268438200.0,0.161188505511,-268428196.0,日换手率达到30%的前5只证券,301313,凡拓数创
2,国信证券股份有限公司深圳宝安万丰海岸城证券营业部,0.0,0.0,49403827.0,0.029665409173,-49403827.0,日换手率达到30%的前5只证券,301313,凡拓数创
3,国泰海通证券股份有限公司深圳前海听海大道证券营业部,766816.0,0.000460448345,44984516.0,0.027011755053,-44217700.0,日换手率达到30%的前5只证券,301313,凡拓数创
4,招商证券股份有限公司深圳中心路证券营业部,42419.0,2.5471245e-05,36900337.0,0.022157465569,-36857918.0,日换手率达到30%的前5只证券,301313,凡拓数创
5,光大证券股份有限公司深圳新园路证券营业部,80412.0,4.828482e-05,36267843.38,0.021777673493,-36187431.38,日换手率达到30%的前5只证券,301313,凡拓数创
6,浙商证券股份有限公司深圳分公司,10004.0,6.00708e-06,268438200.0,0.161188505511,-268428196.0,日涨幅达到15%的前5只证券,301313,凡拓数创
7,国信证券股份有限公司深圳宝安万丰海岸城证券营业部,0.0,0.0,49403827.0,0.029665409173,-49403827.0,日涨幅达到15%的前5只证券,301313,凡拓数创
8,国泰海通证券股份有限公司深圳前海听海大道证券营业部,766816.0,0.000460448345,44984516.0,0.027011755053,-44217700.0,日涨幅达到15%的前5只证券,301313,凡拓数创
9,招商证券股份有限公司深圳中心路证券营业部,42419.0,2.5471245e-05,36900337.0,0.022157465569,-36857918.0,日涨幅达到15%的前5只证券,301313,凡拓数创
10,光大证券股份有限公司深圳新园路证券营业部,80412.0,4.828482e-05,36267843.38,0.021777673493,-36187431.38,日涨幅达到15%的前5只证券,301313,凡拓数创
11,浙商证券股份有限公司深圳分公司,10004.0,3.892148e-06,268438200.0,0.104438344419,-268428196.0,连续三个交易日内，涨幅偏离值累计达到30%的证券,301313,凡拓数创
12,国信证券股份有限公司深圳宝安万丰海岸城证券营业部,0.0,0.0,49403827.0,0.019221012135,-49403827.0,连续三个交易日内，涨幅偏离值累计达到30%的证券,301313,凡拓数创
13,国泰海通证券股份有限公司深圳前海听海大道证券营业部,2863317.0,0.001113999748,44994634.0,0.017505575148,-42131317.0,连续三个交易日内，涨幅偏离值累计达到30%的证券,301313,凡拓数创
14,招商证券股份有限公司深圳中心路证券营业部,474198.0,0.000184491082,38116775.0,0.014829681005,-37642577.0,连续三个交易日内，涨幅偏离值累计达到30%的证券,301313,凡拓数创
15,光大证券股份有限公司深圳新园路证券营业部,135960.0,5.2896485e-05,36310170.38,0.014126804903,-36174210.38,连续三个交易日内，涨幅偏离值累计达到30%的证券,301313,凡拓数创
1,机构专用,336722455.47,0.048599550748,257589729.32,0.037178230673,79132726.15,连续三个交易日内，涨幅偏离值累计达到30%的证券,301319,唯特偶
2,机构专用,303030035.37,0.043736683856,167202185.99,0.024132489507,135827849.38,连续三个交易日内，涨幅偏离值累计达到30%的证券,301319,唯特偶
3,机构专用,256147659.33,0.036970095004,225533687.99,0.032551544267,30613971.34,连续三个交易日内，涨幅偏离值累计达到30%的证券,301319,唯特偶
4,机构专用,79286029.02,0.01144344646,0.0,0.0,79286029.02,连续三个交易日内，涨幅偏离值累计达到30%的证券,301319,唯特偶
5,华福证券股份有限公司杭州江南大道证券营业部,64636423.38,0.00932905153,658519.99,9.504497e-05,63977903.39,连续三个交易日内，涨幅偏离值累计达到30%的证券,301319,唯特偶
1,机构专用,336722455.47,0.048599550748,257589729.32,0.037178230673,79132726.15,连续三个交易日内，涨幅偏离值累计达到30%的证券,301319,唯特偶
2,机构专用,256147659.33,0.036970095004,225533687.99,0.032551544267,30613971.34,连续三个交易日内，涨幅偏离值累计达到30%的证券,301319,唯特偶
3,机构专用,303030035.37,0.043736683856,167202185.99,0.024132489507,135827849.38,连续三个交易日内，涨幅偏离值累计达到30%的证券,301319,唯特偶
4,国泰海通证券股份有限公司深圳海岸城海德三道证券营业部,4034602.0,0.000582318884,76448462.26,0.011033897089,-72413860.26,连续三个交易日内，涨幅偏离值累计达到30%的证券,301319,唯特偶
5,招商证券股份有限公司深圳建安路证券营业部,32534079.3,0.004695682193,71544903.59,0.010326160659,-39010824.29,连续三个交易日内，涨幅偏离值累计达到30%的证券,301319,唯特偶
1,兴业证券股份有限公司海南分公司,13920920.12,0.028456978292,16681140.98,0.034099388737,-2760220.86,日换手率达到30%的前5只证券,301418,协昌科技
2,机构专用,11357391.98,0.02321664475,10230253.26,0.02091256127,1127138.72,日换手率达到30%的前5只证券,301418,协昌科技
3,财通证券股份有限公司湖南分公司,4843031.0,0.009900066005,4856422.0,0.009927439727,-13391.0,日换手率达到30%的前5只证券,301418,协昌科技
4,东方财富证券股份有限公司拉萨东环路第二证券营业部,4185729.44,0.008556418023,4205790.0,0.008597425579,-20060.56,日换手率达到30%的前5只证券,301418,协昌科技
5,中国国际金融股份有限公司上海分公司,4009586.0,0.008196347711,4952377.0,0.010123589789,-942791.0,日换手率达到30%的前5只证券,301418,协昌科技
1,机构专用,2884509.16,0.005896479101,17234695.62,0.035230958507,-14350186.46,日换手率达到30%的前5只证券,301418,协昌科技
2,兴业证券股份有限公司海南分公司,13920920.12,0.028456978292,16681140.98,0.034099388737,-2760220.86,日换手率达到30%的前5只证券,301418,协昌科技
3,机构专用,11357391.98,0.02321664475,10230253.26,0.02091256127,1127138.72,日换手率达到30%的前5只证券,301418,协昌科技
4,中信证券股份有限公司北京天通苑证券营业部,0.0,0.0,8709365.64,0.017803581,-8709365.64,日换手率达到30%的前5只证券,301418,协昌科技
5,机构专用,3924113.0,0.008021624827,7471475.56,0.015273100915,-3547362.56,日换手率达到30%的前5只证券,301418,协昌科技
1,沪股通专用,44535182.18,0.030037118699,,,44535182.18,有价格涨跌幅限制的日价格振幅达到15%的前五只证券,600162,香江控股
2,财达证券股份有限公司湖南分公司,41867238.06,0.028237701917,,,41867238.06,有价格涨跌幅限制的日价格振幅达到15%的前五只证券,600162,香江控股
3,中国银河证券股份有限公司广州粤海金融中心证券营业部,28395291.94,0.01915143742,,,28395291.94,有价格涨跌幅限制的日价格振幅达到15%的前五只证券,600162,香江控股
4,中信证券股份有限公司上海分公司,16719949.0,0.011276906665,,,16719949.0,有价格涨跌幅限制的日价格振幅达到15%的前五只证券,600162,香江控股
5,国信证券股份有限公司浙江互联网分公司,15983231.0,0.010780021171,,,15983231.0,有价格涨跌幅限制的日价格振幅达到15%的前五只证券,600162,香江控股
1,沪股通专用,,,50354833.41,0.033962230178,-50354833.41,有价格涨跌幅限制的日价格振幅达到15%的前五只证券,600162,香江控股
2,国泰海通证券股份有限公司总部,,,44640457.32,0.03010812238,-44640457.32,有价格涨跌幅限制的日价格振幅达到15%的前五只证券,600162,香江控股
3,中信证券股份有限公司深圳深南中路中信大厦证券营业部,,,21184680.0,0.014288181088,-21184680.0,有价格涨跌幅限制的日价格振幅达到15%的前五只证券,600162,香江控股
4,高盛(中国)证券有限责任公司上海浦东新区世纪大道证券营业部,,,18608726.9,0.012550808403,-18608726.9,有价格涨跌幅限制的日价格振幅达到15%的前五只证券,600162,香江控股
5,瑞银证券有限责任公司上海花园石桥路证券营业部,,,18509547.0,0.012483915706,-18509547.0,有价格涨跌幅限制的日价格振幅达到15%的前五只证券,600162,香江控股
1,东方财富证券股份有限公司拉萨东环路第二证券营业部,11350888.0,0.019452278149,,,11350888.0,ST、*ST证券连续三个交易日内收盘价格涨幅偏离值累计达到12%的证券,600187,*ST国中
2,东方财富证券股份有限公司拉萨团结路第二证券营业部,8750887.0,0.014996596563,,,8750887.0,ST、*ST证券连续三个交易日内收盘价格涨幅偏离值累计达到12%的证券,600187,*ST国中
3,东方财富证券股份有限公司拉萨团结路第一证券营业部,8456517.0,0.014492127916,,,8456517.0,ST、*ST证券连续三个交易日内收盘价格涨幅偏离值累计达到12%的证券,600187,*ST国中
4,东方财富证券股份有限公司拉萨金融城南环路证券营业部,6690643.0,0.011465908978,,,6690643.0,ST、*ST证券连续三个交易日内收盘价格涨幅偏离值累计达到12%的证券,600187,*ST国中
5,东方财富证券股份有限公司山南香曲东路证券营业部,6611106.0,0.01132960459,,,6611106.0,ST、*ST证券连续三个交易日内收盘价格涨幅偏离值累计达到12%的证券,600187,*ST国中
1,中信建投证券股份有限公司上海营口路证券营业部,,,8973648.0,0.015378347219,-8973648.0,ST、*ST证券连续三个交易日内收盘价格涨幅偏离值累计达到12%的证券,600187,*ST国中
2,东方财富证券股份有限公司拉萨东环路第二证券营业部,,,7690860.0,0.013180003884,-7690860.0,ST、*ST证券连续三个交易日内收盘价格涨幅偏离值累计达到12%的证券,600187,*ST国中
3,东方财富证券股份有限公司拉萨团结路第一证券营业部,,,6850935.0,0.01174060507,-6850935.0,ST、*ST证券连续三个交易日内收盘价格涨幅偏离值累计达到12%的证券,600187,*ST国中
4,东方财富证券股份有限公司拉萨团结路第二证券营业部,,,6459894.0,0.011070469103,-6459894.0,ST、*ST证券连续三个交易日内收盘价格涨幅偏离值累计达到12%的证券,600187,*ST国中
5,国泰海通证券股份有限公司总部,,,5744945.0,0.009845244538,-5744945.0,ST、*ST证券连续三个交易日内收盘价格涨幅偏离值累计达到12%的证券,600187,*ST国中
1,信达证券股份有限公司抚顺临江东路证券营业部,726600.0,0.037498922022,,,726600.0,无价格涨跌幅限制的证券,600193,退市创兴
2,东方财富证券股份有限公司拉萨东环路第二证券营业部,702631.18,0.036261921042,,,702631.18,无价格涨跌幅限制的证券,600193,退市创兴
3,东方财富证券股份有限公司拉萨东环路第一证券营业部,584576.0,0.030169240077,,,584576.0,无价格涨跌幅限制的证券,600193,退市创兴
4,中信证券股份有限公司温岭万昌中路证券营业部,581265.6,0.029998394452,,,581265.6,无价格涨跌幅限制的证券,600193,退市创兴
5,华西证券股份有限公司台州东海大道证券营业部,531748.0,0.027442852721,,,531748.0,无价格涨跌幅限制的证券,600193,退市创兴
6,信达证券股份有限公司抚顺临江东路证券营业部,726600.0,0.037498922022,,,726600.0,退市整理的证券,600193,退市创兴
7,东方财富证券股份有限公司拉萨东环路第二证券营业部,702631.18,0.036261921042,,,702631.18,退市整理的证券,600193,退市创兴
8,东方财富证券股份有限公司拉萨东环路第一证券营业部,584576.0,0.030169240077,,,584576.0,退市整理的证券,600193,退市创兴
9,中信证券股份有限公司温岭万昌中路证券营业部,581265.6,0.029998394452,,,581265.6,退市整理的证券,600193,退市创兴
10,华西证券股份有限公司台州东海大道证券营业部,531748.0,0.027442852721,,,531748.0,退市整理的证券,600193,退市创兴
1,中信证券股份有限公司温岭万昌中路证券营业部,,,1216411.55,0.062777486733,-1216411.55,无价格涨跌幅限制的证券,600193,退市创兴
2,平安证券股份有限公司上海分公司,,,501278.0,0.02587033393,-501278.0,无价格涨跌幅限制的证券,600193,退市创兴
3,东方财富证券股份有限公司拉萨东环路第二证券营业部,,,442261.47,0.02282456424,-442261.47,无价格涨跌幅限制的证券,600193,退市创兴
4,申万宏源证券有限公司上海奉贤区人民中路证券营业部,,,434026.0,0.022399541879,-434026.0,无价格涨跌幅限制的证券,600193,退市创兴
5,东海证券股份有限公司溧阳分公司,,,327178.0,0.016885249531,-327178.0,无价格涨跌幅限制的证券,600193,退市创兴
6,中信证券股份有限公司温岭万昌中路证券营业部,,,1216411.55,0.062777486733,-1216411.55,退市整理的证券,600193,退市创兴
7,平安证券股份有限公司上海分公司,,,501278.0,0.02587033393,-501278.0,退市整理的证券,600193,退市创兴
8,东方财富证券股份有限公司拉萨东环路第二证券营业部,,,442261.47,0.02282456424,-442261.47,退市整理的证券,600193,退市创兴
9,申万宏源证券有限公司上海奉贤区人民中路证券营业部,,,434026.0,0.022399541879,-434026.0,退市整理的证券,600193,退市创兴
10,东海证券股份有限公司溧阳分公司,,,327178.0,0.016885249531,-327178.0,退市整理的证券,600193,退市创兴
1,信达证券股份有限公司抚顺临江东路证券营业部,726600.0,0.037498922022,,,726600.0,无价格涨跌幅限制的证券,600193,退市创兴
2,东方财富证券股份有限公司拉萨东环路第二证券营业部,702631.18,0.036261921042,,,702631.18,无价格涨跌幅限制的证券,600193,退市创兴
3,东方财富证券股份有限公司拉萨东环路第一证券营业部,584576.0,0.030169240077,,,584576.0,无价格涨跌幅限制的证券,600193,退市创兴
4,中信证券股份有限公司温岭万昌中路证券营业部,581265.6,0.029998394452,,,581265.6,无价格涨跌幅限制的证券,600193,退市创兴
5,华西证券股份有限公司台州东海大道证券营业部,531748.0,0.027442852721,,,531748.0,无价格涨跌幅限制的证券,600193,退市创兴
6,信达证券股份有限公司抚顺临江东路证券营业部,726600.0,0.037498922022,,,726600.0,退市整理的证券,600193,退市创兴
7,东方财富证券股份有限公司拉萨东环路第二证券营业部,702631.18,0.036261921042,,,702631.18,退市整理的证券,600193,退市创兴
8,东方财富证券股份有限公司拉萨东环路第一证券营业部,584576.0,0.030169240077,,,584576.0,退市整理的证券,600193,退市创兴
9,中信证券股份有限公司温岭万昌中路证券营业部,581265.6,0.029998394452,,,581265.6,退市整理的证券,600193,退市创兴
10,华西证券股份有限公司台州东海大道证券营业部,531748.0,0.027442852721,,,531748.0,退市整理的证券,600193,退市创兴
1,中信证券股份有限公司温岭万昌中路证券营业部,,,1216411.55,0.062777486733,-1216411.55,无价格涨跌幅限制的证券,600193,退市创兴
2,平安证券股份有限公司上海分公司,,,501278.0,0.02587033393,-501278.0,无价格涨跌幅限制的证券,600193,退市创兴
3,东方财富证券股份有限公司拉萨东环路第二证券营业部,,,442261.47,0.02282456424,-442261.47,无价格涨跌幅限制的证券,600193,退市创兴
4,申万宏源证券有限公司上海奉贤区人民中路证券营业部,,,434026.0,0.022399541879,-434026.0,无价格涨跌幅限制的证券,600193,退市创兴
5,东海证券股份有限公司溧阳分公司,,,327178.0,0.016885249531,-327178.0,无价格涨跌幅限制的证券,600193,退市创兴
6,中信证券股份有限公司温岭万昌中路证券营业部,,,1216411.55,0.062777486733,-1216411.55,退市整理的证券,600193,退市创兴
7,平安证券股份有限公司上海分公司,,,501278.0,0.02587033393,-501278.0,退市整理的证券,600193,退市创兴
8,东方财富证券股份有限公司拉萨东环路第二证券营业部,,,442261.47,0.02282456424,-442261.47,退市整理的证券,600193,退市创兴
9,申万宏源证券有限公司上海奉贤区人民中路证券营业部,,,434026.0,0.022399541879,-434026.0,退市整理的证券,600193,退市创兴
10,东海证券股份有限公司溧阳分公司,,,327178.0,0.016885249531,-327178.0,退市整理的证券,600193,退市创兴
1,中国银河证券股份有限公司青田临江东路证券营业部,5271389.0,0.04530170051,,,5271389.0,ST、*ST证券连续三个交易日内收盘价格涨幅偏离值累计达到12%的证券,600243,*ST海华
2,国泰海通证券股份有限公司总部,5242565.0,0.045053990426,,,5242565.0,ST、*ST证券连续三个交易日内收盘价格涨幅偏离值累计达到12%的证券,600243,*ST海华
3,申万宏源证券有限公司北京安定路证券营业部,4472817.1,0.038438867005,,,4472817.1,ST、*ST证券连续三个交易日内收盘价格涨幅偏离值累计达到12%的证券,600243,*ST海华
4,东方财富证券股份有限公司昌都两江大道证券营业部,3096834.0,0.026613829182,,,3096834.0,ST、*ST证券连续三个交易日内收盘价格涨幅偏离值累计达到12%的证券,600243,*ST海华
5,浙商证券股份有限公司绍兴平江路证券营业部,2499534.0,0.021480702844,,,2499534.0,ST、*ST证券连续三个交易日内收盘价格涨幅偏离值累计达到12%的证券,600243,*ST海华
1,国泰海通证券股份有限公司总部,,,7593857.0,0.06526071886,-7593857.0,ST、*ST证券连续三个交易日内收盘价格涨幅偏离值累计达到12%的证券,600243,*ST海华
2,第一创业证券股份有限公司上海浦东新区滨江大道证券营业部,,,2646251.0,0.022741571581,-2646251.0,ST、*ST证券连续三个交易日内收盘价格涨幅偏离值累计达到12%的证券,600243,*ST海华
3,中信证券华南股份有限公司广州临江大道天德广场证券营业部,,,2050000.0,0.017617460227,-2050000.0,ST、*ST证券连续三个交易日内收盘价格涨幅偏离值累计达到12%的证券,600243,*ST海华
4,中国中金财富证券有限公司广州番禺东兴路证券营业部,,,2030766.0,0.01745216548,-2030766.0,ST、*ST证券连续三个交易日内收盘价格涨幅偏离值累计达到12%的证券,600243,*ST海华
5,财通证券股份有限公司衢州世纪大道证券营业部,,,1957774.0,0.01682488077,-1957774.0,ST、*ST证券连续三个交易日内收盘价格涨幅偏离值累计达到12%的证券,600243,*ST海华
1,沪股通专用,67259202.12,0.029549848168,,,67259202.12,有价格涨跌幅限制的日换手率达到20%的前五只证券,600255,鑫科材料
2,中信证券股份有限公司上海分公司,44433602.2,0.019521584515,,,44433602.2,有价格涨跌幅限制的日换手率达到20%的前五只证券,600255,鑫科材料
3,瑞银证券有限责任公司上海花园石桥路证券营业部,39809562.83,0.017490045974,,,39809562.83,有价格涨跌幅限制的日换手率达到20%的前五只证券,600255,鑫科材料
4,高盛(中国)证券有限责任公司上海浦东新区世纪大道证券营业部,36342451.0,0.015966795253,,,36342451.0,有价格涨跌幅限制的日换手率达到20%的前五只证券,600255,鑫科材料
5,广发证券股份有限公司西安南广济街证券营业部,28754970.7,0.012633290189,,,28754970.7,有价格涨跌幅限制的日换手率达到20%的前五只证券,600255,鑫科材料
1,沪股通专用,,,93404433.94,0.041036568294,-93404433.94,有价格涨跌幅限制的日换手率达到20%的前五只证券,600255,鑫科材料
2,国泰海通证券股份有限公司总部,,,60145738.85,0.026424599088,-60145738.85,有价格涨跌幅限制的日换手率达到20%的前五只证券,600255,鑫科材料
3,中信证券股份有限公司上海分公司,,,53250143.68,0.023395068795,-53250143.68,有价格涨跌幅限制的日换手率达到20%的前五只证券,600255,鑫科材料
4,中国国际金融股份有限公司上海分公司,,,29471499.0,0.01294809176,-29471499.0,有价格涨跌幅限制的日换手率达到20%的前五只证券,600255,鑫科材料
5,招商证券股份有限公司深圳招商证券大厦证券营业部,,,22519831.0,0.009893926271,-22519831.0,有价格涨跌幅限制的日换手率达到20%的前五只证券,600255,鑫科材料
1,中信证券股份有限公司上海分公司,21706706.65,0.015070971861,,,21706706.65,有价格涨跌幅限制的日换手率达到20%的前五只证券,600293,三峡新材
2,国信证券股份有限公司浙江互联网分公司,21434296.5,0.014881837426,,,21434296.5,有价格涨跌幅限制的日换手率达到20%的前五只证券,600293,三峡新材
3,东方财富证券股份有限公司拉萨金融城南环路证券营业部,17661499.0,0.012262383177,,,17661499.0,有价格涨跌幅限制的日换手率达到20%的前五只证券,600293,三峡新材
4,东方财富证券股份有限公司山南香曲东路证券营业部,15370837.0,0.010671975977,,,15370837.0,有价格涨跌幅限制的日换手率达到20%的前五只证券,600293,三峡新材
5,东方财富证券股份有限公司拉萨团结路第一证券营业部,13450455.0,0.009338654274,,,13450455.0,有价格涨跌幅限制的日换手率达到20%的前五只证券,600293,三峡新材
1,华鑫证券有限责任公司绍兴胜利东路证券营业部,,,21921913.15,0.015220389788,-21921913.15,有价格涨跌幅限制的日换手率达到20%的前五只证券,600293,三峡新材
2,招商证券股份有限公司哈尔滨上海街证券营业部,,,18131124.0,0.012588443932,-18131124.0,有价格涨跌幅限制的日换手率达到20%的前五只证券,600293,三峡新材
3,中国中金财富证券有限公司北京万寿路证券营业部,,,17589255.0,0.01221222415,-17589255.0,有价格涨跌幅限制的日换手率达到20%的前五只证券,600293,三峡新材
4,招商证券股份有限公司深圳益田路免税商务大厦证券营业部,,,16823362.89,0.011680465066,-16823362.89,有价格涨跌幅限制的日换手率达到20%的前五只证券,600293,三峡新材
5,国泰海通证券股份有限公司丽水解放街证券营业部,,,15473184.0,0.010743035525,-15473184.0,有价格涨跌幅限制的日换手率达到20%的前五只证券,600293,三峡新材
1,沪股通专用,500166435.28,0.044056896199,,,500166435.28,非ST、*ST和S证券连续三个交易日内收盘价格涨幅偏离值累计达到20%的证券,600378,昊华科技
2,国泰海通证券股份有限公司总部,219521355.68,0.019336422635,,,219521355.68,非ST、*ST和S证券连续三个交易日内收盘价格涨幅偏离值累计达到20%的证券,600378,昊华科技
3,国泰海通证券股份有限公司成都北一环路证券营业部,182556261.16,0.016080371814,,,182556261.16,非ST、*ST和S证券连续三个交易日内收盘价格涨幅偏离值累计达到20%的证券,600378,昊华科技
4,中国国际金融股份有限公司上海分公司,150988901.62,0.013299777627,,,150988901.62,非ST、*ST和S证券连续三个交易日内收盘价格涨幅偏离值累计达到20%的证券,600378,昊华科技
5,国泰海通证券股份有限公司武汉紫阳东路证券营业部,140014217.72,0.012333078394,,,140014217.72,非ST、*ST和S证券连续三个交易日内收盘价格涨幅偏离值累计达到20%的证券,600378,昊华科技
1,沪股通专用,,,586993321.73,0.051704996618,-586993321.73,非ST、*ST和S证券连续三个交易日内收盘价格涨幅偏离值累计达到20%的证券,600378,昊华科技
2,机构专用,,,577093249.56,0.050832953992,-577093249.56,非ST、*ST和S证券连续三个交易日内收盘价格涨幅偏离值累计达到20%的证券,600378,昊华科技
3,中国国际金融股份有限公司北京建国门外大街证券营业部,,,428783156.92,0.037769137838,-428783156.92,非ST、*ST和S证券连续三个交易日内收盘价格涨幅偏离值累计达到20%的证券,600378,昊华科技
4,国泰海通证券股份有限公司总部,,,223521761.23,0.019688796245,-223521761.23,非ST、*ST和S证券连续三个交易日内收盘价格涨幅偏离值累计达到20%的证券,600378,昊华科技
5,中国国际金融股份有限公司上海分公司,,,213701211.17,0.018823758281,-213701211.17,非ST、*ST和S证券连续三个交易日内收盘价格涨幅偏离值累计达到20%的证券,600378,昊华科技
1,国泰海通证券股份有限公司总部,21331466.3,0.034739754918,,,21331466.3,有价格涨跌幅限制的日收盘价格跌幅偏离值达到7%的前五只证券,600382,广东明珠
2,瑞银证券有限责任公司上海花园石桥路证券营业部,13153847.72,0.021421942571,,,13153847.72,有价格涨跌幅限制的日收盘价格跌幅偏离值达到7%的前五只证券,600382,广东明珠
3,国投证券股份有限公司内蒙古分公司,12593012.0,0.020508583161,,,12593012.0,有价格涨跌幅限制的日收盘价格跌幅偏离值达到7%的前五只证券,600382,广东明珠
4,中信证券股份有限公司上海分公司,10857447.1,0.017682096767,,,10857447.1,有价格涨跌幅限制的日收盘价格跌幅偏离值达到7%的前五只证券,600382,广东明珠
5,高盛(中国)证券有限责任公司上海浦东新区世纪大道证券营业部,7848571.0,0.012781935811,,,7848571.0,有价格涨跌幅限制的日收盘价格跌幅偏离值达到7%的前五只证券,600382,广东明珠
1,国泰海通证券股份有限公司总部,,,24146460.0,0.039324165097,-24146460.0,有价格涨跌幅限制的日收盘价格跌幅偏离值达到7%的前五只证券,600382,广东明珠
2,广发证券股份有限公司梅州梅江二路证券营业部,,,18189409.95,0.029622700797,-18189409.95,有价格涨跌幅限制的日收盘价格跌幅偏离值达到7%的前五只证券,600382,广东明珠
3,国泰海通证券股份有限公司连云港苍梧路证券营业部,,,15249962.0,0.024835608342,-15249962.0,有价格涨跌幅限制的日收盘价格跌幅偏离值达到7%的前五只证券,600382,广东明珠
4,华泰证券股份有限公司总部,,,13041215.0,0.021238512466,-13041215.0,有价格涨跌幅限制的日收盘价格跌幅偏离值达到7%的前五只证券,600382,广东明珠
5,中国国际金融股份有限公司上海分公司,,,11399875.5,0.018565478594,-11399875.5,有价格涨跌幅限制的日收盘价格跌幅偏离值达到7%的前五只证券,600382,广东明珠
1,沪股通专用,98563019.76,0.027612136859,,,98563019.76,非ST、*ST和S证券连续三个交易日内收盘价格涨幅偏离值累计达到20%的证券,600403,大有能源
2,光大证券股份有限公司宁波北仑新碶证券营业部,48149334.22,0.013488892786,,,48149334.22,非ST、*ST和S证券连续三个交易日内收盘价格涨幅偏离值累计达到20%的证券,600403,大有能源
3,信达证券股份有限公司无锡金融一街证券营业部,38478803.0,0.010779722224,,,38478803.0,非ST、*ST和S证券连续三个交易日内收盘价格涨幅偏离值累计达到20%的证券,600403,大有能源
4,华福证券股份有限公司富阳江滨西大道证券营业部,37877134.0,0.010611166444,,,37877134.0,非ST、*ST和S证券连续三个交易日内收盘价格涨幅偏离值累计达到20%的证券,600403,大有能源
5,高盛(中国)证券有限责任公司上海浦东新区世纪大道证券营业部,37384217.3,0.010473077296,,,37384217.3,非ST、*ST和S证券连续三个交易日内收盘价格涨幅偏离值累计达到20%的证券,600403,大有能源
1,沪股通专用,,,95312034.45,0.026701382993,-95312034.45,非ST、*ST和S证券连续三个交易日内收盘价格涨幅偏离值累计达到20%的证券,600403,大有能源
2,光大证券股份有限公司宁波北仑新碶证券营业部,,,52882116.52,0.014814767672,-52882116.52,非ST、*ST和S证券连续三个交易日内收盘价格涨幅偏离值累计达到20%的证券,600403,大有能源
3,高盛(中国)证券有限责任公司上海浦东新区世纪大道证券营业部,,,43019216.48,0.012051705558,-43019216.48,非ST、*ST和S证券连续三个交易日内收盘价格涨幅偏离值累计达到20%的证券,600403,大有能源
4,开源证券股份有限公司西安太华路证券营业部,,,41256762.0,0.011557959177,-41256762.0,非ST、*ST和S证券连续三个交易日内收盘价格涨幅偏离值累计达到20%的证券,600403,大有能源
5,华泰证券股份有限公司总部,,,38765245.26,0.010859968172,-38765245.26,非ST、*ST和S证券连续三个交易日内收盘价格涨幅偏离值累计达到20%的证券,600403,大有能源
1,东方财富证券股份有限公司拉萨东环路第二证券营业部,430622.0,0.099741301977,,,430622.0,退市整理的证券,600421,退市华嵘
2,国泰海通证券股份有限公司哈尔滨兴江路证券营业部,353500.0,0.081878190731,,,353500.0,退市整理的证券,600421,退市华嵘
3,东方财富证券股份有限公司拉萨金融城南环路证券营业部,252392.0,0.058459406831,,,252392.0,退市整理的证券,600421,退市华嵘
4,民生证券股份有限公司北京第一分公司,229806.0,0.053228004241,,,229806.0,退市整理的证券,600421,退市华嵘
5,长江证券股份有限公司厦门湖滨北路证券营业部,219923.0,0.050938889222,,,219923.0,退市整理的证券,600421,退市华嵘
1,国信证券股份有限公司深圳泰然九路证券营业部,,,534109.82,0.12371130329,-534109.82,退市整理的证券,600421,退市华嵘
2,广发证券股份有限公司南京汉中路证券营业部,,,412962.0,0.095650866762,-412962.0,退市整理的证券,600421,退市华嵘
3,中国中金财富证券有限公司绵阳市证券营业部,,,321935.0,0.074567058933,-321935.0,退市整理的证券,600421,退市华嵘
4,华泰证券股份有限公司上海武定路证券营业部,,,240594.4,0.055726829341,-240594.4,退市整理的证券,600421,退市华嵘
5,东方财富证券股份有限公司山南香曲东路证券营业部,,,216353.0,0.050112000563,-216353.0,退市整理的证券,600421,退市华嵘
1,开源证券股份有限公司西安太华路证券营业部,70625418.0,0.135205782231,,,70625418.0,有价格涨跌幅限制的日收盘价格涨幅偏离值达到7%的前五只证券,600488,津药药业
2,沪股通专用,47979735.0,0.091852732141,,,47979735.0,有价格涨跌幅限制的日收盘价格涨幅偏离值达到7%的前五只证券,600488,津药药业
3,华泰证券股份有限公司总部,30334669.0,0.058072897365,,,30334669.0,有价格涨跌幅限制的日收盘价格涨幅偏离值达到7%的前五只证券,600488,津药药业
4,中泰证券股份有限公司常州惠国路证券营业部,18168739.0,0.034782357942,,,18168739.0,有价格涨跌幅限制的日收盘价格涨幅偏离值达到7%的前五只证券,600488,津药药业
5,华鑫证券有限责任公司绍兴胜利东路证券营业部,15784651.0,0.030218243603,,,15784651.0,有价格涨跌幅限制的日收盘价格涨幅偏离值达到7%的前五只证券,600488,津药药业
1,国信证券股份有限公司浙江互联网分公司,,,9776759.0,0.018716694155,-9776759.0,有价格涨跌幅限制的日收盘价格涨幅偏离值达到7%的前五只证券,600488,津药药业
2,国盛证券股份有限公司宁波桑田路证券营业部,,,4591280.0,0.008789577767,-4591280.0,有价格涨跌幅限制的日收盘价格涨幅偏离值达到7%的前五只证券,600488,津药药业
3,东方财富证券股份有限公司山南香曲东路证券营业部,,,4487720.0,0.008591321796,-4487720.0,有价格涨跌幅限制的日收盘价格涨幅偏离值达到7%的前五只证券,600488,津药药业
4,东方财富证券股份有限公司拉萨团结路第一证券营业部,,,4159907.0,0.007963754352,-4159907.0,有价格涨跌幅限制的日收盘价格涨幅偏离值达到7%的前五只证券,600488,津药药业
5,平安证券股份有限公司深圳香蜜湖证券营业部,,,4063107.0,0.007778439771,-4063107.0,有价格涨跌幅限制的日收盘价格涨幅偏离值达到7%的前五只证券,600488,津药药业
1,沪股通专用,253291654.24,0.05315753391,,,253291654.24,有价格涨跌幅限制的日换手率达到20%的前五只证券,600552,凯盛科技
2,瑞银证券有限责任公司上海花园石桥路证券营业部,65549589.76,0.013756689106,,,65549589.76,有价格涨跌幅限制的日换手率达到20%的前五只证券,600552,凯盛科技
3,中信证券股份有限公司上海分公司,59238011.0,0.012432097646,,,59238011.0,有价格涨跌幅限制的日换手率达到20%的前五只证券,600552,凯盛科技
4,国泰海通证券股份有限公司总部,58648666.48,0.01230841374,,,58648666.48,有价格涨跌幅限制的日换手率达到20%的前五只证券,600552,凯盛科技
5,中信建投证券股份有限公司杭州庆春路证券营业部,52026144.0,0.010918565486,,,52026144.0,有价格涨跌幅限制的日换手率达到20%的前五只证券,600552,凯盛科技
6,沪股通专用,608514070.17,0.060202365847,,,608514070.17,非ST、*ST和S证券连续三个交易日内收盘价格涨幅偏离值累计达到20%的证券,600552,凯盛科技
7,高盛(中国)证券有限责任公司上海浦东新区世纪大道证券营业部,182427874.38,0.018048209848,,,182427874.38,非ST、*ST和S证券连续三个交易日内收盘价格涨幅偏离值累计达到20%的证券,600552,凯盛科技
8,国泰海通证券股份有限公司武汉紫阳东路证券营业部,162269312.0,0.016053854735,,,162269312.0,非ST、*ST和S证券连续三个交易日内收盘价格涨幅偏离值累计达到20%的证券,600552,凯盛科技
9,国泰海通证券股份有限公司总部,155971529.36,0.015430793687,,,155971529.36,非ST、*ST和S证券连续三个交易日内收盘价格涨幅偏离值累计达到20%的证券,600552,凯盛科技
10,中信证券股份有限公司上海分公司,152040958.76,0.015041928974,,,152040958.76,非ST、*ST和S证券连续三个交易日内收盘价格涨幅偏离值累计达到20%的证券,600552,凯盛科技
1,沪股通专用,,,364362712.47,0.076467672422,-364362712.47,有价格涨跌幅限制的日换手率达到20%的前五只证券,600552,凯盛科技
2,国泰海通证券股份有限公司武汉紫阳东路证券营业部,,,169830402.0,0.035641779751,-169830402.0,有价格涨跌幅限制的日换手率达到20%的前五只证券,600552,凯盛科技
3,高盛(中国)证券有限责任公司上海浦东新区世纪大道证券营业部,,,144231929.9,0.030269507804,-144231929.9,有价格涨跌幅限制的日换手率达到20%的前五只证券,600552,凯盛科技
4,国泰海通证券股份有限公司总部,,,110738378.43,0.023240320034,-110738378.43,有价格涨跌幅限制的日换手率达到20%的前五只证券,600552,凯盛科技
5,瑞银证券有限责任公司上海花园石桥路证券营业部,,,93275554.0,0.019575451231,-93275554.0,有价格涨跌幅限制的日换手率达到20%的前五只证券,600552,凯盛科技
6,沪股通专用,,,595021288.22,0.058867479054,-595021288.22,非ST、*ST和S证券连续三个交易日内收盘价格涨幅偏离值累计达到20%的证券,600552,凯盛科技
7,高盛(中国)证券有限责任公司上海浦东新区世纪大道证券营业部,,,221881953.18,0.021951536004,-221881953.18,非ST、*ST和S证券连续三个交易日内收盘价格涨幅偏离值累计达到20%的证券,600552,凯盛科技
8,国泰海通证券股份有限公司总部,,,180668160.27,0.017874115349,-180668160.27,非ST、*ST和S证券连续三个交易日内收盘价格涨幅偏离值累计达到20%的证券,600552,凯盛科技
9,国泰海通证券股份有限公司武汉紫阳东路证券营业部,,,170035270.0,0.016822167363,-170035270.0,非ST、*ST和S证券连续三个交易日内收盘价格涨幅偏离值累计达到20%的证券,600552,凯盛科技
10,摩根大通证券(中国)有限公司上海银城中路证券营业部,,,160006820.28,0.015830018737,-160006820.28,非ST、*ST和S证券连续三个交易日内收盘价格涨幅偏离值累计达到20%的证券,600552,凯盛科技
1,沪股通专用,253291654.24,0.05315753391,,,253291654.24,有价格涨跌幅限制的日换手率达到20%的前五只证券,600552,凯盛科技
2,瑞银证券有限责任公司上海花园石桥路证券营业部,65549589.76,0.013756689106,,,65549589.76,有价格涨跌幅限制的日换手率达到20%的前五只证券,600552,凯盛科技
3,中信证券股份有限公司上海分公司,59238011.0,0.012432097646,,,59238011.0,有价格涨跌幅限制的日换手率达到20%的前五只证券,600552,凯盛科技
4,国泰海通证券股份有限公司总部,58648666.48,0.01230841374,,,58648666.48,有价格涨跌幅限制的日换手率达到20%的前五只证券,600552,凯盛科技
5,中信建投证券股份有限公司杭州庆春路证券营业部,52026144.0,0.010918565486,,,52026144.0,有价格涨跌幅限制的日换手率达到20%的前五只证券,600552,凯盛科技
6,沪股通专用,608514070.17,0.060202365847,,,608514070.17,非ST、*ST和S证券连续三个交易日内收盘价格涨幅偏离值累计达到20%的证券,600552,凯盛科技
7,高盛(中国)证券有限责任公司上海浦东新区世纪大道证券营业部,182427874.38,0.018048209848,,,182427874.38,非ST、*ST和S证券连续三个交易日内收盘价格涨幅偏离值累计达到20%的证券,600552,凯盛科技
8,国泰海通证券股份有限公司武汉紫阳东路证券营业部,162269312.0,0.016053854735,,,162269312.0,非ST、*ST和S证券连续三个交易日内收盘价格涨幅偏离值累计达到20%的证券,600552,凯盛科技
9,国泰海通证券股份有限公司总部,155971529.36,0.015430793687,,,155971529.36,非ST、*ST和S证券连续三个交易日内收盘价格涨幅偏离值累计达到20%的证券,600552,凯盛科技
10,中信证券股份有限公司上海分公司,152040958.76,0.015041928974,,,152040958.76,非ST、*ST和S证券连续三个交易日内收盘价格涨幅偏离值累计达到20%的证券,600552,凯盛科技
1,沪股通专用,,,364362712.47,0.076467672422,-364362712.47,有价格涨跌幅限制的日换手率达到20%的前五只证券,600552,凯盛科技
2,国泰海通证券股份有限公司武汉紫阳东路证券营业部,,,169830402.0,0.035641779751,-169830402.0,有价格涨跌幅限制的日换手率达到20%的前五只证券,600552,凯盛科技
3,高盛(中国)证券有限责任公司上海浦东新区世纪大道证券营业部,,,144231929.9,0.030269507804,-144231929.9,有价格涨跌幅限制的日换手率达到20%的前五只证券,600552,凯盛科技
4,国泰海通证券股份有限公司总部,,,110738378.43,0.023240320034,-110738378.43,有价格涨跌幅限制的日换手率达到20%的前五只证券,600552,凯盛科技
5,瑞银证券有限责任公司上海花园石桥路证券营业部,,,93275554.0,0.019575451231,-93275554.0,有价格涨跌幅限制的日换手率达到20%的前五只证券,600552,凯盛科技
6,沪股通专用,,,595021288.22,0.058867479054,-595021288.22,非ST、*ST和S证券连续三个交易日内收盘价格涨幅偏离值累计达到20%的证券,600552,凯盛科技
7,高盛(中国)证券有限责任公司上海浦东新区世纪大道证券营业部,,,221881953.18,0.021951536004,-221881953.18,非ST、*ST和S证券连续三个交易日内收盘价格涨幅偏离值累计达到20%的证券,600552,凯盛科技
8,国泰海通证券股份有限公司总部,,,180668160.27,0.017874115349,-180668160.27,非ST、*ST和S证券连续三个交易日内收盘价格涨幅偏离值累计达到20%的证券,600552,凯盛科技
9,国泰海通证券股份有限公司武汉紫阳东路证券营业部,,,170035270.0,0.016822167363,-170035270.0,非ST、*ST和S证券连续三个交易日内收盘价格涨幅偏离值累计达到20%的证券,600552,凯盛科技
10,摩根大通证券(中国)有限公司上海银城中路证券营业部,,,160006820.28,0.015830018737,-160006820.28,非ST、*ST和S证券连续三个交易日内收盘价格涨幅偏离值累计达到20%的证券,600552,凯盛科技
1,华泰证券股份有限公司深圳深南大道证券营业部,299929.0,0.0961565774,,,299929.0,退市整理的证券,600599,退市熊猫
2,金融街证券股份有限公司通化东昌路证券营业部,282000.0,0.090408579454,,,282000.0,退市整理的证券,600599,退市熊猫
3,东方财富证券股份有限公司北京分公司,240121.0,0.076982264209,,,240121.0,退市整理的证券,600599,退市熊猫
4,东方财富证券股份有限公司拉萨达孜区虎峰大道证券营业部,188000.0,0.060272386302,,,188000.0,退市整理的证券,600599,退市熊猫
5,东海证券股份有限公司洛阳青岛路证券营业部,185791.0,0.059564185763,,,185791.0,退市整理的证券,600599,退市熊猫
1,中国中金财富证券有限公司中山博爱五路证券营业部,,,494900.0,0.158663850963,-494900.0,退市整理的证券,600599,退市熊猫
2,国投证券股份有限公司阳江分公司,,,464799.0,0.149013536601,-464799.0,退市整理的证券,600599,退市熊猫
3,招商证券股份有限公司上海闵行区申长路证券营业部,,,225600.0,0.072326863563,-225600.0,退市整理的证券,600599,退市熊猫
4,平安证券股份有限公司扬州新城河南路证券营业部,,,156651.0,0.050221965886,-156651.0,退市整理的证券,600599,退市熊猫
5,中信建投证券股份有限公司郴州解放路证券营业部,,,156336.0,0.05012097758,-156336.0,退市整理的证券,600599,退市熊猫
1,中国中金财富证券有限公司天津南京路证券营业部,1202904.67,0.072888589838,,,1202904.67,无价格涨跌幅限制的证券,600608,退市沪科
2,东方财富证券股份有限公司拉萨东环路第二证券营业部,1054958.03,0.063923937668,,,1054958.03,无价格涨跌幅限制的证券,600608,退市沪科
3,东方财富证券股份有限公司拉萨团结路第一证券营业部,927114.0,0.056177379442,,,927114.0,无价格涨跌幅限制的证券,600608,退市沪科
4,长江证券股份有限公司上海锦绣路证券营业部,669000.0,0.040537266018,,,669000.0,无价格涨跌幅限制的证券,600608,退市沪科
5,川财证券有限责任公司深圳分公司,540057.0,0.032724117001,,,540057.0,无价格涨跌幅限制的证券,600608,退市沪科
6,中国中金财富证券有限公司天津南京路证券营业部,1202904.67,0.072888589838,,,1202904.67,退市整理的证券,600608,退市沪科
7,东方财富证券股份有限公司拉萨东环路第二证券营业部,1054958.03,0.063923937668,,,1054958.03,退市整理的证券,600608,退市沪科
8,东方财富证券股份有限公司拉萨团结路第一证券营业部,927114.0,0.056177379442,,,927114.0,退市整理的证券,600608,退市沪科
9,长江证券股份有限公司上海锦绣路证券营业部,669000.0,0.040537266018,,,669000.0,退市整理的证券,600608,退市沪科
10,川财证券有限责任公司深圳分公司,540057.0,0.032724117001,,,540057.0,退市整理的证券,600608,退市沪科
1,东方证券股份有限公司深圳深南东路证券营业部,,,773954.05,0.0468968329,-773954.05,无价格涨跌幅限制的证券,600608,退市沪科
2,长城证券股份有限公司北京中核路证券营业部,,,606146.0,0.036728702014,-606146.0,无价格涨跌幅限制的证券,600608,退市沪科
3,中信证券华南股份有限公司广州机场路证券营业部,,,569275.9,0.034494601787,-569275.9,无价格涨跌幅限制的证券,600608,退市沪科
4,中信证券股份有限公司苏州分公司,,,504608.6,0.030576163009,-504608.6,无价格涨跌幅限制的证券,600608,退市沪科
5,广发证券股份有限公司北京广安门内大街证券营业部,,,348960.0,0.021144819656,-348960.0,无价格涨跌幅限制的证券,600608,退市沪科
6,东方证券股份有限公司深圳深南东路证券营业部,,,773954.05,0.0468968329,-773954.05,退市整理的证券,600608,退市沪科
7,长城证券股份有限公司北京中核路证券营业部,,,606146.0,0.036728702014,-606146.0,退市整理的证券,600608,退市沪科
8,中信证券华南股份有限公司广州机场路证券营业部,,,569275.9,0.034494601787,-569275.9,退市整理的证券,600608,退市沪科
9,中信证券股份有限公司苏州分公司,,,504608.6,0.030576163009,-504608.6,退市整理的证券,600608,退市沪科
10,广发证券股份有限公司北京广安门内大街证券营业部,,,348960.0,0.021144819656,-348960.0,退市整理的证券,600608,退市沪科
1,中国中金财富证券有限公司天津南京路证券营业部,1202904.67,0.072888589838,,,1202904.67,无价格涨跌幅限制的证券,600608,退市沪科
2,东方财富证券股份有限公司拉萨东环路第二证券营业部,1054958.03,0.063923937668,,,1054958.03,无价格涨跌幅限制的证券,600608,退市沪科
3,东方财富证券股份有限公司拉萨团结路第一证券营业部,927114.0,0.056177379442,,,927114.0,无价格涨跌幅限制的证券,600608,退市沪科
4,长江证券股份有限公司上海锦绣路证券营业部,669000.0,0.040537266018,,,669000.0,无价格涨跌幅限制的证券,600608,退市沪科
5,川财证券有限责任公司深圳分公司,540057.0,0.032724117001,,,540057.0,无价格涨跌幅限制的证券,600608,退市沪科
6,中国中金财富证券有限公司天津南京路证券营业部,1202904.67,0.072888589838,,,1202904.67,退市整理的证券,600608,退市沪科
7,东方财富证券股份有限公司拉萨东环路第二证券营业部,1054958.03,0.063923937668,,,1054958.03,退市整理的证券,600608,退市沪科
8,东方财富证券股份有限公司拉萨团结路第一证券营业部,927114.0,0.056177379442,,,927114.0,退市整理的证券,600608,退市沪科
9,长江证券股份有限公司上海锦绣路证券营业部,669000.0,0.040537266018,,,669000.0,退市整理的证券,600608,退市沪科
10,川财证券有限责任公司深圳分公司,540057.0,0.032724117001,,,540057.0,退市整理的证券,600608,退市沪科
1,东方证券股份有限公司深圳深南东路证券营业部,,,773954.05,0.0468968329,-773954.05,无价格涨跌幅限制的证券,600608,退市沪科
2,长城证券股份有限公司北京中核路证券营业部,,,606146.0,0.036728702014,-606146.0,无价格涨跌幅限制的证券,600608,退市沪科
3,中信证券华南股份有限公司广州机场路证券营业部,,,569275.9,0.034494601787,-569275.9,无价格涨跌幅限制的证券,600608,退市沪科
4,中信证券股份有限公司苏州分公司,,,504608.6,0.030576163009,-504608.6,无价格涨跌幅限制的证券,600608,退市沪科
5,广发证券股份有限公司北京广安门内大街证券营业部,,,348960.0,0.021144819656,-348960.0,无价格涨跌幅限制的证券,600608,退市沪科
6,东方证券股份有限公司深圳深南东路证券营业部,,,773954.05,0.0468968329,-773954.05,退市整理的证券,600608,退市沪科
7,长城证券股份有限公司北京中核路证券营业部,,,606146.0,0.036728702014,-606146.0,退市整理的证券,600608,退市沪科
8,中信证券华南股份有限公司广州机场路证券营业部,,,569275.9,0.034494601787,-569275.9,退市整理的证券,600608,退市沪科
9,中信证券股份有限公司苏州分公司,,,504608.6,0.030576163009,-504608.6,退市整理的证券,600608,退市沪科
10,广发证券股份有限公司北京广安门内大街证券营业部,,,348960.0,0.021144819656,-348960.0,退市整理的证券,600608,退市沪科
1,中信证券股份有限公司北京天通苑证券营业部,4184757.0,0.151076877866,,,4184757.0,退市整理的证券,600636,退市国化
2,国泰海通证券股份有限公司青岛福州南路证券营业部,2098613.0,0.075763515036,,,2098613.0,退市整理的证券,600636,退市国化
3,广发证券股份有限公司秦皇岛和平大街证券营业部,1972925.04,0.071225964926,,,1972925.04,退市整理的证券,600636,退市国化
4,广发证券股份有限公司南京汉中路证券营业部,1697475.9,0.061281780334,,,1697475.9,退市整理的证券,600636,退市国化
5,东方财富证券股份有限公司拉萨东城区江苏大道证券营业部,1436031.0,0.051843172734,,,1436031.0,退市整理的证券,600636,退市国化
1,东方财富证券股份有限公司拉萨东环路第二证券营业部,,,3766690.45,0.135983961094,-3766690.45,退市整理的证券,600636,退市国化
2,中国中金财富证券有限公司北京望京启阳路证券营业部,,,1517000.0,0.054766291979,-1517000.0,退市整理的证券,600636,退市国化
3,方正证券股份有限公司北京阜外大街证券营业部,,,1075563.7,0.038829687301,-1075563.7,退市整理的证券,600636,退市国化
4,中信建投证券股份有限公司重庆龙山路证券营业部,,,1063709.04,0.03840171382,-1063709.04,退市整理的证券,600636,退市国化
5,国元证券股份有限公司芜湖分公司,,,913292.0,0.03297140167,-913292.0,退市整理的证券,600636,退市国化
1,东方证券股份有限公司上海浦东新区源深路证券营业部,426861.6,0.118468677494,,,426861.6,退市整理的证券,600696,退市岩石
2,东方财富证券股份有限公司拉萨金融城南环路证券营业部,359400.0,0.099745778705,,,359400.0,退市整理的证券,600696,退市岩石
3,东方财富证券股份有限公司拉萨东环路第二证券营业部,314755.0,0.087355265933,,,314755.0,退市整理的证券,600696,退市岩石
4,平安证券股份有限公司深圳香蜜湖证券营业部,183281.7,0.05086693347,,,183281.7,退市整理的证券,600696,退市岩石
5,东方财富证券股份有限公司拉萨东环路第一证券营业部,158521.19,0.043995046015,,,158521.19,退市整理的证券,600696,退市岩石
1,平安证券股份有限公司扬州新城河南路证券营业部,,,342916.0,0.095170905538,-342916.0,退市整理的证券,600696,退市岩石
2,长江证券股份有限公司泰州金山路证券营业部,,,205916.98,0.057148996992,-205916.98,退市整理的证券,600696,退市岩石
3,东莞证券股份有限公司四川分公司,,,188546.0,0.052327956571,-188546.0,退市整理的证券,600696,退市岩石
4,中国银河证券股份有限公司永康五洲路证券营业部,,,187774.0,0.052113700196,-187774.0,退市整理的证券,600696,退市岩石
5,国泰海通证券股份有限公司重庆解放碑证券营业部,,,178060.0,0.049417733323,-178060.0,退市整理的证券,600696,退市岩石
1,开源证券股份有限公司西安太华路证券营业部,52856825.0,0.344723579779,,,52856825.0,有价格涨跌幅限制的日收盘价格涨幅偏离值达到7%的前五只证券,600825,新华传媒
2,沪股通专用,7699653.0,0.050215879316,,,7699653.0,有价格涨跌幅限制的日收盘价格涨幅偏离值达到7%的前五只证券,600825,新华传媒
3,中信建投证券股份有限公司北京京南分公司,5468402.0,0.035664024714,,,5468402.0,有价格涨跌幅限制的日收盘价格涨幅偏离值达到7%的前五只证券,600825,新华传媒
4,开源证券股份有限公司西安曲江池西路证券营业部,3500978.0,0.022832806717,,,3500978.0,有价格涨跌幅限制的日收盘价格涨幅偏离值达到7%的前五只证券,600825,新华传媒
5,华鑫证券有限责任公司上海徐汇区瑞平路证券营业部,2398294.0,0.015641281765,,,2398294.0,有价格涨跌幅限制的日收盘价格涨幅偏离值达到7%的前五只证券,600825,新华传媒
1,华泰证券股份有限公司郑州经三路证券营业部,,,10830282.0,0.070633330342,-10830282.0,有价格涨跌幅限制的日收盘价格涨幅偏离值达到7%的前五只证券,600825,新华传媒
2,沪股通专用,,,10360857.0,0.067571817161,-10360857.0,有价格涨跌幅限制的日收盘价格涨幅偏离值达到7%的前五只证券,600825,新华传媒
3,华西证券股份有限公司广安建安中路证券营业部,,,3644013.0,0.023765657625,-3644013.0,有价格涨跌幅限制的日收盘价格涨幅偏离值达到7%的前五只证券,600825,新华传媒
4,中信证券股份有限公司上海分公司,,,2638730.0,0.017209366088,-2638730.0,有价格涨跌幅限制的日收盘价格涨幅偏离值达到7%的前五只证券,600825,新华传媒
5,国泰海通证券股份有限公司汕头长平路证券营业部,,,1567280.0,0.010221544183,-1567280.0,有价格涨跌幅限制的日收盘价格涨幅偏离值达到7%的前五只证券,600825,新华传媒
1,国泰海通证券股份有限公司总部,60060181.28,0.032778440569,,,60060181.28,有价格涨跌幅限制的日价格振幅达到15%的前五只证券,603045,福达合金
2,中信证券股份有限公司上海分公司,30552802.2,0.016674495311,,,30552802.2,有价格涨跌幅限制的日价格振幅达到15%的前五只证券,603045,福达合金
3,机构专用,29158278.0,0.015913419876,,,29158278.0,有价格涨跌幅限制的日价格振幅达到15%的前五只证券,603045,福达合金
4,申万宏源证券有限公司上海第二分公司,26957978.0,0.014712584293,,,26957978.0,有价格涨跌幅限制的日价格振幅达到15%的前五只证券,603045,福达合金
5,东方财富证券股份有限公司拉萨团结路第一证券营业部,18248228.0,0.009959151708,,,18248228.0,有价格涨跌幅限制的日价格振幅达到15%的前五只证券,603045,福达合金
6,国泰海通证券股份有限公司总部,209721163.22,0.041566367462,,,209721163.22,非ST、*ST和S证券连续三个交易日内收盘价格涨幅偏离值累计达到20%的证券,603045,福达合金
7,中信证券股份有限公司上海分公司,144876763.4,0.028714320919,,,144876763.4,非ST、*ST和S证券连续三个交易日内收盘价格涨幅偏离值累计达到20%的证券,603045,福达合金
8,华泰证券股份有限公司总部,51082176.78,0.010124398025,,,51082176.78,非ST、*ST和S证券连续三个交易日内收盘价格涨幅偏离值累计达到20%的证券,603045,福达合金
9,中国国际金融股份有限公司上海分公司,48367374.0,0.009586328866,,,48367374.0,非ST、*ST和S证券连续三个交易日内收盘价格涨幅偏离值累计达到20%的证券,603045,福达合金
10,国金证券股份有限公司上海浦东新区芳甸路证券营业部,43104831.66,0.008543302186,,,43104831.66,非ST、*ST和S证券连续三个交易日内收盘价格涨幅偏离值累计达到20%的证券,603045,福达合金
1,国泰海通证券股份有限公司总部,,,149841463.79,0.081777467382,-149841463.79,有价格涨跌幅限制的日价格振幅达到15%的前五只证券,603045,福达合金
2,中信证券股份有限公司上海分公司,,,80985453.32,0.044198615656,-80985453.32,有价格涨跌幅限制的日价格振幅达到15%的前五只证券,603045,福达合金
3,中国国际金融股份有限公司上海分公司,,,45708599.07,0.02494592201,-45708599.07,有价格涨跌幅限制的日价格振幅达到15%的前五只证券,603045,福达合金
4,华泰证券股份有限公司总部,,,26443420.0,0.014431759153,-26443420.0,有价格涨跌幅限制的日价格振幅达到15%的前五只证券,603045,福达合金
5,机构专用,,,19096404.39,0.010422052399,-19096404.39,有价格涨跌幅限制的日价格振幅达到15%的前五只证券,603045,福达合金
6,国泰海通证券股份有限公司总部,,,334198632.43,0.066237583979,-334198632.43,非ST、*ST和S证券连续三个交易日内收盘价格涨幅偏离值累计达到20%的证券,603045,福达合金
7,中信证券股份有限公司上海分公司,,,249148957.54,0.049380887283,-249148957.54,非ST、*ST和S证券连续三个交易日内收盘价格涨幅偏离值累计达到20%的证券,603045,福达合金
8,中国国际金融股份有限公司上海分公司,,,59753894.07,0.011843117214,-59753894.07,非ST、*ST和S证券连续三个交易日内收盘价格涨幅偏离值累计达到20%的证券,603045,福达合金
9,华泰证券股份有限公司总部,,,46061901.77,0.009129388306,-46061901.77,非ST、*ST和S证券连续三个交易日内收盘价格涨幅偏离值累计达到20%的证券,603045,福达合金
10,机构专用,,,45054539.36,0.008929730839,-45054539.36,非ST、*ST和S证券连续三个交易日内收盘价格涨幅偏离值累计达到20%的证券,603045,福达合金
1,国泰海通证券股份有限公司总部,60060181.28,0.032778440569,,,60060181.28,有价格涨跌幅限制的日价格振幅达到15%的前五只证券,603045,福达合金
2,中信证券股份有限公司上海分公司,30552802.2,0.016674495311,,,30552802.2,有价格涨跌幅限制的日价格振幅达到15%的前五只证券,603045,福达合金
3,机构专用,29158278.0,0.015913419876,,,29158278.0,有价格涨跌幅限制的日价格振幅达到15%的前五只证券,603045,福达合金
4,申万宏源证券有限公司上海第二分公司,26957978.0,0.014712584293,,,26957978.0,有价格涨跌幅限制的日价格振幅达到15%的前五只证券,603045,福达合金
5,东方财富证券股份有限公司拉萨团结路第一证券营业部,18248228.0,0.009959151708,,,18248228.0,有价格涨跌幅限制的日价格振幅达到15%的前五只证券,603045,福达合金
6,国泰海通证券股份有限公司总部,209721163.22,0.041566367462,,,209721163.22,非ST、*ST和S证券连续三个交易日内收盘价格涨幅偏离值累计达到20%的证券,603045,福达合金
7,中信证券股份有限公司上海分公司,144876763.4,0.028714320919,,,144876763.4,非ST、*ST和S证券连续三个交易日内收盘价格涨幅偏离值累计达到20%的证券,603045,福达合金
8,华泰证券股份有限公司总部,51082176.78,0.010124398025,,,51082176.78,非ST、*ST和S证券连续三个交易日内收盘价格涨幅偏离值累计达到20%的证券,603045,福达合金
9,中国国际金融股份有限公司上海分公司,48367374.0,0.009586328866,,,48367374.0,非ST、*ST和S证券连续三个交易日内收盘价格涨幅偏离值累计达到20%的证券,603045,福达合金
10,国金证券股份有限公司上海浦东新区芳甸路证券营业部,43104831.66,0.008543302186,,,43104831.66,非ST、*ST和S证券连续三个交易日内收盘价格涨幅偏离值累计达到20%的证券,603045,福达合金
1,国泰海通证券股份有限公司总部,,,149841463.79,0.081777467382,-149841463.79,有价格涨跌幅限制的日价格振幅达到15%的前五只证券,603045,福达合金
2,中信证券股份有限公司上海分公司,,,80985453.32,0.044198615656,-80985453.32,有价格涨跌幅限制的日价格振幅达到15%的前五只证券,603045,福达合金
3,中国国际金融股份有限公司上海分公司,,,45708599.07,0.02494592201,-45708599.07,有价格涨跌幅限制的日价格振幅达到15%的前五只证券,603045,福达合金
4,华泰证券股份有限公司总部,,,26443420.0,0.014431759153,-26443420.0,有价格涨跌幅限制的日价格振幅达到15%的前五只证券,603045,福达合金
5,机构专用,,,19096404.39,0.010422052399,-19096404.39,有价格涨跌幅限制的日价格振幅达到15%的前五只证券,603045,福达合金
6,国泰海通证券股份有限公司总部,,,334198632.43,0.066237583979,-334198632.43,非ST、*ST和S证券连续三个交易日内收盘价格涨幅偏离值累计达到20%的证券,603045,福达合金
7,中信证券股份有限公司上海分公司,,,249148957.54,0.049380887283,-249148957.54,非ST、*ST和S证券连续三个交易日内收盘价格涨幅偏离值累计达到20%的证券,603045,福达合金
8,中国国际金融股份有限公司上海分公司,,,59753894.07,0.011843117214,-59753894.07,非ST、*ST和S证券连续三个交易日内收盘价格涨幅偏离值累计达到20%的证券,603045,福达合金
9,华泰证券股份有限公司总部,,,46061901.77,0.009129388306,-46061901.77,非ST、*ST和S证券连续三个交易日内收盘价格涨幅偏离值累计达到20%的证券,603045,福达合金
10,机构专用,,,45054539.36,0.008929730839,-45054539.36,非ST、*ST和S证券连续三个交易日内收盘价格涨幅偏离值累计达到20%的证券,603045,福达合金
1,沪股通专用,110258433.0,0.082583240506,,,110258433.0,有价格涨跌幅限制的日收盘价格跌幅偏离值达到7%的前五只证券,603067,振华股份
2,中信证券股份有限公司北京首体南路证券营业部,70362469.0,0.052701281361,,,70362469.0,有价格涨跌幅限制的日收盘价格跌幅偏离值达到7%的前五只证券,603067,振华股份
3,国泰海通证券股份有限公司总部,45423307.0,0.034021922718,,,45423307.0,有价格涨跌幅限制的日收盘价格跌幅偏离值达到7%的前五只证券,603067,振华股份
4,高盛(中国)证券有限责任公司上海浦东新区世纪大道证券营业部,44815957.58,0.033567019797,,,44815957.58,有价格涨跌幅限制的日收盘价格跌幅偏离值达到7%的前五只证券,603067,振华股份
5,华泰证券股份有限公司合肥创新大道证券营业部,33490695.0,0.025084431591,,,33490695.0,有价格涨跌幅限制的日收盘价格跌幅偏离值达到7%的前五只证券,603067,振华股份
1,机构专用,,,129580667.75,0.097055537237,-129580667.75,有价格涨跌幅限制的日收盘价格跌幅偏离值达到7%的前五只证券,603067,振华股份
2,沪股通专用,,,95570095.82,0.071581719362,-95570095.82,有价格涨跌幅限制的日收盘价格跌幅偏离值达到7%的前五只证券,603067,振华股份
3,机构专用,,,49641618.14,0.037181425297,-49641618.14,有价格涨跌幅限制的日收盘价格跌幅偏离值达到7%的前五只证券,603067,振华股份
4,中国中金财富证券有限公司北京建国门外大街证券营业部,,,48577781.0,0.036384614423,-48577781.0,有价格涨跌幅限制的日收盘价格跌幅偏离值达到7%的前五只证券,603067,振华股份
5,中信证券股份有限公司深圳滨海大道证券营业部,,,44020775.97,0.032971431121,-44020775.97,有价格涨跌幅限制的日收盘价格跌幅偏离值达到7%的前五只证券,603067,振华股份
1,沪股通专用,618117558.87,0.085731752931,,,618117558.87,非ST、*ST和S证券连续三个交易日内收盘价格涨幅偏离值累计达到20%的证券,603078,江化微
2,机构专用,159937464.07,0.022183028062,,,159937464.07,非ST、*ST和S证券连续三个交易日内收盘价格涨幅偏离值累计达到20%的证券,603078,江化微
3,高盛(中国)证券有限责任公司上海浦东新区世纪大道证券营业部,134949059.84,0.018717182986,,,134949059.84,非ST、*ST和S证券连续三个交易日内收盘价格涨幅偏离值累计达到20%的证券,603078,江化微
4,摩根大通证券(中国)有限公司上海银城中路证券营业部,117012248.58,0.016229380708,,,117012248.58,非ST、*ST和S证券连续三个交易日内收盘价格涨幅偏离值累计达到20%的证券,603078,江化微
5,中信证券股份有限公司上海分公司,107568457.06,0.014919544432,,,107568457.06,非ST、*ST和S证券连续三个交易日内收盘价格涨幅偏离值累计达到20%的证券,603078,江化微
1,沪股通专用,,,634801374.19,0.088045767009,-634801374.19,非ST、*ST和S证券连续三个交易日内收盘价格涨幅偏离值累计达到20%的证券,603078,江化微
2,中信证券股份有限公司上海分公司,,,135431778.75,0.018784135199,-135431778.75,非ST、*ST和S证券连续三个交易日内收盘价格涨幅偏离值累计达到20%的证券,603078,江化微
3,中信证券股份有限公司杭州延安路证券营业部,,,122774044.92,0.017028531117,-122774044.92,非ST、*ST和S证券连续三个交易日内收盘价格涨幅偏离值累计达到20%的证券,603078,江化微
4,摩根大通证券(中国)有限公司上海银城中路证券营业部,,,95759244.88,0.013281628721,-95759244.88,非ST、*ST和S证券连续三个交易日内收盘价格涨幅偏离值累计达到20%的证券,603078,江化微
5,中泰证券股份有限公司浙江分公司,,,78741758.0,0.01092133502,-78741758.0,非ST、*ST和S证券连续三个交易日内收盘价格涨幅偏离值累计达到20%的证券,603078,江化微
1,沪股通专用,66058855.64,0.041704051903,,,66058855.64,非ST、*ST和S证券连续三个交易日内收盘价格涨幅偏离值累计达到20%的证券,603135,中重科技
2,平安证券股份有限公司杭州曙光路证券营业部,23286682.0,0.014701268821,,,23286682.0,非ST、*ST和S证券连续三个交易日内收盘价格涨幅偏离值累计达到20%的证券,603135,中重科技
3,机构专用,22274200.9,0.014062072699,,,22274200.9,非ST、*ST和S证券连续三个交易日内收盘价格涨幅偏离值累计达到20%的证券,603135,中重科技
4,平安证券股份有限公司浙江分公司,17781212.43,0.011225574511,,,17781212.43,非ST、*ST和S证券连续三个交易日内收盘价格涨幅偏离值累计达到20%的证券,603135,中重科技
5,国泰海通证券股份有限公司总部,17182049.0,0.010847312694,,,17182049.0,非ST、*ST和S证券连续三个交易日内收盘价格涨幅偏离值累计达到20%的证券,603135,中重科技
1,沪股通专用,,,85952754.16,0.054263400206,-85952754.16,非ST、*ST和S证券连续三个交易日内收盘价格涨幅偏离值累计达到20%的证券,603135,中重科技
2,机构专用,,,76123866.17,0.048058260094,-76123866.17,非ST、*ST和S证券连续三个交易日内收盘价格涨幅偏离值累计达到20%的证券,603135,中重科技
3,机构专用,,,48989219.91,0.030927707573,-48989219.91,非ST、*ST和S证券连续三个交易日内收盘价格涨幅偏离值累计达到20%的证券,603135,中重科技
4,机构专用,,,37709213.83,0.023806452527,-37709213.83,非ST、*ST和S证券连续三个交易日内收盘价格涨幅偏离值累计达到20%的证券,603135,中重科技
5,机构专用,,,23885027.24,0.015079014102,-23885027.24,非ST、*ST和S证券连续三个交易日内收盘价格涨幅偏离值累计达到20%的证券,603135,中重科技
1,沪股通专用,312830710.52,0.095743254217,,,312830710.52,有价格涨跌幅限制的日价格振幅达到15%的前五只证券,603186,华正新材
2,国泰海通证券股份有限公司武汉紫阳东路证券营业部,142013841.0,0.043463978516,,,142013841.0,有价格涨跌幅限制的日价格振幅达到15%的前五只证券,603186,华正新材
3,国泰海通证券股份有限公司总部,103408053.0,0.031648502444,,,103408053.0,有价格涨跌幅限制的日价格振幅达到15%的前五只证券,603186,华正新材
4,高盛(中国)证券有限责任公司上海浦东新区世纪大道证券营业部,68164760.0,0.020862133179,,,68164760.0,有价格涨跌幅限制的日价格振幅达到15%的前五只证券,603186,华正新材
5,中信证券股份有限公司上海分公司,59157088.2,0.018105294473,,,59157088.2,有价格涨跌幅限制的日价格振幅达到15%的前五只证券,603186,华正新材
1,沪股通专用,,,288010605.26,0.088146948714,-288010605.26,有价格涨跌幅限制的日价格振幅达到15%的前五只证券,603186,华正新材
2,中国国际金融股份有限公司深圳分公司,,,89136244.0,0.027280550733,-89136244.0,有价格涨跌幅限制的日价格振幅达到15%的前五只证券,603186,华正新材
3,华安证券股份有限公司大连解放路证券营业部,,,63308265.0,0.019375780913,-63308265.0,有价格涨跌幅限制的日价格振幅达到15%的前五只证券,603186,华正新材
4,中国中金财富证券有限公司杭州江河汇证券营业部,,,41706615.0,0.012764498204,-41706615.0,有价格涨跌幅限制的日价格振幅达到15%的前五只证券,603186,华正新材
5,中信证券股份有限公司上海分公司,,,38768817.09,0.011865371862,-38768817.09,有价格涨跌幅限制的日价格振幅达到15%的前五只证券,603186,华正新材
1,华泰证券股份有限公司总部,14203745.0,0.138942895763,,,14203745.0,有价格涨跌幅限制的日收盘价格涨幅偏离值达到7%的前五只证券,603206,嘉环科技
2,沪股通专用,13592708.0,0.132965651719,,,13592708.0,有价格涨跌幅限制的日收盘价格涨幅偏离值达到7%的前五只证券,603206,嘉环科技
3,华宝证券股份有限公司上海东大名路证券营业部,4275110.0,0.041819686506,,,4275110.0,有价格涨跌幅限制的日收盘价格涨幅偏离值达到7%的前五只证券,603206,嘉环科技
4,东方证券股份有限公司无锡梁清路证券营业部,3614200.0,0.035354578237,,,3614200.0,有价格涨跌幅限制的日收盘价格涨幅偏离值达到7%的前五只证券,603206,嘉环科技
5,国信证券股份有限公司深圳互联网分公司,3508372.0,0.034319354867,,,3508372.0,有价格涨跌幅限制的日收盘价格涨幅偏离值达到7%的前五只证券,603206,嘉环科技
1,华泰证券股份有限公司广州兴民路证券营业部,,,2244004.0,0.021951141327,-2244004.0,有价格涨跌幅限制的日收盘价格涨幅偏离值达到7%的前五只证券,603206,嘉环科技
2,沪股通专用,,,1375259.0,0.01345296384,-1375259.0,有价格涨跌幅限制的日收盘价格涨幅偏离值达到7%的前五只证券,603206,嘉环科技
3,华泰证券股份有限公司北京苏州街证券营业部,,,1332844.0,0.01303805475,-1332844.0,有价格涨跌幅限制的日收盘价格涨幅偏离值达到7%的前五只证券,603206,嘉环科技
4,中国中金财富证券有限公司广州华夏路证券营业部,,,1266200.0,0.012386134404,-1266200.0,有价格涨跌幅限制的日收盘价格涨幅偏离值达到7%的前五只证券,603206,嘉环科技
5,中泰证券股份有限公司连云港解放东路证券营业部,,,1232941.0,0.012060790506,-1232941.0,有价格涨跌幅限制的日收盘价格涨幅偏离值达到7%的前五只证券,603206,嘉环科技
1,沪股通专用,86160452.32,0.062312750396,,,86160452.32,有价格涨跌幅限制的日收盘价格跌幅偏离值达到7%的前五只证券,603267,鸿远电子
2,国泰海通证券股份有限公司总部,46361419.0,0.033529391413,,,46361419.0,有价格涨跌幅限制的日收盘价格跌幅偏离值达到7%的前五只证券,603267,鸿远电子
3,瑞银证券有限责任公司上海花园石桥路证券营业部,29233020.4,0.021141833109,,,29233020.4,有价格涨跌幅限制的日收盘价格跌幅偏离值达到7%的前五只证券,603267,鸿远电子
4,摩根大通证券(中国)有限公司上海银城中路证券营业部,28993314.17,0.020968473359,,,28993314.17,有价格涨跌幅限制的日收盘价格跌幅偏离值达到7%的前五只证券,603267,鸿远电子
5,高盛(中国)证券有限责任公司上海浦东新区世纪大道证券营业部,23804051.0,0.017215507213,,,23804051.0,有价格涨跌幅限制的日收盘价格跌幅偏离值达到7%的前五只证券,603267,鸿远电子
1,机构专用,,,48732224.51,0.035243999542,-48732224.51,有价格涨跌幅限制的日收盘价格跌幅偏离值达到7%的前五只证券,603267,鸿远电子
2,机构专用,,,41780866.0,0.030216655139,-41780866.0,有价格涨跌幅限制的日收盘价格跌幅偏离值达到7%的前五只证券,603267,鸿远电子
3,机构专用,,,35869380.63,0.02594136523,-35869380.63,有价格涨跌幅限制的日收盘价格跌幅偏离值达到7%的前五只证券,603267,鸿远电子
4,沪股通专用,,,26324449.52,0.019038303631,-26324449.52,有价格涨跌幅限制的日收盘价格跌幅偏离值达到7%的前五只证券,603267,鸿远电子
5,机构专用,,,18838904.2,0.013624625957,-18838904.2,有价格涨跌幅限制的日收盘价格跌幅偏离值达到7%的前五只证券,603267,鸿远电子
1,国泰海通证券股份有限公司总部,40789651.0,0.052777729242,,,40789651.0,有价格涨跌幅限制的日价格振幅达到15%的前五只证券,603278,大业股份
2,平安证券股份有限公司浙江分公司,22368126.0,0.028942118129,,,22368126.0,有价格涨跌幅限制的日价格振幅达到15%的前五只证券,603278,大业股份
3,平安证券股份有限公司杭州曙光路证券营业部,18103807.0,0.023424515794,,,18103807.0,有价格涨跌幅限制的日价格振幅达到15%的前五只证券,603278,大业股份
4,瑞银证券有限责任公司上海花园石桥路证券营业部,16125851.0,0.020865238535,,,16125851.0,有价格涨跌幅限制的日价格振幅达到15%的前五只证券,603278,大业股份
5,华泰证券股份有限公司总部,15664944.0,0.02026887097,,,15664944.0,有价格涨跌幅限制的日价格振幅达到15%的前五只证券,603278,大业股份
6,国泰海通证券股份有限公司总部,40789651.0,0.052777729242,,,40789651.0,有价格涨跌幅限制的日收盘价格涨幅偏离值达到7%的前五只证券,603278,大业股份
7,平安证券股份有限公司浙江分公司,22368126.0,0.028942118129,,,22368126.0,有价格涨跌幅限制的日收盘价格涨幅偏离值达到7%的前五只证券,603278,大业股份
8,平安证券股份有限公司杭州曙光路证券营业部,18103807.0,0.023424515794,,,18103807.0,有价格涨跌幅限制的日收盘价格涨幅偏离值达到7%的前五只证券,603278,大业股份
9,瑞银证券有限责任公司上海花园石桥路证券营业部,16125851.0,0.020865238535,,,16125851.0,有价格涨跌幅限制的日收盘价格涨幅偏离值达到7%的前五只证券,603278,大业股份
10,华泰证券股份有限公司总部,15664944.0,0.02026887097,,,15664944.0,有价格涨跌幅限制的日收盘价格涨幅偏离值达到7%的前五只证券,603278,大业股份
1,中信证券股份有限公司上海分公司,,,21135173.0,0.027346800248,-21135173.0,有价格涨跌幅限制的日价格振幅达到15%的前五只证券,603278,大业股份
2,国泰海通证券股份有限公司总部,,,18292405.22,0.02366854303,-18292405.22,有价格涨跌幅限制的日价格振幅达到15%的前五只证券,603278,大业股份
3,瑞银证券有限责任公司上海花园石桥路证券营业部,,,18052000.4,0.023357483235,-18052000.4,有价格涨跌幅限制的日价格振幅达到15%的前五只证券,603278,大业股份
4,摩根大通证券(中国)有限公司上海银城中路证券营业部,,,16444005.0,0.021276897994,-16444005.0,有价格涨跌幅限制的日价格振幅达到15%的前五只证券,603278,大业股份
5,中国国际金融股份有限公司上海分公司,,,11913365.0,0.015414702919,-11913365.0,有价格涨跌幅限制的日价格振幅达到15%的前五只证券,603278,大业股份
6,中信证券股份有限公司上海分公司,,,21135173.0,0.027346800248,-21135173.0,有价格涨跌幅限制的日收盘价格涨幅偏离值达到7%的前五只证券,603278,大业股份
7,国泰海通证券股份有限公司总部,,,18292405.22,0.02366854303,-18292405.22,有价格涨跌幅限制的日收盘价格涨幅偏离值达到7%的前五只证券,603278,大业股份
8,瑞银证券有限责任公司上海花园石桥路证券营业部,,,18052000.4,0.023357483235,-18052000.4,有价格涨跌幅限制的日收盘价格涨幅偏离值达到7%的前五只证券,603278,大业股份
9,摩根大通证券(中国)有限公司上海银城中路证券营业部,,,16444005.0,0.021276897994,-16444005.0,有价格涨跌幅限制的日收盘价格涨幅偏离值达到7%的前五只证券,603278,大业股份
10,中国国际金融股份有限公司上海分公司,,,11913365.0,0.015414702919,-11913365.0,有价格涨跌幅限制的日收盘价格涨幅偏离值达到7%的前五只证券,603278,大业股份
1,国泰海通证券股份有限公司总部,40789651.0,0.052777729242,,,40789651.0,有价格涨跌幅限制的日价格振幅达到15%的前五只证券,603278,大业股份
2,平安证券股份有限公司浙江分公司,22368126.0,0.028942118129,,,22368126.0,有价格涨跌幅限制的日价格振幅达到15%的前五只证券,603278,大业股份
3,平安证券股份有限公司杭州曙光路证券营业部,18103807.0,0.023424515794,,,18103807.0,有价格涨跌幅限制的日价格振幅达到15%的前五只证券,603278,大业股份
4,瑞银证券有限责任公司上海花园石桥路证券营业部,16125851.0,0.020865238535,,,16125851.0,有价格涨跌幅限制的日价格振幅达到15%的前五只证券,603278,大业股份
5,华泰证券股份有限公司总部,15664944.0,0.02026887097,,,15664944.0,有价格涨跌幅限制的日价格振幅达到15%的前五只证券,603278,大业股份
6,国泰海通证券股份有限公司总部,40789651.0,0.052777729242,,,40789651.0,有价格涨跌幅限制的日收盘价格涨幅偏离值达到7%的前五只证券,603278,大业股份
7,平安证券股份有限公司浙江分公司,22368126.0,0.028942118129,,,22368126.0,有价格涨跌幅限制的日收盘价格涨幅偏离值达到7%的前五只证券,603278,大业股份
8,平安证券股份有限公司杭州曙光路证券营业部,18103807.0,0.023424515794,,,18103807.0,有价格涨跌幅限制的日收盘价格涨幅偏离值达到7%的前五只证券,603278,大业股份
9,瑞银证券有限责任公司上海花园石桥路证券营业部,16125851.0,0.020865238535,,,16125851.0,有价格涨跌幅限制的日收盘价格涨幅偏离值达到7%的前五只证券,603278,大业股份
10,华泰证券股份有限公司总部,15664944.0,0.02026887097,,,15664944.0,有价格涨跌幅限制的日收盘价格涨幅偏离值达到7%的前五只证券,603278,大业股份
1,中信证券股份有限公司上海分公司,,,21135173.0,0.027346800248,-21135173.0,有价格涨跌幅限制的日价格振幅达到15%的前五只证券,603278,大业股份
2,国泰海通证券股份有限公司总部,,,18292405.22,0.02366854303,-18292405.22,有价格涨跌幅限制的日价格振幅达到15%的前五只证券,603278,大业股份
3,瑞银证券有限责任公司上海花园石桥路证券营业部,,,18052000.4,0.023357483235,-18052000.4,有价格涨跌幅限制的日价格振幅达到15%的前五只证券,603278,大业股份
4,摩根大通证券(中国)有限公司上海银城中路证券营业部,,,16444005.0,0.021276897994,-16444005.0,有价格涨跌幅限制的日价格振幅达到15%的前五只证券,603278,大业股份
5,中国国际金融股份有限公司上海分公司,,,11913365.0,0.015414702919,-11913365.0,有价格涨跌幅限制的日价格振幅达到15%的前五只证券,603278,大业股份
6,中信证券股份有限公司上海分公司,,,21135173.0,0.027346800248,-21135173.0,有价格涨跌幅限制的日收盘价格涨幅偏离值达到7%的前五只证券,603278,大业股份
7,国泰海通证券股份有限公司总部,,,18292405.22,0.02366854303,-18292405.22,有价格涨跌幅限制的日收盘价格涨幅偏离值达到7%的前五只证券,603278,大业股份
8,瑞银证券有限责任公司上海花园石桥路证券营业部,,,18052000.4,0.023357483235,-18052000.4,有价格涨跌幅限制的日收盘价格涨幅偏离值达到7%的前五只证券,603278,大业股份
9,摩根大通证券(中国)有限公司上海银城中路证券营业部,,,16444005.0,0.021276897994,-16444005.0,有价格涨跌幅限制的日收盘价格涨幅偏离值达到7%的前五只证券,603278,大业股份
10,中国国际金融股份有限公司上海分公司,,,11913365.0,0.015414702919,-11913365.0,有价格涨跌幅限制的日收盘价格涨幅偏离值达到7%的前五只证券,603278,大业股份
1,国泰海通证券股份有限公司总部,25055604.14,0.034819871324,,,25055604.14,有价格涨跌幅限制的日换手率达到20%的前五只证券,603330,天洋新材
2,东北证券股份有限公司武汉香港路证券营业部,19523526.0,0.02713192064,,,19523526.0,有价格涨跌幅限制的日换手率达到20%的前五只证券,603330,天洋新材
3,高盛(中国)证券有限责任公司上海浦东新区世纪大道证券营业部,13563385.0,0.01884908932,,,13563385.0,有价格涨跌幅限制的日换手率达到20%的前五只证券,603330,天洋新材
4,中信证券股份有限公司深圳深南中路中信大厦证券营业部,11571316.5,0.016080703914,,,11571316.5,有价格涨跌幅限制的日换手率达到20%的前五只证券,603330,天洋新材
5,中信证券股份有限公司上海分公司,9286004.21,0.012904796464,,,9286004.21,有价格涨跌幅限制的日换手率达到20%的前五只证券,603330,天洋新材
1,华泰证券股份有限公司辽宁分公司,,,12230257.34,0.016996436584,-12230257.34,有价格涨跌幅限制的日换手率达到20%的前五只证券,603330,天洋新材
2,中信证券股份有限公司深圳深南中路中信大厦证券营业部,,,9429572.0,0.013104313184,-9429572.0,有价格涨跌幅限制的日换手率达到20%的前五只证券,603330,天洋新材
3,东方财富证券股份有限公司山南香曲东路证券营业部,,,7897177.0,0.010974737844,-7897177.0,有价格涨跌幅限制的日换手率达到20%的前五只证券,603330,天洋新材
4,中国银河证券股份有限公司太仓上海东路证券营业部,,,7742895.0,0.010760331544,-7742895.0,有价格涨跌幅限制的日换手率达到20%的前五只证券,603330,天洋新材
5,中国国际金融股份有限公司上海分公司,,,7290729.23,0.010131955,-7290729.23,有价格涨跌幅限制的日换手率达到20%的前五只证券,603330,天洋新材
1,国泰海通证券股份有限公司总部,44798083.24,0.067063145337,,,44798083.24,有价格涨跌幅限制的日换手率达到20%的前五只证券,603435,嘉德利
2,高盛(中国)证券有限责任公司上海浦东新区世纪大道证券营业部,21462110.82,0.032128978587,,,21462110.82,有价格涨跌幅限制的日换手率达到20%的前五只证券,603435,嘉德利
3,中信证券股份有限公司深圳深南中路中信大厦证券营业部,12118415.61,0.018141380357,,,12118415.61,有价格涨跌幅限制的日换手率达到20%的前五只证券,603435,嘉德利
4,摩根大通证券(中国)有限公司上海银城中路证券营业部,11171848.6,0.01672436078,,,11171848.6,有价格涨跌幅限制的日换手率达到20%的前五只证券,603435,嘉德利
5,招商证券股份有限公司深圳益田路免税商务大厦证券营业部,7983161.4,0.011950866521,,,7983161.4,有价格涨跌幅限制的日换手率达到20%的前五只证券,603435,嘉德利
1,东方财富证券股份有限公司拉萨金融城南环路证券营业部,,,12030802.12,0.018010222151,-12030802.12,有价格涨跌幅限制的日换手率达到20%的前五只证券,603435,嘉德利
2,高盛(中国)证券有限责任公司上海浦东新区世纪大道证券营业部,,,11815977.63,0.017688627901,-11815977.63,有价格涨跌幅限制的日换手率达到20%的前五只证券,603435,嘉德利
3,华泰证券股份有限公司上海浦东新区滨江大道证券营业部,,,11067332.46,0.016567899151,-11067332.46,有价格涨跌幅限制的日换手率达到20%的前五只证券,603435,嘉德利
4,中信证券股份有限公司上海分公司,,,9489237.83,0.01420547688,-9489237.83,有价格涨跌幅限制的日换手率达到20%的前五只证券,603435,嘉德利
5,国金证券股份有限公司深圳分公司,,,9050786.8,0.013549111629,-9050786.8,有价格涨跌幅限制的日换手率达到20%的前五只证券,603435,嘉德利
1,沪股通专用,35182414.0,0.026826155636,,,35182414.0,有价格涨跌幅限制的日收盘价格跌幅偏离值达到7%的前五只证券,603629,利通电子
2,开源证券股份有限公司上海浦东南路证券营业部,22240620.0,0.016958197739,,,22240620.0,有价格涨跌幅限制的日收盘价格跌幅偏离值达到7%的前五只证券,603629,利通电子
3,国金证券股份有限公司深圳分公司,15311892.0,0.011675128315,,,15311892.0,有价格涨跌幅限制的日收盘价格跌幅偏离值达到7%的前五只证券,603629,利通电子
4,东方财富证券股份有限公司山南香曲东路证券营业部,13573247.0,0.010349433001,,,13573247.0,有价格涨跌幅限制的日收盘价格跌幅偏离值达到7%的前五只证券,603629,利通电子
5,东方财富证券股份有限公司拉萨东环路第二证券营业部,12255489.0,0.00934465882,,,12255489.0,有价格涨跌幅限制的日收盘价格跌幅偏离值达到7%的前五只证券,603629,利通电子
1,国泰海通证券股份有限公司南昌丰和中大道证券营业部,,,16094387.6,0.012271771534,-16094387.6,有价格涨跌幅限制的日收盘价格跌幅偏离值达到7%的前五只证券,603629,利通电子
2,东方财富证券股份有限公司山南香曲东路证券营业部,,,14767444.0,0.011259993447,-14767444.0,有价格涨跌幅限制的日收盘价格跌幅偏离值达到7%的前五只证券,603629,利通电子
3,国信证券股份有限公司浙江互联网分公司,,,14539530.0,0.01108621184,-14539530.0,有价格涨跌幅限制的日收盘价格跌幅偏离值达到7%的前五只证券,603629,利通电子
4,东莞证券股份有限公司江门分公司,,,13800727.0,0.010522883688,-13800727.0,有价格涨跌幅限制的日收盘价格跌幅偏离值达到7%的前五只证券,603629,利通电子
5,平安证券股份有限公司天津分公司,,,12143032.0,0.009258911748,-12143032.0,有价格涨跌幅限制的日收盘价格跌幅偏离值达到7%的前五只证券,603629,利通电子
1,华泰证券股份有限公司总部,12563269.0,0.068707392778,,,12563269.0,有价格涨跌幅限制的日收盘价格涨幅偏离值达到7%的前五只证券,603669,灵康药业
2,国泰海通证券股份有限公司总部,12307321.1,0.06730763664,,,12307321.1,有价格涨跌幅限制的日收盘价格涨幅偏离值达到7%的前五只证券,603669,灵康药业
3,国泰海通证券股份有限公司上海普陀区大渡河路证券营业部,8232458.0,0.045022575361,,,8232458.0,有价格涨跌幅限制的日收盘价格涨幅偏离值达到7%的前五只证券,603669,灵康药业
4,中国国际金融股份有限公司上海分公司,5643394.0,0.030863216267,,,5643394.0,有价格涨跌幅限制的日收盘价格涨幅偏离值达到7%的前五只证券,603669,灵康药业
5,东北证券股份有限公司长春卫星路证券营业部,5560091.0,0.030407639622,,,5560091.0,有价格涨跌幅限制的日收盘价格涨幅偏离值达到7%的前五只证券,603669,灵康药业
1,华林证券股份有限公司北京石景山路证券营业部,,,8798720.0,0.048119411515,-8798720.0,有价格涨跌幅限制的日收盘价格涨幅偏离值达到7%的前五只证券,603669,灵康药业
2,高盛(中国)证券有限责任公司上海浦东新区世纪大道证券营业部,,,8564964.0,0.04684102089,-8564964.0,有价格涨跌幅限制的日收盘价格涨幅偏离值达到7%的前五只证券,603669,灵康药业
3,国泰海通证券股份有限公司总部,,,7694324.0,0.04207956872,-7694324.0,有价格涨跌幅限制的日收盘价格涨幅偏离值达到7%的前五只证券,603669,灵康药业
4,国元证券股份有限公司深圳益田路证券营业部,,,6662888.0,0.036438737629,-6662888.0,有价格涨跌幅限制的日收盘价格涨幅偏离值达到7%的前五只证券,603669,灵康药业
5,华创证券有限责任公司安顺虹山湖路证券营业部,,,6595456.0,0.036069958061,-6595456.0,有价格涨跌幅限制的日收盘价格涨幅偏离值达到7%的前五只证券,603669,灵康药业
1,瑞银证券有限责任公司上海花园石桥路证券营业部,206009597.59,0.053731729219,,,206009597.59,有价格涨跌幅限制的日价格振幅达到15%的前五只证券,603678,火炬电子
2,国泰海通证券股份有限公司总部,155577806.42,0.040578034542,,,155577806.42,有价格涨跌幅限制的日价格振幅达到15%的前五只证券,603678,火炬电子
3,机构专用,129119210.3,0.033677064205,,,129119210.3,有价格涨跌幅限制的日价格振幅达到15%的前五只证券,603678,火炬电子
4,中信证券股份有限公司深圳深南中路中信大厦证券营业部,91217909.0,0.023791590507,,,91217909.0,有价格涨跌幅限制的日价格振幅达到15%的前五只证券,603678,火炬电子
5,华泰证券股份有限公司总部,83441230.17,0.021763265584,,,83441230.17,有价格涨跌幅限制的日价格振幅达到15%的前五只证券,603678,火炬电子
6,瑞银证券有限责任公司上海花园石桥路证券营业部,206009597.59,0.053731729219,,,206009597.59,有价格涨跌幅限制的日收盘价格跌幅偏离值达到7%的前五只证券,603678,火炬电子
7,国泰海通证券股份有限公司总部,155577806.42,0.040578034542,,,155577806.42,有价格涨跌幅限制的日收盘价格跌幅偏离值达到7%的前五只证券,603678,火炬电子
8,机构专用,129119210.3,0.033677064205,,,129119210.3,有价格涨跌幅限制的日收盘价格跌幅偏离值达到7%的前五只证券,603678,火炬电子
9,中信证券股份有限公司深圳深南中路中信大厦证券营业部,91217909.0,0.023791590507,,,91217909.0,有价格涨跌幅限制的日收盘价格跌幅偏离值达到7%的前五只证券,603678,火炬电子
10,华泰证券股份有限公司总部,83441230.17,0.021763265584,,,83441230.17,有价格涨跌幅限制的日收盘价格跌幅偏离值达到7%的前五只证券,603678,火炬电子
1,机构专用,,,148717645.93,0.038788757294,-148717645.93,有价格涨跌幅限制的日价格振幅达到15%的前五只证券,603678,火炬电子
2,瑞银证券有限责任公司上海花园石桥路证券营业部,,,91672031.34,0.02391003537,-91672031.34,有价格涨跌幅限制的日价格振幅达到15%的前五只证券,603678,火炬电子
3,机构专用,,,82031584.0,0.021395599576,-82031584.0,有价格涨跌幅限制的日价格振幅达到15%的前五只证券,603678,火炬电子
4,机构专用,,,78313690.59,0.020425893095,-78313690.59,有价格涨跌幅限制的日价格振幅达到15%的前五只证券,603678,火炬电子
5,东方财富证券股份有限公司拉萨团结路第二证券营业部,,,76638749.74,0.019989032535,-76638749.74,有价格涨跌幅限制的日价格振幅达到15%的前五只证券,603678,火炬电子
6,机构专用,,,148717645.93,0.038788757294,-148717645.93,有价格涨跌幅限制的日收盘价格跌幅偏离值达到7%的前五只证券,603678,火炬电子
7,瑞银证券有限责任公司上海花园石桥路证券营业部,,,91672031.34,0.02391003537,-91672031.34,有价格涨跌幅限制的日收盘价格跌幅偏离值达到7%的前五只证券,603678,火炬电子
8,机构专用,,,82031584.0,0.021395599576,-82031584.0,有价格涨跌幅限制的日收盘价格跌幅偏离值达到7%的前五只证券,603678,火炬电子
9,机构专用,,,78313690.59,0.020425893095,-78313690.59,有价格涨跌幅限制的日收盘价格跌幅偏离值达到7%的前五只证券,603678,火炬电子
10,东方财富证券股份有限公司拉萨团结路第二证券营业部,,,76638749.74,0.019989032535,-76638749.74,有价格涨跌幅限制的日收盘价格跌幅偏离值达到7%的前五只证券,603678,火炬电子
1,瑞银证券有限责任公司上海花园石桥路证券营业部,206009597.59,0.053731729219,,,206009597.59,有价格涨跌幅限制的日价格振幅达到15%的前五只证券,603678,火炬电子
2,国泰海通证券股份有限公司总部,155577806.42,0.040578034542,,,155577806.42,有价格涨跌幅限制的日价格振幅达到15%的前五只证券,603678,火炬电子
3,机构专用,129119210.3,0.033677064205,,,129119210.3,有价格涨跌幅限制的日价格振幅达到15%的前五只证券,603678,火炬电子
4,中信证券股份有限公司深圳深南中路中信大厦证券营业部,91217909.0,0.023791590507,,,91217909.0,有价格涨跌幅限制的日价格振幅达到15%的前五只证券,603678,火炬电子
5,华泰证券股份有限公司总部,83441230.17,0.021763265584,,,83441230.17,有价格涨跌幅限制的日价格振幅达到15%的前五只证券,603678,火炬电子
6,瑞银证券有限责任公司上海花园石桥路证券营业部,206009597.59,0.053731729219,,,206009597.59,有价格涨跌幅限制的日收盘价格跌幅偏离值达到7%的前五只证券,603678,火炬电子
7,国泰海通证券股份有限公司总部,155577806.42,0.040578034542,,,155577806.42,有价格涨跌幅限制的日收盘价格跌幅偏离值达到7%的前五只证券,603678,火炬电子
8,机构专用,129119210.3,0.033677064205,,,129119210.3,有价格涨跌幅限制的日收盘价格跌幅偏离值达到7%的前五只证券,603678,火炬电子
9,中信证券股份有限公司深圳深南中路中信大厦证券营业部,91217909.0,0.023791590507,,,91217909.0,有价格涨跌幅限制的日收盘价格跌幅偏离值达到7%的前五只证券,603678,火炬电子
10,华泰证券股份有限公司总部,83441230.17,0.021763265584,,,83441230.17,有价格涨跌幅限制的日收盘价格跌幅偏离值达到7%的前五只证券,603678,火炬电子
1,机构专用,,,148717645.93,0.038788757294,-148717645.93,有价格涨跌幅限制的日价格振幅达到15%的前五只证券,603678,火炬电子
2,瑞银证券有限责任公司上海花园石桥路证券营业部,,,91672031.34,0.02391003537,-91672031.34,有价格涨跌幅限制的日价格振幅达到15%的前五只证券,603678,火炬电子
3,机构专用,,,82031584.0,0.021395599576,-82031584.0,有价格涨跌幅限制的日价格振幅达到15%的前五只证券,603678,火炬电子
4,机构专用,,,78313690.59,0.020425893095,-78313690.59,有价格涨跌幅限制的日价格振幅达到15%的前五只证券,603678,火炬电子
5,东方财富证券股份有限公司拉萨团结路第二证券营业部,,,76638749.74,0.019989032535,-76638749.74,有价格涨跌幅限制的日价格振幅达到15%的前五只证券,603678,火炬电子
6,机构专用,,,148717645.93,0.038788757294,-148717645.93,有价格涨跌幅限制的日收盘价格跌幅偏离值达到7%的前五只证券,603678,火炬电子
7,瑞银证券有限责任公司上海花园石桥路证券营业部,,,91672031.34,0.02391003537,-91672031.34,有价格涨跌幅限制的日收盘价格跌幅偏离值达到7%的前五只证券,603678,火炬电子
8,机构专用,,,82031584.0,0.021395599576,-82031584.0,有价格涨跌幅限制的日收盘价格跌幅偏离值达到7%的前五只证券,603678,火炬电子
9,机构专用,,,78313690.59,0.020425893095,-78313690.59,有价格涨跌幅限制的日收盘价格跌幅偏离值达到7%的前五只证券,603678,火炬电子
10,东方财富证券股份有限公司拉萨团结路第二证券营业部,,,76638749.74,0.019989032535,-76638749.74,有价格涨跌幅限制的日收盘价格跌幅偏离值达到7%的前五只证券,603678,火炬电子
1,沪股通专用,97043552.54,0.068205980165,,,97043552.54,非ST、*ST和S证券连续三个交易日内收盘价格涨幅偏离值累计达到20%的证券,603823,百合花
2,平安证券股份有限公司杭州曙光路证券营业部,50460981.0,0.035465938531,,,50460981.0,非ST、*ST和S证券连续三个交易日内收盘价格涨幅偏离值累计达到20%的证券,603823,百合花
3,华泰证券股份有限公司总部,37580006.24,0.026412688871,,,37580006.24,非ST、*ST和S证券连续三个交易日内收盘价格涨幅偏离值累计达到20%的证券,603823,百合花
4,平安证券股份有限公司浙江分公司,34870173.14,0.024508112855,,,34870173.14,非ST、*ST和S证券连续三个交易日内收盘价格涨幅偏离值累计达到20%的证券,603823,百合花
5,国泰海通证券股份有限公司总部,31054610.7,0.021826387287,,,31054610.7,非ST、*ST和S证券连续三个交易日内收盘价格涨幅偏离值累计达到20%的证券,603823,百合花
1,沪股通专用,,,79559932.58,0.055917812584,-79559932.58,非ST、*ST和S证券连续三个交易日内收盘价格涨幅偏离值累计达到20%的证券,603823,百合花
2,中信证券股份有限公司北京建国门证券营业部,,,69477935.84,0.048831793455,-69477935.84,非ST、*ST和S证券连续三个交易日内收盘价格涨幅偏离值累计达到20%的证券,603823,百合花
3,中信证券股份有限公司北京中关村证券营业部,,,23293931.0,0.016371879988,-23293931.0,非ST、*ST和S证券连续三个交易日内收盘价格涨幅偏离值累计达到20%的证券,603823,百合花
4,国泰海通证券股份有限公司总部,,,20011700.0,0.014065000482,-20011700.0,非ST、*ST和S证券连续三个交易日内收盘价格涨幅偏离值累计达到20%的证券,603823,百合花
5,高盛(中国)证券有限责任公司上海浦东新区世纪大道证券营业部,,,19165251.0,0.013470083229,-19165251.0,非ST、*ST和S证券连续三个交易日内收盘价格涨幅偏离值累计达到20%的证券,603823,百合花
1,中信建投证券股份有限公司上海营口路证券营业部,8433468.0,0.036843935826,,,8433468.0,ST、*ST证券连续三个交易日内收盘价格涨幅偏离值累计达到12%的证券,603843,*ST正平
2,东方财富证券股份有限公司拉萨金融城南环路证券营业部,7184198.0,0.031386154554,,,7184198.0,ST、*ST证券连续三个交易日内收盘价格涨幅偏离值累计达到12%的证券,603843,*ST正平
3,东方财富证券股份有限公司拉萨团结路第二证券营业部,6029158.0,0.026340043081,,,6029158.0,ST、*ST证券连续三个交易日内收盘价格涨幅偏离值累计达到12%的证券,603843,*ST正平
4,东方财富证券股份有限公司拉萨东环路第二证券营业部,5583781.0,0.024394290561,,,5583781.0,ST、*ST证券连续三个交易日内收盘价格涨幅偏离值累计达到12%的证券,603843,*ST正平
5,东方财富证券股份有限公司山南香曲东路证券营业部,4241816.0,0.018531545562,,,4241816.0,ST、*ST证券连续三个交易日内收盘价格涨幅偏离值累计达到12%的证券,603843,*ST正平
1,东方财富证券股份有限公司拉萨团结路第二证券营业部,,,5563896.4,0.024307419191,-5563896.4,ST、*ST证券连续三个交易日内收盘价格涨幅偏离值累计达到12%的证券,603843,*ST正平
2,东方财富证券股份有限公司拉萨金融城南环路证券营业部,,,5199760.0,0.022716588686,-5199760.0,ST、*ST证券连续三个交易日内收盘价格涨幅偏离值累计达到12%的证券,603843,*ST正平
3,东方财富证券股份有限公司昌都两江大道证券营业部,,,4541936.0,0.019842702731,-4541936.0,ST、*ST证券连续三个交易日内收盘价格涨幅偏离值累计达到12%的证券,603843,*ST正平
4,上海证券有限责任公司瑞安罗阳大道证券营业部,,,4015000.0,0.017540637178,-4015000.0,ST、*ST证券连续三个交易日内收盘价格涨幅偏离值累计达到12%的证券,603843,*ST正平
5,东方财富证券股份有限公司拉萨团结路第一证券营业部,,,3914152.55,0.01710005722,-3914152.55,ST、*ST证券连续三个交易日内收盘价格涨幅偏离值累计达到12%的证券,603843,*ST正平
1,国泰海通证券股份有限公司武汉紫阳东路证券营业部,122708893.0,0.040774751918,,,122708893.0,非ST、*ST和S证券连续三个交易日内收盘价格涨幅偏离值累计达到20%的证券,603859,能科科技
2,沪股通专用,109632357.6,0.036429569806,,,109632357.6,非ST、*ST和S证券连续三个交易日内收盘价格涨幅偏离值累计达到20%的证券,603859,能科科技
3,开源证券股份有限公司西安太华路证券营业部,103352696.0,0.034342910578,,,103352696.0,非ST、*ST和S证券连续三个交易日内收盘价格涨幅偏离值累计达到20%的证券,603859,能科科技
4,平安证券股份有限公司杭州曙光路证券营业部,47437916.16,0.015763073202,,,47437916.16,非ST、*ST和S证券连续三个交易日内收盘价格涨幅偏离值累计达到20%的证券,603859,能科科技
5,平安证券股份有限公司浙江分公司,43081701.0,0.014315553075,,,43081701.0,非ST、*ST和S证券连续三个交易日内收盘价格涨幅偏离值累计达到20%的证券,603859,能科科技
1,国泰海通证券股份有限公司武汉紫阳东路证券营业部,,,134971070.0,0.044849332113,-134971070.0,非ST、*ST和S证券连续三个交易日内收盘价格涨幅偏离值累计达到20%的证券,603859,能科科技
2,沪股通专用,,,68372768.33,0.022719483474,-68372768.33,非ST、*ST和S证券连续三个交易日内收盘价格涨幅偏离值累计达到20%的证券,603859,能科科技
3,开源证券股份有限公司西安太华路证券营业部,,,53385907.0,0.017739522056,-53385907.0,非ST、*ST和S证券连续三个交易日内收盘价格涨幅偏离值累计达到20%的证券,603859,能科科技
4,东方证券股份有限公司上海分公司,,,28905262.0,0.009604885664,-28905262.0,非ST、*ST和S证券连续三个交易日内收盘价格涨幅偏离值累计达到20%的证券,603859,能科科技
5,国元证券股份有限公司北京西坝河南路证券营业部,,,27241617.0,0.00905207559,-27241617.0,非ST、*ST和S证券连续三个交易日内收盘价格涨幅偏离值累计达到20%的证券,603859,能科科技
1,沪股通专用,319345712.96,0.081447488185,,,319345712.96,非ST、*ST和S证券连续三个交易日内收盘价格涨幅偏离值累计达到20%的证券,603929,亚翔集成
2,高盛(中国)证券有限责任公司上海浦东新区世纪大道证券营业部,123355582.0,0.031461209278,,,123355582.0,非ST、*ST和S证券连续三个交易日内收盘价格涨幅偏离值累计达到20%的证券,603929,亚翔集成
3,机构专用,111915079.0,0.028543367594,,,111915079.0,非ST、*ST和S证券连续三个交易日内收盘价格涨幅偏离值累计达到20%的证券,603929,亚翔集成
4,开源证券股份有限公司西安太华路证券营业部,85317600.0,0.021759816825,,,85317600.0,非ST、*ST和S证券连续三个交易日内收盘价格涨幅偏离值累计达到20%的证券,603929,亚翔集成
5,华泰证券股份有限公司北京东三环北路证券营业部,81699544.0,0.020837050177,,,81699544.0,非ST、*ST和S证券连续三个交易日内收盘价格涨幅偏离值累计达到20%的证券,603929,亚翔集成
1,沪股通专用,,,308021382.18,0.078559275631,-308021382.18,非ST、*ST和S证券连续三个交易日内收盘价格涨幅偏离值累计达到20%的证券,603929,亚翔集成
2,机构专用,,,223366371.74,0.056968448878,-223366371.74,非ST、*ST和S证券连续三个交易日内收盘价格涨幅偏离值累计达到20%的证券,603929,亚翔集成
3,国泰海通证券股份有限公司总部,,,75437311.6,0.019239899883,-75437311.6,非ST、*ST和S证券连续三个交易日内收盘价格涨幅偏离值累计达到20%的证券,603929,亚翔集成
4,机构专用,,,71654650.0,0.018275151419,-71654650.0,非ST、*ST和S证券连续三个交易日内收盘价格涨幅偏离值累计达到20%的证券,603929,亚翔集成
5,机构专用,,,67692780.0,0.017264696771,-67692780.0,非ST、*ST和S证券连续三个交易日内收盘价格涨幅偏离值累计达到20%的证券,603929,亚翔集成
1,平安证券股份有限公司金华李渔路证券营业部,1707197.86,0.162909295327,,,1707197.86,无价格涨跌幅限制的证券,605081,退市太和
2,华泰证券股份有限公司上海武定路证券营业部,848342.0,0.080953005304,,,848342.0,无价格涨跌幅限制的证券,605081,退市太和
3,湘财证券股份有限公司上海陆家嘴证券营业部,644991.44,0.061548285318,,,644991.44,无价格涨跌幅限制的证券,605081,退市太和
4,开源证券股份有限公司西安纺织城正街证券营业部,525307.74,0.050127472485,,,525307.74,无价格涨跌幅限制的证券,605081,退市太和
5,东方财富证券股份有限公司拉萨团结路第二证券营业部,376228.9,0.035901629458,,,376228.9,无价格涨跌幅限制的证券,605081,退市太和
6,平安证券股份有限公司金华李渔路证券营业部,1707197.86,0.162909295327,,,1707197.86,退市整理的证券,605081,退市太和
7,华泰证券股份有限公司上海武定路证券营业部,848342.0,0.080953005304,,,848342.0,退市整理的证券,605081,退市太和
8,湘财证券股份有限公司上海陆家嘴证券营业部,644991.44,0.061548285318,,,644991.44,退市整理的证券,605081,退市太和
9,开源证券股份有限公司西安纺织城正街证券营业部,525307.74,0.050127472485,,,525307.74,退市整理的证券,605081,退市太和
10,东方财富证券股份有限公司拉萨团结路第二证券营业部,376228.9,0.035901629458,,,376228.9,退市整理的证券,605081,退市太和
1,国泰海通证券股份有限公司上海徐汇区宛平南路证券营业部,,,652583.08,0.062272717296,-652583.08,无价格涨跌幅限制的证券,605081,退市太和
2,平安证券股份有限公司上海分公司,,,563026.15,0.053726750423,-563026.15,无价格涨跌幅限制的证券,605081,退市太和
3,长城证券股份有限公司青岛台东一路证券营业部,,,409567.44,0.039082958456,-409567.44,无价格涨跌幅限制的证券,605081,退市太和
4,中国中金财富证券有限公司佛山南海桂城灯湖东路证券营业部,,,396025.99,0.03779076607,-396025.99,无价格涨跌幅限制的证券,605081,退市太和
5,中国银河证券股份有限公司诸暨东旺路证券营业部,,,319828.78,0.030519650004,-319828.78,无价格涨跌幅限制的证券,605081,退市太和
6,国泰海通证券股份有限公司上海徐汇区宛平南路证券营业部,,,652583.08,0.062272717296,-652583.08,退市整理的证券,605081,退市太和
7,平安证券股份有限公司上海分公司,,,563026.15,0.053726750423,-563026.15,退市整理的证券,605081,退市太和
8,长城证券股份有限公司青岛台东一路证券营业部,,,409567.44,0.039082958456,-409567.44,退市整理的证券,605081,退市太和
9,中国中金财富证券有限公司佛山南海桂城灯湖东路证券营业部,,,396025.99,0.03779076607,-396025.99,退市整理的证券,605081,退市太和
10,中国银河证券股份有限公司诸暨东旺路证券营业部,,,319828.78,0.030519650004,-319828.78,退市整理的证券,605081,退市太和
1,平安证券股份有限公司金华李渔路证券营业部,1707197.86,0.162909295327,,,1707197.86,无价格涨跌幅限制的证券,605081,退市太和
2,华泰证券股份有限公司上海武定路证券营业部,848342.0,0.080953005304,,,848342.0,无价格涨跌幅限制的证券,605081,退市太和
3,湘财证券股份有限公司上海陆家嘴证券营业部,644991.44,0.061548285318,,,644991.44,无价格涨跌幅限制的证券,605081,退市太和
4,开源证券股份有限公司西安纺织城正街证券营业部,525307.74,0.050127472485,,,525307.74,无价格涨跌幅限制的证券,605081,退市太和
5,东方财富证券股份有限公司拉萨团结路第二证券营业部,376228.9,0.035901629458,,,376228.9,无价格涨跌幅限制的证券,605081,退市太和
6,平安证券股份有限公司金华李渔路证券营业部,1707197.86,0.162909295327,,,1707197.86,退市整理的证券,605081,退市太和
7,华泰证券股份有限公司上海武定路证券营业部,848342.0,0.080953005304,,,848342.0,退市整理的证券,605081,退市太和
8,湘财证券股份有限公司上海陆家嘴证券营业部,644991.44,0.061548285318,,,644991.44,退市整理的证券,605081,退市太和
9,开源证券股份有限公司西安纺织城正街证券营业部,525307.74,0.050127472485,,,525307.74,退市整理的证券,605081,退市太和
10,东方财富证券股份有限公司拉萨团结路第二证券营业部,376228.9,0.035901629458,,,376228.9,退市整理的证券,605081,退市太和
1,国泰海通证券股份有限公司上海徐汇区宛平南路证券营业部,,,652583.08,0.062272717296,-652583.08,无价格涨跌幅限制的证券,605081,退市太和
2,平安证券股份有限公司上海分公司,,,563026.15,0.053726750423,-563026.15,无价格涨跌幅限制的证券,605081,退市太和
3,长城证券股份有限公司青岛台东一路证券营业部,,,409567.44,0.039082958456,-409567.44,无价格涨跌幅限制的证券,605081,退市太和
4,中国中金财富证券有限公司佛山南海桂城灯湖东路证券营业部,,,396025.99,0.03779076607,-396025.99,无价格涨跌幅限制的证券,605081,退市太和
5,中国银河证券股份有限公司诸暨东旺路证券营业部,,,319828.78,0.030519650004,-319828.78,无价格涨跌幅限制的证券,605081,退市太和
6,国泰海通证券股份有限公司上海徐汇区宛平南路证券营业部,,,652583.08,0.062272717296,-652583.08,退市整理的证券,605081,退市太和
7,平安证券股份有限公司上海分公司,,,563026.15,0.053726750423,-563026.15,退市整理的证券,605081,退市太和
8,长城证券股份有限公司青岛台东一路证券营业部,,,409567.44,0.039082958456,-409567.44,退市整理的证券,605081,退市太和
9,中国中金财富证券有限公司佛山南海桂城灯湖东路证券营业部,,,396025.99,0.03779076607,-396025.99,退市整理的证券,605081,退市太和
10,中国银河证券股份有限公司诸暨东旺路证券营业部,,,319828.78,0.030519650004,-319828.78,退市整理的证券,605081,退市太和
1,沪股通专用,918077595.16,0.046183608564,,,918077595.16,有价格涨跌幅限制的连续3个交易日内收盘价格涨幅偏离值累计达到30%的证券,688017,绿的谐波
2,摩根大通证券(中国)有限公司上海银城中路证券营业部,294079663.56,0.014793586229,,,294079663.56,有价格涨跌幅限制的连续3个交易日内收盘价格涨幅偏离值累计达到30%的证券,688017,绿的谐波
3,中信证券股份有限公司上海分公司,248942305.8,0.012522965452,,,248942305.8,有价格涨跌幅限制的连续3个交易日内收盘价格涨幅偏离值累计达到30%的证券,688017,绿的谐波
4,瑞银证券有限责任公司上海花园石桥路证券营业部,232507700.13,0.011696227713,,,232507700.13,有价格涨跌幅限制的连续3个交易日内收盘价格涨幅偏离值累计达到30%的证券,688017,绿的谐波
5,国泰海通证券股份有限公司总部,229238194.86,0.011531756265,,,229238194.86,有价格涨跌幅限制的连续3个交易日内收盘价格涨幅偏离值累计达到30%的证券,688017,绿的谐波
1,沪股通专用,,,1383087905.14,0.069575807924,-1383087905.14,有价格涨跌幅限制的连续3个交易日内收盘价格涨幅偏离值累计达到30%的证券,688017,绿的谐波
2,高盛(中国)证券有限责任公司上海浦东新区世纪大道证券营业部,,,294082144.04,0.014793711008,-294082144.04,有价格涨跌幅限制的连续3个交易日内收盘价格涨幅偏离值累计达到30%的证券,688017,绿的谐波
3,国泰海通证券股份有限公司总部,,,265921106.0,0.013377078727,-265921106.0,有价格涨跌幅限制的连续3个交易日内收盘价格涨幅偏离值累计达到30%的证券,688017,绿的谐波
4,机构专用,,,250511410.55,0.012601898779,-250511410.55,有价格涨跌幅限制的连续3个交易日内收盘价格涨幅偏离值累计达到30%的证券,688017,绿的谐波
5,中信证券股份有限公司上海分公司,,,244627576.63,0.012305914339,-244627576.63,有价格涨跌幅限制的连续3个交易日内收盘价格涨幅偏离值累计达到30%的证券,688017,绿的谐波
1,沪股通专用,66671243.45,0.064498420655,,,66671243.45,有价格涨跌幅限制的日收盘价格涨幅达到15%的前五只证券,688083,中望软件
2,机构专用,62134641.52,0.060109667056,,,62134641.52,有价格涨跌幅限制的日收盘价格涨幅达到15%的前五只证券,688083,中望软件
3,开源证券股份有限公司西安太华路证券营业部,44752737.05,0.04329424067,,,44752737.05,有价格涨跌幅限制的日收盘价格涨幅达到15%的前五只证券,688083,中望软件
4,招商证券股份有限公司深圳南山南油大道证券营业部,38992876.9,0.037722094965,,,38992876.9,有价格涨跌幅限制的日收盘价格涨幅达到15%的前五只证券,688083,中望软件
5,华泰证券股份有限公司总部,32615316.89,0.031552380302,,,32615316.89,有价格涨跌幅限制的日收盘价格涨幅达到15%的前五只证券,688083,中望软件
6,沪股通专用,81419392.72,0.065120755208,,,81419392.72,有价格涨跌幅限制的连续3个交易日内收盘价格涨幅偏离值累计达到30%的证券,688083,中望软件
7,机构专用,62134641.52,0.049696450013,,,62134641.52,有价格涨跌幅限制的连续3个交易日内收盘价格涨幅偏离值累计达到30%的证券,688083,中望软件
8,开源证券股份有限公司西安太华路证券营业部,44752737.05,0.03579407727,,,44752737.05,有价格涨跌幅限制的连续3个交易日内收盘价格涨幅偏离值累计达到30%的证券,688083,中望软件
9,招商证券股份有限公司深圳南山南油大道证券营业部,39228972.9,0.031376067248,,,39228972.9,有价格涨跌幅限制的连续3个交易日内收盘价格涨幅偏离值累计达到30%的证券,688083,中望软件
10,华泰证券股份有限公司总部,36094003.17,0.028868659743,,,36094003.17,有价格涨跌幅限制的连续3个交易日内收盘价格涨幅偏离值累计达到30%的证券,688083,中望软件
1,机构专用,,,34162326.88,0.033048973075,-34162326.88,有价格涨跌幅限制的日收盘价格涨幅达到15%的前五只证券,688083,中望软件
2,沪股通专用,,,24662381.37,0.023858631783,-24662381.37,有价格涨跌幅限制的日收盘价格涨幅达到15%的前五只证券,688083,中望软件
3,华泰证券股份有限公司无锡解放西路证券营业部,,,22661503.1,0.021922962345,-22661503.1,有价格涨跌幅限制的日收盘价格涨幅达到15%的前五只证券,688083,中望软件
4,华泰证券股份有限公司天津东丽开发区二纬路证券营业部,,,14774003.32,0.014292517007,-14774003.32,有价格涨跌幅限制的日收盘价格涨幅达到15%的前五只证券,688083,中望软件
5,机构专用,,,13342000.0,0.012907182825,-13342000.0,有价格涨跌幅限制的日收盘价格涨幅达到15%的前五只证券,688083,中望软件
6,沪股通专用,,,43585908.65,0.034860826062,-43585908.65,有价格涨跌幅限制的连续3个交易日内收盘价格涨幅偏离值累计达到30%的证券,688083,中望软件
7,机构专用,,,34162326.88,0.027323668868,-34162326.88,有价格涨跌幅限制的连续3个交易日内收盘价格涨幅偏离值累计达到30%的证券,688083,中望软件
8,机构专用,,,25483568.37,0.020382235266,-25483568.37,有价格涨跌幅限制的连续3个交易日内收盘价格涨幅偏离值累计达到30%的证券,688083,中望软件
9,华泰证券股份有限公司无锡解放西路证券营业部,,,22661503.1,0.018125094609,-22661503.1,有价格涨跌幅限制的连续3个交易日内收盘价格涨幅偏离值累计达到30%的证券,688083,中望软件
10,瑞银证券有限责任公司上海花园石桥路证券营业部,,,17103629.72,0.013679803385,-17103629.72,有价格涨跌幅限制的连续3个交易日内收盘价格涨幅偏离值累计达到30%的证券,688083,中望软件
1,沪股通专用,66671243.45,0.064498420655,,,66671243.45,有价格涨跌幅限制的日收盘价格涨幅达到15%的前五只证券,688083,中望软件
2,机构专用,62134641.52,0.060109667056,,,62134641.52,有价格涨跌幅限制的日收盘价格涨幅达到15%的前五只证券,688083,中望软件
3,开源证券股份有限公司西安太华路证券营业部,44752737.05,0.04329424067,,,44752737.05,有价格涨跌幅限制的日收盘价格涨幅达到15%的前五只证券,688083,中望软件
4,招商证券股份有限公司深圳南山南油大道证券营业部,38992876.9,0.037722094965,,,38992876.9,有价格涨跌幅限制的日收盘价格涨幅达到15%的前五只证券,688083,中望软件
5,华泰证券股份有限公司总部,32615316.89,0.031552380302,,,32615316.89,有价格涨跌幅限制的日收盘价格涨幅达到15%的前五只证券,688083,中望软件
6,沪股通专用,81419392.72,0.065120755208,,,81419392.72,有价格涨跌幅限制的连续3个交易日内收盘价格涨幅偏离值累计达到30%的证券,688083,中望软件
7,机构专用,62134641.52,0.049696450013,,,62134641.52,有价格涨跌幅限制的连续3个交易日内收盘价格涨幅偏离值累计达到30%的证券,688083,中望软件
8,开源证券股份有限公司西安太华路证券营业部,44752737.05,0.03579407727,,,44752737.05,有价格涨跌幅限制的连续3个交易日内收盘价格涨幅偏离值累计达到30%的证券,688083,中望软件
9,招商证券股份有限公司深圳南山南油大道证券营业部,39228972.9,0.031376067248,,,39228972.9,有价格涨跌幅限制的连续3个交易日内收盘价格涨幅偏离值累计达到30%的证券,688083,中望软件
10,华泰证券股份有限公司总部,36094003.17,0.028868659743,,,36094003.17,有价格涨跌幅限制的连续3个交易日内收盘价格涨幅偏离值累计达到30%的证券,688083,中望软件
1,机构专用,,,34162326.88,0.033048973075,-34162326.88,有价格涨跌幅限制的日收盘价格涨幅达到15%的前五只证券,688083,中望软件
2,沪股通专用,,,24662381.37,0.023858631783,-24662381.37,有价格涨跌幅限制的日收盘价格涨幅达到15%的前五只证券,688083,中望软件
3,华泰证券股份有限公司无锡解放西路证券营业部,,,22661503.1,0.021922962345,-22661503.1,有价格涨跌幅限制的日收盘价格涨幅达到15%的前五只证券,688083,中望软件
4,华泰证券股份有限公司天津东丽开发区二纬路证券营业部,,,14774003.32,0.014292517007,-14774003.32,有价格涨跌幅限制的日收盘价格涨幅达到15%的前五只证券,688083,中望软件
5,机构专用,,,13342000.0,0.012907182825,-13342000.0,有价格涨跌幅限制的日收盘价格涨幅达到15%的前五只证券,688083,中望软件
6,沪股通专用,,,43585908.65,0.034860826062,-43585908.65,有价格涨跌幅限制的连续3个交易日内收盘价格涨幅偏离值累计达到30%的证券,688083,中望软件
7,机构专用,,,34162326.88,0.027323668868,-34162326.88,有价格涨跌幅限制的连续3个交易日内收盘价格涨幅偏离值累计达到30%的证券,688083,中望软件
8,机构专用,,,25483568.37,0.020382235266,-25483568.37,有价格涨跌幅限制的连续3个交易日内收盘价格涨幅偏离值累计达到30%的证券,688083,中望软件
9,华泰证券股份有限公司无锡解放西路证券营业部,,,22661503.1,0.018125094609,-22661503.1,有价格涨跌幅限制的连续3个交易日内收盘价格涨幅偏离值累计达到30%的证券,688083,中望软件
10,瑞银证券有限责任公司上海花园石桥路证券营业部,,,17103629.72,0.013679803385,-17103629.72,有价格涨跌幅限制的连续3个交易日内收盘价格涨幅偏离值累计达到30%的证券,688083,中望软件
1,自然人,25153278400.0,0.626338991454,,,25153278400.0,有价格涨跌幅限制的连续10个交易日内收盘价格涨幅偏离值累计达到100%的证券,688146,中船特气
2,其他自然人,16090956900.0,0.40067913041,,,16090956900.0,有价格涨跌幅限制的连续10个交易日内收盘价格涨幅偏离值累计达到100%的证券,688146,中船特气
3,机构,13187038200.0,0.328368973424,,,13187038200.0,有价格涨跌幅限制的连续10个交易日内收盘价格涨幅偏离值累计达到100%的证券,688146,中船特气
4,中小投资者,9062321600.0,0.225659863534,,,9062321600.0,有价格涨跌幅限制的连续10个交易日内收盘价格涨幅偏离值累计达到100%的证券,688146,中船特气
5,沪股通,1818892300.0,0.045292035123,,,1818892300.0,有价格涨跌幅限制的连续10个交易日内收盘价格涨幅偏离值累计达到100%的证券,688146,中船特气
6,沪股通专用,890022267.28,0.054326339648,,,890022267.28,有价格涨跌幅限制的连续3个交易日内收盘价格涨幅偏离值累计达到30%的证券,688146,中船特气
7,国泰海通证券股份有限公司总部,522378798.6,0.031885638237,,,522378798.6,有价格涨跌幅限制的连续3个交易日内收盘价格涨幅偏离值累计达到30%的证券,688146,中船特气
8,瑞银证券有限责任公司上海花园石桥路证券营业部,373048028.27,0.022770591966,,,373048028.27,有价格涨跌幅限制的连续3个交易日内收盘价格涨幅偏离值累计达到30%的证券,688146,中船特气
9,东方财富证券股份有限公司长春人民大街证券营业部,325679949.54,0.019879277413,,,325679949.54,有价格涨跌幅限制的连续3个交易日内收盘价格涨幅偏离值累计达到30%的证券,688146,中船特气
10,中信证券股份有限公司深圳深南中路中信大厦证券营业部,303901829.55,0.018549956129,,,303901829.55,有价格涨跌幅限制的连续3个交易日内收盘价格涨幅偏离值累计达到30%的证券,688146,中船特气
1,自然人,,,26202369800.0,0.652462299874,-26202369800.0,有价格涨跌幅限制的连续10个交易日内收盘价格涨幅偏离值累计达到100%的证券,688146,中船特气
2,其他自然人,,,16902614000.0,0.420890113699,-16902614000.0,有价格涨跌幅限制的连续10个交易日内收盘价格涨幅偏离值累计达到100%的证券,688146,中船特气
3,机构,,,12469570100.0,0.310503379961,-12469570100.0,有价格涨跌幅限制的连续10个交易日内收盘价格涨幅偏离值累计达到100%的证券,688146,中船特气
4,中小投资者,,,9299755900.0,0.231572188664,-9299755900.0,有价格涨跌幅限制的连续10个交易日内收盘价格涨幅偏离值累计达到100%的证券,688146,中船特气
5,沪股通,,,1487268900.0,0.037034317676,-1487268900.0,有价格涨跌幅限制的连续10个交易日内收盘价格涨幅偏离值累计达到100%的证券,688146,中船特气
6,国泰海通证券股份有限公司总部,,,532039623.54,0.032475328267,-532039623.54,有价格涨跌幅限制的连续3个交易日内收盘价格涨幅偏离值累计达到30%的证券,688146,中船特气
7,沪股通专用,,,508676248.42,0.031049244113,-508676248.42,有价格涨跌幅限制的连续3个交易日内收盘价格涨幅偏离值累计达到30%的证券,688146,中船特气
8,国盛证券股份有限公司宁波桑田路证券营业部,,,353440870.49,0.021573784704,-353440870.49,有价格涨跌幅限制的连续3个交易日内收盘价格涨幅偏离值累计达到30%的证券,688146,中船特气
9,瑞银证券有限责任公司上海花园石桥路证券营业部,,,327611700.75,0.019997190162,-327611700.75,有价格涨跌幅限制的连续3个交易日内收盘价格涨幅偏离值累计达到30%的证券,688146,中船特气
10,中信证券股份有限公司上海分公司,,,301115372.47,0.018379872728,-301115372.47,有价格涨跌幅限制的连续3个交易日内收盘价格涨幅偏离值累计达到30%的证券,688146,中船特气
1,自然人,25153278400.0,0.626338991454,,,25153278400.0,有价格涨跌幅限制的连续10个交易日内收盘价格涨幅偏离值累计达到100%的证券,688146,中船特气
2,其他自然人,16090956900.0,0.40067913041,,,16090956900.0,有价格涨跌幅限制的连续10个交易日内收盘价格涨幅偏离值累计达到100%的证券,688146,中船特气
3,机构,13187038200.0,0.328368973424,,,13187038200.0,有价格涨跌幅限制的连续10个交易日内收盘价格涨幅偏离值累计达到100%的证券,688146,中船特气
4,中小投资者,9062321600.0,0.225659863534,,,9062321600.0,有价格涨跌幅限制的连续10个交易日内收盘价格涨幅偏离值累计达到100%的证券,688146,中船特气
5,沪股通,1818892300.0,0.045292035123,,,1818892300.0,有价格涨跌幅限制的连续10个交易日内收盘价格涨幅偏离值累计达到100%的证券,688146,中船特气
6,沪股通专用,890022267.28,0.054326339648,,,890022267.28,有价格涨跌幅限制的连续3个交易日内收盘价格涨幅偏离值累计达到30%的证券,688146,中船特气
7,国泰海通证券股份有限公司总部,522378798.6,0.031885638237,,,522378798.6,有价格涨跌幅限制的连续3个交易日内收盘价格涨幅偏离值累计达到30%的证券,688146,中船特气
8,瑞银证券有限责任公司上海花园石桥路证券营业部,373048028.27,0.022770591966,,,373048028.27,有价格涨跌幅限制的连续3个交易日内收盘价格涨幅偏离值累计达到30%的证券,688146,中船特气
9,东方财富证券股份有限公司长春人民大街证券营业部,325679949.54,0.019879277413,,,325679949.54,有价格涨跌幅限制的连续3个交易日内收盘价格涨幅偏离值累计达到30%的证券,688146,中船特气
10,中信证券股份有限公司深圳深南中路中信大厦证券营业部,303901829.55,0.018549956129,,,303901829.55,有价格涨跌幅限制的连续3个交易日内收盘价格涨幅偏离值累计达到30%的证券,688146,中船特气
1,自然人,,,26202369800.0,0.652462299874,-26202369800.0,有价格涨跌幅限制的连续10个交易日内收盘价格涨幅偏离值累计达到100%的证券,688146,中船特气
2,其他自然人,,,16902614000.0,0.420890113699,-16902614000.0,有价格涨跌幅限制的连续10个交易日内收盘价格涨幅偏离值累计达到100%的证券,688146,中船特气
3,机构,,,12469570100.0,0.310503379961,-12469570100.0,有价格涨跌幅限制的连续10个交易日内收盘价格涨幅偏离值累计达到100%的证券,688146,中船特气
4,中小投资者,,,9299755900.0,0.231572188664,-9299755900.0,有价格涨跌幅限制的连续10个交易日内收盘价格涨幅偏离值累计达到100%的证券,688146,中船特气
5,沪股通,,,1487268900.0,0.037034317676,-1487268900.0,有价格涨跌幅限制的连续10个交易日内收盘价格涨幅偏离值累计达到100%的证券,688146,中船特气
6,国泰海通证券股份有限公司总部,,,532039623.54,0.032475328267,-532039623.54,有价格涨跌幅限制的连续3个交易日内收盘价格涨幅偏离值累计达到30%的证券,688146,中船特气
7,沪股通专用,,,508676248.42,0.031049244113,-508676248.42,有价格涨跌幅限制的连续3个交易日内收盘价格涨幅偏离值累计达到30%的证券,688146,中船特气
8,国盛证券股份有限公司宁波桑田路证券营业部,,,353440870.49,0.021573784704,-353440870.49,有价格涨跌幅限制的连续3个交易日内收盘价格涨幅偏离值累计达到30%的证券,688146,中船特气
9,瑞银证券有限责任公司上海花园石桥路证券营业部,,,327611700.75,0.019997190162,-327611700.75,有价格涨跌幅限制的连续3个交易日内收盘价格涨幅偏离值累计达到30%的证券,688146,中船特气
10,中信证券股份有限公司上海分公司,,,301115372.47,0.018379872728,-301115372.47,有价格涨跌幅限制的连续3个交易日内收盘价格涨幅偏离值累计达到30%的证券,688146,中船特气
1,开源证券股份有限公司西安太华路证券营业部,22353028.46,0.063768812346,,,22353028.46,有价格涨跌幅限制的日收盘价格涨幅达到15%的前五只证券,688207,格灵深瞳
2,华泰证券股份有限公司总部,20255393.19,0.057784669744,,,20255393.19,有价格涨跌幅限制的日收盘价格涨幅达到15%的前五只证券,688207,格灵深瞳
3,中国银河证券股份有限公司宜昌新世纪证券营业部,18269629.9,0.05211967599,,,18269629.9,有价格涨跌幅限制的日收盘价格涨幅达到15%的前五只证券,688207,格灵深瞳
4,国泰海通证券股份有限公司成都北一环路证券营业部,18044291.39,0.051476829354,,,18044291.39,有价格涨跌幅限制的日收盘价格涨幅达到15%的前五只证券,688207,格灵深瞳
5,高盛(中国)证券有限责任公司上海浦东新区世纪大道证券营业部,13731289.73,0.039172680321,,,13731289.73,有价格涨跌幅限制的日收盘价格涨幅达到15%的前五只证券,688207,格灵深瞳
1,高盛(中国)证券有限责任公司上海浦东新区世纪大道证券营业部,,,11623485.86,0.033159528694,-11623485.86,有价格涨跌幅限制的日收盘价格涨幅达到15%的前五只证券,688207,格灵深瞳
2,国泰海通证券股份有限公司总部,,,11424073.9,0.032590645427,-11424073.9,有价格涨跌幅限制的日收盘价格涨幅达到15%的前五只证券,688207,格灵深瞳
3,中信证券股份有限公司上海分公司,,,8256370.74,0.023553808707,-8256370.74,有价格涨跌幅限制的日收盘价格涨幅达到15%的前五只证券,688207,格灵深瞳
4,中国银河证券股份有限公司合肥金城证券营业部,,,5713992.96,0.016300902827,-5713992.96,有价格涨跌幅限制的日收盘价格涨幅达到15%的前五只证券,688207,格灵深瞳
5,光大证券股份有限公司郑州金水路证券营业部,,,5512273.0,0.015725435288,-5512273.0,有价格涨跌幅限制的日收盘价格涨幅达到15%的前五只证券,688207,格灵深瞳
1,国新证券股份有限公司岳阳大道证券营业部,1541800.0,0.204106488039,,,1541800.0,退市整理的证券,688287,退市观典
2,东方财富证券股份有限公司拉萨东环路第二证券营业部,301844.92,0.039958818623,,,301844.92,退市整理的证券,688287,退市观典
3,中信证券华南股份有限公司广州番禺清河东路证券营业部,244134.29,0.032318972981,,,244134.29,退市整理的证券,688287,退市观典
4,华泰证券股份有限公司义乌庆云街证券营业部,200519.0,0.026545095911,,,200519.0,退市整理的证券,688287,退市观典
5,华西证券股份有限公司成都西玉龙街证券营业部,192500.0,0.025483525067,,,192500.0,退市整理的证券,688287,退市观典
1,中国银河证券股份有限公司汕头金砂路证券营业部,,,533000.0,0.070559578496,-533000.0,退市整理的证券,688287,退市观典
2,中国中金财富证券有限公司广州体育东路证券营业部,,,392480.9,0.051957386251,-392480.9,退市整理的证券,688287,退市观典
3,国信证券股份有限公司绵阳临园路证券营业部,,,304632.0,0.040327777704,-304632.0,退市整理的证券,688287,退市观典
4,中山证券有限责任公司深圳粤海分公司,,,302573.41,0.040055257549,-302573.41,退市整理的证券,688287,退市观典
5,广发证券股份有限公司泉州温陵路证券营业部,,,216000.0,0.028594500854,-216000.0,退市整理的证券,688287,退市观典
1,沪股通专用,398765183.14,0.039543663089,,,398765183.14,有价格涨跌幅限制的连续3个交易日内收盘价格涨幅偏离值累计达到30%的证券,688322,奥比中光
2,摩根大通证券(中国)有限公司上海银城中路证券营业部,206468838.77,0.020474541269,,,206468838.77,有价格涨跌幅限制的连续3个交易日内收盘价格涨幅偏离值累计达到30%的证券,688322,奥比中光
3,中信证券股份有限公司上海分公司,162040212.16,0.016068763843,,,162040212.16,有价格涨跌幅限制的连续3个交易日内收盘价格涨幅偏离值累计达到30%的证券,688322,奥比中光
4,华鑫证券有限责任公司上海宛平南路证券营业部,140187054.71,0.013901689253,,,140187054.71,有价格涨跌幅限制的连续3个交易日内收盘价格涨幅偏离值累计达到30%的证券,688322,奥比中光
5,国泰海通证券股份有限公司总部,139844844.87,0.013867753917,,,139844844.87,有价格涨跌幅限制的连续3个交易日内收盘价格涨幅偏离值累计达到30%的证券,688322,奥比中光
1,沪股通专用,,,692910637.82,0.068712680974,-692910637.82,有价格涨跌幅限制的连续3个交易日内收盘价格涨幅偏离值累计达到30%的证券,688322,奥比中光
2,中信证券股份有限公司上海分公司,,,183160808.76,0.018163193827,-183160808.76,有价格涨跌幅限制的连续3个交易日内收盘价格涨幅偏离值累计达到30%的证券,688322,奥比中光
3,中国国际金融股份有限公司上海分公司,,,172847748.5,0.017140496265,-172847748.5,有价格涨跌幅限制的连续3个交易日内收盘价格涨幅偏离值累计达到30%的证券,688322,奥比中光
4,国泰海通证券股份有限公司总部,,,163122021.04,0.016176041729,-163122021.04,有价格涨跌幅限制的连续3个交易日内收盘价格涨幅偏离值累计达到30%的证券,688322,奥比中光
5,瑞银证券有限责任公司上海花园石桥路证券营业部,,,123604535.58,0.012257279015,-123604535.58,有价格涨跌幅限制的连续3个交易日内收盘价格涨幅偏离值累计达到30%的证券,688322,奥比中光
1,长城证券股份有限公司大连五惠路证券营业部,78749289.76,0.028788895889,,,78749289.76,有价格涨跌幅限制的日收盘价格涨幅达到15%的前五只证券,688507,索辰科技
2,沪股通专用,54853659.11,0.020053213001,,,54853659.11,有价格涨跌幅限制的日收盘价格涨幅达到15%的前五只证券,688507,索辰科技
3,东方财富证券股份有限公司拉萨东环路第二证券营业部,24500361.38,0.008956758279,,,24500361.38,有价格涨跌幅限制的日收盘价格涨幅达到15%的前五只证券,688507,索辰科技
4,东方财富证券股份有限公司拉萨金融城南环路证券营业部,21205951.8,0.007752399297,,,21205951.8,有价格涨跌幅限制的日收盘价格涨幅达到15%的前五只证券,688507,索辰科技
5,广发证券股份有限公司广州昌岗中路证券营业部,19331624.7,0.00706718921,,,19331624.7,有价格涨跌幅限制的日收盘价格涨幅达到15%的前五只证券,688507,索辰科技
6,长城证券股份有限公司大连五惠路证券营业部,80247141.76,0.016121650768,,,80247141.76,有价格涨跌幅限制的连续3个交易日内收盘价格涨幅偏离值累计达到30%的证券,688507,索辰科技
7,沪股通专用,68338108.45,0.013729125978,,,68338108.45,有价格涨跌幅限制的连续3个交易日内收盘价格涨幅偏离值累计达到30%的证券,688507,索辰科技
8,东方财富证券股份有限公司拉萨金融城南环路证券营业部,43699446.06,0.008779218707,,,43699446.06,有价格涨跌幅限制的连续3个交易日内收盘价格涨幅偏离值累计达到30%的证券,688507,索辰科技
9,东方财富证券股份有限公司拉萨东环路第二证券营业部,39050361.24,0.007845217567,,,39050361.24,有价格涨跌幅限制的连续3个交易日内收盘价格涨幅偏离值累计达到30%的证券,688507,索辰科技
10,东方财富证券股份有限公司拉萨团结路第二证券营业部,38052396.88,0.007644726528,,,38052396.88,有价格涨跌幅限制的连续3个交易日内收盘价格涨幅偏离值累计达到30%的证券,688507,索辰科技
1,财通证券股份有限公司杭州文二西路证券营业部,,,155232324.79,0.056749302129,-155232324.79,有价格涨跌幅限制的日收盘价格涨幅达到15%的前五只证券,688507,索辰科技
2,东方财富证券股份有限公司拉萨团结路第二证券营业部,,,34854107.03,0.012741845186,-34854107.03,有价格涨跌幅限制的日收盘价格涨幅达到15%的前五只证券,688507,索辰科技
3,华泰证券股份有限公司深圳深南大道证券营业部,,,26106831.1,0.009544045982,-26106831.1,有价格涨跌幅限制的日收盘价格涨幅达到15%的前五只证券,688507,索辰科技
4,国泰海通证券股份有限公司上海徐汇区建国西路证券营业部,,,25664644.54,0.009382392933,-25664644.54,有价格涨跌幅限制的日收盘价格涨幅达到15%的前五只证券,688507,索辰科技
5,招商证券股份有限公司深圳益田路免税商务大厦证券营业部,,,22877238.98,0.008363382746,-22877238.98,有价格涨跌幅限制的日收盘价格涨幅达到15%的前五只证券,688507,索辰科技
6,财通证券股份有限公司杭州文二西路证券营业部,,,156349976.83,0.031410710323,-156349976.83,有价格涨跌幅限制的连续3个交易日内收盘价格涨幅偏离值累计达到30%的证券,688507,索辰科技
7,东方财富证券股份有限公司拉萨团结路第二证券营业部,,,49128996.0,0.009870015289,-49128996.0,有价格涨跌幅限制的连续3个交易日内收盘价格涨幅偏离值累计达到30%的证券,688507,索辰科技
8,东方财富证券股份有限公司拉萨金融城南环路证券营业部,,,43470255.13,0.008733174249,-43470255.13,有价格涨跌幅限制的连续3个交易日内收盘价格涨幅偏离值累计达到30%的证券,688507,索辰科技
9,招商证券股份有限公司深圳益田路免税商务大厦证券营业部,,,41453092.12,0.008327926201,-41453092.12,有价格涨跌幅限制的连续3个交易日内收盘价格涨幅偏离值累计达到30%的证券,688507,索辰科技
10,沪股通专用,,,41009780.11,0.008238864818,-41009780.11,有价格涨跌幅限制的连续3个交易日内收盘价格涨幅偏离值累计达到30%的证券,688507,索辰科技
1,长城证券股份有限公司大连五惠路证券营业部,78749289.76,0.028788895889,,,78749289.76,有价格涨跌幅限制的日收盘价格涨幅达到15%的前五只证券,688507,索辰科技
2,沪股通专用,54853659.11,0.020053213001,,,54853659.11,有价格涨跌幅限制的日收盘价格涨幅达到15%的前五只证券,688507,索辰科技
3,东方财富证券股份有限公司拉萨东环路第二证券营业部,24500361.38,0.008956758279,,,24500361.38,有价格涨跌幅限制的日收盘价格涨幅达到15%的前五只证券,688507,索辰科技
4,东方财富证券股份有限公司拉萨金融城南环路证券营业部,21205951.8,0.007752399297,,,21205951.8,有价格涨跌幅限制的日收盘价格涨幅达到15%的前五只证券,688507,索辰科技
5,广发证券股份有限公司广州昌岗中路证券营业部,19331624.7,0.00706718921,,,19331624.7,有价格涨跌幅限制的日收盘价格涨幅达到15%的前五只证券,688507,索辰科技
6,长城证券股份有限公司大连五惠路证券营业部,80247141.76,0.016121650768,,,80247141.76,有价格涨跌幅限制的连续3个交易日内收盘价格涨幅偏离值累计达到30%的证券,688507,索辰科技
7,沪股通专用,68338108.45,0.013729125978,,,68338108.45,有价格涨跌幅限制的连续3个交易日内收盘价格涨幅偏离值累计达到30%的证券,688507,索辰科技
8,东方财富证券股份有限公司拉萨金融城南环路证券营业部,43699446.06,0.008779218707,,,43699446.06,有价格涨跌幅限制的连续3个交易日内收盘价格涨幅偏离值累计达到30%的证券,688507,索辰科技
9,东方财富证券股份有限公司拉萨东环路第二证券营业部,39050361.24,0.007845217567,,,39050361.24,有价格涨跌幅限制的连续3个交易日内收盘价格涨幅偏离值累计达到30%的证券,688507,索辰科技
10,东方财富证券股份有限公司拉萨团结路第二证券营业部,38052396.88,0.007644726528,,,38052396.88,有价格涨跌幅限制的连续3个交易日内收盘价格涨幅偏离值累计达到30%的证券,688507,索辰科技
1,财通证券股份有限公司杭州文二西路证券营业部,,,155232324.79,0.056749302129,-155232324.79,有价格涨跌幅限制的日收盘价格涨幅达到15%的前五只证券,688507,索辰科技
2,东方财富证券股份有限公司拉萨团结路第二证券营业部,,,34854107.03,0.012741845186,-34854107.03,有价格涨跌幅限制的日收盘价格涨幅达到15%的前五只证券,688507,索辰科技
3,华泰证券股份有限公司深圳深南大道证券营业部,,,26106831.1,0.009544045982,-26106831.1,有价格涨跌幅限制的日收盘价格涨幅达到15%的前五只证券,688507,索辰科技
4,国泰海通证券股份有限公司上海徐汇区建国西路证券营业部,,,25664644.54,0.009382392933,-25664644.54,有价格涨跌幅限制的日收盘价格涨幅达到15%的前五只证券,688507,索辰科技
5,招商证券股份有限公司深圳益田路免税商务大厦证券营业部,,,22877238.98,0.008363382746,-22877238.98,有价格涨跌幅限制的日收盘价格涨幅达到15%的前五只证券,688507,索辰科技
6,财通证券股份有限公司杭州文二西路证券营业部,,,156349976.83,0.031410710323,-156349976.83,有价格涨跌幅限制的连续3个交易日内收盘价格涨幅偏离值累计达到30%的证券,688507,索辰科技
7,东方财富证券股份有限公司拉萨团结路第二证券营业部,,,49128996.0,0.009870015289,-49128996.0,有价格涨跌幅限制的连续3个交易日内收盘价格涨幅偏离值累计达到30%的证券,688507,索辰科技
8,东方财富证券股份有限公司拉萨金融城南环路证券营业部,,,43470255.13,0.008733174249,-43470255.13,有价格涨跌幅限制的连续3个交易日内收盘价格涨幅偏离值累计达到30%的证券,688507,索辰科技
9,招商证券股份有限公司深圳益田路免税商务大厦证券营业部,,,41453092.12,0.008327926201,-41453092.12,有价格涨跌幅限制的连续3个交易日内收盘价格涨幅偏离值累计达到30%的证券,688507,索辰科技
10,沪股通专用,,,41009780.11,0.008238864818,-41009780.11,有价格涨跌幅限制的连续3个交易日内收盘价格涨幅偏离值累计达到30%的证券,688507,索辰科技
1,高盛(中国)证券有限责任公司上海浦东新区世纪大道证券营业部,139269535.76,0.049455129134,,,139269535.76,有价格涨跌幅限制的日收盘价格涨幅达到15%的前五只证券,688549,中巨芯
2,沪股通专用,130778862.82,0.046440059655,,,130778862.82,有价格涨跌幅限制的日收盘价格涨幅达到15%的前五只证券,688549,中巨芯
3,开源证券股份有限公司西安太华路证券营业部,106049629.0,0.037658616927,,,106049629.0,有价格涨跌幅限制的日收盘价格涨幅达到15%的前五只证券,688549,中巨芯
4,机构专用,61119269.44,0.02170367946,,,61119269.44,有价格涨跌幅限制的日收盘价格涨幅达到15%的前五只证券,688549,中巨芯
5,瑞银证券有限责任公司上海花园石桥路证券营业部,58059520.78,0.020617151353,,,58059520.78,有价格涨跌幅限制的日收盘价格涨幅达到15%的前五只证券,688549,中巨芯
6,沪股通专用,361312975.35,0.054014548086,,,361312975.35,有价格涨跌幅限制的连续3个交易日内收盘价格涨幅偏离值累计达到30%的证券,688549,中巨芯
7,高盛(中国)证券有限责任公司上海浦东新区世纪大道证券营业部,179574540.68,0.026845528183,,,179574540.68,有价格涨跌幅限制的连续3个交易日内收盘价格涨幅偏离值累计达到30%的证券,688549,中巨芯
8,中信证券股份有限公司上海分公司,110315994.96,0.016491709462,,,110315994.96,有价格涨跌幅限制的连续3个交易日内收盘价格涨幅偏离值累计达到30%的证券,688549,中巨芯
9,开源证券股份有限公司西安太华路证券营业部,106105324.0,0.015862234452,,,106105324.0,有价格涨跌幅限制的连续3个交易日内收盘价格涨幅偏离值累计达到30%的证券,688549,中巨芯
10,瑞银证券有限责任公司上海花园石桥路证券营业部,98199948.17,0.014680418873,,,98199948.17,有价格涨跌幅限制的连续3个交易日内收盘价格涨幅偏离值累计达到30%的证券,688549,中巨芯
1,沪股通专用,,,103916393.25,0.036901096993,-103916393.25,有价格涨跌幅限制的日收盘价格涨幅达到15%的前五只证券,688549,中巨芯
2,中信证券股份有限公司上海分公司,,,30082140.18,0.010682279647,-30082140.18,有价格涨跌幅限制的日收盘价格涨幅达到15%的前五只证券,688549,中巨芯
3,瑞银证券有限责任公司上海花园石桥路证券营业部,,,25683674.72,0.009120368234,-25683674.72,有价格涨跌幅限制的日收盘价格涨幅达到15%的前五只证券,688549,中巨芯
4,国泰海通证券股份有限公司总部,,,20853493.94,0.007405153109,-20853493.94,有价格涨跌幅限制的日收盘价格涨幅达到15%的前五只证券,688549,中巨芯
5,招商证券股份有限公司绥化团结街证券营业部,,,19891542.52,0.007063560589,-19891542.52,有价格涨跌幅限制的日收盘价格涨幅达到15%的前五只证券,688549,中巨芯
6,沪股通专用,,,342875715.64,0.051258266637,-342875715.64,有价格涨跌幅限制的连续3个交易日内收盘价格涨幅偏离值累计达到30%的证券,688549,中巨芯
7,国泰海通证券股份有限公司总部,,,160879642.49,0.024050731023,-160879642.49,有价格涨跌幅限制的连续3个交易日内收盘价格涨幅偏离值累计达到30%的证券,688549,中巨芯
8,瑞银证券有限责任公司上海花园石桥路证券营业部,,,98908664.96,0.014786368617,-98908664.96,有价格涨跌幅限制的连续3个交易日内收盘价格涨幅偏离值累计达到30%的证券,688549,中巨芯
9,中信证券股份有限公司上海分公司,,,92327744.68,0.013802552759,-92327744.68,有价格涨跌幅限制的连续3个交易日内收盘价格涨幅偏离值累计达到30%的证券,688549,中巨芯
10,摩根大通证券(中国)有限公司上海银城中路证券营业部,,,75084252.02,0.011224733729,-75084252.02,有价格涨跌幅限制的连续3个交易日内收盘价格涨幅偏离值累计达到30%的证券,688549,中巨芯
1,高盛(中国)证券有限责任公司上海浦东新区世纪大道证券营业部,139269535.76,0.049455129134,,,139269535.76,有价格涨跌幅限制的日收盘价格涨幅达到15%的前五只证券,688549,中巨芯
2,沪股通专用,130778862.82,0.046440059655,,,130778862.82,有价格涨跌幅限制的日收盘价格涨幅达到15%的前五只证券,688549,中巨芯
3,开源证券股份有限公司西安太华路证券营业部,106049629.0,0.037658616927,,,106049629.0,有价格涨跌幅限制的日收盘价格涨幅达到15%的前五只证券,688549,中巨芯
4,机构专用,61119269.44,0.02170367946,,,61119269.44,有价格涨跌幅限制的日收盘价格涨幅达到15%的前五只证券,688549,中巨芯
5,瑞银证券有限责任公司上海花园石桥路证券营业部,58059520.78,0.020617151353,,,58059520.78,有价格涨跌幅限制的日收盘价格涨幅达到15%的前五只证券,688549,中巨芯
6,沪股通专用,361312975.35,0.054014548086,,,361312975.35,有价格涨跌幅限制的连续3个交易日内收盘价格涨幅偏离值累计达到30%的证券,688549,中巨芯
7,高盛(中国)证券有限责任公司上海浦东新区世纪大道证券营业部,179574540.68,0.026845528183,,,179574540.68,有价格涨跌幅限制的连续3个交易日内收盘价格涨幅偏离值累计达到30%的证券,688549,中巨芯
8,中信证券股份有限公司上海分公司,110315994.96,0.016491709462,,,110315994.96,有价格涨跌幅限制的连续3个交易日内收盘价格涨幅偏离值累计达到30%的证券,688549,中巨芯
9,开源证券股份有限公司西安太华路证券营业部,106105324.0,0.015862234452,,,106105324.0,有价格涨跌幅限制的连续3个交易日内收盘价格涨幅偏离值累计达到30%的证券,688549,中巨芯
10,瑞银证券有限责任公司上海花园石桥路证券营业部,98199948.17,0.014680418873,,,98199948.17,有价格涨跌幅限制的连续3个交易日内收盘价格涨幅偏离值累计达到30%的证券,688549,中巨芯
1,沪股通专用,,,103916393.25,0.036901096993,-103916393.25,有价格涨跌幅限制的日收盘价格涨幅达到15%的前五只证券,688549,中巨芯
2,中信证券股份有限公司上海分公司,,,30082140.18,0.010682279647,-30082140.18,有价格涨跌幅限制的日收盘价格涨幅达到15%的前五只证券,688549,中巨芯
3,瑞银证券有限责任公司上海花园石桥路证券营业部,,,25683674.72,0.009120368234,-25683674.72,有价格涨跌幅限制的日收盘价格涨幅达到15%的前五只证券,688549,中巨芯
4,国泰海通证券股份有限公司总部,,,20853493.94,0.007405153109,-20853493.94,有价格涨跌幅限制的日收盘价格涨幅达到15%的前五只证券,688549,中巨芯
5,招商证券股份有限公司绥化团结街证券营业部,,,19891542.52,0.007063560589,-19891542.52,有价格涨跌幅限制的日收盘价格涨幅达到15%的前五只证券,688549,中巨芯
6,沪股通专用,,,342875715.64,0.051258266637,-342875715.64,有价格涨跌幅限制的连续3个交易日内收盘价格涨幅偏离值累计达到30%的证券,688549,中巨芯
7,国泰海通证券股份有限公司总部,,,160879642.49,0.024050731023,-160879642.49,有价格涨跌幅限制的连续3个交易日内收盘价格涨幅偏离值累计达到30%的证券,688549,中巨芯
8,瑞银证券有限责任公司上海花园石桥路证券营业部,,,98908664.96,0.014786368617,-98908664.96,有价格涨跌幅限制的连续3个交易日内收盘价格涨幅偏离值累计达到30%的证券,688549,中巨芯
9,中信证券股份有限公司上海分公司,,,92327744.68,0.013802552759,-92327744.68,有价格涨跌幅限制的连续3个交易日内收盘价格涨幅偏离值累计达到30%的证券,688549,中巨芯
10,摩根大通证券(中国)有限公司上海银城中路证券营业部,,,75084252.02,0.011224733729,-75084252.02,有价格涨跌幅限制的连续3个交易日内收盘价格涨幅偏离值累计达到30%的证券,688549,中巨芯
1,国信证券股份有限公司深圳互联网分公司,10100310.98,0.04195084086,7179370.55,0.029818946369,2920940.43,当日价格振幅达到30%的前5只股票,920036,觅睿科技
2,中国银河证券股份有限公司许昌文峰路证券营业部,7490199.2,0.031109948523,594693.35,0.002470011679,6895505.85,当日价格振幅达到30%的前5只股票,920036,觅睿科技
3,国信证券股份有限公司深圳红岭中路证券营业部,5954241.15,0.024730468539,4847236.02,0.0201326105,1107005.13,当日价格振幅达到30%的前5只股票,920036,觅睿科技
4,国金证券股份有限公司深圳分公司,5933055.53,0.024642475746,349648.89,0.001452238943,5583406.64,当日价格振幅达到30%的前5只股票,920036,觅睿科技
5,机构专用,5860655.98,0.024341769955,1590020.9,0.006604025745,4270635.08,当日价格振幅达到30%的前5只股票,920036,觅睿科技
6,国信证券股份有限公司深圳互联网分公司,10100310.98,0.04195084086,7179370.55,0.029818946369,2920940.43,当日换手率达到20%的前5只股票,920036,觅睿科技
7,中国银河证券股份有限公司许昌文峰路证券营业部,7490199.2,0.031109948523,594693.35,0.002470011679,6895505.85,当日换手率达到20%的前5只股票,920036,觅睿科技
8,国信证券股份有限公司深圳红岭中路证券营业部,5954241.15,0.024730468539,4847236.02,0.0201326105,1107005.13,当日换手率达到20%的前5只股票,920036,觅睿科技
9,国金证券股份有限公司深圳分公司,5933055.53,0.024642475746,349648.89,0.001452238943,5583406.64,当日换手率达到20%的前5只股票,920036,觅睿科技
10,机构专用,5860655.98,0.024341769955,1590020.9,0.006604025745,4270635.08,当日换手率达到20%的前5只股票,920036,觅睿科技
1,申万宏源证券有限公司江苏盐城解放南路证券营业部,0.0,0.0,7231646.44,0.030036070133,-7231646.44,当日价格振幅达到30%的前5只股票,920036,觅睿科技
2,国信证券股份有限公司深圳互联网分公司,10100310.98,0.04195084086,7179370.55,0.029818946369,2920940.43,当日价格振幅达到30%的前5只股票,920036,觅睿科技
3,国信证券股份有限公司深圳红岭中路证券营业部,5954241.15,0.024730468539,4847236.02,0.0201326105,1107005.13,当日价格振幅达到30%的前5只股票,920036,觅睿科技
4,民生证券股份有限公司商丘神火大道证券营业部,27335.36,0.00011353525,4213345.31,0.017499795693,-4186009.95,当日价格振幅达到30%的前5只股票,920036,觅睿科技
5,东莞证券股份有限公司湖北分公司,295544.57,0.001227520939,3591986.36,0.014919030558,-3296441.79,当日价格振幅达到30%的前5只股票,920036,觅睿科技
6,申万宏源证券有限公司江苏盐城解放南路证券营业部,0.0,0.0,7231646.44,0.030036070133,-7231646.44,当日换手率达到20%的前5只股票,920036,觅睿科技
7,国信证券股份有限公司深圳互联网分公司,10100310.98,0.04195084086,7179370.55,0.029818946369,2920940.43,当日换手率达到20%的前5只股票,920036,觅睿科技
8,国信证券股份有限公司深圳红岭中路证券营业部,5954241.15,0.024730468539,4847236.02,0.0201326105,1107005.13,当日换手率达到20%的前5只股票,920036,觅睿科技
9,民生证券股份有限公司商丘神火大道证券营业部,27335.36,0.00011353525,4213345.31,0.017499795693,-4186009.95,当日换手率达到20%的前5只股票,920036,觅睿科技
10,东莞证券股份有限公司湖北分公司,295544.57,0.001227520939,3591986.36,0.014919030558,-3296441.79,当日换手率达到20%的前5只股票,920036,觅睿科技
1,国信证券股份有限公司深圳互联网分公司,10100310.98,0.04195084086,7179370.55,0.029818946369,2920940.43,当日价格振幅达到30%的前5只股票,920036,觅睿科技
2,中国银河证券股份有限公司许昌文峰路证券营业部,7490199.2,0.031109948523,594693.35,0.002470011679,6895505.85,当日价格振幅达到30%的前5只股票,920036,觅睿科技
3,国信证券股份有限公司深圳红岭中路证券营业部,5954241.15,0.024730468539,4847236.02,0.0201326105,1107005.13,当日价格振幅达到30%的前5只股票,920036,觅睿科技
4,国金证券股份有限公司深圳分公司,5933055.53,0.024642475746,349648.89,0.001452238943,5583406.64,当日价格振幅达到30%的前5只股票,920036,觅睿科技
5,机构专用,5860655.98,0.024341769955,1590020.9,0.006604025745,4270635.08,当日价格振幅达到30%的前5只股票,920036,觅睿科技
6,国信证券股份有限公司深圳互联网分公司,10100310.98,0.04195084086,7179370.55,0.029818946369,2920940.43,当日换手率达到20%的前5只股票,920036,觅睿科技
7,中国银河证券股份有限公司许昌文峰路证券营业部,7490199.2,0.031109948523,594693.35,0.002470011679,6895505.85,当日换手率达到20%的前5只股票,920036,觅睿科技
8,国信证券股份有限公司深圳红岭中路证券营业部,5954241.15,0.024730468539,4847236.02,0.0201326105,1107005.13,当日换手率达到20%的前5只股票,920036,觅睿科技
9,国金证券股份有限公司深圳分公司,5933055.53,0.024642475746,349648.89,0.001452238943,5583406.64,当日换手率达到20%的前5只股票,920036,觅睿科技
10,机构专用,5860655.98,0.024341769955,1590020.9,0.006604025745,4270635.08,当日换手率达到20%的前5只股票,920036,觅睿科技
1,申万宏源证券有限公司江苏盐城解放南路证券营业部,0.0,0.0,7231646.44,0.030036070133,-7231646.44,当日价格振幅达到30%的前5只股票,920036,觅睿科技
2,国信证券股份有限公司深圳互联网分公司,10100310.98,0.04195084086,7179370.55,0.029818946369,2920940.43,当日价格振幅达到30%的前5只股票,920036,觅睿科技
3,国信证券股份有限公司深圳红岭中路证券营业部,5954241.15,0.024730468539,4847236.02,0.0201326105,1107005.13,当日价格振幅达到30%的前5只股票,920036,觅睿科技
4,民生证券股份有限公司商丘神火大道证券营业部,27335.36,0.00011353525,4213345.31,0.017499795693,-4186009.95,当日价格振幅达到30%的前5只股票,920036,觅睿科技
5,东莞证券股份有限公司湖北分公司,295544.57,0.001227520939,3591986.36,0.014919030558,-3296441.79,当日价格振幅达到30%的前5只股票,920036,觅睿科技
6,申万宏源证券有限公司江苏盐城解放南路证券营业部,0.0,0.0,7231646.44,0.030036070133,-7231646.44,当日换手率达到20%的前5只股票,920036,觅睿科技
7,国信证券股份有限公司深圳互联网分公司,10100310.98,0.04195084086,7179370.55,0.029818946369,2920940.43,当日换手率达到20%的前5只股票,920036,觅睿科技
8,国信证券股份有限公司深圳红岭中路证券营业部,5954241.15,0.024730468539,4847236.02,0.0201326105,1107005.13,当日换手率达到20%的前5只股票,920036,觅睿科技
9,民生证券股份有限公司商丘神火大道证券营业部,27335.36,0.00011353525,4213345.31,0.017499795693,-4186009.95,当日换手率达到20%的前5只股票,920036,觅睿科技
10,东莞证券股份有限公司湖北分公司,295544.57,0.001227520939,3591986.36,0.014919030558,-3296441.79,当日换手率达到20%的前5只股票,920036,觅睿科技
1,国信证券股份有限公司佛山禅城分公司,11160471.9,0.026754283801,344312.81,0.000825399026,10816159.09,当日换手率达到20%的前5只股票,920088,科力股份
2,东方财富证券股份有限公司拉萨金融城南环路证券营业部,6877229.52,0.016486341437,7721338.43,0.018509869612,-844108.91,当日换手率达到20%的前5只股票,920088,科力股份
3,东方财富证券股份有限公司拉萨团结路第一证券营业部,6683322.44,0.016021500425,2178339.37,0.005221993321,4504983.07,当日换手率达到20%的前5只股票,920088,科力股份
4,中信证券股份有限公司浙江分公司,6204238.08,0.014873022202,326938.0,0.000783747508,5877300.08,当日换手率达到20%的前5只股票,920088,科力股份
5,东方财富证券股份有限公司拉萨团结路第二证券营业部,5658834.54,0.013565561261,2718219.15,0.006516212506,2940615.39,当日换手率达到20%的前5只股票,920088,科力股份
1,国信证券股份有限公司深圳互联网分公司,2964516.46,0.007106645258,8501101.22,0.020379144959,-5536584.76,当日换手率达到20%的前5只股票,920088,科力股份
2,东方财富证券股份有限公司拉萨金融城南环路证券营业部,6877229.52,0.016486341437,7721338.43,0.018509869612,-844108.91,当日换手率达到20%的前5只股票,920088,科力股份
3,国金证券股份有限公司深圳分公司,2452585.43,0.005879425819,5835496.32,0.013989061221,-3382910.89,当日换手率达到20%的前5只股票,920088,科力股份
4,东方财富证券股份有限公司拉萨东环路第二证券营业部,5403993.17,0.012954646383,5468995.96,0.013110473404,-65002.79,当日换手率达到20%的前5只股票,920088,科力股份
5,申万宏源证券有限公司上海金山区蒙山路证券营业部,8542.0,2.0477189e-05,4966240.22,0.011905249299,-4957698.22,当日换手率达到20%的前5只股票,920088,科力股份
1,机构专用,18331781.28,0.046370422137,12868882.4,0.032551965366,5462898.88,当日换手率达到20%的前5只股票,920096,嘉晨智能
2,国信证券股份有限公司深圳红岭中路证券营业部,11986783.41,0.030320687243,4583034.83,0.011592831951,7403748.58,当日换手率达到20%的前5只股票,920096,嘉晨智能
3,中信建投证券股份有限公司北京东城分公司,8954741.62,0.022651107533,3707796.99,0.009378909174,5246944.63,当日换手率达到20%的前5只股票,920096,嘉晨智能
4,国金证券股份有限公司深圳分公司,8065751.15,0.020402397343,13254307.84,0.03352690283,-5188556.69,当日换手率达到20%的前5只股票,920096,嘉晨智能
5,浙商证券股份有限公司哈尔滨分公司,6862595.58,0.017359003424,752482.34,0.001903411525,6110113.24,当日换手率达到20%的前5只股票,920096,嘉晨智能
1,国金证券股份有限公司深圳分公司,8065751.15,0.020402397343,13254307.84,0.03352690283,-5188556.69,当日换手率达到20%的前5只股票,920096,嘉晨智能
2,机构专用,18331781.28,0.046370422137,12868882.4,0.032551965366,5462898.88,当日换手率达到20%的前5只股票,920096,嘉晨智能
3,平安证券股份有限公司福州长乐北路证券营业部,1244972.65,0.003149170637,5448175.33,0.013781213406,-4203202.68,当日换手率达到20%的前5只股票,920096,嘉晨智能
4,中国中金财富证券有限公司上海黄浦区湖滨路证券营业部,40082.0,0.000101387816,5085000.88,0.012862560041,-5044918.88,当日换手率达到20%的前5只股票,920096,嘉晨智能
5,东方财富证券股份有限公司拉萨东环路第二证券营业部,4420244.47,0.011181052124,4827036.22,0.012210035881,-406791.75,当日换手率达到20%的前5只股票,920096,嘉晨智能
1,广发证券股份有限公司郑州农业路营业部,17029810.54,0.019338595133,5499.0,6.244517e-06,17024311.54,当日换手率达到20%的前5只股票,920161,龙辰科技
2,机构专用,14379571.98,0.016329055455,6213822.25,0.007056249536,8165749.73,当日换手率达到20%的前5只股票,920161,龙辰科技
3,国金证券股份有限公司深圳分公司,12701424.01,0.014423395725,28062684.17,0.031867229892,-15361260.16,当日换手率达到20%的前5只股票,920161,龙辰科技
4,东方财富证券股份有限公司拉萨团结路第一证券营业部,12110745.29,0.013752636846,5541206.43,0.006292445089,6569538.86,当日换手率达到20%的前5只股票,920161,龙辰科技
5,上海证券有限责任公司上海证券有限责任公司苏南分公司,8156836.77,0.009262684602,3623794.01,0.00411508308,4533042.76,当日换手率达到20%的前5只股票,920161,龙辰科技
1,国金证券股份有限公司深圳分公司,12701424.01,0.014423395725,28062684.17,0.031867229892,-15361260.16,当日换手率达到20%的前5只股票,920161,龙辰科技
2,平安证券股份有限公司浙江分公司,1675917.23,0.001903126562,13836255.63,0.015712080011,-12160338.4,当日换手率达到20%的前5只股票,920161,龙辰科技
3,东方财富证券股份有限公司拉萨东环路第二证券营业部,7708121.37,0.008753135454,13205217.93,0.01499549056,-5497096.56,当日换手率达到20%的前5只股票,920161,龙辰科技
4,东方证券股份有限公司重庆金州大道证券营业部,398319.83,0.000452321293,13065196.02,0.014836485442,-12666876.19,当日换手率达到20%的前5只股票,920161,龙辰科技
5,国信证券股份有限公司深圳红岭中路证券营业部,3430678.0,0.003895785729,11680773.57,0.013264372517,-8250095.57,当日换手率达到20%的前5只股票,920161,龙辰科技
1,机构专用,21023126.46,0.031975538032,0.0,0.0,21023126.46,当日换手率达到20%的前5只股票,920211,新睿电子
2,爱建证券有限责任公司上海安国路证券营业部,18147441.54,0.027601708444,253808.0,0.000386034274,17893633.54,当日换手率达到20%的前5只股票,920211,新睿电子
3,国信证券股份有限公司福建分公司,11009464.52,0.016745061784,7459198.04,0.011345214094,3550266.48,当日换手率达到20%的前5只股票,920211,新睿电子
4,广发证券股份有限公司郑州农业路营业部,9957268.72,0.015144703869,11278639.83,0.017154469271,-1321371.11,当日换手率达到20%的前5只股票,920211,新睿电子
5,东莞证券股份有限公司四川分公司,9918773.12,0.015086153229,10672503.13,0.016232553725,-753730.01,当日换手率达到20%的前5只股票,920211,新睿电子
1,国泰海通证券股份有限公司重庆观音桥步行街营业部,0.0,0.0,20910948.51,0.03180491877,-20910948.51,当日换手率达到20%的前5只股票,920211,新睿电子
2,东方财富证券股份有限公司拉萨东环路第二证券营业部,5474475.62,0.00832651146,13145548.51,0.019993980778,-7671072.89,当日换手率达到20%的前5只股票,920211,新睿电子
3,广发证券股份有限公司郑州农业路营业部,9957268.72,0.015144703869,11278639.83,0.017154469271,-1321371.11,当日换手率达到20%的前5只股票,920211,新睿电子
4,东莞证券股份有限公司四川分公司,9918773.12,0.015086153229,10672503.13,0.016232553725,-753730.01,当日换手率达到20%的前5只股票,920211,新睿电子
5,招商证券股份有限公司北京安立路证券营业部,129075.28,0.000196319588,9828328.52,0.014948589734,-9699253.24,当日换手率达到20%的前5只股票,920211,新睿电子
1,东莞证券股份有限公司常熟东南大道证券营业部,18619166.72,0.030493375615,0.0,0.0,18619166.72,北交所股票最近3个有成交的交易日以内收盘价涨跌幅偏离值累计达到+40%(-40%),920510,丰光精密
2,机构专用,10701390.0,0.017526106822,1939625.89,0.003176605146,8761764.11,北交所股票最近3个有成交的交易日以内收盘价涨跌幅偏离值累计达到+40%(-40%),920510,丰光精密
3,长城证券股份有限公司西北分公司,10402053.5,0.017035871117,0.0,0.0,10402053.5,北交所股票最近3个有成交的交易日以内收盘价涨跌幅偏离值累计达到+40%(-40%),920510,丰光精密
4,银泰证券有限责任公司淄博华光路证券营业部,10216000.0,0.016731163643,0.0,0.0,10216000.0,北交所股票最近3个有成交的交易日以内收盘价涨跌幅偏离值累计达到+40%(-40%),920510,丰光精密
5,机构专用,9940010.28,0.01627916392,505209.88,0.000827403013,9434800.4,北交所股票最近3个有成交的交易日以内收盘价涨跌幅偏离值累计达到+40%(-40%),920510,丰光精密
6,东莞证券股份有限公司常熟东南大道证券营业部,18619166.72,0.045301083747,0.0,0.0,18619166.72,当日收盘价涨幅达到20%的前5只股票,920510,丰光精密
7,长城证券股份有限公司西北分公司,10402053.5,0.025308559928,0.0,0.0,10402053.5,当日收盘价涨幅达到20%的前5只股票,920510,丰光精密
8,银泰证券有限责任公司淄博华光路证券营业部,10216000.0,0.024855885256,0.0,0.0,10216000.0,当日收盘价涨幅达到20%的前5只股票,920510,丰光精密
9,机构专用,9940010.28,0.024184392616,147783.05,0.000359561329,9792227.23,当日收盘价涨幅达到20%的前5只股票,920510,丰光精密
10,国泰海通证券股份有限公司广东顺德大良营业部,9505438.9,0.023127065251,0.0,0.0,9505438.9,当日收盘价涨幅达到20%的前5只股票,920510,丰光精密
1,国金证券股份有限公司成都天府大道证券营业部,0.0,0.0,15303714.75,0.025063523476,-15303714.75,北交所股票最近3个有成交的交易日以内收盘价涨跌幅偏离值累计达到+40%(-40%),920510,丰光精密
2,中信证券(山东)有限责任公司青岛连云港路证券营业部,0.0,0.0,13807915.31,0.022613791173,-13807915.31,北交所股票最近3个有成交的交易日以内收盘价涨跌幅偏离值累计达到+40%(-40%),920510,丰光精密
3,中国中金财富证券有限公司青岛香港中路证券营业部,0.0,0.0,9505758.14,0.015567971319,-9505758.14,北交所股票最近3个有成交的交易日以内收盘价涨跌幅偏离值累计达到+40%(-40%),920510,丰光精密
4,国金证券股份有限公司深圳分公司,8574820.64,0.014043336662,7856869.35,0.012867518287,717951.29,北交所股票最近3个有成交的交易日以内收盘价涨跌幅偏离值累计达到+40%(-40%),920510,丰光精密
5,华龙证券股份有限公司合肥临泉路证券营业部,65729.5,0.000107647907,6955577.22,0.011391435072,-6889847.72,北交所股票最近3个有成交的交易日以内收盘价涨跌幅偏离值累计达到+40%(-40%),920510,丰光精密
6,中信证券(山东)有限责任公司青岛连云港路证券营业部,0.0,0.0,13702836.14,0.03333947952,-13702836.14,当日收盘价涨幅达到20%的前5只股票,920510,丰光精密
7,中国中金财富证券有限公司青岛香港中路证券营业部,0.0,0.0,9505758.14,0.023127841973,-9505758.14,当日收盘价涨幅达到20%的前5只股票,920510,丰光精密
8,国金证券股份有限公司深圳分公司,2738504.64,0.006662877555,7650149.61,0.018613081529,-4911644.97,当日收盘价涨幅达到20%的前5只股票,920510,丰光精密
9,华龙证券股份有限公司合肥临泉路证券营业部,65729.5,0.000159922172,6562577.22,0.015966979871,-6496847.72,当日收盘价涨幅达到20%的前5只股票,920510,丰光精密
10,东方财富证券股份有限公司拉萨金融城南环路证券营业部,3515259.58,0.008552749488,5739636.08,0.013964735299,-2224376.5,当日收盘价涨幅达到20%的前5只股票,920510,丰光精密
1,东莞证券股份有限公司常熟东南大道证券营业部,18619166.72,0.030493375615,0.0,0.0,18619166.72,北交所股票最近3个有成交的交易日以内收盘价涨跌幅偏离值累计达到+40%(-40%),920510,丰光精密
2,机构专用,10701390.0,0.017526106822,1939625.89,0.003176605146,8761764.11,北交所股票最近3个有成交的交易日以内收盘价涨跌幅偏离值累计达到+40%(-40%),920510,丰光精密
3,长城证券股份有限公司西北分公司,10402053.5,0.017035871117,0.0,0.0,10402053.5,北交所股票最近3个有成交的交易日以内收盘价涨跌幅偏离值累计达到+40%(-40%),920510,丰光精密
4,银泰证券有限责任公司淄博华光路证券营业部,10216000.0,0.016731163643,0.0,0.0,10216000.0,北交所股票最近3个有成交的交易日以内收盘价涨跌幅偏离值累计达到+40%(-40%),920510,丰光精密
5,机构专用,9940010.28,0.01627916392,505209.88,0.000827403013,9434800.4,北交所股票最近3个有成交的交易日以内收盘价涨跌幅偏离值累计达到+40%(-40%),920510,丰光精密
6,东莞证券股份有限公司常熟东南大道证券营业部,18619166.72,0.045301083747,0.0,0.0,18619166.72,当日收盘价涨幅达到20%的前5只股票,920510,丰光精密
7,长城证券股份有限公司西北分公司,10402053.5,0.025308559928,0.0,0.0,10402053.5,当日收盘价涨幅达到20%的前5只股票,920510,丰光精密
8,银泰证券有限责任公司淄博华光路证券营业部,10216000.0,0.024855885256,0.0,0.0,10216000.0,当日收盘价涨幅达到20%的前5只股票,920510,丰光精密
9,机构专用,9940010.28,0.024184392616,147783.05,0.000359561329,9792227.23,当日收盘价涨幅达到20%的前5只股票,920510,丰光精密
10,国泰海通证券股份有限公司广东顺德大良营业部,9505438.9,0.023127065251,0.0,0.0,9505438.9,当日收盘价涨幅达到20%的前5只股票,920510,丰光精密
1,国金证券股份有限公司成都天府大道证券营业部,0.0,0.0,15303714.75,0.025063523476,-15303714.75,北交所股票最近3个有成交的交易日以内收盘价涨跌幅偏离值累计达到+40%(-40%),920510,丰光精密
2,中信证券(山东)有限责任公司青岛连云港路证券营业部,0.0,0.0,13807915.31,0.022613791173,-13807915.31,北交所股票最近3个有成交的交易日以内收盘价涨跌幅偏离值累计达到+40%(-40%),920510,丰光精密
3,中国中金财富证券有限公司青岛香港中路证券营业部,0.0,0.0,9505758.14,0.015567971319,-9505758.14,北交所股票最近3个有成交的交易日以内收盘价涨跌幅偏离值累计达到+40%(-40%),920510,丰光精密
4,国金证券股份有限公司深圳分公司,8574820.64,0.014043336662,7856869.35,0.012867518287,717951.29,北交所股票最近3个有成交的交易日以内收盘价涨跌幅偏离值累计达到+40%(-40%),920510,丰光精密
5,华龙证券股份有限公司合肥临泉路证券营业部,65729.5,0.000107647907,6955577.22,0.011391435072,-6889847.72,北交所股票最近3个有成交的交易日以内收盘价涨跌幅偏离值累计达到+40%(-40%),920510,丰光精密
6,中信证券(山东)有限责任公司青岛连云港路证券营业部,0.0,0.0,13702836.14,0.03333947952,-13702836.14,当日收盘价涨幅达到20%的前5只股票,920510,丰光精密
7,中国中金财富证券有限公司青岛香港中路证券营业部,0.0,0.0,9505758.14,0.023127841973,-9505758.14,当日收盘价涨幅达到20%的前5只股票,920510,丰光精密
8,国金证券股份有限公司深圳分公司,2738504.64,0.006662877555,7650149.61,0.018613081529,-4911644.97,当日收盘价涨幅达到20%的前5只股票,920510,丰光精密
9,华龙证券股份有限公司合肥临泉路证券营业部,65729.5,0.000159922172,6562577.22,0.015966979871,-6496847.72,当日收盘价涨幅达到20%的前5只股票,920510,丰光精密
10,东方财富证券股份有限公司拉萨金融城南环路证券营业部,3515259.58,0.008552749488,5739636.08,0.013964735299,-2224376.5,当日收盘价涨幅达到20%的前5只股票,920510,丰光精密
1,机构专用,8786050.0,0.07059829829,0.0,0.0,8786050.0,当日价格振幅达到30%的前5只股票,920578,巨能股份
2,甬兴证券有限公司宁波和源路证券营业部,5077345.0,0.040797846226,0.0,0.0,5077345.0,当日价格振幅达到30%的前5只股票,920578,巨能股份
3,长城证券股份有限公司西北分公司,4549236.32,0.036554349533,0.0,0.0,4549236.32,当日价格振幅达到30%的前5只股票,920578,巨能股份
4,财通证券股份有限公司深圳华南大道证券营业部,4228724.5,0.033978949999,0.0,0.0,4228724.5,当日价格振幅达到30%的前5只股票,920578,巨能股份
5,东方财富证券股份有限公司拉萨东环路第二证券营业部,3794894.62,0.030493009073,683840.23,0.005494841998,3111054.39,当日价格振幅达到30%的前5只股票,920578,巨能股份
6,机构专用,8786050.0,0.07059829829,0.0,0.0,8786050.0,当日收盘价涨幅达到20%的前5只股票,920578,巨能股份
7,甬兴证券有限公司宁波和源路证券营业部,5077345.0,0.040797846226,0.0,0.0,5077345.0,当日收盘价涨幅达到20%的前5只股票,920578,巨能股份
8,长城证券股份有限公司西北分公司,4549236.32,0.036554349533,0.0,0.0,4549236.32,当日收盘价涨幅达到20%的前5只股票,920578,巨能股份
9,财通证券股份有限公司深圳华南大道证券营业部,4228724.5,0.033978949999,0.0,0.0,4228724.5,当日收盘价涨幅达到20%的前5只股票,920578,巨能股份
10,东方财富证券股份有限公司拉萨东环路第二证券营业部,3794894.62,0.030493009073,683840.23,0.005494841998,3111054.39,当日收盘价涨幅达到20%的前5只股票,920578,巨能股份
1,国信证券股份有限公司深圳互联网分公司,2560541.04,0.020574642772,4411007.71,0.035443645105,-1850466.67,当日价格振幅达到30%的前5只股票,920578,巨能股份
2,东方财富证券股份有限公司山南香曲东路证券营业部,441664.18,0.003548891655,3562690.06,0.02862718236,-3121025.88,当日价格振幅达到30%的前5只股票,920578,巨能股份
3,国金证券股份有限公司深圳分公司,1828780.5,0.014694748066,3387189.26,0.027216985761,-1558408.76,当日价格振幅达到30%的前5只股票,920578,巨能股份
4,开源证券股份有限公司宁夏分公司,0.0,0.0,3195000.35,0.025672695665,-3195000.35,当日价格振幅达到30%的前5只股票,920578,巨能股份
5,中国银河证券股份有限公司郑州智慧岛证券营业部,0.0,0.0,2502500.0,0.02010826725,-2502500.0,当日价格振幅达到30%的前5只股票,920578,巨能股份
6,国信证券股份有限公司深圳互联网分公司,2560541.04,0.020574642772,4411007.71,0.035443645105,-1850466.67,当日收盘价涨幅达到20%的前5只股票,920578,巨能股份
7,东方财富证券股份有限公司山南香曲东路证券营业部,441664.18,0.003548891655,3562690.06,0.02862718236,-3121025.88,当日收盘价涨幅达到20%的前5只股票,920578,巨能股份
8,国金证券股份有限公司深圳分公司,1828780.5,0.014694748066,3387189.26,0.027216985761,-1558408.76,当日收盘价涨幅达到20%的前5只股票,920578,巨能股份
9,开源证券股份有限公司宁夏分公司,0.0,0.0,3195000.35,0.025672695665,-3195000.35,当日收盘价涨幅达到20%的前5只股票,920578,巨能股份
10,中国银河证券股份有限公司郑州智慧岛证券营业部,0.0,0.0,2502500.0,0.02010826725,-2502500.0,当日收盘价涨幅达到20%的前5只股票,920578,巨能股份
1,机构专用,8786050.0,0.07059829829,0.0,0.0,8786050.0,当日价格振幅达到30%的前5只股票,920578,巨能股份
2,甬兴证券有限公司宁波和源路证券营业部,5077345.0,0.040797846226,0.0,0.0,5077345.0,当日价格振幅达到30%的前5只股票,920578,巨能股份
3,长城证券股份有限公司西北分公司,4549236.32,0.036554349533,0.0,0.0,4549236.32,当日价格振幅达到30%的前5只股票,920578,巨能股份
4,财通证券股份有限公司深圳华南大道证券营业部,4228724.5,0.033978949999,0.0,0.0,4228724.5,当日价格振幅达到30%的前5只股票,920578,巨能股份
5,东方财富证券股份有限公司拉萨东环路第二证券营业部,3794894.62,0.030493009073,683840.23,0.005494841998,3111054.39,当日价格振幅达到30%的前5只股票,920578,巨能股份
6,机构专用,8786050.0,0.07059829829,0.0,0.0,8786050.0,当日收盘价涨幅达到20%的前5只股票,920578,巨能股份
7,甬兴证券有限公司宁波和源路证券营业部,5077345.0,0.040797846226,0.0,0.0,5077345.0,当日收盘价涨幅达到20%的前5只股票,920578,巨能股份
8,长城证券股份有限公司西北分公司,4549236.32,0.036554349533,0.0,0.0,4549236.32,当日收盘价涨幅达到20%的前5只股票,920578,巨能股份
9,财通证券股份有限公司深圳华南大道证券营业部,4228724.5,0.033978949999,0.0,0.0,4228724.5,当日收盘价涨幅达到20%的前5只股票,920578,巨能股份
10,东方财富证券股份有限公司拉萨东环路第二证券营业部,3794894.62,0.030493009073,683840.23,0.005494841998,3111054.39,当日收盘价涨幅达到20%的前5只股票,920578,巨能股份
1,国信证券股份有限公司深圳互联网分公司,2560541.04,0.020574642772,4411007.71,0.035443645105,-1850466.67,当日价格振幅达到30%的前5只股票,920578,巨能股份
2,东方财富证券股份有限公司山南香曲东路证券营业部,441664.18,0.003548891655,3562690.06,0.02862718236,-3121025.88,当日价格振幅达到30%的前5只股票,920578,巨能股份
3,国金证券股份有限公司深圳分公司,1828780.5,0.014694748066,3387189.26,0.027216985761,-1558408.76,当日价格振幅达到30%的前5只股票,920578,巨能股份
4,开源证券股份有限公司宁夏分公司,0.0,0.0,3195000.35,0.025672695665,-3195000.35,当日价格振幅达到30%的前5只股票,920578,巨能股份
5,中国银河证券股份有限公司郑州智慧岛证券营业部,0.0,0.0,2502500.0,0.02010826725,-2502500.0,当日价格振幅达到30%的前5只股票,920578,巨能股份
6,国信证券股份有限公司深圳互联网分公司,2560541.04,0.020574642772,4411007.71,0.035443645105,-1850466.67,当日收盘价涨幅达到20%的前5只股票,920578,巨能股份
7,东方财富证券股份有限公司山南香曲东路证券营业部,441664.18,0.003548891655,3562690.06,0.02862718236,-3121025.88,当日收盘价涨幅达到20%的前5只股票,920578,巨能股份
8,国金证券股份有限公司深圳分公司,1828780.5,0.014694748066,3387189.26,0.027216985761,-1558408.76,当日收盘价涨幅达到20%的前5只股票,920578,巨能股份
9,开源证券股份有限公司宁夏分公司,0.0,0.0,3195000.35,0.025672695665,-3195000.35,当日收盘价涨幅达到20%的前5只股票,920578,巨能股份
10,中国银河证券股份有限公司郑州智慧岛证券营业部,0.0,0.0,2502500.0,0.02010826725,-2502500.0,当日收盘价涨幅达到20%的前5只股票,920578,巨能股份
1,中信建投证券股份有限公司天津解放南路证券营业部,3150083.6,0.02161847088,3721295.18,0.025538595701,-571211.58,当日收盘价涨幅达到20%的前5只股票,920839,万通液压
2,东方财富证券股份有限公司拉萨金融城南环路证券营业部,2068042.49,0.01419261265,749969.36,0.005146908092,1318073.13,当日收盘价涨幅达到20%的前5只股票,920839,万通液压
3,东方财富证券股份有限公司拉萨团结路第二证券营业部,2027949.73,0.013917463075,118678.0,0.000814466285,1909271.73,当日收盘价涨幅达到20%的前5只股票,920839,万通液压
4,东方财富证券股份有限公司拉萨东环路第二证券营业部,1896152.54,0.013012962091,944593.18,0.00648257721,951559.36,当日收盘价涨幅达到20%的前5只股票,920839,万通液压
5,东方财富证券股份有限公司拉萨东城区江苏大道证券营业部,1889745.79,0.01296899369,179596.2,0.0012325372,1710149.59,当日收盘价涨幅达到20%的前5只股票,920839,万通液压
1,国信证券股份有限公司深圳互联网分公司,1483410.5,0.01018038591,7956612.54,0.054604835409,-6473202.04,当日收盘价涨幅达到20%的前5只股票,920839,万通液压
2,国信证券股份有限公司深圳红岭中路证券营业部,140457.31,0.000963933867,4243030.18,0.029119171437,-4102572.87,当日收盘价涨幅达到20%的前5只股票,920839,万通液压
3,中信建投证券股份有限公司天津解放南路证券营业部,3150083.6,0.02161847088,3721295.18,0.025538595701,-571211.58,当日收盘价涨幅达到20%的前5只股票,920839,万通液压
4,国金证券股份有限公司深圳分公司,111825.23,0.000767436927,3479979.47,0.023882488337,-3368154.24,当日收盘价涨幅达到20%的前5只股票,920839,万通液压
5,中信建投证券股份有限公司北京东城分公司,57633.84,0.000395530929,2200628.66,0.015102528265,-2142994.82,当日收盘价涨幅达到20%的前5只股票,920839,万通液压
1,中泰证券股份有限公司杭州湖墅南路证券营业部,13405002.47,0.019119085236,0.0,0.0,13405002.47,北交所股票最近3个有成交的交易日以内收盘价涨跌幅偏离值累计达到+40%(-40%),920961,创远信科
2,东吴证券股份有限公司苏州西北街证券营业部,11790572.95,0.016816480991,14018405.79,0.019993960895,-2227832.84,北交所股票最近3个有成交的交易日以内收盘价涨跌幅偏离值累计达到+40%(-40%),920961,创远信科
3,川财证券有限责任公司重庆江北嘴营业部,9778102.12,0.013946164374,10923036.52,0.015579144184,-1144934.4,北交所股票最近3个有成交的交易日以内收盘价涨跌幅偏离值累计达到+40%(-40%),920961,创远信科
4,中信证券股份有限公司浙江分公司,8728200.61,0.012448726645,2935453.85,0.004186734951,5792746.76,北交所股票最近3个有成交的交易日以内收盘价涨跌幅偏离值累计达到+40%(-40%),920961,创远信科
5,东方财富证券股份有限公司拉萨东环路第一证券营业部,8293657.63,0.011828953221,6655154.36,0.00949201343,1638503.27,北交所股票最近3个有成交的交易日以内收盘价涨跌幅偏离值累计达到+40%(-40%),920961,创远信科
1,长城证券股份有限公司温州车站大道证券营业部,0.0,0.0,24310120.78,0.034672673305,-24310120.78,北交所股票最近3个有成交的交易日以内收盘价涨跌幅偏离值累计达到+40%(-40%),920961,创远信科
2,东吴证券股份有限公司苏州西北街证券营业部,11790572.95,0.016816480991,14018405.79,0.019993960895,-2227832.84,北交所股票最近3个有成交的交易日以内收盘价涨跌幅偏离值累计达到+40%(-40%),920961,创远信科
3,川财证券有限责任公司重庆江北嘴营业部,9778102.12,0.013946164374,10923036.52,0.015579144184,-1144934.4,北交所股票最近3个有成交的交易日以内收盘价涨跌幅偏离值累计达到+40%(-40%),920961,创远信科
4,国金证券股份有限公司深圳分公司,7679436.38,0.010952910978,10419417.67,0.014860850268,-2739981.29,北交所股票最近3个有成交的交易日以内收盘价涨跌幅偏离值累计达到+40%(-40%),920961,创远信科
5,国信证券股份有限公司深圳红岭中路证券营业部,1872200.69,0.002670254232,8514775.02,0.012144325206,-6642574.33,北交所股票最近3个有成交的交易日以内收盘价涨跌幅偏离值累计达到+40%(-40%),920961,创远信科
