序号,交易营业部名称,买入金额,买入金额-占总成交比例,卖出金额,卖出金额-占总成交比例,净额,类型,代码,名称
1,机构专用,26277475.0,0.101816089633,0.0,0.0,26277475.0,连续三个交易日内，涨幅偏离值累计达到20%的证券,000029,深深房A
2,机构专用,16751982.6,0.064908114723,8879328.0,0.034404312268,7872654.6,连续三个交易日内，涨幅偏离值累计达到20%的证券,000029,深深房A
3,华鑫证券有限责任公司深圳益田路证券营业部,12170143.0,0.047155077515,2612632.0,0.01012304165,9557511.0,连续三个交易日内，涨幅偏离值累计达到20%的证券,000029,深深房A
4,深股通专用,12100237.0,0.046884216043,15173348.0,0.058791453897,-3073111.0,连续三个交易日内，涨幅偏离值累计达到20%的证券,000029,深深房A
5,国泰海通证券股份有限公司上海浦东新区福山路证券营业部,6808242.0,0.026379573293,7436490.0,0.028813816106,-628248.0,连续三个交易日内，涨幅偏离值累计达到20%的证券,000029,深深房A
1,深股通专用,12100237.0,0.046884216043,15173348.0,0.058791453897,-3073111.0,连续三个交易日内，涨幅偏离值累计达到20%的证券,000029,深深房A
2,机构专用,16751982.6,0.064908114723,8879328.0,0.034404312268,7872654.6,连续三个交易日内，涨幅偏离值累计达到20%的证券,000029,深深房A
3,机构专用,4385537.0,0.016992432807,8178075.0,0.031687200434,-3792538.0,连续三个交易日内，涨幅偏离值累计达到20%的证券,000029,深深房A
4,国泰海通证券股份有限公司上海浦东新区福山路证券营业部,6808242.0,0.026379573293,7436490.0,0.028813816106,-628248.0,连续三个交易日内，涨幅偏离值累计达到20%的证券,000029,深深房A
5,机构专用,0.0,0.0,6599151.0,0.025569418284,-6599151.0,连续三个交易日内，涨幅偏离值累计达到20%的证券,000029,深深房A
1,深股通专用,60269142.88,0.061213385303,24062383.01,0.024439370665,36206759.87,连续三个交易日内，涨幅偏离值累计达到20%的证券,000048,京基智农
2,山西证券股份有限公司湖南分公司,32057613.08,0.032559862769,2533643.0,0.002573337827,29523970.08,连续三个交易日内，涨幅偏离值累计达到20%的证券,000048,京基智农
3,机构专用,25885274.0,0.026290821062,19109396.0,0.019408784734,6775878.0,连续三个交易日内，涨幅偏离值累计达到20%的证券,000048,京基智农
4,长江证券股份有限公司安徽分公司,20284048.84,0.020601840972,0.0,0.0,20284048.84,连续三个交易日内，涨幅偏离值累计达到20%的证券,000048,京基智农
5,机构专用,15604816.0,0.015849298144,0.0,0.0,15604816.0,连续三个交易日内，涨幅偏离值累计达到20%的证券,000048,京基智农
1,深股通专用,60269142.88,0.061213385303,24062383.01,0.024439370665,36206759.87,连续三个交易日内，涨幅偏离值累计达到20%的证券,000048,京基智农
2,申万宏源证券有限公司泉州分公司,0.0,0.0,19256400.0,0.01955809186,-19256400.0,连续三个交易日内，涨幅偏离值累计达到20%的证券,000048,京基智农
3,机构专用,25885274.0,0.026290821062,19109396.0,0.019408784734,6775878.0,连续三个交易日内，涨幅偏离值累计达到20%的证券,000048,京基智农
4,华福证券股份有限公司南安成功街证券营业部,0.0,0.0,14807815.0,0.015039810453,-14807815.0,连续三个交易日内，涨幅偏离值累计达到20%的证券,000048,京基智农
5,机构专用,11185949.0,0.011361200332,13455216.0,0.013666020155,-2269267.0,连续三个交易日内，涨幅偏离值累计达到20%的证券,000048,京基智农
1,机构专用,12705126.0,0.017910504469,51936601.0,0.073215387579,-39231475.0,日振幅值达到15%的前5只证券,000509,华塑控股
2,机构专用,12704253.0,0.017909273795,24747407.0,0.034886591733,-12043154.0,日振幅值达到15%的前5只证券,000509,华塑控股
3,东方财富证券股份有限公司拉萨团结路第一证券营业部,8408038.0,0.011852869635,3985010.0,0.005617696307,4423028.0,日振幅值达到15%的前5只证券,000509,华塑控股
4,金元证券股份有限公司深圳深南大道证券营业部,8041175.0,0.011335700313,13320.0,1.8777297e-05,8027855.0,日振幅值达到15%的前5只证券,000509,华塑控股
5,中信证券(山东)有限责任公司胶州湖州路证券营业部,7339819.0,0.010346993883,21607.0,3.0459538e-05,7318212.0,日振幅值达到15%的前5只证券,000509,华塑控股
6,机构专用,12705126.0,0.017910504469,51936601.0,0.073215387579,-39231475.0,日跌幅偏离值达到7%的前5只证券,000509,华塑控股
7,机构专用,12704253.0,0.017909273795,24747407.0,0.034886591733,-12043154.0,日跌幅偏离值达到7%的前5只证券,000509,华塑控股
8,东方财富证券股份有限公司拉萨团结路第一证券营业部,8408038.0,0.011852869635,3985010.0,0.005617696307,4423028.0,日跌幅偏离值达到7%的前5只证券,000509,华塑控股
9,金元证券股份有限公司深圳深南大道证券营业部,8041175.0,0.011335700313,13320.0,1.8777297e-05,8027855.0,日跌幅偏离值达到7%的前5只证券,000509,华塑控股
10,中信证券(山东)有限责任公司胶州湖州路证券营业部,7339819.0,0.010346993883,21607.0,3.0459538e-05,7318212.0,日跌幅偏离值达到7%的前5只证券,000509,华塑控股
1,机构专用,12705126.0,0.017910504469,51936601.0,0.073215387579,-39231475.0,日振幅值达到15%的前5只证券,000509,华塑控股
2,国新证券股份有限公司北京分公司,12754.0,1.7979402e-05,26111497.0,0.036809558891,-26098743.0,日振幅值达到15%的前5只证券,000509,华塑控股
3,机构专用,12704253.0,0.017909273795,24747407.0,0.034886591733,-12043154.0,日振幅值达到15%的前5只证券,000509,华塑控股
4,机构专用,2254419.0,0.003178070141,21432496.0,0.030213538645,-19178077.0,日振幅值达到15%的前5只证券,000509,华塑控股
5,机构专用,4533361.0,0.006390710525,20744178.0,0.029243211974,-16210817.0,日振幅值达到15%的前5只证券,000509,华塑控股
6,机构专用,12705126.0,0.017910504469,51936601.0,0.073215387579,-39231475.0,日跌幅偏离值达到7%的前5只证券,000509,华塑控股
7,国新证券股份有限公司北京分公司,12754.0,1.7979402e-05,26111497.0,0.036809558891,-26098743.0,日跌幅偏离值达到7%的前5只证券,000509,华塑控股
8,机构专用,12704253.0,0.017909273795,24747407.0,0.034886591733,-12043154.0,日跌幅偏离值达到7%的前5只证券,000509,华塑控股
9,机构专用,2254419.0,0.003178070141,21432496.0,0.030213538645,-19178077.0,日跌幅偏离值达到7%的前5只证券,000509,华塑控股
10,机构专用,4533361.0,0.006390710525,20744178.0,0.029243211974,-16210817.0,日跌幅偏离值达到7%的前5只证券,000509,华塑控股
1,机构专用,12705126.0,0.017910504469,51936601.0,0.073215387579,-39231475.0,日振幅值达到15%的前5只证券,000509,华塑控股
2,机构专用,12704253.0,0.017909273795,24747407.0,0.034886591733,-12043154.0,日振幅值达到15%的前5只证券,000509,华塑控股
3,东方财富证券股份有限公司拉萨团结路第一证券营业部,8408038.0,0.011852869635,3985010.0,0.005617696307,4423028.0,日振幅值达到15%的前5只证券,000509,华塑控股
4,金元证券股份有限公司深圳深南大道证券营业部,8041175.0,0.011335700313,13320.0,1.8777297e-05,8027855.0,日振幅值达到15%的前5只证券,000509,华塑控股
5,中信证券(山东)有限责任公司胶州湖州路证券营业部,7339819.0,0.010346993883,21607.0,3.0459538e-05,7318212.0,日振幅值达到15%的前5只证券,000509,华塑控股
6,机构专用,12705126.0,0.017910504469,51936601.0,0.073215387579,-39231475.0,日跌幅偏离值达到7%的前5只证券,000509,华塑控股
7,机构专用,12704253.0,0.017909273795,24747407.0,0.034886591733,-12043154.0,日跌幅偏离值达到7%的前5只证券,000509,华塑控股
8,东方财富证券股份有限公司拉萨团结路第一证券营业部,8408038.0,0.011852869635,3985010.0,0.005617696307,4423028.0,日跌幅偏离值达到7%的前5只证券,000509,华塑控股
9,金元证券股份有限公司深圳深南大道证券营业部,8041175.0,0.011335700313,13320.0,1.8777297e-05,8027855.0,日跌幅偏离值达到7%的前5只证券,000509,华塑控股
10,中信证券(山东)有限责任公司胶州湖州路证券营业部,7339819.0,0.010346993883,21607.0,3.0459538e-05,7318212.0,日跌幅偏离值达到7%的前5只证券,000509,华塑控股
1,机构专用,12705126.0,0.017910504469,51936601.0,0.073215387579,-39231475.0,日振幅值达到15%的前5只证券,000509,华塑控股
2,国新证券股份有限公司北京分公司,12754.0,1.7979402e-05,26111497.0,0.036809558891,-26098743.0,日振幅值达到15%的前5只证券,000509,华塑控股
3,机构专用,12704253.0,0.017909273795,24747407.0,0.034886591733,-12043154.0,日振幅值达到15%的前5只证券,000509,华塑控股
4,机构专用,2254419.0,0.003178070141,21432496.0,0.030213538645,-19178077.0,日振幅值达到15%的前5只证券,000509,华塑控股
5,机构专用,4533361.0,0.006390710525,20744178.0,0.029243211974,-16210817.0,日振幅值达到15%的前5只证券,000509,华塑控股
6,机构专用,12705126.0,0.017910504469,51936601.0,0.073215387579,-39231475.0,日跌幅偏离值达到7%的前5只证券,000509,华塑控股
7,国新证券股份有限公司北京分公司,12754.0,1.7979402e-05,26111497.0,0.036809558891,-26098743.0,日跌幅偏离值达到7%的前5只证券,000509,华塑控股
8,机构专用,12704253.0,0.017909273795,24747407.0,0.034886591733,-12043154.0,日跌幅偏离值达到7%的前5只证券,000509,华塑控股
9,机构专用,2254419.0,0.003178070141,21432496.0,0.030213538645,-19178077.0,日跌幅偏离值达到7%的前5只证券,000509,华塑控股
10,机构专用,4533361.0,0.006390710525,20744178.0,0.029243211974,-16210817.0,日跌幅偏离值达到7%的前5只证券,000509,华塑控股
1,深股通专用,93942760.27,0.104074414975,104913947.0,0.116228835787,-10971186.73,日跌幅偏离值达到7%的前5只证券,000534,万泽股份
2,机构专用,16728934.0,0.018533136712,21126166.0,0.023404606814,-4397232.0,日跌幅偏离值达到7%的前5只证券,000534,万泽股份
3,机构专用,15481030.0,0.017150647222,12711287.0,0.014082189562,2769743.0,日跌幅偏离值达到7%的前5只证券,000534,万泽股份
4,机构专用,12757085.0,0.014132926841,0.0,0.0,12757085.0,日跌幅偏离值达到7%的前5只证券,000534,万泽股份
5,中国国际金融股份有限公司上海分公司,12506744.0,0.013855586756,4554386.0,0.00504557304,7952358.0,日跌幅偏离值达到7%的前5只证券,000534,万泽股份
1,深股通专用,93942760.27,0.104074414975,104913947.0,0.116228835787,-10971186.73,日跌幅偏离值达到7%的前5只证券,000534,万泽股份
2,机构专用,0.0,0.0,35149602.0,0.03894045964,-35149602.0,日跌幅偏离值达到7%的前5只证券,000534,万泽股份
3,机构专用,9634362.0,0.010673420559,23775091.62,0.026339217032,-14140729.62,日跌幅偏离值达到7%的前5只证券,000534,万泽股份
4,机构专用,16728934.0,0.018533136712,21126166.0,0.023404606814,-4397232.0,日跌幅偏离值达到7%的前5只证券,000534,万泽股份
5,机构专用,0.0,0.0,14441178.0,0.015998647981,-14441178.0,日跌幅偏离值达到7%的前5只证券,000534,万泽股份
1,机构专用,25766536.0,0.031478072389,33081032.52,0.040413935982,-7314496.52,日振幅值达到15%的前5只证券,000608,阳光股份
2,机构专用,21710973.6,0.026523534193,16128341.32,0.019703428338,5582632.28,日振幅值达到15%的前5只证券,000608,阳光股份
3,机构专用,19512255.8,0.023837437852,13211576.16,0.016140118747,6300679.64,日振幅值达到15%的前5只证券,000608,阳光股份
4,广发证券股份有限公司佛山顺德诚德路证券营业部,19066424.0,0.023292780794,403537.0,0.000492986985,18662887.0,日振幅值达到15%的前5只证券,000608,阳光股份
5,机构专用,17183964.0,0.020993045504,8491347.0,0.010373580506,8692617.0,日振幅值达到15%的前5只证券,000608,阳光股份
6,机构专用,73786068.7,0.038056713664,73640172.88,0.037981464833,145895.82,连续三个交易日内，涨幅偏离值累计达到20%的证券,000608,阳光股份
7,机构专用,46234610.2,0.023846470652,37549036.32,0.019366703617,8685573.88,连续三个交易日内，涨幅偏离值累计达到20%的证券,000608,阳光股份
8,华泰证券股份有限公司南京宁双路证券营业部,42757399.9,0.022053026455,399969.0,0.000206292407,42357430.9,连续三个交易日内，涨幅偏离值累计达到20%的证券,000608,阳光股份
9,机构专用,38016605.8,0.019607862391,32045820.76,0.016528304683,5970785.04,连续三个交易日内，涨幅偏离值累计达到20%的证券,000608,阳光股份
10,机构专用,29480059.8,0.015204959613,24489039.0,0.012630735877,4991020.8,连续三个交易日内，涨幅偏离值累计达到20%的证券,000608,阳光股份
1,机构专用,25766536.0,0.031478072389,33081032.52,0.040413935982,-7314496.52,日振幅值达到15%的前5只证券,000608,阳光股份
2,平安证券股份有限公司四川分公司,340666.0,0.000416179692,19598512.0,0.023942814023,-19257846.0,日振幅值达到15%的前5只证券,000608,阳光股份
3,机构专用,21710973.6,0.026523534193,16128341.32,0.019703428338,5582632.28,日振幅值达到15%的前5只证券,000608,阳光股份
4,华泰证券股份有限公司北京月坛南街证券营业部,14197427.0,0.017344498106,14632446.0,0.017875945545,-435019.0,日振幅值达到15%的前5只证券,000608,阳光股份
5,机构专用,19512255.8,0.023837437852,13211576.16,0.016140118747,6300679.64,日振幅值达到15%的前5只证券,000608,阳光股份
6,机构专用,73786068.7,0.038056713664,73640172.88,0.037981464833,145895.82,连续三个交易日内，涨幅偏离值累计达到20%的证券,000608,阳光股份
7,机构专用,46234610.2,0.023846470652,37549036.32,0.019366703617,8685573.88,连续三个交易日内，涨幅偏离值累计达到20%的证券,000608,阳光股份
8,华泰证券股份有限公司北京月坛南街证券营业部,24817477.0,0.012800134669,32340202.2,0.016680138089,-7522725.2,连续三个交易日内，涨幅偏离值累计达到20%的证券,000608,阳光股份
9,机构专用,38016605.8,0.019607862391,32045820.76,0.016528304683,5970785.04,连续三个交易日内，涨幅偏离值累计达到20%的证券,000608,阳光股份
10,国联民生证券股份有限公司无锡东亭中路证券营业部,27842105.0,0.014360150045,28347194.82,0.014620660722,-505089.82,连续三个交易日内，涨幅偏离值累计达到20%的证券,000608,阳光股份
1,机构专用,25766536.0,0.031478072389,33081032.52,0.040413935982,-7314496.52,日振幅值达到15%的前5只证券,000608,阳光股份
2,机构专用,21710973.6,0.026523534193,16128341.32,0.019703428338,5582632.28,日振幅值达到15%的前5只证券,000608,阳光股份
3,机构专用,19512255.8,0.023837437852,13211576.16,0.016140118747,6300679.64,日振幅值达到15%的前5只证券,000608,阳光股份
4,广发证券股份有限公司佛山顺德诚德路证券营业部,19066424.0,0.023292780794,403537.0,0.000492986985,18662887.0,日振幅值达到15%的前5只证券,000608,阳光股份
5,机构专用,17183964.0,0.020993045504,8491347.0,0.010373580506,8692617.0,日振幅值达到15%的前5只证券,000608,阳光股份
6,机构专用,73786068.7,0.038056713664,73640172.88,0.037981464833,145895.82,连续三个交易日内，涨幅偏离值累计达到20%的证券,000608,阳光股份
7,机构专用,46234610.2,0.023846470652,37549036.32,0.019366703617,8685573.88,连续三个交易日内，涨幅偏离值累计达到20%的证券,000608,阳光股份
8,华泰证券股份有限公司南京宁双路证券营业部,42757399.9,0.022053026455,399969.0,0.000206292407,42357430.9,连续三个交易日内，涨幅偏离值累计达到20%的证券,000608,阳光股份
9,机构专用,38016605.8,0.019607862391,32045820.76,0.016528304683,5970785.04,连续三个交易日内，涨幅偏离值累计达到20%的证券,000608,阳光股份
10,机构专用,29480059.8,0.015204959613,24489039.0,0.012630735877,4991020.8,连续三个交易日内，涨幅偏离值累计达到20%的证券,000608,阳光股份
1,机构专用,25766536.0,0.031478072389,33081032.52,0.040413935982,-7314496.52,日振幅值达到15%的前5只证券,000608,阳光股份
2,平安证券股份有限公司四川分公司,340666.0,0.000416179692,19598512.0,0.023942814023,-19257846.0,日振幅值达到15%的前5只证券,000608,阳光股份
3,机构专用,21710973.6,0.026523534193,16128341.32,0.019703428338,5582632.28,日振幅值达到15%的前5只证券,000608,阳光股份
4,华泰证券股份有限公司北京月坛南街证券营业部,14197427.0,0.017344498106,14632446.0,0.017875945545,-435019.0,日振幅值达到15%的前5只证券,000608,阳光股份
5,机构专用,19512255.8,0.023837437852,13211576.16,0.016140118747,6300679.64,日振幅值达到15%的前5只证券,000608,阳光股份
6,机构专用,73786068.7,0.038056713664,73640172.88,0.037981464833,145895.82,连续三个交易日内，涨幅偏离值累计达到20%的证券,000608,阳光股份
7,机构专用,46234610.2,0.023846470652,37549036.32,0.019366703617,8685573.88,连续三个交易日内，涨幅偏离值累计达到20%的证券,000608,阳光股份
8,华泰证券股份有限公司北京月坛南街证券营业部,24817477.0,0.012800134669,32340202.2,0.016680138089,-7522725.2,连续三个交易日内，涨幅偏离值累计达到20%的证券,000608,阳光股份
9,机构专用,38016605.8,0.019607862391,32045820.76,0.016528304683,5970785.04,连续三个交易日内，涨幅偏离值累计达到20%的证券,000608,阳光股份
10,国联民生证券股份有限公司无锡东亭中路证券营业部,27842105.0,0.014360150045,28347194.82,0.014620660722,-505089.82,连续三个交易日内，涨幅偏离值累计达到20%的证券,000608,阳光股份
1,深股通专用,176342875.51,0.040400992319,212599194.39,0.048707487585,-36256318.88,连续三个交易日内，涨幅偏离值累计达到20%的证券,000833,粤桂股份
2,开源证券股份有限公司西安太华路证券营业部,61997824.0,0.01420399664,63225043.0,0.014485158355,-1227219.0,连续三个交易日内，涨幅偏离值累计达到20%的证券,000833,粤桂股份
3,机构专用,58386114.0,0.013376536684,53455669.07,0.012246948278,4930444.93,连续三个交易日内，涨幅偏离值累计达到20%的证券,000833,粤桂股份
4,机构专用,54916967.4,0.012581738682,72044153.16,0.016505658479,-17127185.76,连续三个交易日内，涨幅偏离值累计达到20%的证券,000833,粤桂股份
5,华鑫证券有限责任公司上海陆家嘴证券营业部,43706516.0,0.010013370895,43921419.8,0.010062606379,-214903.8,连续三个交易日内，涨幅偏离值累计达到20%的证券,000833,粤桂股份
1,深股通专用,176342875.51,0.040400992319,212599194.39,0.048707487585,-36256318.88,连续三个交易日内，涨幅偏离值累计达到20%的证券,000833,粤桂股份
2,机构专用,54916967.4,0.012581738682,72044153.16,0.016505658479,-17127185.76,连续三个交易日内，涨幅偏离值累计达到20%的证券,000833,粤桂股份
3,开源证券股份有限公司西安太华路证券营业部,61997824.0,0.01420399664,63225043.0,0.014485158355,-1227219.0,连续三个交易日内，涨幅偏离值累计达到20%的证券,000833,粤桂股份
4,机构专用,37311469.0,0.008548235182,62925953.3,0.014416635481,-25614484.3,连续三个交易日内，涨幅偏离值累计达到20%的证券,000833,粤桂股份
5,机构专用,58386114.0,0.013376536684,53455669.07,0.012246948278,4930444.93,连续三个交易日内，涨幅偏离值累计达到20%的证券,000833,粤桂股份
1,深股通专用,189095960.53,0.079235054814,82879748.64,0.034728300954,106216211.89,日涨幅偏离值达到7%的前5只证券,000970,中科三环
2,开源证券股份有限公司西安太华路证券营业部,105586536.0,0.044242906851,1399.0,5.86209e-07,105585137.0,日涨幅偏离值达到7%的前5只证券,000970,中科三环
3,国泰海通证券股份有限公司湛江万豪世家证券营业部,89930212.0,0.037682588551,72080.0,3.0202987e-05,89858132.0,日涨幅偏离值达到7%的前5只证券,000970,中科三环
4,中信建投证券股份有限公司杭州庆春路证券营业部,72397167.0,0.030335885968,536841.0,0.000224947302,71860326.0,日涨幅偏离值达到7%的前5只证券,000970,中科三环
5,国泰海通证券股份有限公司南京太平南路证券营业部,49099633.0,0.020573745209,2375315.0,0.000995305313,46724318.0,日涨幅偏离值达到7%的前5只证券,000970,中科三环
1,深股通专用,189095960.53,0.079235054814,82879748.64,0.034728300954,106216211.89,日涨幅偏离值达到7%的前5只证券,000970,中科三环
2,浙商证券股份有限公司杭州五星路证券营业部,0.0,0.0,59178013.75,0.024796791799,-59178013.75,日涨幅偏离值达到7%的前5只证券,000970,中科三环
3,山西证券股份有限公司陕西分公司,1410.0,5.90819e-07,37873635.0,0.015869823643,-37872225.0,日涨幅偏离值达到7%的前5只证券,000970,中科三环
4,国投证券股份有限公司深圳红荔西路证券营业部,475325.0,0.000199170846,29266114.8,0.01226309755,-28790789.8,日涨幅偏离值达到7%的前5只证券,000970,中科三环
5,机构专用,44984699.63,0.018849504405,25460685.0,0.010668545039,19524014.63,日涨幅偏离值达到7%的前5只证券,000970,中科三环
1,平安证券股份有限公司深圳深南东路罗湖商务中心证券营业部,50365750.0,0.022843467022,39535917.0,0.017931578824,10829833.0,日跌幅偏离值达到7%的前5只证券,002015,协鑫能科
2,深股通专用,36687923.43,0.016639866754,129594643.0,0.058777859032,-92906719.57,日跌幅偏离值达到7%的前5只证券,002015,协鑫能科
3,东方财富证券股份有限公司拉萨东城区江苏大道证券营业部,14252557.0,0.00646427018,13804341.0,0.006260981091,448216.0,日跌幅偏离值达到7%的前5只证券,002015,协鑫能科
4,东方财富证券股份有限公司拉萨金融城南环路证券营业部,14214220.0,0.006446882372,10699317.0,0.004852692456,3514903.0,日跌幅偏离值达到7%的前5只证券,002015,协鑫能科
5,东方财富证券股份有限公司拉萨团结路第一证券营业部,14021295.42,0.006359381118,12968318.71,0.005881801835,1052976.71,日跌幅偏离值达到7%的前5只证券,002015,协鑫能科
1,深股通专用,36687923.43,0.016639866754,129594643.0,0.058777859032,-92906719.57,日跌幅偏离值达到7%的前5只证券,002015,协鑫能科
2,平安证券股份有限公司深圳深南东路罗湖商务中心证券营业部,50365750.0,0.022843467022,39535917.0,0.017931578824,10829833.0,日跌幅偏离值达到7%的前5只证券,002015,协鑫能科
3,机构专用,12043350.0,0.005462280787,28042452.43,0.012718699459,-15999102.43,日跌幅偏离值达到7%的前5只证券,002015,协鑫能科
4,机构专用,4411891.0,0.002001020268,23565469.0,0.010688156415,-19153578.0,日跌幅偏离值达到7%的前5只证券,002015,协鑫能科
5,中信证券股份有限公司浙江分公司,9445195.0,0.004283883403,17370737.0,0.00787852574,-7925542.0,日跌幅偏离值达到7%的前5只证券,002015,协鑫能科
1,开源证券股份有限公司西安太华路证券营业部,38612287.22,0.024861067538,0.0,0.0,38612287.22,日换手率达到20%的前5只证券,002137,实益达
2,深股通专用,26204079.96,0.016871867702,65565886.0,0.042215523538,-39361806.04,日换手率达到20%的前5只证券,002137,实益达
3,东方财富证券股份有限公司拉萨金融城南环路证券营业部,17497914.0,0.011266279546,8041444.0,0.005177597516,9456470.0,日换手率达到20%的前5只证券,002137,实益达
4,东方财富证券股份有限公司拉萨东环路第二证券营业部,15733054.0,0.01012994946,5031652.0,0.003239700344,10701402.0,日换手率达到20%的前5只证券,002137,实益达
5,东方财富证券股份有限公司拉萨团结路第二证券营业部,12612689.0,0.008120858298,5444498.0,0.003505517084,7168191.0,日换手率达到20%的前5只证券,002137,实益达
1,深股通专用,26204079.96,0.016871867702,65565886.0,0.042215523538,-39361806.04,日换手率达到20%的前5只证券,002137,实益达
2,机构专用,12011717.92,0.007733914563,49538512.32,0.031896072188,-37526794.4,日换手率达到20%的前5只证券,002137,实益达
3,机构专用,6783784.0,0.004367835327,43699765.0,0.0281367121,-36915981.0,日换手率达到20%的前5只证券,002137,实益达
4,机构专用,5194207.0,0.003344363681,25381176.0,0.016342029342,-20186969.0,日换手率达到20%的前5只证券,002137,实益达
5,中国国际金融股份有限公司上海分公司,5021701.0,0.003233293252,24259114.0,0.015619573845,-19237413.0,日换手率达到20%的前5只证券,002137,实益达
1,深股通专用,167922580.42,0.056107013268,20011741.0,0.00668640879,147910839.42,日涨幅偏离值达到7%的前5只证券,002354,天娱数科
2,机构专用,61909533.73,0.020685479116,15887574.0,0.005308424412,46021959.73,日涨幅偏离值达到7%的前5只证券,002354,天娱数科
3,东亚前海证券有限责任公司深圳分公司,37527612.89,0.012538887082,589926.0,0.000197108607,36937686.89,日涨幅偏离值达到7%的前5只证券,002354,天娱数科
4,国金证券股份有限公司深圳分公司,30070433.0,0.010047262132,14694346.0,0.004909737951,15376087.0,日涨幅偏离值达到7%的前5只证券,002354,天娱数科
5,华泰证券股份有限公司辽宁分公司,29896556.05,0.009989165619,8933475.0,0.002984891008,20963081.05,日涨幅偏离值达到7%的前5只证券,002354,天娱数科
6,深股通专用,275988121.42,0.040691540478,129660064.0,0.019117010237,146328057.42,连续三个交易日内，涨幅偏离值累计达到20%的证券,002354,天娱数科
7,机构专用,129185286.93,0.019047009361,24596554.0,0.003626502719,104588732.93,连续三个交易日内，涨幅偏离值累计达到20%的证券,002354,天娱数科
8,平安证券股份有限公司杭州曙光路证券营业部,60672703.75,0.008945550873,39929598.1,0.005887198511,20743105.65,连续三个交易日内，涨幅偏离值累计达到20%的证券,002354,天娱数科
9,国新证券股份有限公司北京分公司,59420482.0,0.00876092397,41194281.0,0.006073662678,18226201.0,连续三个交易日内，涨幅偏离值累计达到20%的证券,002354,天娱数科
10,国投证券股份有限公司深圳红荔西路证券营业部,54452505.0,0.008028448108,28216489.0,0.004160223992,26236016.0,连续三个交易日内，涨幅偏离值累计达到20%的证券,002354,天娱数科
1,太平洋证券股份有限公司北京西直门外大街证券营业部,289833.0,9.6840246e-05,75353221.0,0.025177341605,-75063388.0,日涨幅偏离值达到7%的前5只证券,002354,天娱数科
2,国新证券股份有限公司北京分公司,8870.0,2.963682e-06,41191121.0,0.013762954135,-41182251.0,日涨幅偏离值达到7%的前5只证券,002354,天娱数科
3,东方财富证券股份有限公司拉萨东环路第二证券营业部,20627657.0,0.006892201288,28428296.0,0.009498584269,-7800639.0,日涨幅偏离值达到7%的前5只证券,002354,天娱数科
4,国投证券股份有限公司深圳红荔西路证券营业部,28137575.0,0.009401447321,28091015.0,0.009385890494,46560.0,日涨幅偏离值达到7%的前5只证券,002354,天娱数科
5,平安证券股份有限公司杭州曙光路证券营业部,29104418.75,0.009724493304,27784655.1,0.00928352821,1319763.65,日涨幅偏离值达到7%的前5只证券,002354,天娱数科
6,太平洋证券股份有限公司北京西直门外大街证券营业部,1284671.0,0.000189411203,261328470.0,0.038530129341,-260043799.0,连续三个交易日内，涨幅偏离值累计达到20%的证券,002354,天娱数科
7,深股通专用,275988121.42,0.040691540478,129660064.0,0.019117010237,146328057.42,连续三个交易日内，涨幅偏离值累计达到20%的证券,002354,天娱数科
8,东方财富证券股份有限公司拉萨东环路第二证券营业部,45047999.0,0.006641852792,57131142.0,0.00842338491,-12083143.0,连续三个交易日内，涨幅偏离值累计达到20%的证券,002354,天娱数科
9,东方财富证券股份有限公司拉萨金融城南环路证券营业部,49333048.94,0.007273638255,45204177.78,0.006664879707,4128871.16,连续三个交易日内，涨幅偏离值累计达到20%的证券,002354,天娱数科
10,国新证券股份有限公司北京分公司,59420482.0,0.00876092397,41194281.0,0.006073662678,18226201.0,连续三个交易日内，涨幅偏离值累计达到20%的证券,002354,天娱数科
1,深股通专用,167922580.42,0.056107013268,20011741.0,0.00668640879,147910839.42,日涨幅偏离值达到7%的前5只证券,002354,天娱数科
2,机构专用,61909533.73,0.020685479116,15887574.0,0.005308424412,46021959.73,日涨幅偏离值达到7%的前5只证券,002354,天娱数科
3,东亚前海证券有限责任公司深圳分公司,37527612.89,0.012538887082,589926.0,0.000197108607,36937686.89,日涨幅偏离值达到7%的前5只证券,002354,天娱数科
4,国金证券股份有限公司深圳分公司,30070433.0,0.010047262132,14694346.0,0.004909737951,15376087.0,日涨幅偏离值达到7%的前5只证券,002354,天娱数科
5,华泰证券股份有限公司辽宁分公司,29896556.05,0.009989165619,8933475.0,0.002984891008,20963081.05,日涨幅偏离值达到7%的前5只证券,002354,天娱数科
6,深股通专用,275988121.42,0.040691540478,129660064.0,0.019117010237,146328057.42,连续三个交易日内，涨幅偏离值累计达到20%的证券,002354,天娱数科
7,机构专用,129185286.93,0.019047009361,24596554.0,0.003626502719,104588732.93,连续三个交易日内，涨幅偏离值累计达到20%的证券,002354,天娱数科
8,平安证券股份有限公司杭州曙光路证券营业部,60672703.75,0.008945550873,39929598.1,0.005887198511,20743105.65,连续三个交易日内，涨幅偏离值累计达到20%的证券,002354,天娱数科
9,国新证券股份有限公司北京分公司,59420482.0,0.00876092397,41194281.0,0.006073662678,18226201.0,连续三个交易日内，涨幅偏离值累计达到20%的证券,002354,天娱数科
10,国投证券股份有限公司深圳红荔西路证券营业部,54452505.0,0.008028448108,28216489.0,0.004160223992,26236016.0,连续三个交易日内，涨幅偏离值累计达到20%的证券,002354,天娱数科
1,太平洋证券股份有限公司北京西直门外大街证券营业部,289833.0,9.6840246e-05,75353221.0,0.025177341605,-75063388.0,日涨幅偏离值达到7%的前5只证券,002354,天娱数科
2,国新证券股份有限公司北京分公司,8870.0,2.963682e-06,41191121.0,0.013762954135,-41182251.0,日涨幅偏离值达到7%的前5只证券,002354,天娱数科
3,东方财富证券股份有限公司拉萨东环路第二证券营业部,20627657.0,0.006892201288,28428296.0,0.009498584269,-7800639.0,日涨幅偏离值达到7%的前5只证券,002354,天娱数科
4,国投证券股份有限公司深圳红荔西路证券营业部,28137575.0,0.009401447321,28091015.0,0.009385890494,46560.0,日涨幅偏离值达到7%的前5只证券,002354,天娱数科
5,平安证券股份有限公司杭州曙光路证券营业部,29104418.75,0.009724493304,27784655.1,0.00928352821,1319763.65,日涨幅偏离值达到7%的前5只证券,002354,天娱数科
6,太平洋证券股份有限公司北京西直门外大街证券营业部,1284671.0,0.000189411203,261328470.0,0.038530129341,-260043799.0,连续三个交易日内，涨幅偏离值累计达到20%的证券,002354,天娱数科
7,深股通专用,275988121.42,0.040691540478,129660064.0,0.019117010237,146328057.42,连续三个交易日内，涨幅偏离值累计达到20%的证券,002354,天娱数科
8,东方财富证券股份有限公司拉萨东环路第二证券营业部,45047999.0,0.006641852792,57131142.0,0.00842338491,-12083143.0,连续三个交易日内，涨幅偏离值累计达到20%的证券,002354,天娱数科
9,东方财富证券股份有限公司拉萨金融城南环路证券营业部,49333048.94,0.007273638255,45204177.78,0.006664879707,4128871.16,连续三个交易日内，涨幅偏离值累计达到20%的证券,002354,天娱数科
10,国新证券股份有限公司北京分公司,59420482.0,0.00876092397,41194281.0,0.006073662678,18226201.0,连续三个交易日内，涨幅偏离值累计达到20%的证券,002354,天娱数科
1,华泰证券股份有限公司苏州吴中大道证券营业部,176332363.22,0.027251302975,137802.0,2.1296624e-05,176194561.22,日换手率达到20%的前5只证券,002361,神剑股份
2,国信证券股份有限公司浙江互联网分公司,95636463.48,0.014780146957,70157308.35,0.010842468341,25479155.13,日换手率达到20%的前5只证券,002361,神剑股份
3,东方财富证券股份有限公司拉萨东环路第二证券营业部,74195242.85,0.011466511339,67609536.0,0.010448722605,6585706.85,日换手率达到20%的前5只证券,002361,神剑股份
4,深股通专用,69722093.0,0.010775207941,308258501.03,0.047639841336,-238536408.03,日换手率达到20%的前5只证券,002361,神剑股份
5,东方财富证券股份有限公司拉萨金融城南环路证券营业部,65895011.75,0.010183751281,46148159.36,0.007131971973,19746852.39,日换手率达到20%的前5只证券,002361,神剑股份
1,深股通专用,69722093.0,0.010775207941,308258501.03,0.047639841336,-238536408.03,日换手率达到20%的前5只证券,002361,神剑股份
2,机构专用,29369705.11,0.004538944058,133599013.34,0.02064707308,-104229308.23,日换手率达到20%的前5只证券,002361,神剑股份
3,机构专用,15309336.0,0.002365982886,103890829.94,0.01605581886,-88581493.94,日换手率达到20%的前5只证券,002361,神剑股份
4,招商证券股份有限公司深圳益田路免税商务大厦证券营业部,8310646.0,0.00128436963,70471320.88,0.01089099744,-62160674.88,日换手率达到20%的前5只证券,002361,神剑股份
5,国信证券股份有限公司浙江互联网分公司,95636463.48,0.014780146957,70157308.35,0.010842468341,25479155.13,日换手率达到20%的前5只证券,002361,神剑股份
1,深股通专用,161930233.06,0.041316484887,68347745.0,0.017438921194,93582488.06,日涨幅偏离值达到7%的前5只证券,002409,雅克科技
2,国盛证券股份有限公司杭州建设三路证券营业部,122586090.0,0.031277830206,85785.0,2.1888035e-05,122500305.0,日涨幅偏离值达到7%的前5只证券,002409,雅克科技
3,国泰海通证券股份有限公司上海长宁区江苏路证券营业部,116049961.36,0.029610137551,5185755.32,0.001323145019,110864206.04,日涨幅偏离值达到7%的前5只证券,002409,雅克科技
4,机构专用,52785073.31,0.013468106866,60285271.0,0.015381781654,-7500197.69,日涨幅偏离值达到7%的前5只证券,002409,雅克科技
5,机构专用,47065012.33,0.012008633804,29715325.0,0.00758186259,17349687.33,日涨幅偏离值达到7%的前5只证券,002409,雅克科技
1,深股通专用,161930233.06,0.041316484887,68347745.0,0.017438921194,93582488.06,日涨幅偏离值达到7%的前5只证券,002409,雅克科技
2,机构专用,52785073.31,0.013468106866,60285271.0,0.015381781654,-7500197.69,日涨幅偏离值达到7%的前5只证券,002409,雅克科技
3,中泰证券股份有限公司天津红旗路证券营业部,21476.0,5.4796e-06,58474797.0,0.014919839371,-58453321.0,日涨幅偏离值达到7%的前5只证券,002409,雅克科技
4,国泰海通证券股份有限公司上海浦东新区陆家嘴东路证券营业部,7963679.45,0.002031932119,43926857.0,0.011207933744,-35963177.55,日涨幅偏离值达到7%的前5只证券,002409,雅克科技
5,机构专用,682416.0,0.000174118383,35360747.28,0.009022291594,-34678331.28,日涨幅偏离值达到7%的前5只证券,002409,雅克科技
1,深股通专用,86859802.0,0.020950237268,438408078.92,0.105742277351,-351548276.92,日换手率达到20%的前5只证券,002421,达实智能
2,机构专用,66354125.39,0.016004349983,57294304.0,0.013819157254,9059821.39,日换手率达到20%的前5只证券,002421,达实智能
3,国信证券股份有限公司浙江互联网分公司,55276119.96,0.013332379326,41196944.0,0.009936538326,14079175.96,日换手率达到20%的前5只证券,002421,达实智能
4,机构专用,50389457.12,0.012153735769,43546227.0,0.010503176001,6843230.12,日换手率达到20%的前5只证券,002421,达实智能
5,东方财富证券股份有限公司昌都两江大道证券营业部,40077812.0,0.009666608158,26041301.97,0.006281058009,14036510.03,日换手率达到20%的前5只证券,002421,达实智能
1,深股通专用,86859802.0,0.020950237268,438408078.92,0.105742277351,-351548276.92,日换手率达到20%的前5只证券,002421,达实智能
2,招商证券股份有限公司深圳益田路免税商务大厦证券营业部,12124498.0,0.002924380485,63841029.74,0.015398201351,-51716531.74,日换手率达到20%的前5只证券,002421,达实智能
3,机构专用,66354125.39,0.016004349983,57294304.0,0.013819157254,9059821.39,日换手率达到20%的前5只证券,002421,达实智能
4,机构专用,37723345.0,0.009098720123,49271195.94,0.01188401564,-11547850.94,日换手率达到20%的前5只证券,002421,达实智能
5,机构专用,30734750.35,0.00741309901,45672688.16,0.011016069938,-14937937.81,日换手率达到20%的前5只证券,002421,达实智能
1,国泰海通证券股份有限公司湛江万豪世家证券营业部,101236435.0,0.045351081389,891864.0,0.000399530039,100344571.0,日涨幅偏离值达到7%的前5只证券,002585,双星新材
2,深股通专用,100900113.19,0.045200418658,76100008.0,0.034090667619,24800105.19,日涨幅偏离值达到7%的前5只证券,002585,双星新材
3,中信证券股份有限公司西安朱雀大街证券营业部,48486171.0,0.021720443704,18772.0,8.409329e-06,48467399.0,日涨幅偏离值达到7%的前5只证券,002585,双星新材
4,机构专用,46346168.0,0.020761782426,18593223.0,0.008329242032,27752945.0,日涨幅偏离值达到7%的前5只证券,002585,双星新材
5,国泰海通证券股份有限公司武汉紫阳东路证券营业部,39638221.0,0.017756810448,149637.0,6.7033176e-05,39488584.0,日涨幅偏离值达到7%的前5只证券,002585,双星新材
6,深股通专用,186737132.79,0.049986421465,159346956.08,0.042654527178,27390176.71,连续三个交易日内，涨幅偏离值累计达到20%的证券,002585,双星新材
7,国泰海通证券股份有限公司武汉紫阳东路证券营业部,125071682.0,0.033479606955,245051.0,6.5596073e-05,124826631.0,连续三个交易日内，涨幅偏离值累计达到20%的证券,002585,双星新材
8,国泰海通证券股份有限公司湛江万豪世家证券营业部,101309473.0,0.027118859223,934846.0,0.00025024271,100374627.0,连续三个交易日内，涨幅偏离值累计达到20%的证券,002585,双星新材
9,机构专用,83029697.44,0.022225667645,43237809.08,0.011574041625,39791888.36,连续三个交易日内，涨幅偏离值累计达到20%的证券,002585,双星新材
10,国新证券股份有限公司北京分公司,59417540.0,0.015905086217,61721551.0,0.016521831602,-2304011.0,连续三个交易日内，涨幅偏离值累计达到20%的证券,002585,双星新材
1,深股通专用,100900113.19,0.045200418658,76100008.0,0.034090667619,24800105.19,日涨幅偏离值达到7%的前5只证券,002585,双星新材
2,国新证券股份有限公司北京分公司,0.0,0.0,61721551.0,0.027649522455,-61721551.0,日涨幅偏离值达到7%的前5只证券,002585,双星新材
3,长江证券股份有限公司上海分公司,0.0,0.0,43412358.0,0.019447517892,-43412358.0,日涨幅偏离值达到7%的前5只证券,002585,双星新材
4,招商证券股份有限公司深圳科技园高新南一道证券营业部,198722.0,8.9021878e-05,33909997.0,0.015190726875,-33711275.0,日涨幅偏离值达到7%的前5只证券,002585,双星新材
5,中信证券股份有限公司绍兴分公司,10588.0,4.743127e-06,33834504.0,0.015156908129,-33823916.0,日涨幅偏离值达到7%的前5只证券,002585,双星新材
6,深股通专用,186737132.79,0.049986421465,159346956.08,0.042654527178,27390176.71,连续三个交易日内，涨幅偏离值累计达到20%的证券,002585,双星新材
7,国融证券股份有限公司青岛分公司,0.0,0.0,94569071.31,0.025314565911,-94569071.31,连续三个交易日内，涨幅偏离值累计达到20%的证券,002585,双星新材
8,国新证券股份有限公司北京分公司,59417540.0,0.015905086217,61721551.0,0.016521831602,-2304011.0,连续三个交易日内，涨幅偏离值累计达到20%的证券,002585,双星新材
9,长江证券股份有限公司上海分公司,0.0,0.0,43415766.0,0.01162167773,-43415766.0,连续三个交易日内，涨幅偏离值累计达到20%的证券,002585,双星新材
10,机构专用,83029697.44,0.022225667645,43237809.08,0.011574041625,39791888.36,连续三个交易日内，涨幅偏离值累计达到20%的证券,002585,双星新材
1,国泰海通证券股份有限公司湛江万豪世家证券营业部,101236435.0,0.045351081389,891864.0,0.000399530039,100344571.0,日涨幅偏离值达到7%的前5只证券,002585,双星新材
2,深股通专用,100900113.19,0.045200418658,76100008.0,0.034090667619,24800105.19,日涨幅偏离值达到7%的前5只证券,002585,双星新材
3,中信证券股份有限公司西安朱雀大街证券营业部,48486171.0,0.021720443704,18772.0,8.409329e-06,48467399.0,日涨幅偏离值达到7%的前5只证券,002585,双星新材
4,机构专用,46346168.0,0.020761782426,18593223.0,0.008329242032,27752945.0,日涨幅偏离值达到7%的前5只证券,002585,双星新材
5,国泰海通证券股份有限公司武汉紫阳东路证券营业部,39638221.0,0.017756810448,149637.0,6.7033176e-05,39488584.0,日涨幅偏离值达到7%的前5只证券,002585,双星新材
6,深股通专用,186737132.79,0.049986421465,159346956.08,0.042654527178,27390176.71,连续三个交易日内，涨幅偏离值累计达到20%的证券,002585,双星新材
7,国泰海通证券股份有限公司武汉紫阳东路证券营业部,125071682.0,0.033479606955,245051.0,6.5596073e-05,124826631.0,连续三个交易日内，涨幅偏离值累计达到20%的证券,002585,双星新材
8,国泰海通证券股份有限公司湛江万豪世家证券营业部,101309473.0,0.027118859223,934846.0,0.00025024271,100374627.0,连续三个交易日内，涨幅偏离值累计达到20%的证券,002585,双星新材
9,机构专用,83029697.44,0.022225667645,43237809.08,0.011574041625,39791888.36,连续三个交易日内，涨幅偏离值累计达到20%的证券,002585,双星新材
10,国新证券股份有限公司北京分公司,59417540.0,0.015905086217,61721551.0,0.016521831602,-2304011.0,连续三个交易日内，涨幅偏离值累计达到20%的证券,002585,双星新材
1,深股通专用,100900113.19,0.045200418658,76100008.0,0.034090667619,24800105.19,日涨幅偏离值达到7%的前5只证券,002585,双星新材
2,国新证券股份有限公司北京分公司,0.0,0.0,61721551.0,0.027649522455,-61721551.0,日涨幅偏离值达到7%的前5只证券,002585,双星新材
3,长江证券股份有限公司上海分公司,0.0,0.0,43412358.0,0.019447517892,-43412358.0,日涨幅偏离值达到7%的前5只证券,002585,双星新材
4,招商证券股份有限公司深圳科技园高新南一道证券营业部,198722.0,8.9021878e-05,33909997.0,0.015190726875,-33711275.0,日涨幅偏离值达到7%的前5只证券,002585,双星新材
5,中信证券股份有限公司绍兴分公司,10588.0,4.743127e-06,33834504.0,0.015156908129,-33823916.0,日涨幅偏离值达到7%的前5只证券,002585,双星新材
6,深股通专用,186737132.79,0.049986421465,159346956.08,0.042654527178,27390176.71,连续三个交易日内，涨幅偏离值累计达到20%的证券,002585,双星新材
7,国融证券股份有限公司青岛分公司,0.0,0.0,94569071.31,0.025314565911,-94569071.31,连续三个交易日内，涨幅偏离值累计达到20%的证券,002585,双星新材
8,国新证券股份有限公司北京分公司,59417540.0,0.015905086217,61721551.0,0.016521831602,-2304011.0,连续三个交易日内，涨幅偏离值累计达到20%的证券,002585,双星新材
9,长江证券股份有限公司上海分公司,0.0,0.0,43415766.0,0.01162167773,-43415766.0,连续三个交易日内，涨幅偏离值累计达到20%的证券,002585,双星新材
10,机构专用,83029697.44,0.022225667645,43237809.08,0.011574041625,39791888.36,连续三个交易日内，涨幅偏离值累计达到20%的证券,002585,双星新材
1,深股通专用,199036197.0,0.067399278449,133892027.0,0.04533962237,65144170.0,日涨幅偏离值达到7%的前5只证券,002636,金安国纪
2,国泰海通证券股份有限公司武汉紫阳东路证券营业部,92980686.0,0.031485886691,1404189.0,0.000475498059,91576497.0,日涨幅偏离值达到7%的前5只证券,002636,金安国纪
3,机构专用,88237956.8,0.029879864616,19665311.49,0.006659229954,68572645.31,日涨幅偏离值达到7%的前5只证券,002636,金安国纪
4,机构专用,78726539.35,0.02665903,40910454.98,0.013853435648,37816084.37,日涨幅偏离值达到7%的前5只证券,002636,金安国纪
5,东吴证券股份有限公司苏州石路证券营业部,42169720.0,0.014279858354,469870.0,0.000159111254,41699850.0,日涨幅偏离值达到7%的前5只证券,002636,金安国纪
6,深股通专用,280353816.0,0.07080955457,176480655.0,0.044574091229,103873161.0,连续三个交易日内，涨幅偏离值累计达到20%的证券,002636,金安国纪
7,机构专用,96138469.35,0.024281895959,48538143.98,0.012259381391,47600325.37,连续三个交易日内，涨幅偏离值累计达到20%的证券,002636,金安国纪
8,国泰海通证券股份有限公司武汉紫阳东路证券营业部,93029203.0,0.023496581999,1453330.0,0.000367070623,91575873.0,连续三个交易日内，涨幅偏离值累计达到20%的证券,002636,金安国纪
9,机构专用,88369645.8,0.02231970781,24904008.49,0.006290057947,63465637.31,连续三个交易日内，涨幅偏离值累计达到20%的证券,002636,金安国纪
10,浙商证券股份有限公司宁波分公司,82127503.0,0.020743116639,87479466.0,0.022094873221,-5351963.0,连续三个交易日内，涨幅偏离值累计达到20%的证券,002636,金安国纪
1,开源证券股份有限公司西安太华路证券营业部,0.0,0.0,137737922.0,0.046641951051,-137737922.0,日涨幅偏离值达到7%的前5只证券,002636,金安国纪
2,深股通专用,199036197.0,0.067399278449,133892027.0,0.04533962237,65144170.0,日涨幅偏离值达到7%的前5只证券,002636,金安国纪
3,国泰海通证券股份有限公司上海松江区中山东路证券营业部,82467.0,2.7925656e-05,101769730.72,0.034462105496,-101687263.72,日涨幅偏离值达到7%的前5只证券,002636,金安国纪
4,浙商证券股份有限公司宁波分公司,834492.0,0.000282582563,87472428.0,0.029620634941,-86637936.0,日涨幅偏离值达到7%的前5只证券,002636,金安国纪
5,东方证券股份有限公司杭州龙井路证券营业部,0.0,0.0,69809614.0,0.023639507202,-69809614.0,日涨幅偏离值达到7%的前5只证券,002636,金安国纪
6,深股通专用,280353816.0,0.07080955457,176480655.0,0.044574091229,103873161.0,连续三个交易日内，涨幅偏离值累计达到20%的证券,002636,金安国纪
7,开源证券股份有限公司西安太华路证券营业部,0.0,0.0,137737922.0,0.034788757447,-137737922.0,连续三个交易日内，涨幅偏离值累计达到20%的证券,002636,金安国纪
8,国泰海通证券股份有限公司上海松江区中山东路证券营业部,24265035.0,0.006128671065,101910477.72,0.025739744286,-77645442.72,连续三个交易日内，涨幅偏离值累计达到20%的证券,002636,金安国纪
9,浙商证券股份有限公司宁波分公司,82127503.0,0.020743116639,87479466.0,0.022094873221,-5351963.0,连续三个交易日内，涨幅偏离值累计达到20%的证券,002636,金安国纪
10,机构专用,38417302.0,0.009703138988,76861067.0,0.019412961791,-38443765.0,连续三个交易日内，涨幅偏离值累计达到20%的证券,002636,金安国纪
1,深股通专用,199036197.0,0.067399278449,133892027.0,0.04533962237,65144170.0,日涨幅偏离值达到7%的前5只证券,002636,金安国纪
2,国泰海通证券股份有限公司武汉紫阳东路证券营业部,92980686.0,0.031485886691,1404189.0,0.000475498059,91576497.0,日涨幅偏离值达到7%的前5只证券,002636,金安国纪
3,机构专用,88237956.8,0.029879864616,19665311.49,0.006659229954,68572645.31,日涨幅偏离值达到7%的前5只证券,002636,金安国纪
4,机构专用,78726539.35,0.02665903,40910454.98,0.013853435648,37816084.37,日涨幅偏离值达到7%的前5只证券,002636,金安国纪
5,东吴证券股份有限公司苏州石路证券营业部,42169720.0,0.014279858354,469870.0,0.000159111254,41699850.0,日涨幅偏离值达到7%的前5只证券,002636,金安国纪
6,深股通专用,280353816.0,0.07080955457,176480655.0,0.044574091229,103873161.0,连续三个交易日内，涨幅偏离值累计达到20%的证券,002636,金安国纪
7,机构专用,96138469.35,0.024281895959,48538143.98,0.012259381391,47600325.37,连续三个交易日内，涨幅偏离值累计达到20%的证券,002636,金安国纪
8,国泰海通证券股份有限公司武汉紫阳东路证券营业部,93029203.0,0.023496581999,1453330.0,0.000367070623,91575873.0,连续三个交易日内，涨幅偏离值累计达到20%的证券,002636,金安国纪
9,机构专用,88369645.8,0.02231970781,24904008.49,0.006290057947,63465637.31,连续三个交易日内，涨幅偏离值累计达到20%的证券,002636,金安国纪
10,浙商证券股份有限公司宁波分公司,82127503.0,0.020743116639,87479466.0,0.022094873221,-5351963.0,连续三个交易日内，涨幅偏离值累计达到20%的证券,002636,金安国纪
1,开源证券股份有限公司西安太华路证券营业部,0.0,0.0,137737922.0,0.046641951051,-137737922.0,日涨幅偏离值达到7%的前5只证券,002636,金安国纪
2,深股通专用,199036197.0,0.067399278449,133892027.0,0.04533962237,65144170.0,日涨幅偏离值达到7%的前5只证券,002636,金安国纪
3,国泰海通证券股份有限公司上海松江区中山东路证券营业部,82467.0,2.7925656e-05,101769730.72,0.034462105496,-101687263.72,日涨幅偏离值达到7%的前5只证券,002636,金安国纪
4,浙商证券股份有限公司宁波分公司,834492.0,0.000282582563,87472428.0,0.029620634941,-86637936.0,日涨幅偏离值达到7%的前5只证券,002636,金安国纪
5,东方证券股份有限公司杭州龙井路证券营业部,0.0,0.0,69809614.0,0.023639507202,-69809614.0,日涨幅偏离值达到7%的前5只证券,002636,金安国纪
6,深股通专用,280353816.0,0.07080955457,176480655.0,0.044574091229,103873161.0,连续三个交易日内，涨幅偏离值累计达到20%的证券,002636,金安国纪
7,开源证券股份有限公司西安太华路证券营业部,0.0,0.0,137737922.0,0.034788757447,-137737922.0,连续三个交易日内，涨幅偏离值累计达到20%的证券,002636,金安国纪
8,国泰海通证券股份有限公司上海松江区中山东路证券营业部,24265035.0,0.006128671065,101910477.72,0.025739744286,-77645442.72,连续三个交易日内，涨幅偏离值累计达到20%的证券,002636,金安国纪
9,浙商证券股份有限公司宁波分公司,82127503.0,0.020743116639,87479466.0,0.022094873221,-5351963.0,连续三个交易日内，涨幅偏离值累计达到20%的证券,002636,金安国纪
10,机构专用,38417302.0,0.009703138988,76861067.0,0.019412961791,-38443765.0,连续三个交易日内，涨幅偏离值累计达到20%的证券,002636,金安国纪
1,开源证券股份有限公司西安太华路证券营业部,72628788.0,0.05103912437,51158464.0,0.035951077783,21470324.0,日换手率达到20%的前5只证券,002669,康达新材
2,东北证券股份有限公司长春卫星路证券营业部,19628303.0,0.013793585513,43950.0,3.0885405e-05,19584353.0,日换手率达到20%的前5只证券,002669,康达新材
3,机构专用,15045297.0,0.010572925777,20729721.5,0.014567595893,-5684424.5,日换手率达到20%的前5只证券,002669,康达新材
4,方正证券股份有限公司天津五经路证券营业部,15003873.0,0.010543815492,48106.0,3.380599e-05,14955767.0,日换手率达到20%的前5只证券,002669,康达新材
5,机构专用,14548175.0,0.010223578468,9013740.0,0.006334311911,5534435.0,日换手率达到20%的前5只证券,002669,康达新材
6,开源证券股份有限公司西安太华路证券营业部,121326005.0,0.068905154423,51158464.0,0.02905462734,70167541.0,连续三个交易日内，涨幅偏离值累计达到20%的证券,002669,康达新材
7,东亚前海证券有限责任公司苏州分公司,39480849.0,0.0224225136,41424544.0,0.023526403933,-1943695.0,连续三个交易日内，涨幅偏离值累计达到20%的证券,002669,康达新材
8,方正证券股份有限公司上海浦东新区成山路证券营业部,37569356.0,0.021336911874,39561975.0,0.022468587807,-1992619.0,连续三个交易日内，涨幅偏离值累计达到20%的证券,002669,康达新材
9,国泰海通证券股份有限公司上海松江区中山东路证券营业部,21211694.0,0.012046840664,7375666.0,0.004188890953,13836028.0,连续三个交易日内，涨幅偏离值累计达到20%的证券,002669,康达新材
10,东方证券股份有限公司厦门仙岳路证券营业部,19828711.0,0.011261397698,20832829.0,0.011831670377,-1004118.0,连续三个交易日内，涨幅偏离值累计达到20%的证券,002669,康达新材
1,开源证券股份有限公司西安太华路证券营业部,72628788.0,0.05103912437,51158464.0,0.035951077783,21470324.0,日换手率达到20%的前5只证券,002669,康达新材
2,机构专用,5889865.0,0.004139041288,46562412.88,0.032721250724,-40672547.88,日换手率达到20%的前5只证券,002669,康达新材
3,东亚前海证券有限责任公司苏州分公司,3810.0,2.677438e-06,41424544.0,0.029110666878,-41420734.0,日换手率达到20%的前5只证券,002669,康达新材
4,方正证券股份有限公司上海浦东新区成山路证券营业部,0.0,0.0,39561975.0,0.027801765911,-39561975.0,日换手率达到20%的前5只证券,002669,康达新材
5,机构专用,6112749.0,0.004295670698,22872325.0,0.016073288189,-16759576.0,日换手率达到20%的前5只证券,002669,康达新材
6,开源证券股份有限公司西安太华路证券营业部,121326005.0,0.068905154423,51158464.0,0.02905462734,70167541.0,连续三个交易日内，涨幅偏离值累计达到20%的证券,002669,康达新材
7,机构专用,5889865.0,0.003345054157,50156925.88,0.028485819863,-44267060.88,连续三个交易日内，涨幅偏离值累计达到20%的证券,002669,康达新材
8,东亚前海证券有限责任公司苏州分公司,39480849.0,0.0224225136,41424544.0,0.023526403933,-1943695.0,连续三个交易日内，涨幅偏离值累计达到20%的证券,002669,康达新材
9,方正证券股份有限公司上海浦东新区成山路证券营业部,37569356.0,0.021336911874,39561975.0,0.022468587807,-1992619.0,连续三个交易日内，涨幅偏离值累计达到20%的证券,002669,康达新材
10,国泰海通证券股份有限公司上海徐汇区宜山路证券营业部,149868.0,8.5115122e-05,27394026.0,0.015557996753,-27244158.0,连续三个交易日内，涨幅偏离值累计达到20%的证券,002669,康达新材
1,开源证券股份有限公司西安太华路证券营业部,72628788.0,0.05103912437,51158464.0,0.035951077783,21470324.0,日换手率达到20%的前5只证券,002669,康达新材
2,东北证券股份有限公司长春卫星路证券营业部,19628303.0,0.013793585513,43950.0,3.0885405e-05,19584353.0,日换手率达到20%的前5只证券,002669,康达新材
3,机构专用,15045297.0,0.010572925777,20729721.5,0.014567595893,-5684424.5,日换手率达到20%的前5只证券,002669,康达新材
4,方正证券股份有限公司天津五经路证券营业部,15003873.0,0.010543815492,48106.0,3.380599e-05,14955767.0,日换手率达到20%的前5只证券,002669,康达新材
5,机构专用,14548175.0,0.010223578468,9013740.0,0.006334311911,5534435.0,日换手率达到20%的前5只证券,002669,康达新材
6,开源证券股份有限公司西安太华路证券营业部,121326005.0,0.068905154423,51158464.0,0.02905462734,70167541.0,连续三个交易日内，涨幅偏离值累计达到20%的证券,002669,康达新材
7,东亚前海证券有限责任公司苏州分公司,39480849.0,0.0224225136,41424544.0,0.023526403933,-1943695.0,连续三个交易日内，涨幅偏离值累计达到20%的证券,002669,康达新材
8,方正证券股份有限公司上海浦东新区成山路证券营业部,37569356.0,0.021336911874,39561975.0,0.022468587807,-1992619.0,连续三个交易日内，涨幅偏离值累计达到20%的证券,002669,康达新材
9,国泰海通证券股份有限公司上海松江区中山东路证券营业部,21211694.0,0.012046840664,7375666.0,0.004188890953,13836028.0,连续三个交易日内，涨幅偏离值累计达到20%的证券,002669,康达新材
10,东方证券股份有限公司厦门仙岳路证券营业部,19828711.0,0.011261397698,20832829.0,0.011831670377,-1004118.0,连续三个交易日内，涨幅偏离值累计达到20%的证券,002669,康达新材
1,开源证券股份有限公司西安太华路证券营业部,72628788.0,0.05103912437,51158464.0,0.035951077783,21470324.0,日换手率达到20%的前5只证券,002669,康达新材
2,机构专用,5889865.0,0.004139041288,46562412.88,0.032721250724,-40672547.88,日换手率达到20%的前5只证券,002669,康达新材
3,东亚前海证券有限责任公司苏州分公司,3810.0,2.677438e-06,41424544.0,0.029110666878,-41420734.0,日换手率达到20%的前5只证券,002669,康达新材
4,方正证券股份有限公司上海浦东新区成山路证券营业部,0.0,0.0,39561975.0,0.027801765911,-39561975.0,日换手率达到20%的前5只证券,002669,康达新材
5,机构专用,6112749.0,0.004295670698,22872325.0,0.016073288189,-16759576.0,日换手率达到20%的前5只证券,002669,康达新材
6,开源证券股份有限公司西安太华路证券营业部,121326005.0,0.068905154423,51158464.0,0.02905462734,70167541.0,连续三个交易日内，涨幅偏离值累计达到20%的证券,002669,康达新材
7,机构专用,5889865.0,0.003345054157,50156925.88,0.028485819863,-44267060.88,连续三个交易日内，涨幅偏离值累计达到20%的证券,002669,康达新材
8,东亚前海证券有限责任公司苏州分公司,39480849.0,0.0224225136,41424544.0,0.023526403933,-1943695.0,连续三个交易日内，涨幅偏离值累计达到20%的证券,002669,康达新材
9,方正证券股份有限公司上海浦东新区成山路证券营业部,37569356.0,0.021336911874,39561975.0,0.022468587807,-1992619.0,连续三个交易日内，涨幅偏离值累计达到20%的证券,002669,康达新材
10,国泰海通证券股份有限公司上海徐汇区宜山路证券营业部,149868.0,8.5115122e-05,27394026.0,0.015557996753,-27244158.0,连续三个交易日内，涨幅偏离值累计达到20%的证券,002669,康达新材
1,深股通专用,81053223.62,0.080367215817,64699986.09,0.064152386706,16353237.53,日跌幅偏离值达到7%的前5只证券,002733,雄韬股份
2,机构专用,33247442.0,0.032966046595,0.0,0.0,33247442.0,日跌幅偏离值达到7%的前5只证券,002733,雄韬股份
3,机构专用,26421747.2,0.026198122229,21581540.26,0.021398881208,4840206.94,日跌幅偏离值达到7%的前5只证券,002733,雄韬股份
4,机构专用,26418579.0,0.026194980844,23545151.92,0.023345873505,2873427.08,日跌幅偏离值达到7%的前5只证券,002733,雄韬股份
5,爱建证券有限责任公司杭州富春路证券营业部,23760938.0,0.023559833242,0.0,0.0,23760938.0,日跌幅偏离值达到7%的前5只证券,002733,雄韬股份
1,深股通专用,81053223.62,0.080367215817,64699986.09,0.064152386706,16353237.53,日跌幅偏离值达到7%的前5只证券,002733,雄韬股份
2,国金证券股份有限公司上海浦东新区云鹃北路证券营业部,1192033.0,0.001181944025,26849908.0,0.026622659217,-25657875.0,日跌幅偏离值达到7%的前5只证券,002733,雄韬股份
3,机构专用,26418579.0,0.026194980844,23545151.92,0.023345873505,2873427.08,日跌幅偏离值达到7%的前5只证券,002733,雄韬股份
4,华安证券股份有限公司上海分公司,1355180.0,0.001343710203,22949163.92,0.022754929751,-21593983.92,日跌幅偏离值达到7%的前5只证券,002733,雄韬股份
5,机构专用,26421747.2,0.026198122229,21581540.26,0.021398881208,4840206.94,日跌幅偏离值达到7%的前5只证券,002733,雄韬股份
1,深股通专用,74835599.0,0.045758992503,62415757.6,0.038164753436,12419841.4,日振幅值达到15%的前5只证券,002735,王子新材
2,渤海证券股份有限公司青岛分公司,61935957.23,0.037871374592,0.0,0.0,61935957.23,日振幅值达到15%的前5只证券,002735,王子新材
3,机构专用,36765811.12,0.022480831287,27181356.0,0.016620318165,9584455.12,日振幅值达到15%的前5只证券,002735,王子新材
4,国泰海通证券股份有限公司南京广州路证券营业部,30741076.0,0.018796945371,390917.0,0.000239030198,30350159.0,日振幅值达到15%的前5只证券,002735,王子新材
5,机构专用,30118349.0,0.018416172577,25574615.8,0.015637860434,4543733.2,日振幅值达到15%的前5只证券,002735,王子新材
6,深股通专用,74835599.0,0.045758992503,62415757.6,0.038164753436,12419841.4,日换手率达到20%的前5只证券,002735,王子新材
7,渤海证券股份有限公司青岛分公司,61935957.23,0.037871374592,0.0,0.0,61935957.23,日换手率达到20%的前5只证券,002735,王子新材
8,机构专用,36765811.12,0.022480831287,27181356.0,0.016620318165,9584455.12,日换手率达到20%的前5只证券,002735,王子新材
9,国泰海通证券股份有限公司南京广州路证券营业部,30741076.0,0.018796945371,390917.0,0.000239030198,30350159.0,日换手率达到20%的前5只证券,002735,王子新材
10,机构专用,30118349.0,0.018416172577,25574615.8,0.015637860434,4543733.2,日换手率达到20%的前5只证券,002735,王子新材
1,深股通专用,74835599.0,0.045758992503,62415757.6,0.038164753436,12419841.4,日振幅值达到15%的前5只证券,002735,王子新材
2,机构专用,36765811.12,0.022480831287,27181356.0,0.016620318165,9584455.12,日振幅值达到15%的前5只证券,002735,王子新材
3,机构专用,30118349.0,0.018416172577,25574615.8,0.015637860434,4543733.2,日振幅值达到15%的前5只证券,002735,王子新材
4,华泰证券股份有限公司深圳益田路荣超商务中心证券营业部,6696217.0,0.00409447038,17151761.0,0.010487619709,-10455544.0,日振幅值达到15%的前5只证券,002735,王子新材
5,东方财富证券股份有限公司拉萨东环路第二证券营业部,11967583.0,0.007317701042,13762754.0,0.008415376713,-1795171.0,日振幅值达到15%的前5只证券,002735,王子新材
6,深股通专用,74835599.0,0.045758992503,62415757.6,0.038164753436,12419841.4,日换手率达到20%的前5只证券,002735,王子新材
7,机构专用,36765811.12,0.022480831287,27181356.0,0.016620318165,9584455.12,日换手率达到20%的前5只证券,002735,王子新材
8,机构专用,30118349.0,0.018416172577,25574615.8,0.015637860434,4543733.2,日换手率达到20%的前5只证券,002735,王子新材
9,华泰证券股份有限公司深圳益田路荣超商务中心证券营业部,6696217.0,0.00409447038,17151761.0,0.010487619709,-10455544.0,日换手率达到20%的前5只证券,002735,王子新材
10,东方财富证券股份有限公司拉萨东环路第二证券营业部,11967583.0,0.007317701042,13762754.0,0.008415376713,-1795171.0,日换手率达到20%的前5只证券,002735,王子新材
1,深股通专用,74835599.0,0.045758992503,62415757.6,0.038164753436,12419841.4,日振幅值达到15%的前5只证券,002735,王子新材
2,渤海证券股份有限公司青岛分公司,61935957.23,0.037871374592,0.0,0.0,61935957.23,日振幅值达到15%的前5只证券,002735,王子新材
3,机构专用,36765811.12,0.022480831287,27181356.0,0.016620318165,9584455.12,日振幅值达到15%的前5只证券,002735,王子新材
4,国泰海通证券股份有限公司南京广州路证券营业部,30741076.0,0.018796945371,390917.0,0.000239030198,30350159.0,日振幅值达到15%的前5只证券,002735,王子新材
5,机构专用,30118349.0,0.018416172577,25574615.8,0.015637860434,4543733.2,日振幅值达到15%的前5只证券,002735,王子新材
6,深股通专用,74835599.0,0.045758992503,62415757.6,0.038164753436,12419841.4,日换手率达到20%的前5只证券,002735,王子新材
7,渤海证券股份有限公司青岛分公司,61935957.23,0.037871374592,0.0,0.0,61935957.23,日换手率达到20%的前5只证券,002735,王子新材
8,机构专用,36765811.12,0.022480831287,27181356.0,0.016620318165,9584455.12,日换手率达到20%的前5只证券,002735,王子新材
9,国泰海通证券股份有限公司南京广州路证券营业部,30741076.0,0.018796945371,390917.0,0.000239030198,30350159.0,日换手率达到20%的前5只证券,002735,王子新材
10,机构专用,30118349.0,0.018416172577,25574615.8,0.015637860434,4543733.2,日换手率达到20%的前5只证券,002735,王子新材
1,深股通专用,74835599.0,0.045758992503,62415757.6,0.038164753436,12419841.4,日振幅值达到15%的前5只证券,002735,王子新材
2,机构专用,36765811.12,0.022480831287,27181356.0,0.016620318165,9584455.12,日振幅值达到15%的前5只证券,002735,王子新材
3,机构专用,30118349.0,0.018416172577,25574615.8,0.015637860434,4543733.2,日振幅值达到15%的前5只证券,002735,王子新材
4,华泰证券股份有限公司深圳益田路荣超商务中心证券营业部,6696217.0,0.00409447038,17151761.0,0.010487619709,-10455544.0,日振幅值达到15%的前5只证券,002735,王子新材
5,东方财富证券股份有限公司拉萨东环路第二证券营业部,11967583.0,0.007317701042,13762754.0,0.008415376713,-1795171.0,日振幅值达到15%的前5只证券,002735,王子新材
6,深股通专用,74835599.0,0.045758992503,62415757.6,0.038164753436,12419841.4,日换手率达到20%的前5只证券,002735,王子新材
7,机构专用,36765811.12,0.022480831287,27181356.0,0.016620318165,9584455.12,日换手率达到20%的前5只证券,002735,王子新材
8,机构专用,30118349.0,0.018416172577,25574615.8,0.015637860434,4543733.2,日换手率达到20%的前5只证券,002735,王子新材
9,华泰证券股份有限公司深圳益田路荣超商务中心证券营业部,6696217.0,0.00409447038,17151761.0,0.010487619709,-10455544.0,日换手率达到20%的前5只证券,002735,王子新材
10,东方财富证券股份有限公司拉萨东环路第二证券营业部,11967583.0,0.007317701042,13762754.0,0.008415376713,-1795171.0,日换手率达到20%的前5只证券,002735,王子新材
1,深股通专用,229874806.54,0.037832599823,531988035.28,0.087554137631,-302113228.74,日跌幅偏离值达到7%的前5只证券,002851,麦格米特
2,机构专用,93755696.84,0.015430232713,101881208.0,0.016767522417,-8125511.16,日跌幅偏离值达到7%的前5只证券,002851,麦格米特
3,机构专用,86519486.0,0.014239303297,92626374.2,0.015244369755,-6106888.2,日跌幅偏离值达到7%的前5只证券,002851,麦格米特
4,机构专用,56540560.0,0.009305397196,27613269.88,0.004544568432,28927290.12,日跌幅偏离值达到7%的前5只证券,002851,麦格米特
5,东方财富证券股份有限公司拉萨东环路第二证券营业部,54567014.0,0.008980592677,17008983.0,0.002799323932,37558031.0,日跌幅偏离值达到7%的前5只证券,002851,麦格米特
1,深股通专用,229874806.54,0.037832599823,531988035.28,0.087554137631,-302113228.74,日跌幅偏离值达到7%的前5只证券,002851,麦格米特
2,东方财富证券股份有限公司长春人民大街证券营业部,145682.0,2.3976219e-05,103757265.15,0.017076282305,-103611583.15,日跌幅偏离值达到7%的前5只证券,002851,麦格米特
3,机构专用,93755696.84,0.015430232713,101881208.0,0.016767522417,-8125511.16,日跌幅偏离值达到7%的前5只证券,002851,麦格米特
4,机构专用,86519486.0,0.014239303297,92626374.2,0.015244369755,-6106888.2,日跌幅偏离值达到7%的前5只证券,002851,麦格米特
5,华泰证券股份有限公司合肥创新大道证券营业部,19273319.44,0.003171986494,80714383.0,0.013283904391,-61441063.56,日跌幅偏离值达到7%的前5只证券,002851,麦格米特
1,国泰海通证券股份有限公司深圳海岸城海德三道证券营业部,74909083.0,0.04210404635,29859.0,1.6782807e-05,74879224.0,连续三个交易日内，涨幅偏离值累计达到20%的证券,002971,和远气体
2,国泰海通证券股份有限公司上海自贸试验区第二分公司,71938123.0,0.040434162906,14385.0,8.085357e-06,71923738.0,连续三个交易日内，涨幅偏离值累计达到20%的证券,002971,和远气体
3,国泰海通证券股份有限公司武汉紫阳东路证券营业部,61633956.1,0.034642513838,390282.0,0.000219365273,61243674.1,连续三个交易日内，涨幅偏离值累计达到20%的证券,002971,和远气体
4,深股通专用,44457870.0,0.024988374495,47904710.86,0.026925735647,-3446840.86,连续三个交易日内，涨幅偏离值累计达到20%的证券,002971,和远气体
5,开源证券股份有限公司西安高新成章路证券营业部,37074778.0,0.020838570021,52308.0,2.9400686e-05,37022470.0,连续三个交易日内，涨幅偏离值累计达到20%的证券,002971,和远气体
1,长江证券股份有限公司武汉光谷大道证券营业部,21146.0,1.1885503e-05,64130308.0,0.036045634953,-64109162.0,连续三个交易日内，涨幅偏离值累计达到20%的证券,002971,和远气体
2,深股通专用,44457870.0,0.024988374495,47904710.86,0.026925735647,-3446840.86,连续三个交易日内，涨幅偏离值累计达到20%的证券,002971,和远气体
3,华泰证券股份有限公司合肥习友路证券营业部,435170.0,0.00024459541,31584735.0,0.017752789023,-31149565.0,连续三个交易日内，涨幅偏离值累计达到20%的证券,002971,和远气体
4,机构专用,28869.0,1.622636e-05,29239791.62,0.016434769888,-29210922.62,连续三个交易日内，涨幅偏离值累计达到20%的证券,002971,和远气体
5,国泰海通证券股份有限公司深圳红荔西路证券营业部,355266.0,0.000199683877,24684440.7,0.013874349995,-24329174.7,连续三个交易日内，涨幅偏离值累计达到20%的证券,002971,和远气体
1,国泰海通证券股份有限公司上海松江区中山东路证券营业部,27994044.0,0.037349903347,21316.75,2.8440998e-05,27972727.25,连续三个交易日内，涨幅偏离值累计达到20%的证券,003026,中晶科技
2,机构专用,20428729.75,0.027256193556,8800188.8,0.011741290437,11628540.95,连续三个交易日内，涨幅偏离值累计达到20%的证券,003026,中晶科技
3,机构专用,19915688.55,0.026571689408,17273248.33,0.023046122083,2642440.22,连续三个交易日内，涨幅偏离值累计达到20%的证券,003026,中晶科技
4,机构专用,16959021.55,0.022626877909,16607333.63,0.022157652747,351687.92,连续三个交易日内，涨幅偏离值累计达到20%的证券,003026,中晶科技
5,国信证券股份有限公司北京朝阳门证券营业部,16888222.0,0.022532416517,0.0,0.0,16888222.0,连续三个交易日内，涨幅偏离值累计达到20%的证券,003026,中晶科技
1,机构专用,16705043.83,0.022288018568,17667669.71,0.023572362608,-962625.88,连续三个交易日内，涨幅偏离值累计达到20%的证券,003026,中晶科技
2,机构专用,19915688.55,0.026571689408,17273248.33,0.023046122083,2642440.22,连续三个交易日内，涨幅偏离值累计达到20%的证券,003026,中晶科技
3,机构专用,16959021.55,0.022626877909,16607333.63,0.022157652747,351687.92,连续三个交易日内，涨幅偏离值累计达到20%的证券,003026,中晶科技
4,机构专用,5990891.7,0.007993101174,12609940.35,0.016824294957,-6619048.65,连续三个交易日内，涨幅偏离值累计达到20%的证券,003026,中晶科技
5,机构专用,20428729.75,0.027256193556,8800188.8,0.011741290437,11628540.95,连续三个交易日内，涨幅偏离值累计达到20%的证券,003026,中晶科技
1,机构专用,148593826.76,0.099160050359,28898089.04,0.019284354047,119695737.72,连续三个交易日内，涨幅偏离值累计达到20%的证券,003043,华亚智能
2,深股通专用,73897221.35,0.04931330157,113175649.11,0.075524692444,-39278427.76,连续三个交易日内，涨幅偏离值累计达到20%的证券,003043,华亚智能
3,民生证券股份有限公司上海自贸试验区分公司,51292611.8,0.034228729955,6997.0,4.669258e-06,51285614.8,连续三个交易日内，涨幅偏离值累计达到20%的证券,003043,华亚智能
4,长江证券股份有限公司上海东明路证券营业部,40777927.1,0.027212040991,14972008.8,0.009991163018,25805918.3,连续三个交易日内，涨幅偏离值累计达到20%的证券,003043,华亚智能
5,机构专用,33033229.3,0.022043827475,38057111.2,0.025396378473,-5023881.9,连续三个交易日内，涨幅偏离值累计达到20%的证券,003043,华亚智能
1,深股通专用,73897221.35,0.04931330157,113175649.11,0.075524692444,-39278427.76,连续三个交易日内，涨幅偏离值累计达到20%的证券,003043,华亚智能
2,国投证券股份有限公司西安曲江池南路证券营业部,0.0,0.0,56934122.4,0.037993438674,-56934122.4,连续三个交易日内，涨幅偏离值累计达到20%的证券,003043,华亚智能
3,南京证券股份有限公司扬中江洲南路证券营业部,12820817.0,0.008555623656,40043815.0,0.02672215124,-27222998.0,连续三个交易日内，涨幅偏离值累计达到20%的证券,003043,华亚智能
4,机构专用,33033229.3,0.022043827475,38057111.2,0.025396378473,-5023881.9,连续三个交易日内，涨幅偏离值累计达到20%的证券,003043,华亚智能
5,机构专用,0.0,0.0,31327571.0,0.020905602781,-31327571.0,连续三个交易日内，涨幅偏离值累计达到20%的证券,003043,华亚智能
1,华宝证券股份有限公司上海东大名路证券营业部,784699830.0,0.068448157517,,,784699830.0,连续3个交易日内日收盘价格涨幅偏离值达到30%的可转债,118018,瑞科转债
2,华鑫证券有限责任公司上海分公司,601540550.0,0.052471455638,,,601540550.0,连续3个交易日内日收盘价格涨幅偏离值达到30%的可转债,118018,瑞科转债
3,华鑫证券有限责任公司上海陆家嘴证券营业部,512936060.0,0.044742622451,,,512936060.0,连续3个交易日内日收盘价格涨幅偏离值达到30%的可转债,118018,瑞科转债
4,国泰海通证券股份有限公司成都双庆路证券营业部,481399680.0,0.041991752598,,,481399680.0,连续3个交易日内日收盘价格涨幅偏离值达到30%的可转债,118018,瑞科转债
5,国泰海通证券股份有限公司天津高新区梅苑路证券营业部,329235790.0,0.028718730848,,,329235790.0,连续3个交易日内日收盘价格涨幅偏离值达到30%的可转债,118018,瑞科转债
1,华宝证券股份有限公司上海东大名路证券营业部,,,782100910.0,0.068221457728,-782100910.0,连续3个交易日内日收盘价格涨幅偏离值达到30%的可转债,118018,瑞科转债
2,华鑫证券有限责任公司上海分公司,,,602143420.0,0.052524043059,-602143420.0,连续3个交易日内日收盘价格涨幅偏离值达到30%的可转债,118018,瑞科转债
3,华鑫证券有限责任公司上海陆家嘴证券营业部,,,512964550.0,0.044745107589,-512964550.0,连续3个交易日内日收盘价格涨幅偏离值达到30%的可转债,118018,瑞科转债
4,国泰海通证券股份有限公司成都双庆路证券营业部,,,481942750.0,0.042039123758,-481942750.0,连续3个交易日内日收盘价格涨幅偏离值达到30%的可转债,118018,瑞科转债
5,国泰海通证券股份有限公司天津高新区梅苑路证券营业部,,,329637290.0,0.028753753074,-329637290.0,连续3个交易日内日收盘价格涨幅偏离值达到30%的可转债,118018,瑞科转债
1,开源证券股份有限公司西安太华路证券营业部,31241554.68,0.077480493179,0.0,0.0,31241554.68,日涨幅达到15%的前5只证券,300264,佳创视讯
2,机构专用,13901964.0,0.034477510416,14559446.0,0.03610809603,-657482.0,日涨幅达到15%的前5只证券,300264,佳创视讯
3,机构专用,12347787.0,0.030623079941,11120456.0,0.027579242585,1227331.0,日涨幅达到15%的前5只证券,300264,佳创视讯
4,东吴证券股份有限公司上海西藏南路证券营业部,11026966.0,0.027347383083,403258.0,0.001000098396,10623708.0,日涨幅达到15%的前5只证券,300264,佳创视讯
5,机构专用,10705340.6,0.026549737292,11692742.15,0.028998538571,-987401.55,日涨幅达到15%的前5只证券,300264,佳创视讯
1,机构专用,13901964.0,0.034477510416,14559446.0,0.03610809603,-657482.0,日涨幅达到15%的前5只证券,300264,佳创视讯
2,机构专用,10705340.6,0.026549737292,11692742.15,0.028998538571,-987401.55,日涨幅达到15%的前5只证券,300264,佳创视讯
3,机构专用,12347787.0,0.030623079941,11120456.0,0.027579242585,1227331.0,日涨幅达到15%的前5只证券,300264,佳创视讯
4,机构专用,7430566.0,0.018428145596,9368652.0,0.023234688056,-1938086.0,日涨幅达到15%的前5只证券,300264,佳创视讯
5,机构专用,4440805.0,0.011013400743,8026646.0,0.019906451424,-3585841.0,日涨幅达到15%的前5只证券,300264,佳创视讯
1,深股通专用,300357529.0,0.085575776404,312765533.32,0.089110978624,-12408004.32,连续三个交易日内，涨幅偏离值累计达到30%的证券,300400,劲拓股份
2,机构专用,143852112.0,0.040985342411,146087899.0,0.04162234728,-2235787.0,连续三个交易日内，涨幅偏离值累计达到30%的证券,300400,劲拓股份
3,机构专用,112018808.0,0.031915619024,82263607.0,0.023437974278,29755201.0,连续三个交易日内，涨幅偏离值累计达到30%的证券,300400,劲拓股份
4,第一创业证券股份有限公司温州雪山路证券营业部,71761349.0,0.020445744034,117102.0,3.3363887e-05,71644247.0,连续三个交易日内，涨幅偏离值累计达到30%的证券,300400,劲拓股份
5,中国国际金融股份有限公司深圳分公司,71325414.0,0.020321540468,57557.0,1.639874e-05,71267857.0,连续三个交易日内，涨幅偏离值累计达到30%的证券,300400,劲拓股份
1,深股通专用,300357529.0,0.085575776404,312765533.32,0.089110978624,-12408004.32,连续三个交易日内，涨幅偏离值累计达到30%的证券,300400,劲拓股份
2,机构专用,143852112.0,0.040985342411,146087899.0,0.04162234728,-2235787.0,连续三个交易日内，涨幅偏离值累计达到30%的证券,300400,劲拓股份
3,中信建投证券股份有限公司常州分公司,739572.0,0.000210713706,98439571.0,0.028046717341,-97699999.0,连续三个交易日内，涨幅偏离值累计达到30%的证券,300400,劲拓股份
4,机构专用,112018808.0,0.031915619024,82263607.0,0.023437974278,29755201.0,连续三个交易日内，涨幅偏离值累计达到30%的证券,300400,劲拓股份
5,机构专用,65824019.0,0.018754121299,43541605.0,0.012405571008,22282414.0,连续三个交易日内，涨幅偏离值累计达到30%的证券,300400,劲拓股份
1,深股通专用,76777332.0,0.074127294849,43721982.0,0.042212879331,33055350.0,连续三个交易日内，涨幅偏离值累计达到30%的证券,300411,金盾股份
2,机构专用,49576611.0,0.047865430661,18522842.0,0.017883509815,31053769.0,连续三个交易日内，涨幅偏离值累计达到30%的证券,300411,金盾股份
3,机构专用,32745388.0,0.031615152129,17467186.96,0.016864291637,15278201.04,连续三个交易日内，涨幅偏离值累计达到30%的证券,300411,金盾股份
4,机构专用,25527167.0,0.024646074376,15607759.91,0.015069044347,9919407.09,连续三个交易日内，涨幅偏离值累计达到30%的证券,300411,金盾股份
5,机构专用,20445328.0,0.019739639519,2859316.0,0.002760624193,17586012.0,连续三个交易日内，涨幅偏离值累计达到30%的证券,300411,金盾股份
1,深股通专用,76777332.0,0.074127294849,43721982.0,0.042212879331,33055350.0,连续三个交易日内，涨幅偏离值累计达到30%的证券,300411,金盾股份
2,中信证券股份有限公司上虞王充路证券营业部,1150464.0,0.001110754723,21874749.0,0.021119722796,-20724285.0,连续三个交易日内，涨幅偏离值累计达到30%的证券,300411,金盾股份
3,机构专用,49576611.0,0.047865430661,18522842.0,0.017883509815,31053769.0,连续三个交易日内，涨幅偏离值累计达到30%的证券,300411,金盾股份
4,机构专用,32745388.0,0.031615152129,17467186.96,0.016864291637,15278201.04,连续三个交易日内，涨幅偏离值累计达到30%的证券,300411,金盾股份
5,机构专用,25527167.0,0.024646074376,15607759.91,0.015069044347,9919407.09,连续三个交易日内，涨幅偏离值累计达到30%的证券,300411,金盾股份
1,开源证券股份有限公司西安太华路证券营业部,106900077.0,0.109790606992,0.0,0.0,106900077.0,日涨幅达到15%的前5只证券,300721,怡达股份
2,机构专用,22057531.7,0.022653957434,28704999.0,0.02948116926,-6647467.3,日涨幅达到15%的前5只证券,300721,怡达股份
3,华泰证券股份有限公司江西分公司,18088706.0,0.018577816473,32083.0,3.295051e-05,18056623.0,日涨幅达到15%的前5只证券,300721,怡达股份
4,机构专用,17880887.88,0.018364379044,8466552.0,0.008695483757,9414335.88,日涨幅达到15%的前5只证券,300721,怡达股份
5,机构专用,17485155.0,0.017957945725,26529517.1,0.027246863308,-9044362.1,日涨幅达到15%的前5只证券,300721,怡达股份
1,机构专用,22057531.7,0.022653957434,28704999.0,0.02948116926,-6647467.3,日涨幅达到15%的前5只证券,300721,怡达股份
2,机构专用,17485155.0,0.017957945725,26529517.1,0.027246863308,-9044362.1,日涨幅达到15%的前5只证券,300721,怡达股份
3,机构专用,11284545.0,0.01158967402,23920927.8,0.024567738927,-12636382.8,日涨幅达到15%的前5只证券,300721,怡达股份
4,机构专用,7869882.0,0.008082680069,13772477.9,0.014144879507,-5902595.9,日涨幅达到15%的前5只证券,300721,怡达股份
5,机构专用,10151443.0,0.010425933452,12253118.88,0.012584437702,-2101675.88,日涨幅达到15%的前5只证券,300721,怡达股份
1,机构专用,43221118.0,0.04769426185,0.0,0.0,43221118.0,连续三个交易日内，涨幅偏离值累计达到30%的证券,301195,北路智控
2,机构专用,28237244.0,0.03115964074,13528766.0,0.014928917575,14708478.0,连续三个交易日内，涨幅偏离值累计达到30%的证券,301195,北路智控
3,机构专用,22450450.13,0.024773946087,19739116.69,0.021782004808,2711333.44,连续三个交易日内，涨幅偏离值累计达到30%的证券,301195,北路智控
4,机构专用,19371196.0,0.021376006386,19877423.5,0.021934625599,-506227.5,连续三个交易日内，涨幅偏离值累计达到30%的证券,301195,北路智控
5,中泰证券股份有限公司常州惠国路证券营业部,18165179.0,0.020045173375,18433137.0,0.020340863529,-267958.0,连续三个交易日内，涨幅偏离值累计达到30%的证券,301195,北路智控
1,机构专用,19371196.0,0.021376006386,19877423.5,0.021934625599,-506227.5,连续三个交易日内，涨幅偏离值累计达到30%的证券,301195,北路智控
2,机构专用,22450450.13,0.024773946087,19739116.69,0.021782004808,2711333.44,连续三个交易日内，涨幅偏离值累计达到30%的证券,301195,北路智控
3,中泰证券股份有限公司常州惠国路证券营业部,18165179.0,0.020045173375,18433137.0,0.020340863529,-267958.0,连续三个交易日内，涨幅偏离值累计达到30%的证券,301195,北路智控
4,国泰海通证券股份有限公司成都北一环路证券营业部,15644638.5,0.017263771038,16254967.5,0.017937265674,-610329.0,连续三个交易日内，涨幅偏离值累计达到30%的证券,301195,北路智控
5,机构专用,28237244.0,0.03115964074,13528766.0,0.014928917575,14708478.0,连续三个交易日内，涨幅偏离值累计达到30%的证券,301195,北路智控
1,东方财富证券股份有限公司拉萨东环路第一证券营业部,14703239.0,0.02149350832,3413974.24,0.004990620348,11289264.76,日跌幅达到15%的前5只证券,301282,金禄电子
2,华泰证券股份有限公司重庆江北嘴证券营业部,11065511.0,0.016175799954,1199891.0,0.001754026252,9865620.0,日跌幅达到15%的前5只证券,301282,金禄电子
3,中国银河证券股份有限公司杭州建国北路证券营业部,10893213.2,0.015923931356,371129.0,0.000542524287,10522084.2,日跌幅达到15%的前5只证券,301282,金禄电子
4,机构专用,10570071.4,0.015451555781,8514140.84,0.012446152646,2055930.56,日跌幅达到15%的前5只证券,301282,金禄电子
5,华西证券股份有限公司成都东大路证券营业部,8552911.4,0.012502828277,9233066.4,0.013497093361,-680155.0,日跌幅达到15%的前5只证券,301282,金禄电子
1,华西证券股份有限公司成都东大路证券营业部,8552911.4,0.012502828277,9233066.4,0.013497093361,-680155.0,日跌幅达到15%的前5只证券,301282,金禄电子
2,东方财富证券股份有限公司拉萨团结路第二证券营业部,7013443.6,0.010252401418,8647373.4,0.012640914843,-1633929.8,日跌幅达到15%的前5只证券,301282,金禄电子
3,机构专用,10570071.4,0.015451555781,8514140.84,0.012446152646,2055930.56,日跌幅达到15%的前5只证券,301282,金禄电子
4,华福证券股份有限公司安溪民主路证券营业部,158850.0,0.000232210318,7181922.12,0.010498686911,-7023072.12,日跌幅达到15%的前5只证券,301282,金禄电子
5,东方财富证券股份有限公司拉萨东环路第二证券营业部,6344769.6,0.009274919505,6971404.24,0.010190947385,-626634.64,日跌幅达到15%的前5只证券,301282,金禄电子
1,机构专用,55372208.07,0.024316904543,63471277.0,0.027873639824,-8099068.93,连续三个交易日内，涨幅偏离值累计达到30%的证券,301302,华如科技
2,机构专用,51981616.26,0.022827913942,60207081.64,0.026440156679,-8225465.38,连续三个交易日内，涨幅偏离值累计达到30%的证券,301302,华如科技
3,机构专用,46858777.18,0.020578200715,51281669.71,0.022520529894,-4422892.53,连续三个交易日内，涨幅偏离值累计达到30%的证券,301302,华如科技
4,机构专用,38766933.5,0.017024638428,69507498.6,0.030524468274,-30740565.1,连续三个交易日内，涨幅偏离值累计达到30%的证券,301302,华如科技
5,机构专用,37295156.8,0.016378302391,40980805.0,0.017996868068,-3685648.2,连续三个交易日内，涨幅偏离值累计达到30%的证券,301302,华如科技
1,机构专用,38766933.5,0.017024638428,69507498.6,0.030524468274,-30740565.1,连续三个交易日内，涨幅偏离值累计达到30%的证券,301302,华如科技
2,机构专用,55372208.07,0.024316904543,63471277.0,0.027873639824,-8099068.93,连续三个交易日内，涨幅偏离值累计达到30%的证券,301302,华如科技
3,机构专用,51981616.26,0.022827913942,60207081.64,0.026440156679,-8225465.38,连续三个交易日内，涨幅偏离值累计达到30%的证券,301302,华如科技
4,机构专用,46858777.18,0.020578200715,51281669.71,0.022520529894,-4422892.53,连续三个交易日内，涨幅偏离值累计达到30%的证券,301302,华如科技
5,机构专用,37295156.8,0.016378302391,40980805.0,0.017996868068,-3685648.2,连续三个交易日内，涨幅偏离值累计达到30%的证券,301302,华如科技
1,机构专用,48905203.32,0.02240481341,42869633.0,0.0196397533,6035570.32,日换手率达到30%的前5只证券,301313,凡拓数创
2,机构专用,35163363.0,0.016109299898,55910617.01,0.025614185336,-20747254.01,日换手率达到30%的前5只证券,301313,凡拓数创
3,机构专用,33950304.24,0.015553564448,32217535.84,0.014759735775,1732768.4,日换手率达到30%的前5只证券,301313,凡拓数创
4,机构专用,29612436.92,0.013566268592,33683381.0,0.0154312796,-4070944.08,日换手率达到30%的前5只证券,301313,凡拓数创
5,机构专用,27127717.04,0.012427950346,22251737.0,0.010194130311,4875980.04,日换手率达到30%的前5只证券,301313,凡拓数创
1,机构专用,35163363.0,0.016109299898,55910617.01,0.025614185336,-20747254.01,日换手率达到30%的前5只证券,301313,凡拓数创
2,机构专用,48905203.32,0.02240481341,42869633.0,0.0196397533,6035570.32,日换手率达到30%的前5只证券,301313,凡拓数创
3,机构专用,29612436.92,0.013566268592,33683381.0,0.0154312796,-4070944.08,日换手率达到30%的前5只证券,301313,凡拓数创
4,机构专用,33950304.24,0.015553564448,32217535.84,0.014759735775,1732768.4,日换手率达到30%的前5只证券,301313,凡拓数创
5,中国银河证券股份有限公司北京学院南路证券营业部,1169496.0,0.000535778156,26938122.54,0.012341091911,-25768626.54,日换手率达到30%的前5只证券,301313,凡拓数创
1,华泰证券股份有限公司上海分公司,6787282.0,0.015711917037,76068.0,0.000176090238,6711214.0,日换手率达到30%的前5只证券,301418,协昌科技
2,国新证券股份有限公司上海黄浦区黄陂南路证券营业部,5073742.0,0.011745233714,4944.0,1.1444893e-05,5068798.0,日换手率达到30%的前5只证券,301418,协昌科技
3,东方财富证券股份有限公司拉萨东环路第一证券营业部,5056697.55,0.011705777421,2012126.9,0.004657883807,3044570.65,日换手率达到30%的前5只证券,301418,协昌科技
4,财通证券股份有限公司湖南分公司,4234961.0,0.009803534889,4285366.84,0.009920219649,-50405.84,日换手率达到30%的前5只证券,301418,协昌科技
5,东方财富证券股份有限公司拉萨团结路第二证券营业部,4061533.0,0.009402065442,2595308.0,0.006007892995,1466225.0,日换手率达到30%的前5只证券,301418,协昌科技
1,机构专用,230166.0,0.00053281256,8377916.0,0.019394084574,-8147750.0,日换手率达到30%的前5只证券,301418,协昌科技
2,中国中金财富证券有限公司北京亚运村证券营业部,0.0,0.0,7643727.0,0.017694506354,-7643727.0,日换手率达到30%的前5只证券,301418,协昌科技
3,机构专用,2488892.0,0.005761550002,6297575.0,0.014578291565,-3808683.0,日换手率达到30%的前5只证券,301418,协昌科技
4,中国银河证券股份有限公司南京大明路证券营业部,581063.0,0.001345105986,5651852.0,0.013083503784,-5070789.0,日换手率达到30%的前5只证券,301418,协昌科技
5,财通证券股份有限公司湖南分公司,4234961.0,0.009803534889,4285366.84,0.009920219649,-50405.84,日换手率达到30%的前5只证券,301418,协昌科技
1,深股通专用,57911436.0,0.045767317992,122867282.0,0.097101822273,-64955846.0,日换手率达到30%的前5只证券,301630,同宇新材
2,机构专用,25024233.12,0.019776612597,18270340.0,0.014439021346,6753893.12,日换手率达到30%的前5只证券,301630,同宇新材
3,机构专用,22728063.0,0.017961952915,23557995.64,0.018617847392,-829932.64,日换手率达到30%的前5只证券,301630,同宇新材
4,华泰证券股份有限公司张家港杨舍东街证券营业部,15627374.0,0.012350289418,837670.0,0.000662009301,14789704.0,日换手率达到30%的前5只证券,301630,同宇新材
5,财通证券股份有限公司绍兴人民中路证券营业部,14867210.0,0.011749532989,59279.0,4.6848102e-05,14807931.0,日换手率达到30%的前5只证券,301630,同宇新材
1,深股通专用,57911436.0,0.045767317992,122867282.0,0.097101822273,-64955846.0,日换手率达到30%的前5只证券,301630,同宇新材
2,国新证券股份有限公司北京分公司,0.0,0.0,56437956.0,0.044602829035,-56437956.0,日换手率达到30%的前5只证券,301630,同宇新材
3,机构专用,22728063.0,0.017961952915,23557995.64,0.018617847392,-829932.64,日换手率达到30%的前5只证券,301630,同宇新材
4,机构专用,12432967.0,0.009825754524,22292665.0,0.017617858551,-9859698.0,日换手率达到30%的前5只证券,301630,同宇新材
5,机构专用,11645001.0,0.009203026217,19026433.9,0.015036561182,-7381432.9,日换手率达到30%的前5只证券,301630,同宇新材
1,国信证券股份有限公司天津友谊路证券营业部,160953946.92,0.029826962075,355175.0,6.5818773e-05,160598771.92,日跌幅达到15%的前5只证券,301666,大普微
2,机构专用,87612047.57,0.016235707606,14487097.0,0.002684656705,73124950.57,日跌幅达到15%的前5只证券,301666,大普微
3,东方财富证券股份有限公司拉萨金融城南环路证券营业部,85281599.23,0.015803843737,70285652.92,0.013024890313,14995946.31,日跌幅达到15%的前5只证券,301666,大普微
4,东方财富证券股份有限公司拉萨东环路第二证券营业部,55944007.14,0.010367187703,58981194.34,0.010930019924,-3037187.2,日跌幅达到15%的前5只证券,301666,大普微
5,机构专用,52830084.1,0.009790135284,7281296.0,0.001349323479,45548788.1,日跌幅达到15%的前5只证券,301666,大普微
1,国泰海通证券股份有限公司深圳滨河大道证券营业部,208555.0,3.8648087e-05,70911820.89,0.01314092778,-70703265.89,日跌幅达到15%的前5只证券,301666,大普微
2,东方财富证券股份有限公司拉萨金融城南环路证券营业部,85281599.23,0.015803843737,70285652.92,0.013024890313,14995946.31,日跌幅达到15%的前5只证券,301666,大普微
3,东方财富证券股份有限公司拉萨东环路第二证券营业部,55944007.14,0.010367187703,58981194.34,0.010930019924,-3037187.2,日跌幅达到15%的前5只证券,301666,大普微
4,华泰证券股份有限公司南京江宁天元东路证券营业部,2308751.0,0.000427843056,58808009.7,0.010897926448,-56499258.7,日跌幅达到15%的前5只证券,301666,大普微
5,东方财富证券股份有限公司拉萨团结路第一证券营业部,50937110.95,0.009439341536,56186550.39,0.010412134276,-5249439.44,日跌幅达到15%的前5只证券,301666,大普微
1,沪股通专用,44843015.0,0.035158470089,,,44843015.0,有价格涨跌幅限制的日价格振幅达到15%的前五只证券,600162,香江控股
2,国信证券股份有限公司浙江互联网分公司,17428983.0,0.013664923678,,,17428983.0,有价格涨跌幅限制的日价格振幅达到15%的前五只证券,600162,香江控股
3,华泰证券股份有限公司上海黄浦区来福士广场证券营业部,16615926.0,0.013027458954,,,16615926.0,有价格涨跌幅限制的日价格振幅达到15%的前五只证券,600162,香江控股
4,中国银河证券股份有限公司广州粤海金融中心证券营业部,15144562.0,0.01187385884,,,15144562.0,有价格涨跌幅限制的日价格振幅达到15%的前五只证券,600162,香江控股
5,高盛(中国)证券有限责任公司上海浦东新区世纪大道证券营业部,12099061.0,0.009486081038,,,12099061.0,有价格涨跌幅限制的日价格振幅达到15%的前五只证券,600162,香江控股
6,沪股通专用,44843015.0,0.035158470089,,,44843015.0,有价格涨跌幅限制的日收盘价格跌幅偏离值达到7%的前五只证券,600162,香江控股
7,国信证券股份有限公司浙江互联网分公司,17428983.0,0.013664923678,,,17428983.0,有价格涨跌幅限制的日收盘价格跌幅偏离值达到7%的前五只证券,600162,香江控股
8,华泰证券股份有限公司上海黄浦区来福士广场证券营业部,16615926.0,0.013027458954,,,16615926.0,有价格涨跌幅限制的日收盘价格跌幅偏离值达到7%的前五只证券,600162,香江控股
9,中国银河证券股份有限公司广州粤海金融中心证券营业部,15144562.0,0.01187385884,,,15144562.0,有价格涨跌幅限制的日收盘价格跌幅偏离值达到7%的前五只证券,600162,香江控股
10,高盛(中国)证券有限责任公司上海浦东新区世纪大道证券营业部,12099061.0,0.009486081038,,,12099061.0,有价格涨跌幅限制的日收盘价格跌幅偏离值达到7%的前五只证券,600162,香江控股
1,沪股通专用,,,48402273.05,0.037949051134,-48402273.05,有价格涨跌幅限制的日价格振幅达到15%的前五只证券,600162,香江控股
2,东莞证券股份有限公司南京分公司,,,37310439.5,0.02925267115,-37310439.5,有价格涨跌幅限制的日价格振幅达到15%的前五只证券,600162,香江控股
3,高盛(中国)证券有限责任公司上海浦东新区世纪大道证券营业部,,,18070826.0,0.014168150723,-18070826.0,有价格涨跌幅限制的日价格振幅达到15%的前五只证券,600162,香江控股
4,国信证券股份有限公司浙江互联网分公司,,,16241578.0,0.012733957213,-16241578.0,有价格涨跌幅限制的日价格振幅达到15%的前五只证券,600162,香江控股
5,东方财富证券股份有限公司山南香曲东路证券营业部,,,11639261.88,0.009125582672,-11639261.88,有价格涨跌幅限制的日价格振幅达到15%的前五只证券,600162,香江控股
6,沪股通专用,,,48402273.05,0.037949051134,-48402273.05,有价格涨跌幅限制的日收盘价格跌幅偏离值达到7%的前五只证券,600162,香江控股
7,东莞证券股份有限公司南京分公司,,,37310439.5,0.02925267115,-37310439.5,有价格涨跌幅限制的日收盘价格跌幅偏离值达到7%的前五只证券,600162,香江控股
8,高盛(中国)证券有限责任公司上海浦东新区世纪大道证券营业部,,,18070826.0,0.014168150723,-18070826.0,有价格涨跌幅限制的日收盘价格跌幅偏离值达到7%的前五只证券,600162,香江控股
9,国信证券股份有限公司浙江互联网分公司,,,16241578.0,0.012733957213,-16241578.0,有价格涨跌幅限制的日收盘价格跌幅偏离值达到7%的前五只证券,600162,香江控股
10,东方财富证券股份有限公司山南香曲东路证券营业部,,,11639261.88,0.009125582672,-11639261.88,有价格涨跌幅限制的日收盘价格跌幅偏离值达到7%的前五只证券,600162,香江控股
1,沪股通专用,44843015.0,0.035158470089,,,44843015.0,有价格涨跌幅限制的日价格振幅达到15%的前五只证券,600162,香江控股
2,国信证券股份有限公司浙江互联网分公司,17428983.0,0.013664923678,,,17428983.0,有价格涨跌幅限制的日价格振幅达到15%的前五只证券,600162,香江控股
3,华泰证券股份有限公司上海黄浦区来福士广场证券营业部,16615926.0,0.013027458954,,,16615926.0,有价格涨跌幅限制的日价格振幅达到15%的前五只证券,600162,香江控股
4,中国银河证券股份有限公司广州粤海金融中心证券营业部,15144562.0,0.01187385884,,,15144562.0,有价格涨跌幅限制的日价格振幅达到15%的前五只证券,600162,香江控股
5,高盛(中国)证券有限责任公司上海浦东新区世纪大道证券营业部,12099061.0,0.009486081038,,,12099061.0,有价格涨跌幅限制的日价格振幅达到15%的前五只证券,600162,香江控股
6,沪股通专用,44843015.0,0.035158470089,,,44843015.0,有价格涨跌幅限制的日收盘价格跌幅偏离值达到7%的前五只证券,600162,香江控股
7,国信证券股份有限公司浙江互联网分公司,17428983.0,0.013664923678,,,17428983.0,有价格涨跌幅限制的日收盘价格跌幅偏离值达到7%的前五只证券,600162,香江控股
8,华泰证券股份有限公司上海黄浦区来福士广场证券营业部,16615926.0,0.013027458954,,,16615926.0,有价格涨跌幅限制的日收盘价格跌幅偏离值达到7%的前五只证券,600162,香江控股
9,中国银河证券股份有限公司广州粤海金融中心证券营业部,15144562.0,0.01187385884,,,15144562.0,有价格涨跌幅限制的日收盘价格跌幅偏离值达到7%的前五只证券,600162,香江控股
10,高盛(中国)证券有限责任公司上海浦东新区世纪大道证券营业部,12099061.0,0.009486081038,,,12099061.0,有价格涨跌幅限制的日收盘价格跌幅偏离值达到7%的前五只证券,600162,香江控股
1,沪股通专用,,,48402273.05,0.037949051134,-48402273.05,有价格涨跌幅限制的日价格振幅达到15%的前五只证券,600162,香江控股
2,东莞证券股份有限公司南京分公司,,,37310439.5,0.02925267115,-37310439.5,有价格涨跌幅限制的日价格振幅达到15%的前五只证券,600162,香江控股
3,高盛(中国)证券有限责任公司上海浦东新区世纪大道证券营业部,,,18070826.0,0.014168150723,-18070826.0,有价格涨跌幅限制的日价格振幅达到15%的前五只证券,600162,香江控股
4,国信证券股份有限公司浙江互联网分公司,,,16241578.0,0.012733957213,-16241578.0,有价格涨跌幅限制的日价格振幅达到15%的前五只证券,600162,香江控股
5,东方财富证券股份有限公司山南香曲东路证券营业部,,,11639261.88,0.009125582672,-11639261.88,有价格涨跌幅限制的日价格振幅达到15%的前五只证券,600162,香江控股
6,沪股通专用,,,48402273.05,0.037949051134,-48402273.05,有价格涨跌幅限制的日收盘价格跌幅偏离值达到7%的前五只证券,600162,香江控股
7,东莞证券股份有限公司南京分公司,,,37310439.5,0.02925267115,-37310439.5,有价格涨跌幅限制的日收盘价格跌幅偏离值达到7%的前五只证券,600162,香江控股
8,高盛(中国)证券有限责任公司上海浦东新区世纪大道证券营业部,,,18070826.0,0.014168150723,-18070826.0,有价格涨跌幅限制的日收盘价格跌幅偏离值达到7%的前五只证券,600162,香江控股
9,国信证券股份有限公司浙江互联网分公司,,,16241578.0,0.012733957213,-16241578.0,有价格涨跌幅限制的日收盘价格跌幅偏离值达到7%的前五只证券,600162,香江控股
10,东方财富证券股份有限公司山南香曲东路证券营业部,,,11639261.88,0.009125582672,-11639261.88,有价格涨跌幅限制的日收盘价格跌幅偏离值达到7%的前五只证券,600162,香江控股
1,东方财富证券股份有限公司拉萨团结路第二证券营业部,4346101.0,0.026074757508,,,4346101.0,ST、*ST证券连续三个交易日内收盘价格跌幅偏离值累计达到12%的证券,600180,*ST瑞茂
2,东亚前海证券有限责任公司上海分公司,3522097.0,0.021131083975,,,3522097.0,ST、*ST证券连续三个交易日内收盘价格跌幅偏离值累计达到12%的证券,600180,*ST瑞茂
3,华福证券股份有限公司南京胜太路证券营业部,2744428.0,0.016465400735,,,2744428.0,ST、*ST证券连续三个交易日内收盘价格跌幅偏离值累计达到12%的证券,600180,*ST瑞茂
4,东方财富证券股份有限公司山南香曲东路证券营业部,2720374.0,0.016321086966,,,2720374.0,ST、*ST证券连续三个交易日内收盘价格跌幅偏离值累计达到12%的证券,600180,*ST瑞茂
5,东方财富证券股份有限公司拉萨东环路第二证券营业部,2697151.0,0.016181758843,,,2697151.0,ST、*ST证券连续三个交易日内收盘价格跌幅偏离值累计达到12%的证券,600180,*ST瑞茂
1,东方财富证券股份有限公司拉萨团结路第二证券营业部,,,5951788.0,0.035708196575,-5951788.0,ST、*ST证券连续三个交易日内收盘价格跌幅偏离值累计达到12%的证券,600180,*ST瑞茂
2,东方财富证券股份有限公司拉萨东环路第二证券营业部,,,3563708.0,0.021380732277,-3563708.0,ST、*ST证券连续三个交易日内收盘价格跌幅偏离值累计达到12%的证券,600180,*ST瑞茂
3,东方财富证券股份有限公司山南香曲东路证券营业部,,,2993669.0,0.017960740727,-2993669.0,ST、*ST证券连续三个交易日内收盘价格跌幅偏离值累计达到12%的证券,600180,*ST瑞茂
4,东方财富证券股份有限公司拉萨金融城南环路证券营业部,,,2763853.0,0.016581942473,-2763853.0,ST、*ST证券连续三个交易日内收盘价格跌幅偏离值累计达到12%的证券,600180,*ST瑞茂
5,东方财富证券股份有限公司昌都两江大道证券营业部,,,2638706.0,0.015831113701,-2638706.0,ST、*ST证券连续三个交易日内收盘价格跌幅偏离值累计达到12%的证券,600180,*ST瑞茂
1,东方财富证券股份有限公司拉萨东环路第一证券营业部,737371.75,0.072816785396,,,737371.75,有价格涨跌幅限制的日收盘价格跌幅偏离值达到7%的前五只证券,600193,退市创兴
2,东方财富证券股份有限公司拉萨东环路第二证券营业部,500089.0,0.049384687428,,,500089.0,有价格涨跌幅限制的日收盘价格跌幅偏离值达到7%的前五只证券,600193,退市创兴
3,渤海证券股份有限公司北京西外大街证券营业部,331665.0,0.032752514764,,,331665.0,有价格涨跌幅限制的日收盘价格跌幅偏离值达到7%的前五只证券,600193,退市创兴
4,国新证券股份有限公司衡阳临江路证券营业部,309721.0,0.03058550533,,,309721.0,有价格涨跌幅限制的日收盘价格跌幅偏离值达到7%的前五只证券,600193,退市创兴
5,中国中金财富证券有限公司广州番禺东兴路证券营业部,300000.0,0.029625539111,,,300000.0,有价格涨跌幅限制的日收盘价格跌幅偏离值达到7%的前五只证券,600193,退市创兴
6,东方财富证券股份有限公司拉萨东环路第一证券营业部,737371.75,0.072816785396,,,737371.75,退市整理的证券,600193,退市创兴
7,东方财富证券股份有限公司拉萨东环路第二证券营业部,500089.0,0.049384687428,,,500089.0,退市整理的证券,600193,退市创兴
8,渤海证券股份有限公司北京西外大街证券营业部,331665.0,0.032752514764,,,331665.0,退市整理的证券,600193,退市创兴
9,国新证券股份有限公司衡阳临江路证券营业部,309721.0,0.03058550533,,,309721.0,退市整理的证券,600193,退市创兴
10,中国中金财富证券有限公司广州番禺东兴路证券营业部,300000.0,0.029625539111,,,300000.0,退市整理的证券,600193,退市创兴
11,东方财富证券股份有限公司拉萨东环路第一证券营业部,777163.75,0.048238367118,,,777163.75,非ST、*ST和S证券连续三个交易日内收盘价格跌幅偏离值累计达到20%的证券,600193,退市创兴
12,东方财富证券股份有限公司拉萨东环路第二证券营业部,657206.0,0.040792618416,,,657206.0,非ST、*ST和S证券连续三个交易日内收盘价格跌幅偏离值累计达到20%的证券,600193,退市创兴
13,渤海证券股份有限公司北京西外大街证券营业部,331665.0,0.020586366812,,,331665.0,非ST、*ST和S证券连续三个交易日内收盘价格跌幅偏离值累计达到20%的证券,600193,退市创兴
14,国信证券股份有限公司福州五一中路证券营业部,326140.0,0.02024343139,,,326140.0,非ST、*ST和S证券连续三个交易日内收盘价格跌幅偏离值累计达到20%的证券,600193,退市创兴
15,中信建投证券股份有限公司北京望京证券营业部,319985.0,0.01986139202,,,319985.0,非ST、*ST和S证券连续三个交易日内收盘价格跌幅偏离值累计达到20%的证券,600193,退市创兴
1,国信证券股份有限公司浙江分公司,,,1231875.0,0.121649869974,-1231875.0,有价格涨跌幅限制的日收盘价格跌幅偏离值达到7%的前五只证券,600193,退市创兴
2,信达证券股份有限公司抚顺临江东路证券营业部,,,544950.0,0.053814791795,-544950.0,有价格涨跌幅限制的日收盘价格跌幅偏离值达到7%的前五只证券,600193,退市创兴
3,中国中金财富证券有限公司广州科学大道证券营业部,,,300000.0,0.029625539111,-300000.0,有价格涨跌幅限制的日收盘价格跌幅偏离值达到7%的前五只证券,600193,退市创兴
4,国金证券股份有限公司上海互联网证券分公司,,,261452.52,0.02581890619,-261452.52,有价格涨跌幅限制的日收盘价格跌幅偏离值达到7%的前五只证券,600193,退市创兴
5,华泰证券股份有限公司宁波柳汀街证券营业部,,,257296.0,0.02540844237,-257296.0,有价格涨跌幅限制的日收盘价格跌幅偏离值达到7%的前五只证券,600193,退市创兴
6,国信证券股份有限公司浙江分公司,,,1231875.0,0.121649869974,-1231875.0,退市整理的证券,600193,退市创兴
7,信达证券股份有限公司抚顺临江东路证券营业部,,,544950.0,0.053814791795,-544950.0,退市整理的证券,600193,退市创兴
8,中国中金财富证券有限公司广州科学大道证券营业部,,,300000.0,0.029625539111,-300000.0,退市整理的证券,600193,退市创兴
9,国金证券股份有限公司上海互联网证券分公司,,,261452.52,0.02581890619,-261452.52,退市整理的证券,600193,退市创兴
10,华泰证券股份有限公司宁波柳汀街证券营业部,,,257296.0,0.02540844237,-257296.0,退市整理的证券,600193,退市创兴
11,国信证券股份有限公司浙江分公司,,,1231892.0,0.076463240271,-1231892.0,非ST、*ST和S证券连续三个交易日内收盘价格跌幅偏离值累计达到20%的证券,600193,退市创兴
12,东方财富证券股份有限公司拉萨东环路第二证券营业部,,,566975.74,0.035192047871,-566975.74,非ST、*ST和S证券连续三个交易日内收盘价格跌幅偏离值累计达到20%的证券,600193,退市创兴
13,信达证券股份有限公司抚顺临江东路证券营业部,,,544950.0,0.033824915484,-544950.0,非ST、*ST和S证券连续三个交易日内收盘价格跌幅偏离值累计达到20%的证券,600193,退市创兴
14,东方财富证券股份有限公司拉萨东环路第一证券营业部,,,472760.0,0.02934409954,-472760.0,非ST、*ST和S证券连续三个交易日内收盘价格跌幅偏离值累计达到20%的证券,600193,退市创兴
15,申万宏源证券有限公司上海浦东新区川沙路证券营业部,,,409200.0,0.025398945621,-409200.0,非ST、*ST和S证券连续三个交易日内收盘价格跌幅偏离值累计达到20%的证券,600193,退市创兴
1,东方财富证券股份有限公司拉萨东环路第一证券营业部,737371.75,0.072816785396,,,737371.75,有价格涨跌幅限制的日收盘价格跌幅偏离值达到7%的前五只证券,600193,退市创兴
2,东方财富证券股份有限公司拉萨东环路第二证券营业部,500089.0,0.049384687428,,,500089.0,有价格涨跌幅限制的日收盘价格跌幅偏离值达到7%的前五只证券,600193,退市创兴
3,渤海证券股份有限公司北京西外大街证券营业部,331665.0,0.032752514764,,,331665.0,有价格涨跌幅限制的日收盘价格跌幅偏离值达到7%的前五只证券,600193,退市创兴
4,国新证券股份有限公司衡阳临江路证券营业部,309721.0,0.03058550533,,,309721.0,有价格涨跌幅限制的日收盘价格跌幅偏离值达到7%的前五只证券,600193,退市创兴
5,中国中金财富证券有限公司广州番禺东兴路证券营业部,300000.0,0.029625539111,,,300000.0,有价格涨跌幅限制的日收盘价格跌幅偏离值达到7%的前五只证券,600193,退市创兴
6,东方财富证券股份有限公司拉萨东环路第一证券营业部,737371.75,0.072816785396,,,737371.75,退市整理的证券,600193,退市创兴
7,东方财富证券股份有限公司拉萨东环路第二证券营业部,500089.0,0.049384687428,,,500089.0,退市整理的证券,600193,退市创兴
8,渤海证券股份有限公司北京西外大街证券营业部,331665.0,0.032752514764,,,331665.0,退市整理的证券,600193,退市创兴
9,国新证券股份有限公司衡阳临江路证券营业部,309721.0,0.03058550533,,,309721.0,退市整理的证券,600193,退市创兴
10,中国中金财富证券有限公司广州番禺东兴路证券营业部,300000.0,0.029625539111,,,300000.0,退市整理的证券,600193,退市创兴
11,东方财富证券股份有限公司拉萨东环路第一证券营业部,777163.75,0.048238367118,,,777163.75,非ST、*ST和S证券连续三个交易日内收盘价格跌幅偏离值累计达到20%的证券,600193,退市创兴
12,东方财富证券股份有限公司拉萨东环路第二证券营业部,657206.0,0.040792618416,,,657206.0,非ST、*ST和S证券连续三个交易日内收盘价格跌幅偏离值累计达到20%的证券,600193,退市创兴
13,渤海证券股份有限公司北京西外大街证券营业部,331665.0,0.020586366812,,,331665.0,非ST、*ST和S证券连续三个交易日内收盘价格跌幅偏离值累计达到20%的证券,600193,退市创兴
14,国信证券股份有限公司福州五一中路证券营业部,326140.0,0.02024343139,,,326140.0,非ST、*ST和S证券连续三个交易日内收盘价格跌幅偏离值累计达到20%的证券,600193,退市创兴
15,中信建投证券股份有限公司北京望京证券营业部,319985.0,0.01986139202,,,319985.0,非ST、*ST和S证券连续三个交易日内收盘价格跌幅偏离值累计达到20%的证券,600193,退市创兴
1,国信证券股份有限公司浙江分公司,,,1231875.0,0.121649869974,-1231875.0,有价格涨跌幅限制的日收盘价格跌幅偏离值达到7%的前五只证券,600193,退市创兴
2,信达证券股份有限公司抚顺临江东路证券营业部,,,544950.0,0.053814791795,-544950.0,有价格涨跌幅限制的日收盘价格跌幅偏离值达到7%的前五只证券,600193,退市创兴
3,中国中金财富证券有限公司广州科学大道证券营业部,,,300000.0,0.029625539111,-300000.0,有价格涨跌幅限制的日收盘价格跌幅偏离值达到7%的前五只证券,600193,退市创兴
4,国金证券股份有限公司上海互联网证券分公司,,,261452.52,0.02581890619,-261452.52,有价格涨跌幅限制的日收盘价格跌幅偏离值达到7%的前五只证券,600193,退市创兴
5,华泰证券股份有限公司宁波柳汀街证券营业部,,,257296.0,0.02540844237,-257296.0,有价格涨跌幅限制的日收盘价格跌幅偏离值达到7%的前五只证券,600193,退市创兴
6,国信证券股份有限公司浙江分公司,,,1231875.0,0.121649869974,-1231875.0,退市整理的证券,600193,退市创兴
7,信达证券股份有限公司抚顺临江东路证券营业部,,,544950.0,0.053814791795,-544950.0,退市整理的证券,600193,退市创兴
8,中国中金财富证券有限公司广州科学大道证券营业部,,,300000.0,0.029625539111,-300000.0,退市整理的证券,600193,退市创兴
9,国金证券股份有限公司上海互联网证券分公司,,,261452.52,0.02581890619,-261452.52,退市整理的证券,600193,退市创兴
10,华泰证券股份有限公司宁波柳汀街证券营业部,,,257296.0,0.02540844237,-257296.0,退市整理的证券,600193,退市创兴
11,国信证券股份有限公司浙江分公司,,,1231892.0,0.076463240271,-1231892.0,非ST、*ST和S证券连续三个交易日内收盘价格跌幅偏离值累计达到20%的证券,600193,退市创兴
12,东方财富证券股份有限公司拉萨东环路第二证券营业部,,,566975.74,0.035192047871,-566975.74,非ST、*ST和S证券连续三个交易日内收盘价格跌幅偏离值累计达到20%的证券,600193,退市创兴
13,信达证券股份有限公司抚顺临江东路证券营业部,,,544950.0,0.033824915484,-544950.0,非ST、*ST和S证券连续三个交易日内收盘价格跌幅偏离值累计达到20%的证券,600193,退市创兴
14,东方财富证券股份有限公司拉萨东环路第一证券营业部,,,472760.0,0.02934409954,-472760.0,非ST、*ST和S证券连续三个交易日内收盘价格跌幅偏离值累计达到20%的证券,600193,退市创兴
15,申万宏源证券有限公司上海浦东新区川沙路证券营业部,,,409200.0,0.025398945621,-409200.0,非ST、*ST和S证券连续三个交易日内收盘价格跌幅偏离值累计达到20%的证券,600193,退市创兴
1,东方财富证券股份有限公司拉萨东环路第一证券营业部,737371.75,0.072816785396,,,737371.75,有价格涨跌幅限制的日收盘价格跌幅偏离值达到7%的前五只证券,600193,退市创兴
2,东方财富证券股份有限公司拉萨东环路第二证券营业部,500089.0,0.049384687428,,,500089.0,有价格涨跌幅限制的日收盘价格跌幅偏离值达到7%的前五只证券,600193,退市创兴
3,渤海证券股份有限公司北京西外大街证券营业部,331665.0,0.032752514764,,,331665.0,有价格涨跌幅限制的日收盘价格跌幅偏离值达到7%的前五只证券,600193,退市创兴
4,国新证券股份有限公司衡阳临江路证券营业部,309721.0,0.03058550533,,,309721.0,有价格涨跌幅限制的日收盘价格跌幅偏离值达到7%的前五只证券,600193,退市创兴
5,中国中金财富证券有限公司广州番禺东兴路证券营业部,300000.0,0.029625539111,,,300000.0,有价格涨跌幅限制的日收盘价格跌幅偏离值达到7%的前五只证券,600193,退市创兴
6,东方财富证券股份有限公司拉萨东环路第一证券营业部,737371.75,0.072816785396,,,737371.75,退市整理的证券,600193,退市创兴
7,东方财富证券股份有限公司拉萨东环路第二证券营业部,500089.0,0.049384687428,,,500089.0,退市整理的证券,600193,退市创兴
8,渤海证券股份有限公司北京西外大街证券营业部,331665.0,0.032752514764,,,331665.0,退市整理的证券,600193,退市创兴
9,国新证券股份有限公司衡阳临江路证券营业部,309721.0,0.03058550533,,,309721.0,退市整理的证券,600193,退市创兴
10,中国中金财富证券有限公司广州番禺东兴路证券营业部,300000.0,0.029625539111,,,300000.0,退市整理的证券,600193,退市创兴
11,东方财富证券股份有限公司拉萨东环路第一证券营业部,777163.75,0.048238367118,,,777163.75,非ST、*ST和S证券连续三个交易日内收盘价格跌幅偏离值累计达到20%的证券,600193,退市创兴
12,东方财富证券股份有限公司拉萨东环路第二证券营业部,657206.0,0.040792618416,,,657206.0,非ST、*ST和S证券连续三个交易日内收盘价格跌幅偏离值累计达到20%的证券,600193,退市创兴
13,渤海证券股份有限公司北京西外大街证券营业部,331665.0,0.020586366812,,,331665.0,非ST、*ST和S证券连续三个交易日内收盘价格跌幅偏离值累计达到20%的证券,600193,退市创兴
14,国信证券股份有限公司福州五一中路证券营业部,326140.0,0.02024343139,,,326140.0,非ST、*ST和S证券连续三个交易日内收盘价格跌幅偏离值累计达到20%的证券,600193,退市创兴
15,中信建投证券股份有限公司北京望京证券营业部,319985.0,0.01986139202,,,319985.0,非ST、*ST和S证券连续三个交易日内收盘价格跌幅偏离值累计达到20%的证券,600193,退市创兴
1,国信证券股份有限公司浙江分公司,,,1231875.0,0.121649869974,-1231875.0,有价格涨跌幅限制的日收盘价格跌幅偏离值达到7%的前五只证券,600193,退市创兴
2,信达证券股份有限公司抚顺临江东路证券营业部,,,544950.0,0.053814791795,-544950.0,有价格涨跌幅限制的日收盘价格跌幅偏离值达到7%的前五只证券,600193,退市创兴
3,中国中金财富证券有限公司广州科学大道证券营业部,,,300000.0,0.029625539111,-300000.0,有价格涨跌幅限制的日收盘价格跌幅偏离值达到7%的前五只证券,600193,退市创兴
4,国金证券股份有限公司上海互联网证券分公司,,,261452.52,0.02581890619,-261452.52,有价格涨跌幅限制的日收盘价格跌幅偏离值达到7%的前五只证券,600193,退市创兴
5,华泰证券股份有限公司宁波柳汀街证券营业部,,,257296.0,0.02540844237,-257296.0,有价格涨跌幅限制的日收盘价格跌幅偏离值达到7%的前五只证券,600193,退市创兴
6,国信证券股份有限公司浙江分公司,,,1231875.0,0.121649869974,-1231875.0,退市整理的证券,600193,退市创兴
7,信达证券股份有限公司抚顺临江东路证券营业部,,,544950.0,0.053814791795,-544950.0,退市整理的证券,600193,退市创兴
8,中国中金财富证券有限公司广州科学大道证券营业部,,,300000.0,0.029625539111,-300000.0,退市整理的证券,600193,退市创兴
9,国金证券股份有限公司上海互联网证券分公司,,,261452.52,0.02581890619,-261452.52,退市整理的证券,600193,退市创兴
10,华泰证券股份有限公司宁波柳汀街证券营业部,,,257296.0,0.02540844237,-257296.0,退市整理的证券,600193,退市创兴
11,国信证券股份有限公司浙江分公司,,,1231892.0,0.076463240271,-1231892.0,非ST、*ST和S证券连续三个交易日内收盘价格跌幅偏离值累计达到20%的证券,600193,退市创兴
12,东方财富证券股份有限公司拉萨东环路第二证券营业部,,,566975.74,0.035192047871,-566975.74,非ST、*ST和S证券连续三个交易日内收盘价格跌幅偏离值累计达到20%的证券,600193,退市创兴
13,信达证券股份有限公司抚顺临江东路证券营业部,,,544950.0,0.033824915484,-544950.0,非ST、*ST和S证券连续三个交易日内收盘价格跌幅偏离值累计达到20%的证券,600193,退市创兴
14,东方财富证券股份有限公司拉萨东环路第一证券营业部,,,472760.0,0.02934409954,-472760.0,非ST、*ST和S证券连续三个交易日内收盘价格跌幅偏离值累计达到20%的证券,600193,退市创兴
15,申万宏源证券有限公司上海浦东新区川沙路证券营业部,,,409200.0,0.025398945621,-409200.0,非ST、*ST和S证券连续三个交易日内收盘价格跌幅偏离值累计达到20%的证券,600193,退市创兴
1,方正证券股份有限公司温岭安平东路证券营业部,9471463.0,0.083226686505,,,9471463.0,有价格涨跌幅限制的日收盘价格涨幅偏离值达到7%的前五只证券,600229,城市传媒
2,华鑫证券有限责任公司绍兴胜利东路证券营业部,7865403.0,0.0691140777,,,7865403.0,有价格涨跌幅限制的日收盘价格涨幅偏离值达到7%的前五只证券,600229,城市传媒
3,东北证券股份有限公司武汉香港路证券营业部,6714369.0,0.058999827571,,,6714369.0,有价格涨跌幅限制的日收盘价格涨幅偏离值达到7%的前五只证券,600229,城市传媒
4,国金证券股份有限公司上海静安区南京西路证券营业部,5592990.0,0.049146158873,,,5592990.0,有价格涨跌幅限制的日收盘价格涨幅偏离值达到7%的前五只证券,600229,城市传媒
5,开源证券股份有限公司西安西大街证券营业部,4844539.0,0.042569445567,,,4844539.0,有价格涨跌幅限制的日收盘价格涨幅偏离值达到7%的前五只证券,600229,城市传媒
1,招商证券股份有限公司北京西直门北大街证券营业部,,,18573900.0,0.16321070488,-18573900.0,有价格涨跌幅限制的日收盘价格涨幅偏离值达到7%的前五只证券,600229,城市传媒
2,沪股通专用,,,6553451.0,0.057585825115,-6553451.0,有价格涨跌幅限制的日收盘价格涨幅偏离值达到7%的前五只证券,600229,城市传媒
3,机构专用,,,5393174.0,0.047390355826,-5393174.0,有价格涨跌幅限制的日收盘价格涨幅偏离值达到7%的前五只证券,600229,城市传媒
4,机构专用,,,5067070.26,0.04452484986,-5067070.26,有价格涨跌幅限制的日收盘价格涨幅偏离值达到7%的前五只证券,600229,城市传媒
5,申万宏源证券有限公司上海浦东新区陆家嘴环路证券营业部,,,4410408.0,0.038754693333,-4410408.0,有价格涨跌幅限制的日收盘价格涨幅偏离值达到7%的前五只证券,600229,城市传媒
1,沪股通专用,74132558.58,0.059346548319,,,74132558.58,有价格涨跌幅限制的日收盘价格跌幅偏离值达到7%的前五只证券,600255,鑫科材料
2,瑞银证券有限责任公司上海花园石桥路证券营业部,31879205.89,0.025520781543,,,31879205.89,有价格涨跌幅限制的日收盘价格跌幅偏离值达到7%的前五只证券,600255,鑫科材料
3,中信证券股份有限公司上海分公司,22533042.16,0.018038744392,,,22533042.16,有价格涨跌幅限制的日收盘价格跌幅偏离值达到7%的前五只证券,600255,鑫科材料
4,国泰海通证券股份有限公司总部,16530673.73,0.013233570324,,,16530673.73,有价格涨跌幅限制的日收盘价格跌幅偏离值达到7%的前五只证券,600255,鑫科材料
5,高盛(中国)证券有限责任公司上海浦东新区世纪大道证券营业部,14362228.0,0.011497629035,,,14362228.0,有价格涨跌幅限制的日收盘价格跌幅偏离值达到7%的前五只证券,600255,鑫科材料
1,沪股通专用,,,46678287.76,0.037368132344,-46678287.76,有价格涨跌幅限制的日收盘价格跌幅偏离值达到7%的前五只证券,600255,鑫科材料
2,国泰海通证券股份有限公司总部,,,21271624.54,0.017028921135,-21271624.54,有价格涨跌幅限制的日收盘价格跌幅偏离值达到7%的前五只证券,600255,鑫科材料
3,中信证券股份有限公司上海分公司,,,14884884.05,0.011916039422,-14884884.05,有价格涨跌幅限制的日收盘价格跌幅偏离值达到7%的前五只证券,600255,鑫科材料
4,东方财富证券股份有限公司拉萨金融城南环路证券营业部,,,14077761.99,0.011269900812,-14077761.99,有价格涨跌幅限制的日收盘价格跌幅偏离值达到7%的前五只证券,600255,鑫科材料
5,国泰海通证券股份有限公司南京金融城证券营业部,,,12125176.0,0.009706765248,-12125176.0,有价格涨跌幅限制的日收盘价格跌幅偏离值达到7%的前五只证券,600255,鑫科材料
1,沪股通专用,26070888.02,0.0414497058,,,26070888.02,非ST、*ST和S证券连续三个交易日内收盘价格跌幅偏离值累计达到20%的证券,600279,重庆港
2,机构专用,18982193.5,0.030179498888,,,18982193.5,非ST、*ST和S证券连续三个交易日内收盘价格跌幅偏离值累计达到20%的证券,600279,重庆港
3,华泰证券股份有限公司广州云城东路证券营业部,16662212.0,0.026490995813,,,16662212.0,非ST、*ST和S证券连续三个交易日内收盘价格跌幅偏离值累计达到20%的证券,600279,重庆港
4,广发证券股份有限公司北京太阳宫证券营业部,10375102.0,0.01649521586,,,10375102.0,非ST、*ST和S证券连续三个交易日内收盘价格跌幅偏离值累计达到20%的证券,600279,重庆港
5,高盛(中国)证券有限责任公司上海浦东新区世纪大道证券营业部,8632106.6,0.013724054153,,,8632106.6,非ST、*ST和S证券连续三个交易日内收盘价格跌幅偏离值累计达到20%的证券,600279,重庆港
1,沪股通专用,,,36413728.7,0.057893629881,-36413728.7,非ST、*ST和S证券连续三个交易日内收盘价格跌幅偏离值累计达到20%的证券,600279,重庆港
2,华泰证券股份有限公司上海黄浦区来福士广场证券营业部,,,18723171.03,0.029767683028,-18723171.03,非ST、*ST和S证券连续三个交易日内收盘价格跌幅偏离值累计达到20%的证券,600279,重庆港
3,高盛(中国)证券有限责任公司上海浦东新区世纪大道证券营业部,,,13769451.0,0.021891839378,-13769451.0,非ST、*ST和S证券连续三个交易日内收盘价格跌幅偏离值累计达到20%的证券,600279,重庆港
4,中信证券股份有限公司深圳深南中路中信大厦证券营业部,,,12846532.0,0.020424504587,-12846532.0,非ST、*ST和S证券连续三个交易日内收盘价格跌幅偏离值累计达到20%的证券,600279,重庆港
5,国泰海通证券股份有限公司总部,,,12514703.34,0.01989693528,-12514703.34,非ST、*ST和S证券连续三个交易日内收盘价格跌幅偏离值累计达到20%的证券,600279,重庆港
1,平安证券股份有限公司上海分公司,298588.0,0.076698926377,,,298588.0,退市整理的证券,600421,退市华嵘
2,东吴证券股份有限公司苏州相城大道证券营业部,280017.0,0.071928554622,,,280017.0,退市整理的证券,600421,退市华嵘
3,国信证券股份有限公司北京国贸证券营业部,223398.0,0.057384713233,,,223398.0,退市整理的证券,600421,退市华嵘
4,东方财富证券股份有限公司拉萨金融城南环路证券营业部,178893.0,0.045952620455,,,178893.0,退市整理的证券,600421,退市华嵘
5,中信建投证券股份有限公司佛山顺德东乐路证券营业部,167913.0,0.043132164805,,,167913.0,退市整理的证券,600421,退市华嵘
6,东方财富证券股份有限公司拉萨东环路第二证券营业部,944855.0,0.072750406637,,,944855.0,非ST、*ST和S证券连续三个交易日内收盘价格跌幅偏离值累计达到20%的证券,600421,退市华嵘
7,平安证券股份有限公司上海分公司,526016.0,0.040501323375,,,526016.0,非ST、*ST和S证券连续三个交易日内收盘价格跌幅偏离值累计达到20%的证券,600421,退市华嵘
8,东方财富证券股份有限公司拉萨金融城南环路证券营业部,466280.0,0.035901868124,,,466280.0,非ST、*ST和S证券连续三个交易日内收盘价格跌幅偏离值累计达到20%的证券,600421,退市华嵘
9,东方财富证券股份有限公司拉萨达孜区虎峰大道证券营业部,455000.0,0.035033349053,,,455000.0,非ST、*ST和S证券连续三个交易日内收盘价格跌幅偏离值累计达到20%的证券,600421,退市华嵘
10,国泰海通证券股份有限公司哈尔滨兴江路证券营业部,353500.0,0.027218217342,,,353500.0,非ST、*ST和S证券连续三个交易日内收盘价格跌幅偏离值累计达到20%的证券,600421,退市华嵘
1,华泰证券股份有限公司上海武定路证券营业部,,,1519713.4,0.39037197135,-1519713.4,退市整理的证券,600421,退市华嵘
2,东方财富证券股份有限公司拉萨团结路第一证券营业部,,,139407.21,0.035809822686,-139407.21,退市整理的证券,600421,退市华嵘
3,东莞证券股份有限公司珠海人民东路证券营业部,,,135000.0,0.034677733402,-135000.0,退市整理的证券,600421,退市华嵘
4,广发证券股份有限公司东莞虎门证券营业部,,,126846.0,0.032583198304,-126846.0,退市整理的证券,600421,退市华嵘
5,中原证券股份有限公司南阳分公司,,,124524.0,0.03198674129,-124524.0,退市整理的证券,600421,退市华嵘
6,华泰证券股份有限公司上海武定路证券营业部,,,2323163.8,0.178875183107,-2323163.8,非ST、*ST和S证券连续三个交易日内收盘价格跌幅偏离值累计达到20%的证券,600421,退市华嵘
7,国信证券股份有限公司深圳泰然九路证券营业部,,,1507469.82,0.116069706355,-1507469.82,非ST、*ST和S证券连续三个交易日内收盘价格跌幅偏离值累计达到20%的证券,600421,退市华嵘
8,中国银河证券股份有限公司营口金牛山大街证券营业部,,,520021.6,0.040039776326,-520021.6,非ST、*ST和S证券连续三个交易日内收盘价格跌幅偏离值累计达到20%的证券,600421,退市华嵘
9,东方财富证券股份有限公司拉萨东环路第二证券营业部,,,444267.1,0.034206954697,-444267.1,非ST、*ST和S证券连续三个交易日内收盘价格跌幅偏离值累计达到20%的证券,600421,退市华嵘
10,中国中金财富证券有限公司绵阳市证券营业部,,,417305.0,0.032130970828,-417305.0,非ST、*ST和S证券连续三个交易日内收盘价格跌幅偏离值累计达到20%的证券,600421,退市华嵘
1,平安证券股份有限公司上海分公司,298588.0,0.076698926377,,,298588.0,退市整理的证券,600421,退市华嵘
2,东吴证券股份有限公司苏州相城大道证券营业部,280017.0,0.071928554622,,,280017.0,退市整理的证券,600421,退市华嵘
3,国信证券股份有限公司北京国贸证券营业部,223398.0,0.057384713233,,,223398.0,退市整理的证券,600421,退市华嵘
4,东方财富证券股份有限公司拉萨金融城南环路证券营业部,178893.0,0.045952620455,,,178893.0,退市整理的证券,600421,退市华嵘
5,中信建投证券股份有限公司佛山顺德东乐路证券营业部,167913.0,0.043132164805,,,167913.0,退市整理的证券,600421,退市华嵘
6,东方财富证券股份有限公司拉萨东环路第二证券营业部,944855.0,0.072750406637,,,944855.0,非ST、*ST和S证券连续三个交易日内收盘价格跌幅偏离值累计达到20%的证券,600421,退市华嵘
7,平安证券股份有限公司上海分公司,526016.0,0.040501323375,,,526016.0,非ST、*ST和S证券连续三个交易日内收盘价格跌幅偏离值累计达到20%的证券,600421,退市华嵘
8,东方财富证券股份有限公司拉萨金融城南环路证券营业部,466280.0,0.035901868124,,,466280.0,非ST、*ST和S证券连续三个交易日内收盘价格跌幅偏离值累计达到20%的证券,600421,退市华嵘
9,东方财富证券股份有限公司拉萨达孜区虎峰大道证券营业部,455000.0,0.035033349053,,,455000.0,非ST、*ST和S证券连续三个交易日内收盘价格跌幅偏离值累计达到20%的证券,600421,退市华嵘
10,国泰海通证券股份有限公司哈尔滨兴江路证券营业部,353500.0,0.027218217342,,,353500.0,非ST、*ST和S证券连续三个交易日内收盘价格跌幅偏离值累计达到20%的证券,600421,退市华嵘
1,华泰证券股份有限公司上海武定路证券营业部,,,1519713.4,0.39037197135,-1519713.4,退市整理的证券,600421,退市华嵘
2,东方财富证券股份有限公司拉萨团结路第一证券营业部,,,139407.21,0.035809822686,-139407.21,退市整理的证券,600421,退市华嵘
3,东莞证券股份有限公司珠海人民东路证券营业部,,,135000.0,0.034677733402,-135000.0,退市整理的证券,600421,退市华嵘
4,广发证券股份有限公司东莞虎门证券营业部,,,126846.0,0.032583198304,-126846.0,退市整理的证券,600421,退市华嵘
5,中原证券股份有限公司南阳分公司,,,124524.0,0.03198674129,-124524.0,退市整理的证券,600421,退市华嵘
6,华泰证券股份有限公司上海武定路证券营业部,,,2323163.8,0.178875183107,-2323163.8,非ST、*ST和S证券连续三个交易日内收盘价格跌幅偏离值累计达到20%的证券,600421,退市华嵘
7,国信证券股份有限公司深圳泰然九路证券营业部,,,1507469.82,0.116069706355,-1507469.82,非ST、*ST和S证券连续三个交易日内收盘价格跌幅偏离值累计达到20%的证券,600421,退市华嵘
8,中国银河证券股份有限公司营口金牛山大街证券营业部,,,520021.6,0.040039776326,-520021.6,非ST、*ST和S证券连续三个交易日内收盘价格跌幅偏离值累计达到20%的证券,600421,退市华嵘
9,东方财富证券股份有限公司拉萨东环路第二证券营业部,,,444267.1,0.034206954697,-444267.1,非ST、*ST和S证券连续三个交易日内收盘价格跌幅偏离值累计达到20%的证券,600421,退市华嵘
10,中国中金财富证券有限公司绵阳市证券营业部,,,417305.0,0.032130970828,-417305.0,非ST、*ST和S证券连续三个交易日内收盘价格跌幅偏离值累计达到20%的证券,600421,退市华嵘
1,华泰证券股份有限公司扬州文昌中路证券营业部,21484000.0,0.104329549055,,,21484000.0,有价格涨跌幅限制的日收盘价格涨幅偏离值达到7%的前五只证券,600500,中化国际
2,国投证券股份有限公司深圳红荔西路证券营业部,16817780.0,0.081669679925,,,16817780.0,有价格涨跌幅限制的日收盘价格涨幅偏离值达到7%的前五只证券,600500,中化国际
3,国信证券股份有限公司厦门湖滨北路证券营业部,14364150.0,0.069754482036,,,14364150.0,有价格涨跌幅限制的日收盘价格涨幅偏离值达到7%的前五只证券,600500,中化国际
4,华泰证券股份有限公司成都锦晖西二街证券营业部,13494965.0,0.065533588389,,,13494965.0,有价格涨跌幅限制的日收盘价格涨幅偏离值达到7%的前五只证券,600500,中化国际
5,招商证券股份有限公司深圳科技园高新南一道证券营业部,5465975.0,0.026543600209,,,5465975.0,有价格涨跌幅限制的日收盘价格涨幅偏离值达到7%的前五只证券,600500,中化国际
6,国泰海通证券股份有限公司成都北一环路证券营业部,100898872.0,0.225559393998,,,100898872.0,非ST、*ST和S证券连续三个交易日内收盘价格涨幅偏离值累计达到20%的证券,600500,中化国际
7,开源证券股份有限公司西安太华路证券营业部,35432196.45,0.079208663099,,,35432196.45,非ST、*ST和S证券连续三个交易日内收盘价格涨幅偏离值累计达到20%的证券,600500,中化国际
8,华泰证券股份有限公司扬州文昌中路证券营业部,21484000.0,0.048027474684,,,21484000.0,非ST、*ST和S证券连续三个交易日内收盘价格涨幅偏离值累计达到20%的证券,600500,中化国际
9,东方财富证券股份有限公司上海东方路证券营业部,17837455.0,0.039875624578,,,17837455.0,非ST、*ST和S证券连续三个交易日内收盘价格涨幅偏离值累计达到20%的证券,600500,中化国际
10,国投证券股份有限公司深圳红荔西路证券营业部,16817780.0,0.037596141463,,,16817780.0,非ST、*ST和S证券连续三个交易日内收盘价格涨幅偏离值累计达到20%的证券,600500,中化国际
1,中信证券(山东)有限责任公司青岛分公司,,,18019639.5,0.087506091192,-18019639.5,有价格涨跌幅限制的日收盘价格涨幅偏离值达到7%的前五只证券,600500,中化国际
2,德邦证券股份有限公司福建分公司,,,18012500.0,0.087471420701,-18012500.0,有价格涨跌幅限制的日收盘价格涨幅偏离值达到7%的前五只证券,600500,中化国际
3,申万宏源证券有限公司深圳市深圳湾一号证券营业部,,,6877500.0,0.033398178813,-6877500.0,有价格涨跌幅限制的日收盘价格涨幅偏离值达到7%的前五只证券,600500,中化国际
4,东方证券股份有限公司沈阳市府大路证券营业部,,,6550000.0,0.031807789346,-6550000.0,有价格涨跌幅限制的日收盘价格涨幅偏离值达到7%的前五只证券,600500,中化国际
5,国投证券股份有限公司揭阳普宁南华路证券营业部,,,6549345.0,0.031804608567,-6549345.0,有价格涨跌幅限制的日收盘价格涨幅偏离值达到7%的前五只证券,600500,中化国际
6,沪股通专用,,,26743580.0,0.059785263983,-26743580.0,非ST、*ST和S证券连续三个交易日内收盘价格涨幅偏离值累计达到20%的证券,600500,中化国际
7,中信证券(山东)有限责任公司青岛分公司,,,21298089.5,0.047611871825,-21298089.5,非ST、*ST和S证券连续三个交易日内收盘价格涨幅偏离值累计达到20%的证券,600500,中化国际
8,德邦证券股份有限公司福建分公司,,,18021425.0,0.040286889451,-18021425.0,非ST、*ST和S证券连续三个交易日内收盘价格涨幅偏离值累计达到20%的证券,600500,中化国际
9,高盛(中国)证券有限责任公司上海浦东新区世纪大道证券营业部,,,15492265.0,0.034632953132,-15492265.0,非ST、*ST和S证券连续三个交易日内收盘价格涨幅偏离值累计达到20%的证券,600500,中化国际
10,东方证券股份有限公司沈阳市府大路证券营业部,,,11607500.0,0.025948562297,-11607500.0,非ST、*ST和S证券连续三个交易日内收盘价格涨幅偏离值累计达到20%的证券,600500,中化国际
1,华泰证券股份有限公司扬州文昌中路证券营业部,21484000.0,0.104329549055,,,21484000.0,有价格涨跌幅限制的日收盘价格涨幅偏离值达到7%的前五只证券,600500,中化国际
2,国投证券股份有限公司深圳红荔西路证券营业部,16817780.0,0.081669679925,,,16817780.0,有价格涨跌幅限制的日收盘价格涨幅偏离值达到7%的前五只证券,600500,中化国际
3,国信证券股份有限公司厦门湖滨北路证券营业部,14364150.0,0.069754482036,,,14364150.0,有价格涨跌幅限制的日收盘价格涨幅偏离值达到7%的前五只证券,600500,中化国际
4,华泰证券股份有限公司成都锦晖西二街证券营业部,13494965.0,0.065533588389,,,13494965.0,有价格涨跌幅限制的日收盘价格涨幅偏离值达到7%的前五只证券,600500,中化国际
5,招商证券股份有限公司深圳科技园高新南一道证券营业部,5465975.0,0.026543600209,,,5465975.0,有价格涨跌幅限制的日收盘价格涨幅偏离值达到7%的前五只证券,600500,中化国际
6,国泰海通证券股份有限公司成都北一环路证券营业部,100898872.0,0.225559393998,,,100898872.0,非ST、*ST和S证券连续三个交易日内收盘价格涨幅偏离值累计达到20%的证券,600500,中化国际
7,开源证券股份有限公司西安太华路证券营业部,35432196.45,0.079208663099,,,35432196.45,非ST、*ST和S证券连续三个交易日内收盘价格涨幅偏离值累计达到20%的证券,600500,中化国际
8,华泰证券股份有限公司扬州文昌中路证券营业部,21484000.0,0.048027474684,,,21484000.0,非ST、*ST和S证券连续三个交易日内收盘价格涨幅偏离值累计达到20%的证券,600500,中化国际
9,东方财富证券股份有限公司上海东方路证券营业部,17837455.0,0.039875624578,,,17837455.0,非ST、*ST和S证券连续三个交易日内收盘价格涨幅偏离值累计达到20%的证券,600500,中化国际
10,国投证券股份有限公司深圳红荔西路证券营业部,16817780.0,0.037596141463,,,16817780.0,非ST、*ST和S证券连续三个交易日内收盘价格涨幅偏离值累计达到20%的证券,600500,中化国际
1,中信证券(山东)有限责任公司青岛分公司,,,18019639.5,0.087506091192,-18019639.5,有价格涨跌幅限制的日收盘价格涨幅偏离值达到7%的前五只证券,600500,中化国际
2,德邦证券股份有限公司福建分公司,,,18012500.0,0.087471420701,-18012500.0,有价格涨跌幅限制的日收盘价格涨幅偏离值达到7%的前五只证券,600500,中化国际
3,申万宏源证券有限公司深圳市深圳湾一号证券营业部,,,6877500.0,0.033398178813,-6877500.0,有价格涨跌幅限制的日收盘价格涨幅偏离值达到7%的前五只证券,600500,中化国际
4,东方证券股份有限公司沈阳市府大路证券营业部,,,6550000.0,0.031807789346,-6550000.0,有价格涨跌幅限制的日收盘价格涨幅偏离值达到7%的前五只证券,600500,中化国际
5,国投证券股份有限公司揭阳普宁南华路证券营业部,,,6549345.0,0.031804608567,-6549345.0,有价格涨跌幅限制的日收盘价格涨幅偏离值达到7%的前五只证券,600500,中化国际
6,沪股通专用,,,26743580.0,0.059785263983,-26743580.0,非ST、*ST和S证券连续三个交易日内收盘价格涨幅偏离值累计达到20%的证券,600500,中化国际
7,中信证券(山东)有限责任公司青岛分公司,,,21298089.5,0.047611871825,-21298089.5,非ST、*ST和S证券连续三个交易日内收盘价格涨幅偏离值累计达到20%的证券,600500,中化国际
8,德邦证券股份有限公司福建分公司,,,18021425.0,0.040286889451,-18021425.0,非ST、*ST和S证券连续三个交易日内收盘价格涨幅偏离值累计达到20%的证券,600500,中化国际
9,高盛(中国)证券有限责任公司上海浦东新区世纪大道证券营业部,,,15492265.0,0.034632953132,-15492265.0,非ST、*ST和S证券连续三个交易日内收盘价格涨幅偏离值累计达到20%的证券,600500,中化国际
10,东方证券股份有限公司沈阳市府大路证券营业部,,,11607500.0,0.025948562297,-11607500.0,非ST、*ST和S证券连续三个交易日内收盘价格涨幅偏离值累计达到20%的证券,600500,中化国际
1,国信证券股份有限公司漳州水仙大街证券营业部,7721328.0,0.021434519436,,,7721328.0,有价格涨跌幅限制的日收盘价格跌幅偏离值达到7%的前五只证券,600592,龙溪股份
2,东方财富证券股份有限公司拉萨团结路第一证券营业部,3912323.0,0.010860665858,,,3912323.0,有价格涨跌幅限制的日收盘价格跌幅偏离值达到7%的前五只证券,600592,龙溪股份
3,华福证券股份有限公司上海浦东新区东方路证券营业部,3286898.0,0.009124476912,,,3286898.0,有价格涨跌幅限制的日收盘价格跌幅偏离值达到7%的前五只证券,600592,龙溪股份
4,中信证券股份有限公司深圳深南中路中信大厦证券营业部,3168511.0,0.008795832869,,,3168511.0,有价格涨跌幅限制的日收盘价格跌幅偏离值达到7%的前五只证券,600592,龙溪股份
5,长江证券股份有限公司库尔勒人民东路证券营业部,2639879.0,0.007328342707,,,2639879.0,有价格涨跌幅限制的日收盘价格跌幅偏离值达到7%的前五只证券,600592,龙溪股份
1,申万宏源证券有限公司深圳华富路证券营业部,,,26993164.0,0.074933417983,-26993164.0,有价格涨跌幅限制的日收盘价格跌幅偏离值达到7%的前五只证券,600592,龙溪股份
2,西南证券股份有限公司重庆渝碚路证券营业部,,,5910184.0,0.016406757208,-5910184.0,有价格涨跌幅限制的日收盘价格跌幅偏离值达到7%的前五只证券,600592,龙溪股份
3,东方财富证券股份有限公司山南香曲东路证券营业部,,,2775498.0,0.007704823034,-2775498.0,有价格涨跌幅限制的日收盘价格跌幅偏离值达到7%的前五只证券,600592,龙溪股份
4,长江证券股份有限公司库尔勒人民东路证券营业部,,,2666017.0,0.007400902177,-2666017.0,有价格涨跌幅限制的日收盘价格跌幅偏离值达到7%的前五只证券,600592,龙溪股份
5,东方财富证券股份有限公司拉萨东环路第二证券营业部,,,2645096.0,0.007342825175,-2645096.0,有价格涨跌幅限制的日收盘价格跌幅偏离值达到7%的前五只证券,600592,龙溪股份
1,东方财富证券股份有限公司拉萨东环路第二证券营业部,295940.0,0.122785981305,,,295940.0,退市整理的证券,600599,退市熊猫
2,兴业证券股份有限公司湖北分公司,147771.0,0.061310425233,,,147771.0,退市整理的证券,600599,退市熊猫
3,东方财富证券股份有限公司昌都两江大道证券营业部,139974.0,0.05807543741,,,139974.0,退市整理的证券,600599,退市熊猫
4,中国中金财富证券有限公司南京中央路证券营业部,132594.0,0.055013463557,,,132594.0,退市整理的证券,600599,退市熊猫
5,华泰证券股份有限公司广州天河城证券营业部,130520.0,0.054152957626,,,130520.0,退市整理的证券,600599,退市熊猫
1,财信证券股份有限公司杭州庆春路证券营业部,,,847666.68,0.351698266956,-847666.68,退市整理的证券,600599,退市熊猫
2,东方财富证券股份有限公司拉萨达孜区虎峰大道证券营业部,,,167549.0,0.069516349198,-167549.0,退市整理的证券,600599,退市熊猫
3,广发证券股份有限公司广西分公司,,,115479.2,0.047912505549,-115479.2,退市整理的证券,600599,退市熊猫
4,五矿证券有限公司湖南分公司,,,105630.0,0.043826056651,-105630.0,退市整理的证券,600599,退市熊猫
5,东方财富证券股份有限公司拉萨团结路第一证券营业部,,,103039.0,0.042751046589,-103039.0,退市整理的证券,600599,退市熊猫
1,广发证券股份有限公司锦州山西街证券营业部,350000.0,0.06935361048,,,350000.0,退市整理的证券,600608,退市沪科
2,东吴证券股份有限公司苏州相城大道证券营业部,255000.0,0.050529059064,,,255000.0,退市整理的证券,600608,退市沪科
3,东方财富证券股份有限公司拉萨东环路第二证券营业部,244035.0,0.048356309524,,,244035.0,退市整理的证券,600608,退市沪科
4,国泰海通证券股份有限公司哈尔滨兴江路证券营业部,221000.0,0.043791851189,,,221000.0,退市整理的证券,600608,退市沪科
5,国新证券股份有限公司衡阳临江路证券营业部,169847.0,0.03365572194,,,169847.0,退市整理的证券,600608,退市沪科
1,广发证券股份有限公司中山兴中道证券营业部,,,595000.0,0.117901137815,-595000.0,退市整理的证券,600608,退市沪科
2,华泰证券股份有限公司宁波柳汀街证券营业部,,,301516.02,0.059746356013,-301516.02,退市整理的证券,600608,退市沪科
3,长江证券股份有限公司上海文诚路证券营业部,,,185458.44,0.036749178308,-185458.44,退市整理的证券,600608,退市沪科
4,平安证券股份有限公司湛江绿华路证券营业部,,,153340.0,0.030384807517,-153340.0,退市整理的证券,600608,退市沪科
5,国投证券股份有限公司上海虹桥路证券营业部,,,146057.54,0.028941764962,-146057.54,退市整理的证券,600608,退市沪科
1,中信证券股份有限公司北京天通苑证券营业部,3417067.55,0.098183089885,,,3417067.55,退市整理的证券,600636,退市国化
2,东方财富证券股份有限公司拉萨东环路第二证券营业部,3036729.0,0.087254768014,,,3036729.0,退市整理的证券,600636,退市国化
3,中国中金财富证券有限公司广州番禺东兴路证券营业部,1540000.0,0.044249039918,,,1540000.0,退市整理的证券,600636,退市国化
4,国金证券股份有限公司上海浦东新区云鹃北路证券营业部,926150.0,0.026611200208,,,926150.0,退市整理的证券,600636,退市国化
5,平安证券股份有限公司扬州新城河南路证券营业部,913944.0,0.026260483467,,,913944.0,退市整理的证券,600636,退市国化
1,东海证券股份有限公司常州劳动西路证券营业部,,,3080487.0,0.088512072876,-3080487.0,退市整理的证券,600636,退市国化
2,中国中金财富证券有限公司广州番禺东兴路证券营业部,,,1611417.08,0.046301077076,-1611417.08,退市整理的证券,600636,退市国化
3,兴业证券股份有限公司湖北分公司,,,1521425.44,0.043715334433,-1521425.44,退市整理的证券,600636,退市国化
4,中国中金财富证券有限公司北京望京启阳路证券营业部,,,1436526.4,0.041275918193,-1436526.4,退市整理的证券,600636,退市国化
5,中国银河证券股份有限公司北京陶然桥证券营业部,,,1232239.0,0.035406099155,-1232239.0,退市整理的证券,600636,退市国化
1,华鑫证券有限责任公司绍兴胜利东路证券营业部,12177631.0,0.054602665776,,,12177631.0,有价格涨跌幅限制的日收盘价格涨幅偏离值达到7%的前五只证券,600665,天地源
2,高盛(中国)证券有限责任公司上海浦东新区世纪大道证券营业部,9533046.2,0.042744745303,,,9533046.2,有价格涨跌幅限制的日收盘价格涨幅偏离值达到7%的前五只证券,600665,天地源
3,华泰证券股份有限公司总部,9506858.0,0.042627321353,,,9506858.0,有价格涨跌幅限制的日收盘价格涨幅偏离值达到7%的前五只证券,600665,天地源
4,国泰海通证券股份有限公司总部,6979738.0,0.031296095375,,,6979738.0,有价格涨跌幅限制的日收盘价格涨幅偏离值达到7%的前五只证券,600665,天地源
5,方正证券股份有限公司温岭安平东路证券营业部,6283710.0,0.028175210512,,,6283710.0,有价格涨跌幅限制的日收盘价格涨幅偏离值达到7%的前五只证券,600665,天地源
1,湘财证券股份有限公司北京朝外大街证券营业部,,,14495244.0,0.064994493878,-14495244.0,有价格涨跌幅限制的日收盘价格涨幅偏离值达到7%的前五只证券,600665,天地源
2,机构专用,,,13053230.0,0.058528719994,-13053230.0,有价格涨跌幅限制的日收盘价格涨幅偏离值达到7%的前五只证券,600665,天地源
3,中信建投证券股份有限公司台州市府大道证券营业部,,,10200712.0,0.045738458327,-10200712.0,有价格涨跌幅限制的日收盘价格涨幅偏离值达到7%的前五只证券,600665,天地源
4,国泰海通证券股份有限公司总部,,,8564656.32,0.038402630736,-8564656.32,有价格涨跌幅限制的日收盘价格涨幅偏离值达到7%的前五只证券,600665,天地源
5,高盛(中国)证券有限责任公司上海浦东新区世纪大道证券营业部,,,6667114.0,0.029894336381,-6667114.0,有价格涨跌幅限制的日收盘价格涨幅偏离值达到7%的前五只证券,600665,天地源
1,沪股通专用,210234838.62,0.039731279403,,,210234838.62,有价格涨跌幅限制的日价格振幅达到15%的前五只证券,600667,太极实业
2,高盛(中国)证券有限责任公司上海浦东新区世纪大道证券营业部,88664886.74,0.016756354044,,,88664886.74,有价格涨跌幅限制的日价格振幅达到15%的前五只证券,600667,太极实业
3,国泰海通证券股份有限公司总部,75479931.67,0.014264592273,,,75479931.67,有价格涨跌幅限制的日价格振幅达到15%的前五只证券,600667,太极实业
4,中信证券股份有限公司上海分公司,69570611.3,0.013147818002,,,69570611.3,有价格涨跌幅限制的日价格振幅达到15%的前五只证券,600667,太极实业
5,中信证券股份有限公司深圳深南中路中信大厦证券营业部,58302217.88,0.011018258076,,,58302217.88,有价格涨跌幅限制的日价格振幅达到15%的前五只证券,600667,太极实业
1,沪股通专用,,,118060784.43,0.02231174454,-118060784.43,有价格涨跌幅限制的日价格振幅达到15%的前五只证券,600667,太极实业
2,国泰海通证券股份有限公司总部,,,91359669.4,0.017265628166,-91359669.4,有价格涨跌幅限制的日价格振幅达到15%的前五只证券,600667,太极实业
3,高盛(中国)证券有限责任公司上海浦东新区世纪大道证券营业部,,,76675174.91,0.014490475592,-76675174.91,有价格涨跌幅限制的日价格振幅达到15%的前五只证券,600667,太极实业
4,中国国际金融股份有限公司上海分公司,,,71719311.82,0.013553890664,-71719311.82,有价格涨跌幅限制的日价格振幅达到15%的前五只证券,600667,太极实业
5,中信证券股份有限公司上海分公司,,,66342969.55,0.012537841382,-66342969.55,有价格涨跌幅限制的日价格振幅达到15%的前五只证券,600667,太极实业
1,平安证券股份有限公司扬州新城河南路证券营业部,180000.0,0.100100990777,,,180000.0,退市整理的证券,600696,退市岩石
2,中国银河证券股份有限公司永康五洲路证券营业部,135228.0,0.075202537671,,,135228.0,退市整理的证券,600696,退市岩石
3,兴业证券股份有限公司湖北分公司,119121.0,0.066245167347,,,119121.0,退市整理的证券,600696,退市岩石
4,中信建投证券股份有限公司济南和平路证券营业部,118000.0,0.065621760621,,,118000.0,退市整理的证券,600696,退市岩石
5,中国中金财富证券有限公司上海徐汇区淮海中路证券营业部,118000.0,0.065621760621,,,118000.0,退市整理的证券,600696,退市岩石
1,东方财富证券股份有限公司拉萨金融城南环路证券营业部,,,168609.0,0.093766266411,-168609.0,退市整理的证券,600696,退市岩石
2,国海证券股份有限公司钦州扬帆北大道证券营业部,,,143238.0,0.079657031761,-143238.0,退市整理的证券,600696,退市岩石
3,上海证券有限责任公司鳌江兴鳌东路证券营业部,,,122008.0,0.067850676015,-122008.0,退市整理的证券,600696,退市岩石
4,方正证券股份有限公司贵阳中华中路证券营业部,,,118000.0,0.065621760621,-118000.0,退市整理的证券,600696,退市岩石
5,国信证券股份有限公司绵阳临园路证券营业部,,,80535.0,0.044786851624,-80535.0,退市整理的证券,600696,退市岩石
1,沪股通专用,64916323.74,0.08949688812,,,64916323.74,有价格涨跌幅限制的日收盘价格涨幅偏离值达到7%的前五只证券,600732,爱旭股份
2,中信证券股份有限公司深圳滨海大道证券营业部,20938038.2,0.028866225847,,,20938038.2,有价格涨跌幅限制的日收盘价格涨幅偏离值达到7%的前五只证券,600732,爱旭股份
3,长江证券股份有限公司上海分公司,18898265.0,0.026054092575,,,18898265.0,有价格涨跌幅限制的日收盘价格涨幅偏离值达到7%的前五只证券,600732,爱旭股份
4,高盛(中国)证券有限责任公司上海浦东新区世纪大道证券营业部,16857582.0,0.023240705008,,,16857582.0,有价格涨跌幅限制的日收盘价格涨幅偏离值达到7%的前五只证券,600732,爱旭股份
5,机构专用,14224948.6,0.019611225036,,,14224948.6,有价格涨跌幅限制的日收盘价格涨幅偏离值达到7%的前五只证券,600732,爱旭股份
1,沪股通专用,,,59278634.08,0.08172448741,-59278634.08,有价格涨跌幅限制的日收盘价格涨幅偏离值达到7%的前五只证券,600732,爱旭股份
2,机构专用,,,24998522.4,0.034464212289,-24998522.4,有价格涨跌幅限制的日收盘价格涨幅偏离值达到7%的前五只证券,600732,爱旭股份
3,高盛(中国)证券有限责任公司上海浦东新区世纪大道证券营业部,,,17470308.7,0.024085440658,-17470308.7,有价格涨跌幅限制的日收盘价格涨幅偏离值达到7%的前五只证券,600732,爱旭股份
4,国泰海通证券股份有限公司总部,,,15512789.1,0.021386706309,-15512789.1,有价格涨跌幅限制的日收盘价格涨幅偏离值达到7%的前五只证券,600732,爱旭股份
5,瑞银证券有限责任公司上海花园石桥路证券营业部,,,10054582.0,0.013861749226,-10054582.0,有价格涨跌幅限制的日收盘价格涨幅偏离值达到7%的前五只证券,600732,爱旭股份
1,开源证券股份有限公司西安太华路证券营业部,32153066.0,0.208294772783,,,32153066.0,有价格涨跌幅限制的日收盘价格涨幅偏离值达到7%的前五只证券,600981,苏豪汇鸿
2,国泰海通证券股份有限公司上海松江区中山东路证券营业部,11700525.0,0.075798625124,,,11700525.0,有价格涨跌幅限制的日收盘价格涨幅偏离值达到7%的前五只证券,600981,苏豪汇鸿
3,沪股通专用,6011839.0,0.038946041367,,,6011839.0,有价格涨跌幅限制的日收盘价格涨幅偏离值达到7%的前五只证券,600981,苏豪汇鸿
4,华鑫证券有限责任公司绍兴胜利东路证券营业部,4889238.0,0.031673580314,,,4889238.0,有价格涨跌幅限制的日收盘价格涨幅偏离值达到7%的前五只证券,600981,苏豪汇鸿
5,东海证券股份有限公司长沙芙蓉中路证券营业部,4208218.0,0.027261780016,,,4208218.0,有价格涨跌幅限制的日收盘价格涨幅偏离值达到7%的前五只证券,600981,苏豪汇鸿
1,沪股通专用,,,5923239.5,0.038372073935,-5923239.5,有价格涨跌幅限制的日收盘价格涨幅偏离值达到7%的前五只证券,600981,苏豪汇鸿
2,华泰证券股份有限公司盐城分公司,,,3150514.0,0.020409736284,-3150514.0,有价格涨跌幅限制的日收盘价格涨幅偏离值达到7%的前五只证券,600981,苏豪汇鸿
3,招商证券股份有限公司深圳文锦渡深润大厦证券营业部,,,2622988.0,0.016992304543,-2622988.0,有价格涨跌幅限制的日收盘价格涨幅偏离值达到7%的前五只证券,600981,苏豪汇鸿
4,高盛(中国)证券有限责任公司上海浦东新区世纪大道证券营业部,,,2040457.0,0.013218538076,-2040457.0,有价格涨跌幅限制的日收盘价格涨幅偏离值达到7%的前五只证券,600981,苏豪汇鸿
5,国泰海通证券股份有限公司总部,,,1572347.0,0.010186016509,-1572347.0,有价格涨跌幅限制的日收盘价格涨幅偏离值达到7%的前五只证券,600981,苏豪汇鸿
1,沪股通专用,412423597.5,0.085155706404,,,412423597.5,非ST、*ST和S证券连续三个交易日内收盘价格涨幅偏离值累计达到20%的证券,603002,宏昌电子
2,高盛(中国)证券有限责任公司上海浦东新区世纪大道证券营业部,271697939.46,0.056099190501,,,271697939.46,非ST、*ST和S证券连续三个交易日内收盘价格涨幅偏离值累计达到20%的证券,603002,宏昌电子
3,国泰海通证券股份有限公司武汉紫阳东路证券营业部,157695683.0,0.032560424195,,,157695683.0,非ST、*ST和S证券连续三个交易日内收盘价格涨幅偏离值累计达到20%的证券,603002,宏昌电子
4,摩根大通证券(中国)有限公司上海银城中路证券营业部,126282456.0,0.026074336707,,,126282456.0,非ST、*ST和S证券连续三个交易日内收盘价格涨幅偏离值累计达到20%的证券,603002,宏昌电子
5,瑞银证券有限责任公司上海花园石桥路证券营业部,80865751.0,0.016696862624,,,80865751.0,非ST、*ST和S证券连续三个交易日内收盘价格涨幅偏离值累计达到20%的证券,603002,宏昌电子
1,国泰海通证券股份有限公司武汉紫阳东路证券营业部,,,173629749.0,0.035850431495,-173629749.0,非ST、*ST和S证券连续三个交易日内收盘价格涨幅偏离值累计达到20%的证券,603002,宏昌电子
2,沪股通专用,,,124601070.0,0.025727170314,-124601070.0,非ST、*ST和S证券连续三个交易日内收盘价格涨幅偏离值累计达到20%的证券,603002,宏昌电子
3,高盛(中国)证券有限责任公司上海浦东新区世纪大道证券营业部,,,85875725.0,0.017731303615,-85875725.0,非ST、*ST和S证券连续三个交易日内收盘价格涨幅偏离值累计达到20%的证券,603002,宏昌电子
4,民生证券股份有限公司郑州桐柏路证券营业部,,,52894976.0,0.010921559954,-52894976.0,非ST、*ST和S证券连续三个交易日内收盘价格涨幅偏离值累计达到20%的证券,603002,宏昌电子
5,东海证券股份有限公司上海普陀区中潭路证券营业部,,,50352537.0,0.010396606507,-50352537.0,非ST、*ST和S证券连续三个交易日内收盘价格涨幅偏离值累计达到20%的证券,603002,宏昌电子
1,申港证券股份有限公司上海浦东新区东方路证券营业部,11247808.0,0.113735234214,,,11247808.0,非ST、*ST和S证券连续三个交易日内收盘价格涨幅偏离值累计达到20%的证券,603065,宿迁联盛
2,申港证券股份有限公司上海闵行区古北路证券营业部,11235224.0,0.113607987715,,,11235224.0,非ST、*ST和S证券连续三个交易日内收盘价格涨幅偏离值累计达到20%的证券,603065,宿迁联盛
3,华源证券股份有限公司江苏分公司,10590008.0,0.107083712685,,,10590008.0,非ST、*ST和S证券连续三个交易日内收盘价格涨幅偏离值累计达到20%的证券,603065,宿迁联盛
4,东海证券股份有限公司青岛南京路证券营业部,10271040.0,0.103858382008,,,10271040.0,非ST、*ST和S证券连续三个交易日内收盘价格涨幅偏离值累计达到20%的证券,603065,宿迁联盛
5,东亚前海证券有限责任公司浙江分公司,10078640.0,0.101912877687,,,10078640.0,非ST、*ST和S证券连续三个交易日内收盘价格涨幅偏离值累计达到20%的证券,603065,宿迁联盛
1,中国国际金融股份有限公司上海分公司,,,15614560.0,0.157890820927,-15614560.0,非ST、*ST和S证券连续三个交易日内收盘价格涨幅偏离值累计达到20%的证券,603065,宿迁联盛
2,东吴证券股份有限公司苏州狮山路证券营业部,,,9299135.04,0.094030703739,-9299135.04,非ST、*ST和S证券连续三个交易日内收盘价格涨幅偏离值累计达到20%的证券,603065,宿迁联盛
3,中信证券华南股份有限公司广州临江大道证券营业部,,,3432000.0,0.034703590586,-3432000.0,非ST、*ST和S证券连续三个交易日内收盘价格涨幅偏离值累计达到20%的证券,603065,宿迁联盛
4,长江证券股份有限公司汉川人民大道证券营业部,,,2275520.0,0.023009532182,-2275520.0,非ST、*ST和S证券连续三个交易日内收盘价格涨幅偏离值累计达到20%的证券,603065,宿迁联盛
5,招商证券股份有限公司深圳南山南油大道证券营业部,,,2195440.0,0.022199781735,-2195440.0,非ST、*ST和S证券连续三个交易日内收盘价格涨幅偏离值累计达到20%的证券,603065,宿迁联盛
1,东方财富证券股份有限公司拉萨金融城南环路证券营业部,4572341.0,0.022126341677,,,4572341.0,ST、*ST证券连续三个交易日内收盘价格跌幅偏离值累计达到12%的证券,603272,*ST联翔
2,东方财富证券股份有限公司昌都两江大道证券营业部,3728697.79,0.018043807605,,,3728697.79,ST、*ST证券连续三个交易日内收盘价格跌幅偏离值累计达到12%的证券,603272,*ST联翔
3,财通证券股份有限公司河南分公司,3710601.0,0.017956234137,,,3710601.0,ST、*ST证券连续三个交易日内收盘价格跌幅偏离值累计达到12%的证券,603272,*ST联翔
4,东方财富证券股份有限公司拉萨东环路第一证券营业部,3655250.0,0.017688381163,,,3655250.0,ST、*ST证券连续三个交易日内收盘价格跌幅偏离值累计达到12%的证券,603272,*ST联翔
5,国泰海通证券股份有限公司总部,3500276.0,0.016938435418,,,3500276.0,ST、*ST证券连续三个交易日内收盘价格跌幅偏离值累计达到12%的证券,603272,*ST联翔
1,东方财富证券股份有限公司林芝广州大道证券营业部,,,10797702.0,0.052251930417,-10797702.0,ST、*ST证券连续三个交易日内收盘价格跌幅偏离值累计达到12%的证券,603272,*ST联翔
2,中信证券股份有限公司上海分公司,,,6011933.0,0.029092774072,-6011933.0,ST、*ST证券连续三个交易日内收盘价格跌幅偏离值累计达到12%的证券,603272,*ST联翔
3,东方财富证券股份有限公司拉萨金融城南环路证券营业部,,,5278407.0,0.025543116052,-5278407.0,ST、*ST证券连续三个交易日内收盘价格跌幅偏离值累计达到12%的证券,603272,*ST联翔
4,东方财富证券股份有限公司拉萨东环路第二证券营业部,,,3503243.0,0.01695279324,-3503243.0,ST、*ST证券连续三个交易日内收盘价格跌幅偏离值累计达到12%的证券,603272,*ST联翔
5,联储证券股份有限公司宁波分公司,,,3475922.0,0.016820582239,-3475922.0,ST、*ST证券连续三个交易日内收盘价格跌幅偏离值累计达到12%的证券,603272,*ST联翔
1,沪股通专用,353271071.21,0.084020446873,,,353271071.21,非ST、*ST和S证券连续三个交易日内收盘价格跌幅偏离值累计达到20%的证券,603319,美湖股份
2,国投证券股份有限公司西安曲江池南路证券营业部,113152971.0,0.026911807853,,,113152971.0,非ST、*ST和S证券连续三个交易日内收盘价格跌幅偏离值累计达到20%的证券,603319,美湖股份
3,国泰海通证券股份有限公司总部,112843668.02,0.026838244585,,,112843668.02,非ST、*ST和S证券连续三个交易日内收盘价格跌幅偏离值累计达到20%的证券,603319,美湖股份
4,瑞银证券有限责任公司上海花园石桥路证券营业部,85853297.2,0.020418972806,,,85853297.2,非ST、*ST和S证券连续三个交易日内收盘价格跌幅偏离值累计达到20%的证券,603319,美湖股份
5,招商证券股份有限公司深圳南山南油大道证券营业部,64474697.4,0.015334380109,,,64474697.4,非ST、*ST和S证券连续三个交易日内收盘价格跌幅偏离值累计达到20%的证券,603319,美湖股份
1,沪股通专用,,,320783144.91,0.076293660538,-320783144.91,非ST、*ST和S证券连续三个交易日内收盘价格跌幅偏离值累计达到20%的证券,603319,美湖股份
2,东方证券股份有限公司深圳金田路证券营业部,,,89170202.05,0.021207850952,-89170202.05,非ST、*ST和S证券连续三个交易日内收盘价格跌幅偏离值累计达到20%的证券,603319,美湖股份
3,国泰海通证券股份有限公司总部,,,78547339.78,0.018681355839,-78547339.78,非ST、*ST和S证券连续三个交易日内收盘价格跌幅偏离值累计达到20%的证券,603319,美湖股份
4,中信证券股份有限公司上海分公司,,,67668378.43,0.016093951241,-67668378.43,非ST、*ST和S证券连续三个交易日内收盘价格跌幅偏离值累计达到20%的证券,603319,美湖股份
5,中国银河证券股份有限公司深圳滨河大道证券营业部,,,60728987.88,0.014443516935,-60728987.88,非ST、*ST和S证券连续三个交易日内收盘价格跌幅偏离值累计达到20%的证券,603319,美湖股份
1,国泰海通证券股份有限公司总部,23975785.0,0.024080038225,,,23975785.0,有价格涨跌幅限制的日换手率达到20%的前五只证券,603330,天洋新材
2,华泰证券股份有限公司总部,23682513.0,0.023785490999,,,23682513.0,有价格涨跌幅限制的日换手率达到20%的前五只证券,603330,天洋新材
3,摩根大通证券(中国)有限公司上海银城中路证券营业部,21109681.88,0.02120147251,,,21109681.88,有价格涨跌幅限制的日换手率达到20%的前五只证券,603330,天洋新材
4,中信证券股份有限公司深圳深南中路中信大厦证券营业部,17004669.57,0.017078610492,,,17004669.57,有价格涨跌幅限制的日换手率达到20%的前五只证券,603330,天洋新材
5,中国银河证券股份有限公司北京学院南路证券营业部,11912975.0,0.011964775851,,,11912975.0,有价格涨跌幅限制的日换手率达到20%的前五只证券,603330,天洋新材
1,国泰海通证券股份有限公司总部,,,51758663.21,0.051983723936,-51758663.21,有价格涨跌幅限制的日换手率达到20%的前五只证券,603330,天洋新材
2,摩根大通证券(中国)有限公司上海银城中路证券营业部,,,28487657.3,0.028611529371,-28487657.3,有价格涨跌幅限制的日换手率达到20%的前五只证券,603330,天洋新材
3,高盛(中国)证券有限责任公司上海浦东新区世纪大道证券营业部,,,25162969.59,0.025272385016,-25162969.59,有价格涨跌幅限制的日换手率达到20%的前五只证券,603330,天洋新材
4,国新证券股份有限公司北京中关村大街证券营业部,,,24987959.0,0.025096613433,-24987959.0,有价格涨跌幅限制的日换手率达到20%的前五只证券,603330,天洋新材
5,国新证券股份有限公司北京分公司,,,20878748.0,0.020969534467,-20878748.0,有价格涨跌幅限制的日换手率达到20%的前五只证券,603330,天洋新材
1,国泰海通证券股份有限公司总部,15080519.88,0.024900794403,,,15080519.88,有价格涨跌幅限制的日换手率达到20%的前五只证券,603435,嘉德利
2,东方财富证券股份有限公司山南香曲东路证券营业部,7374392.0,0.012176517819,,,7374392.0,有价格涨跌幅限制的日换手率达到20%的前五只证券,603435,嘉德利
3,浙商证券股份有限公司杭州萧山永久路证券营业部,7278996.8,0.012019002277,,,7278996.8,有价格涨跌幅限制的日换手率达到20%的前五只证券,603435,嘉德利
4,高盛(中国)证券有限责任公司上海浦东新区世纪大道证券营业部,7204329.19,0.011895711912,,,7204329.19,有价格涨跌幅限制的日换手率达到20%的前五只证券,603435,嘉德利
5,东兴证券股份有限公司北京金宝街证券营业部,7188336.0,0.011869304126,,,7188336.0,有价格涨跌幅限制的日换手率达到20%的前五只证券,603435,嘉德利
1,国泰海通证券股份有限公司总部,,,13516953.64,0.022319050419,-13516953.64,有价格涨跌幅限制的日换手率达到20%的前五只证券,603435,嘉德利
2,高盛(中国)证券有限责任公司上海浦东新区世纪大道证券营业部,,,10804256.34,0.017839873422,-10804256.34,有价格涨跌幅限制的日换手率达到20%的前五只证券,603435,嘉德利
3,西部证券股份有限公司西安未央路第一证券营业部,,,7454141.12,0.01230819872,-7454141.12,有价格涨跌幅限制的日换手率达到20%的前五只证券,603435,嘉德利
4,兴业证券股份有限公司福州铜盘路左海证券营业部,,,6065551.93,0.010015374984,-6065551.93,有价格涨跌幅限制的日换手率达到20%的前五只证券,603435,嘉德利
5,东方财富证券股份有限公司拉萨东环路第二证券营业部,,,5941937.7,0.009811264479,-5941937.7,有价格涨跌幅限制的日换手率达到20%的前五只证券,603435,嘉德利
1,东方财富证券股份有限公司山南香曲东路证券营业部,22295902.32,0.014387906996,,,22295902.32,有价格涨跌幅限制的日换手率达到20%的前五只证券,603459,红板科技
2,国泰海通证券股份有限公司南昌丰和中大道证券营业部,21206995.0,0.013685217461,,,21206995.0,有价格涨跌幅限制的日换手率达到20%的前五只证券,603459,红板科技
3,国信证券股份有限公司杭州市心中路证券营业部,17338346.0,0.011188715583,,,17338346.0,有价格涨跌幅限制的日换手率达到20%的前五只证券,603459,红板科技
4,东方财富证券股份有限公司拉萨团结路第一证券营业部,16966052.0,0.010948468233,,,16966052.0,有价格涨跌幅限制的日换手率达到20%的前五只证券,603459,红板科技
5,国信证券股份有限公司福州五一中路证券营业部,13788473.0,0.008897925022,,,13788473.0,有价格涨跌幅限制的日换手率达到20%的前五只证券,603459,红板科技
1,机构专用,,,244314050.4,0.157659815001,-244314050.4,有价格涨跌幅限制的日换手率达到20%的前五只证券,603459,红板科技
2,国信证券股份有限公司福州五一中路证券营业部,,,17755411.0,0.011457854384,-17755411.0,有价格涨跌幅限制的日换手率达到20%的前五只证券,603459,红板科技
3,东方财富证券股份有限公司拉萨团结路第一证券营业部,,,15647658.0,0.010097687224,-15647658.0,有价格涨跌幅限制的日换手率达到20%的前五只证券,603459,红板科技
4,上海证券有限责任公司松江区乐都路证券营业部,,,14650930.0,0.009454482497,-14650930.0,有价格涨跌幅限制的日换手率达到20%的前五只证券,603459,红板科技
5,东方财富证券股份有限公司山南香曲东路证券营业部,,,14412038.0,0.009300321619,-14412038.0,有价格涨跌幅限制的日换手率达到20%的前五只证券,603459,红板科技
1,长江证券股份有限公司合肥徽州大道证券营业部,17740901.0,0.018791687358,,,17740901.0,有价格涨跌幅限制的日换手率达到20%的前五只证券,603616,韩建河山
2,中银国际证券股份有限公司秦皇岛建设大街证券营业部,17256330.0,0.018278415414,,,17256330.0,有价格涨跌幅限制的日换手率达到20%的前五只证券,603616,韩建河山
3,国信证券股份有限公司广州分公司,15007940.0,0.015896854188,,,15007940.0,有价格涨跌幅限制的日换手率达到20%的前五只证券,603616,韩建河山
4,华鑫证券有限责任公司上海陆家嘴证券营业部,11381901.0,0.012056046371,,,11381901.0,有价格涨跌幅限制的日换手率达到20%的前五只证券,603616,韩建河山
5,东方财富证券股份有限公司山南香曲东路证券营业部,11167965.0,0.011829439029,,,11167965.0,有价格涨跌幅限制的日换手率达到20%的前五只证券,603616,韩建河山
1,中泰证券股份有限公司北京朝外大街证券营业部,,,39202395.0,0.041524336927,-39202395.0,有价格涨跌幅限制的日换手率达到20%的前五只证券,603616,韩建河山
2,西部证券股份有限公司宝鸡分公司,,,16046329.0,0.016996746547,-16046329.0,有价格涨跌幅限制的日换手率达到20%的前五只证券,603616,韩建河山
3,中国中金财富证券有限公司南昌红谷中大道证券营业部,,,10320737.79,0.010932030896,-10320737.79,有价格涨跌幅限制的日换手率达到20%的前五只证券,603616,韩建河山
4,中信证券股份有限公司杭州环城北路证券营业部,,,8924469.0,0.009453061673,-8924469.0,有价格涨跌幅限制的日换手率达到20%的前五只证券,603616,韩建河山
5,招商证券股份有限公司北京景辉街证券营业部,,,8743032.0,0.009260878233,-8743032.0,有价格涨跌幅限制的日换手率达到20%的前五只证券,603616,韩建河山
1,沪股通专用,290689592.97,0.045108046148,,,290689592.97,非ST、*ST和S证券连续三个交易日内收盘价格跌幅偏离值累计达到20%的证券,603890,春秋电子
2,东方财富证券股份有限公司山南香曲东路证券营业部,64707632.28,0.010041071072,,,64707632.28,非ST、*ST和S证券连续三个交易日内收盘价格跌幅偏离值累计达到20%的证券,603890,春秋电子
3,东方财富证券股份有限公司拉萨金融城南环路证券营业部,62137033.88,0.009642175914,,,62137033.88,非ST、*ST和S证券连续三个交易日内收盘价格跌幅偏离值累计达到20%的证券,603890,春秋电子
4,国信证券股份有限公司浙江互联网分公司,60614956.68,0.009405986074,,,60614956.68,非ST、*ST和S证券连续三个交易日内收盘价格跌幅偏离值累计达到20%的证券,603890,春秋电子
5,东方财富证券股份有限公司拉萨东环路第二证券营业部,51994535.75,0.008068303698,,,51994535.75,非ST、*ST和S证券连续三个交易日内收盘价格跌幅偏离值累计达到20%的证券,603890,春秋电子
1,沪股通专用,,,145174618.67,0.022527615563,-145174618.67,非ST、*ST和S证券连续三个交易日内收盘价格跌幅偏离值累计达到20%的证券,603890,春秋电子
2,东方财富证券股份有限公司拉萨金融城南环路证券营业部,,,78007096.99,0.012104828711,-78007096.99,非ST、*ST和S证券连续三个交易日内收盘价格跌幅偏离值累计达到20%的证券,603890,春秋电子
3,东方财富证券股份有限公司山南香曲东路证券营业部,,,73403820.76,0.011390510752,-73403820.76,非ST、*ST和S证券连续三个交易日内收盘价格跌幅偏离值累计达到20%的证券,603890,春秋电子
4,东方财富证券股份有限公司拉萨东环路第二证券营业部,,,73065793.27,0.011338057001,-73065793.27,非ST、*ST和S证券连续三个交易日内收盘价格跌幅偏离值累计达到20%的证券,603890,春秋电子
5,国信证券股份有限公司浙江互联网分公司,,,72686444.82,0.011279191229,-72686444.82,非ST、*ST和S证券连续三个交易日内收盘价格跌幅偏离值累计达到20%的证券,603890,春秋电子
1,高盛(中国)证券有限责任公司上海浦东新区世纪大道证券营业部,110793155.0,0.041999427499,,,110793155.0,非ST、*ST和S证券连续三个交易日内收盘价格涨幅偏离值累计达到20%的证券,605006,山东玻纤
2,国泰海通证券股份有限公司总部,92235562.26,0.034964622227,,,92235562.26,非ST、*ST和S证券连续三个交易日内收盘价格涨幅偏离值累计达到20%的证券,605006,山东玻纤
3,瑞银证券有限责任公司上海花园石桥路证券营业部,71885668.88,0.027250392304,,,71885668.88,非ST、*ST和S证券连续三个交易日内收盘价格涨幅偏离值累计达到20%的证券,605006,山东玻纤
4,中信证券股份有限公司深圳深南中路中信大厦证券营业部,68328133.66,0.025901803192,,,68328133.66,非ST、*ST和S证券连续三个交易日内收盘价格涨幅偏离值累计达到20%的证券,605006,山东玻纤
5,华泰证券股份有限公司总部,64715417.8,0.024532296223,,,64715417.8,非ST、*ST和S证券连续三个交易日内收盘价格涨幅偏离值累计达到20%的证券,605006,山东玻纤
1,摩根大通证券(中国)有限公司上海银城中路证券营业部,,,69062244.6,0.02618008969,-69062244.6,非ST、*ST和S证券连续三个交易日内收盘价格涨幅偏离值累计达到20%的证券,605006,山东玻纤
2,国新证券股份有限公司北京分公司,,,63856998.0,0.024206886768,-63856998.0,非ST、*ST和S证券连续三个交易日内收盘价格涨幅偏离值累计达到20%的证券,605006,山东玻纤
3,国泰海通证券股份有限公司总部,,,33538301.2,0.012713686596,-33538301.2,非ST、*ST和S证券连续三个交易日内收盘价格涨幅偏离值累计达到20%的证券,605006,山东玻纤
4,中信证券股份有限公司深圳深南中路中信大厦证券营业部,,,29971298.0,0.011361508366,-29971298.0,非ST、*ST和S证券连续三个交易日内收盘价格涨幅偏离值累计达到20%的证券,605006,山东玻纤
5,国信证券股份有限公司浙江互联网分公司,,,27318159.6,0.01035575766,-27318159.6,非ST、*ST和S证券连续三个交易日内收盘价格涨幅偏离值累计达到20%的证券,605006,山东玻纤
1,沪股通专用,18907055.0,0.034185209139,,,18907055.0,有价格涨跌幅限制的日价格振幅达到15%的前五只证券,605018,长华集团
2,中信证券股份有限公司上海分公司,12945774.79,0.023406819235,,,12945774.79,有价格涨跌幅限制的日价格振幅达到15%的前五只证券,605018,长华集团
3,国泰海通证券股份有限公司总部,12100683.0,0.021878837242,,,12100683.0,有价格涨跌幅限制的日价格振幅达到15%的前五只证券,605018,长华集团
4,东方财富证券股份有限公司拉萨金融城南环路证券营业部,8931836.0,0.016149351745,,,8931836.0,有价格涨跌幅限制的日价格振幅达到15%的前五只证券,605018,长华集团
5,华泰证券股份有限公司宁波中山东路证券营业部,6968268.0,0.012599090599,,,6968268.0,有价格涨跌幅限制的日价格振幅达到15%的前五只证券,605018,长华集团
6,沪股通专用,18907055.0,0.034185209139,,,18907055.0,有价格涨跌幅限制的日收盘价格跌幅偏离值达到7%的前五只证券,605018,长华集团
7,中信证券股份有限公司上海分公司,12945774.79,0.023406819235,,,12945774.79,有价格涨跌幅限制的日收盘价格跌幅偏离值达到7%的前五只证券,605018,长华集团
8,国泰海通证券股份有限公司总部,12100683.0,0.021878837242,,,12100683.0,有价格涨跌幅限制的日收盘价格跌幅偏离值达到7%的前五只证券,605018,长华集团
9,东方财富证券股份有限公司拉萨金融城南环路证券营业部,8931836.0,0.016149351745,,,8931836.0,有价格涨跌幅限制的日收盘价格跌幅偏离值达到7%的前五只证券,605018,长华集团
10,华泰证券股份有限公司宁波中山东路证券营业部,6968268.0,0.012599090599,,,6968268.0,有价格涨跌幅限制的日收盘价格跌幅偏离值达到7%的前五只证券,605018,长华集团
1,沪股通专用,,,33860459.0,0.061221955108,-33860459.0,有价格涨跌幅限制的日价格振幅达到15%的前五只证券,605018,长华集团
2,国泰海通证券股份有限公司总部,,,14977152.0,0.027079683929,-14977152.0,有价格涨跌幅限制的日价格振幅达到15%的前五只证券,605018,长华集团
3,中信证券股份有限公司上海分公司,,,14040006.0,0.02538526182,-14040006.0,有价格涨跌幅限制的日价格振幅达到15%的前五只证券,605018,长华集团
4,国泰海通证券股份有限公司深圳金田路证券营业部,,,12119067.0,0.021912076733,-12119067.0,有价格涨跌幅限制的日价格振幅达到15%的前五只证券,605018,长华集团
5,光大证券股份有限公司宁波解放南路证券营业部,,,11706320.0,0.021165802789,-11706320.0,有价格涨跌幅限制的日价格振幅达到15%的前五只证券,605018,长华集团
6,沪股通专用,,,33860459.0,0.061221955108,-33860459.0,有价格涨跌幅限制的日收盘价格跌幅偏离值达到7%的前五只证券,605018,长华集团
7,国泰海通证券股份有限公司总部,,,14977152.0,0.027079683929,-14977152.0,有价格涨跌幅限制的日收盘价格跌幅偏离值达到7%的前五只证券,605018,长华集团
8,中信证券股份有限公司上海分公司,,,14040006.0,0.02538526182,-14040006.0,有价格涨跌幅限制的日收盘价格跌幅偏离值达到7%的前五只证券,605018,长华集团
9,国泰海通证券股份有限公司深圳金田路证券营业部,,,12119067.0,0.021912076733,-12119067.0,有价格涨跌幅限制的日收盘价格跌幅偏离值达到7%的前五只证券,605018,长华集团
10,光大证券股份有限公司宁波解放南路证券营业部,,,11706320.0,0.021165802789,-11706320.0,有价格涨跌幅限制的日收盘价格跌幅偏离值达到7%的前五只证券,605018,长华集团
1,沪股通专用,18907055.0,0.034185209139,,,18907055.0,有价格涨跌幅限制的日价格振幅达到15%的前五只证券,605018,长华集团
2,中信证券股份有限公司上海分公司,12945774.79,0.023406819235,,,12945774.79,有价格涨跌幅限制的日价格振幅达到15%的前五只证券,605018,长华集团
3,国泰海通证券股份有限公司总部,12100683.0,0.021878837242,,,12100683.0,有价格涨跌幅限制的日价格振幅达到15%的前五只证券,605018,长华集团
4,东方财富证券股份有限公司拉萨金融城南环路证券营业部,8931836.0,0.016149351745,,,8931836.0,有价格涨跌幅限制的日价格振幅达到15%的前五只证券,605018,长华集团
5,华泰证券股份有限公司宁波中山东路证券营业部,6968268.0,0.012599090599,,,6968268.0,有价格涨跌幅限制的日价格振幅达到15%的前五只证券,605018,长华集团
6,沪股通专用,18907055.0,0.034185209139,,,18907055.0,有价格涨跌幅限制的日收盘价格跌幅偏离值达到7%的前五只证券,605018,长华集团
7,中信证券股份有限公司上海分公司,12945774.79,0.023406819235,,,12945774.79,有价格涨跌幅限制的日收盘价格跌幅偏离值达到7%的前五只证券,605018,长华集团
8,国泰海通证券股份有限公司总部,12100683.0,0.021878837242,,,12100683.0,有价格涨跌幅限制的日收盘价格跌幅偏离值达到7%的前五只证券,605018,长华集团
9,东方财富证券股份有限公司拉萨金融城南环路证券营业部,8931836.0,0.016149351745,,,8931836.0,有价格涨跌幅限制的日收盘价格跌幅偏离值达到7%的前五只证券,605018,长华集团
10,华泰证券股份有限公司宁波中山东路证券营业部,6968268.0,0.012599090599,,,6968268.0,有价格涨跌幅限制的日收盘价格跌幅偏离值达到7%的前五只证券,605018,长华集团
1,沪股通专用,,,33860459.0,0.061221955108,-33860459.0,有价格涨跌幅限制的日价格振幅达到15%的前五只证券,605018,长华集团
2,国泰海通证券股份有限公司总部,,,14977152.0,0.027079683929,-14977152.0,有价格涨跌幅限制的日价格振幅达到15%的前五只证券,605018,长华集团
3,中信证券股份有限公司上海分公司,,,14040006.0,0.02538526182,-14040006.0,有价格涨跌幅限制的日价格振幅达到15%的前五只证券,605018,长华集团
4,国泰海通证券股份有限公司深圳金田路证券营业部,,,12119067.0,0.021912076733,-12119067.0,有价格涨跌幅限制的日价格振幅达到15%的前五只证券,605018,长华集团
5,光大证券股份有限公司宁波解放南路证券营业部,,,11706320.0,0.021165802789,-11706320.0,有价格涨跌幅限制的日价格振幅达到15%的前五只证券,605018,长华集团
6,沪股通专用,,,33860459.0,0.061221955108,-33860459.0,有价格涨跌幅限制的日收盘价格跌幅偏离值达到7%的前五只证券,605018,长华集团
7,国泰海通证券股份有限公司总部,,,14977152.0,0.027079683929,-14977152.0,有价格涨跌幅限制的日收盘价格跌幅偏离值达到7%的前五只证券,605018,长华集团
8,中信证券股份有限公司上海分公司,,,14040006.0,0.02538526182,-14040006.0,有价格涨跌幅限制的日收盘价格跌幅偏离值达到7%的前五只证券,605018,长华集团
9,国泰海通证券股份有限公司深圳金田路证券营业部,,,12119067.0,0.021912076733,-12119067.0,有价格涨跌幅限制的日收盘价格跌幅偏离值达到7%的前五只证券,605018,长华集团
10,光大证券股份有限公司宁波解放南路证券营业部,,,11706320.0,0.021165802789,-11706320.0,有价格涨跌幅限制的日收盘价格跌幅偏离值达到7%的前五只证券,605018,长华集团
1,国都证券股份有限公司北京金沙西街证券营业部,270560.0,0.070559174153,,,270560.0,退市整理的证券,605081,退市太和
2,中信证券(山东)有限责任公司泰安长城路证券营业部,265001.0,0.069109446,,,265001.0,退市整理的证券,605081,退市太和
3,中信建投证券股份有限公司上饶中山西路证券营业部,246308.0,0.064234510154,,,246308.0,退市整理的证券,605081,退市太和
4,光大证券股份有限公司上海金山区卫清西路证券营业部,240040.0,0.062599882332,,,240040.0,退市整理的证券,605081,退市太和
5,平安证券股份有限公司金华李渔路证券营业部,217992.0,0.056849998122,,,217992.0,退市整理的证券,605081,退市太和
1,国金证券股份有限公司深圳分公司,,,505080.0,0.131719499117,-505080.0,退市整理的证券,605081,退市太和
2,平安证券股份有限公司江苏分公司,,,355520.0,0.092715839721,-355520.0,退市整理的证券,605081,退市太和
3,华泰证券股份有限公司上海武定路证券营业部,,,285989.0,0.074582893469,-285989.0,退市整理的证券,605081,退市太和
4,国金证券股份有限公司上海互联网证券分公司,,,213946.55,0.055794987732,-213946.55,退市整理的证券,605081,退市太和
5,东方财富证券股份有限公司拉萨达孜区虎峰大道证券营业部,,,184869.0,0.04821187155,-184869.0,退市整理的证券,605081,退市太和
1,高盛(中国)证券有限责任公司上海浦东新区世纪大道证券营业部,63752398.0,0.066158534204,,,63752398.0,非ST、*ST和S证券连续三个交易日内收盘价格涨幅偏离值累计达到20%的证券,605318,法狮龙
2,兴业证券股份有限公司福州工业路证券营业部,42381171.0,0.043980716634,,,42381171.0,非ST、*ST和S证券连续三个交易日内收盘价格涨幅偏离值累计达到20%的证券,605318,法狮龙
3,东方财富证券股份有限公司拉萨东城区江苏大道证券营业部,40850483.0,0.042392257571,,,40850483.0,非ST、*ST和S证券连续三个交易日内收盘价格涨幅偏离值累计达到20%的证券,605318,法狮龙
4,国联民生证券股份有限公司宁波战船街证券营业部,23458823.0,0.024344203395,,,23458823.0,非ST、*ST和S证券连续三个交易日内收盘价格涨幅偏离值累计达到20%的证券,605318,法狮龙
5,中信证券股份有限公司上海分公司,23142723.0,0.024016173183,,,23142723.0,非ST、*ST和S证券连续三个交易日内收盘价格涨幅偏离值累计达到20%的证券,605318,法狮龙
1,高盛(中国)证券有限责任公司上海浦东新区世纪大道证券营业部,,,57213023.0,0.05937235081,-57213023.0,非ST、*ST和S证券连续三个交易日内收盘价格涨幅偏离值累计达到20%的证券,605318,法狮龙
2,中信证券股份有限公司深圳滨海大道证券营业部,,,38690492.0,0.040150744421,-38690492.0,非ST、*ST和S证券连续三个交易日内收盘价格涨幅偏离值累计达到20%的证券,605318,法狮龙
3,国泰海通证券股份有限公司总部,,,33076836.0,0.034325218416,-33076836.0,非ST、*ST和S证券连续三个交易日内收盘价格涨幅偏离值累计达到20%的证券,605318,法狮龙
4,机构专用,,,30592078.0,0.031746680944,-30592078.0,非ST、*ST和S证券连续三个交易日内收盘价格涨幅偏离值累计达到20%的证券,605318,法狮龙
5,中信证券股份有限公司上海分公司,,,20482587.0,0.021255638613,-20482587.0,非ST、*ST和S证券连续三个交易日内收盘价格涨幅偏离值累计达到20%的证券,605318,法狮龙
1,国泰海通证券股份有限公司北京知春路证券营业部,100101026.0,0.067387813813,,,100101026.0,非ST、*ST和S证券连续三个交易日内收盘价格涨幅偏离值累计达到20%的证券,605589,圣泉集团
2,中信证券股份有限公司西安朱雀大街证券营业部,59841570.0,0.040285227221,,,59841570.0,非ST、*ST和S证券连续三个交易日内收盘价格涨幅偏离值累计达到20%的证券,605589,圣泉集团
3,东吴证券股份有限公司苏州相城大道证券营业部,54588830.0,0.036749092984,,,54588830.0,非ST、*ST和S证券连续三个交易日内收盘价格涨幅偏离值累计达到20%的证券,605589,圣泉集团
4,华鑫证券有限责任公司上海陆家嘴证券营业部,36423024.0,0.024519908116,,,36423024.0,非ST、*ST和S证券连续三个交易日内收盘价格涨幅偏离值累计达到20%的证券,605589,圣泉集团
5,国泰海通证券股份有限公司上海长宁区江苏路证券营业部,35683738.0,0.024022222235,,,35683738.0,非ST、*ST和S证券连续三个交易日内收盘价格涨幅偏离值累计达到20%的证券,605589,圣泉集团
1,机构专用,,,57545204.0,0.038739318146,-57545204.0,非ST、*ST和S证券连续三个交易日内收盘价格涨幅偏离值累计达到20%的证券,605589,圣泉集团
2,中泰证券股份有限公司章丘双山北路证券营业部,,,39527274.72,0.026609683595,-39527274.72,非ST、*ST和S证券连续三个交易日内收盘价格涨幅偏离值累计达到20%的证券,605589,圣泉集团
3,国泰海通证券股份有限公司上海长宁区江苏路证券营业部,,,39405402.0,0.026527639119,-39405402.0,非ST、*ST和S证券连续三个交易日内收盘价格涨幅偏离值累计达到20%的证券,605589,圣泉集团
4,长城证券股份有限公司北京中核路证券营业部,,,30651400.0,0.020634462191,-30651400.0,非ST、*ST和S证券连续三个交易日内收盘价格涨幅偏离值累计达到20%的证券,605589,圣泉集团
5,中国银河证券股份有限公司嘉兴环城南路证券营业部,,,24050928.0,0.016191037423,-24050928.0,非ST、*ST和S证券连续三个交易日内收盘价格涨幅偏离值累计达到20%的证券,605589,圣泉集团
1,国泰海通证券股份有限公司深圳红荔西路证券营业部,22690821.88,0.058691533697,,,22690821.88,有价格涨跌幅限制的日收盘价格涨幅达到15%的前五只证券,688056,莱伯泰科
2,国泰海通证券股份有限公司总部,18063147.79,0.046721703286,,,18063147.79,有价格涨跌幅限制的日收盘价格涨幅达到15%的前五只证券,688056,莱伯泰科
3,中信证券股份有限公司深圳深南中路中信大厦证券营业部,9067910.97,0.023454840247,,,9067910.97,有价格涨跌幅限制的日收盘价格涨幅达到15%的前五只证券,688056,莱伯泰科
4,中信证券股份有限公司上海分公司,6467149.52,0.016727773281,,,6467149.52,有价格涨跌幅限制的日收盘价格涨幅达到15%的前五只证券,688056,莱伯泰科
5,国泰海通证券股份有限公司自贡南湖路证券营业部,5517001.28,0.014270142714,,,5517001.28,有价格涨跌幅限制的日收盘价格涨幅达到15%的前五只证券,688056,莱伯泰科
1,国泰海通证券股份有限公司总部,,,12787814.88,0.033076654161,-12787814.88,有价格涨跌幅限制的日收盘价格涨幅达到15%的前五只证券,688056,莱伯泰科
2,高盛(中国)证券有限责任公司上海浦东新区世纪大道证券营业部,,,9716604.98,0.025132736559,-9716604.98,有价格涨跌幅限制的日收盘价格涨幅达到15%的前五只证券,688056,莱伯泰科
3,中信证券股份有限公司上海分公司,,,7265805.06,0.018793556477,-7265805.06,有价格涨跌幅限制的日收盘价格涨幅达到15%的前五只证券,688056,莱伯泰科
4,中信证券股份有限公司北京亚运村证券营业部,,,7236744.68,0.018718389598,-7236744.68,有价格涨跌幅限制的日收盘价格涨幅达到15%的前五只证券,688056,莱伯泰科
5,东北证券股份有限公司杭州长乐路证券营业部,,,6317692.39,0.016341191066,-6317692.39,有价格涨跌幅限制的日收盘价格涨幅达到15%的前五只证券,688056,莱伯泰科
1,自然人,24008075200.0,0.546470890639,,,24008075200.0,有价格涨跌幅限制的连续30个交易日内收盘价格涨幅偏离值累计达到200%的证券,688143,长盈通
2,机构,18307571400.0,0.416716240892,,,18307571400.0,有价格涨跌幅限制的连续30个交易日内收盘价格涨幅偏离值累计达到200%的证券,688143,长盈通
3,其他自然人,15528182700.0,0.35345190147,,,15528182700.0,有价格涨跌幅限制的连续30个交易日内收盘价格涨幅偏离值累计达到200%的证券,688143,长盈通
4,中小投资者,8479892400.0,0.193018986893,,,8479892400.0,有价格涨跌幅限制的连续30个交易日内收盘价格涨幅偏离值累计达到200%的证券,688143,长盈通
5,沪股通,1617297800.0,0.036812870746,,,1617297800.0,有价格涨跌幅限制的连续30个交易日内收盘价格涨幅偏离值累计达到200%的证券,688143,长盈通
1,自然人,,,25751921000.0,0.586164242127,-25751921000.0,有价格涨跌幅限制的连续30个交易日内收盘价格涨幅偏离值累计达到200%的证券,688143,长盈通
2,其他自然人,,,16766214100.0,0.381631924906,-16766214100.0,有价格涨跌幅限制的连续30个交易日内收盘价格涨幅偏离值累计达到200%的证券,688143,长盈通
3,机构,,,16484341200.0,0.375215944723,-16484341200.0,有价格涨跌幅限制的连续30个交易日内收盘价格涨幅偏离值累计达到200%的证券,688143,长盈通
4,中小投资者,,,8985706900.0,0.204532317221,-8985706900.0,有价格涨跌幅限制的连续30个交易日内收盘价格涨幅偏离值累计达到200%的证券,688143,长盈通
5,沪股通,,,1696682100.0,0.03861981315,-1696682100.0,有价格涨跌幅限制的连续30个交易日内收盘价格涨幅偏离值累计达到200%的证券,688143,长盈通
1,华泰证券股份有限公司总部,17445048.26,0.04486453176,,,17445048.26,有价格涨跌幅限制的日收盘价格涨幅达到15%的前五只证券,688216,气派科技
2,中信证券股份有限公司上海分公司,12727919.07,0.032733192872,,,12727919.07,有价格涨跌幅限制的日收盘价格涨幅达到15%的前五只证券,688216,气派科技
3,高盛(中国)证券有限责任公司上海浦东新区世纪大道证券营业部,12017823.5,0.030906995273,,,12017823.5,有价格涨跌幅限制的日收盘价格涨幅达到15%的前五只证券,688216,气派科技
4,华鑫证券有限责任公司绍兴胜利东路证券营业部,11948317.7,0.03072824282,,,11948317.7,有价格涨跌幅限制的日收盘价格涨幅达到15%的前五只证券,688216,气派科技
5,华泰证券股份有限公司福建分公司,11509130.56,0.02959875753,,,11509130.56,有价格涨跌幅限制的日收盘价格涨幅达到15%的前五只证券,688216,气派科技
1,国泰海通证券股份有限公司总部,,,32843046.14,0.084464534846,-32843046.14,有价格涨跌幅限制的日收盘价格涨幅达到15%的前五只证券,688216,气派科技
2,高盛(中国)证券有限责任公司上海浦东新区世纪大道证券营业部,,,22244452.68,0.057207463051,-22244452.68,有价格涨跌幅限制的日收盘价格涨幅达到15%的前五只证券,688216,气派科技
3,摩根大通证券(中国)有限公司上海银城中路证券营业部,,,18231806.46,0.046887887484,-18231806.46,有价格涨跌幅限制的日收盘价格涨幅达到15%的前五只证券,688216,气派科技
4,中信证券股份有限公司上海分公司,,,11794786.88,0.030333397919,-11794786.88,有价格涨跌幅限制的日收盘价格涨幅达到15%的前五只证券,688216,气派科技
5,信达证券股份有限公司资产管理事业部,,,11496000.0,0.02956498884,-11496000.0,有价格涨跌幅限制的日收盘价格涨幅达到15%的前五只证券,688216,气派科技
1,国泰海通证券股份有限公司总部,68913351.47,0.026076230335,,,68913351.47,有价格涨跌幅限制的连续3个交易日内收盘价格涨幅偏离值累计达到30%的证券,688323,瑞华泰
2,高盛(中国)证券有限责任公司上海浦东新区世纪大道证券营业部,56381903.41,0.021334436197,,,56381903.41,有价格涨跌幅限制的连续3个交易日内收盘价格涨幅偏离值累计达到30%的证券,688323,瑞华泰
3,中信证券股份有限公司上海分公司,55253974.68,0.020907637489,,,55253974.68,有价格涨跌幅限制的连续3个交易日内收盘价格涨幅偏离值累计达到30%的证券,688323,瑞华泰
4,中国国际金融股份有限公司上海分公司,39095319.97,0.01479333898,,,39095319.97,有价格涨跌幅限制的连续3个交易日内收盘价格涨幅偏离值累计达到30%的证券,688323,瑞华泰
5,中信证券股份有限公司深圳深南中路中信大厦证券营业部,37694152.98,0.014263149222,,,37694152.98,有价格涨跌幅限制的连续3个交易日内收盘价格涨幅偏离值累计达到30%的证券,688323,瑞华泰
1,机构专用,,,133254335.84,0.050422315566,-133254335.84,有价格涨跌幅限制的连续3个交易日内收盘价格涨幅偏离值累计达到30%的证券,688323,瑞华泰
2,国泰海通证券股份有限公司总部,,,61790646.24,0.023381058816,-61790646.24,有价格涨跌幅限制的连续3个交易日内收盘价格涨幅偏离值累计达到30%的证券,688323,瑞华泰
3,中信证券股份有限公司上海分公司,,,46908039.99,0.01774960627,-46908039.99,有价格涨跌幅限制的连续3个交易日内收盘价格涨幅偏离值累计达到30%的证券,688323,瑞华泰
4,高盛(中国)证券有限责任公司上海浦东新区世纪大道证券营业部,,,40384114.84,0.015281008077,-40384114.84,有价格涨跌幅限制的连续3个交易日内收盘价格涨幅偏离值累计达到30%的证券,688323,瑞华泰
5,中国国际金融股份有限公司上海分公司,,,34940415.32,0.013221158142,-34940415.32,有价格涨跌幅限制的连续3个交易日内收盘价格涨幅偏离值累计达到30%的证券,688323,瑞华泰
1,机构专用,108442741.16,0.055902357258,,,108442741.16,有价格涨跌幅限制的日收盘价格涨幅达到15%的前五只证券,688456,有研粉材
2,中信证券股份有限公司上海分公司,72841773.48,0.037550017648,,,72841773.48,有价格涨跌幅限制的日收盘价格涨幅达到15%的前五只证券,688456,有研粉材
3,机构专用,54898245.18,0.02830010826,,,54898245.18,有价格涨跌幅限制的日收盘价格涨幅达到15%的前五只证券,688456,有研粉材
4,高盛(中国)证券有限责任公司上海浦东新区世纪大道证券营业部,52612751.65,0.027121933728,,,52612751.65,有价格涨跌幅限制的日收盘价格涨幅达到15%的前五只证券,688456,有研粉材
5,国泰海通证券股份有限公司总部,52360034.29,0.02699165764,,,52360034.29,有价格涨跌幅限制的日收盘价格涨幅达到15%的前五只证券,688456,有研粉材
6,中信证券股份有限公司上海分公司,192203330.56,0.047851597728,,,192203330.56,有价格涨跌幅限制的连续3个交易日内收盘价格涨幅偏离值累计达到30%的证券,688456,有研粉材
7,机构专用,151147679.27,0.03763024254,,,151147679.27,有价格涨跌幅限制的连续3个交易日内收盘价格涨幅偏离值累计达到30%的证券,688456,有研粉材
8,高盛(中国)证券有限责任公司上海浦东新区世纪大道证券营业部,149585299.22,0.037241267065,,,149585299.22,有价格涨跌幅限制的连续3个交易日内收盘价格涨幅偏离值累计达到30%的证券,688456,有研粉材
9,国泰海通证券股份有限公司总部,119367372.47,0.0297181088,,,119367372.47,有价格涨跌幅限制的连续3个交易日内收盘价格涨幅偏离值累计达到30%的证券,688456,有研粉材
10,摩根大通证券(中国)有限公司上海银城中路证券营业部,108031484.73,0.026895887465,,,108031484.73,有价格涨跌幅限制的连续3个交易日内收盘价格涨幅偏离值累计达到30%的证券,688456,有研粉材
1,中信证券股份有限公司上海分公司,,,84942188.33,0.043787795361,-84942188.33,有价格涨跌幅限制的日收盘价格涨幅达到15%的前五只证券,688456,有研粉材
2,高盛(中国)证券有限责任公司上海浦东新区世纪大道证券营业部,,,77130369.37,0.039760793741,-77130369.37,有价格涨跌幅限制的日收盘价格涨幅达到15%的前五只证券,688456,有研粉材
3,摩根大通证券(中国)有限公司上海银城中路证券营业部,,,58346065.38,0.030077463522,-58346065.38,有价格涨跌幅限制的日收盘价格涨幅达到15%的前五只证券,688456,有研粉材
4,国泰海通证券股份有限公司总部,,,55481240.0,0.028600642758,-55481240.0,有价格涨跌幅限制的日收盘价格涨幅达到15%的前五只证券,688456,有研粉材
5,国泰海通证券股份有限公司西安唐延路证券营业部,,,48138529.75,0.024815467215,-48138529.75,有价格涨跌幅限制的日收盘价格涨幅达到15%的前五只证券,688456,有研粉材
6,中信证券股份有限公司上海分公司,,,196625865.96,0.048952647248,-196625865.96,有价格涨跌幅限制的连续3个交易日内收盘价格涨幅偏离值累计达到30%的证券,688456,有研粉材
7,摩根大通证券(中国)有限公司上海银城中路证券营业部,,,132454153.36,0.032976238473,-132454153.36,有价格涨跌幅限制的连续3个交易日内收盘价格涨幅偏离值累计达到30%的证券,688456,有研粉材
8,国泰海通证券股份有限公司总部,,,129195817.28,0.032165031993,-129195817.28,有价格涨跌幅限制的连续3个交易日内收盘价格涨幅偏离值累计达到30%的证券,688456,有研粉材
9,高盛(中国)证券有限责任公司上海浦东新区世纪大道证券营业部,,,120025969.81,0.029882075443,-120025969.81,有价格涨跌幅限制的连续3个交易日内收盘价格涨幅偏离值累计达到30%的证券,688456,有研粉材
10,瑞银证券有限责任公司上海花园石桥路证券营业部,,,99839712.07,0.024856435762,-99839712.07,有价格涨跌幅限制的连续3个交易日内收盘价格涨幅偏离值累计达到30%的证券,688456,有研粉材
1,机构专用,108442741.16,0.055902357258,,,108442741.16,有价格涨跌幅限制的日收盘价格涨幅达到15%的前五只证券,688456,有研粉材
2,中信证券股份有限公司上海分公司,72841773.48,0.037550017648,,,72841773.48,有价格涨跌幅限制的日收盘价格涨幅达到15%的前五只证券,688456,有研粉材
3,机构专用,54898245.18,0.02830010826,,,54898245.18,有价格涨跌幅限制的日收盘价格涨幅达到15%的前五只证券,688456,有研粉材
4,高盛(中国)证券有限责任公司上海浦东新区世纪大道证券营业部,52612751.65,0.027121933728,,,52612751.65,有价格涨跌幅限制的日收盘价格涨幅达到15%的前五只证券,688456,有研粉材
5,国泰海通证券股份有限公司总部,52360034.29,0.02699165764,,,52360034.29,有价格涨跌幅限制的日收盘价格涨幅达到15%的前五只证券,688456,有研粉材
6,中信证券股份有限公司上海分公司,192203330.56,0.047851597728,,,192203330.56,有价格涨跌幅限制的连续3个交易日内收盘价格涨幅偏离值累计达到30%的证券,688456,有研粉材
7,机构专用,151147679.27,0.03763024254,,,151147679.27,有价格涨跌幅限制的连续3个交易日内收盘价格涨幅偏离值累计达到30%的证券,688456,有研粉材
8,高盛(中国)证券有限责任公司上海浦东新区世纪大道证券营业部,149585299.22,0.037241267065,,,149585299.22,有价格涨跌幅限制的连续3个交易日内收盘价格涨幅偏离值累计达到30%的证券,688456,有研粉材
9,国泰海通证券股份有限公司总部,119367372.47,0.0297181088,,,119367372.47,有价格涨跌幅限制的连续3个交易日内收盘价格涨幅偏离值累计达到30%的证券,688456,有研粉材
10,摩根大通证券(中国)有限公司上海银城中路证券营业部,108031484.73,0.026895887465,,,108031484.73,有价格涨跌幅限制的连续3个交易日内收盘价格涨幅偏离值累计达到30%的证券,688456,有研粉材
1,中信证券股份有限公司上海分公司,,,84942188.33,0.043787795361,-84942188.33,有价格涨跌幅限制的日收盘价格涨幅达到15%的前五只证券,688456,有研粉材
2,高盛(中国)证券有限责任公司上海浦东新区世纪大道证券营业部,,,77130369.37,0.039760793741,-77130369.37,有价格涨跌幅限制的日收盘价格涨幅达到15%的前五只证券,688456,有研粉材
3,摩根大通证券(中国)有限公司上海银城中路证券营业部,,,58346065.38,0.030077463522,-58346065.38,有价格涨跌幅限制的日收盘价格涨幅达到15%的前五只证券,688456,有研粉材
4,国泰海通证券股份有限公司总部,,,55481240.0,0.028600642758,-55481240.0,有价格涨跌幅限制的日收盘价格涨幅达到15%的前五只证券,688456,有研粉材
5,国泰海通证券股份有限公司西安唐延路证券营业部,,,48138529.75,0.024815467215,-48138529.75,有价格涨跌幅限制的日收盘价格涨幅达到15%的前五只证券,688456,有研粉材
6,中信证券股份有限公司上海分公司,,,196625865.96,0.048952647248,-196625865.96,有价格涨跌幅限制的连续3个交易日内收盘价格涨幅偏离值累计达到30%的证券,688456,有研粉材
7,摩根大通证券(中国)有限公司上海银城中路证券营业部,,,132454153.36,0.032976238473,-132454153.36,有价格涨跌幅限制的连续3个交易日内收盘价格涨幅偏离值累计达到30%的证券,688456,有研粉材
8,国泰海通证券股份有限公司总部,,,129195817.28,0.032165031993,-129195817.28,有价格涨跌幅限制的连续3个交易日内收盘价格涨幅偏离值累计达到30%的证券,688456,有研粉材
9,高盛(中国)证券有限责任公司上海浦东新区世纪大道证券营业部,,,120025969.81,0.029882075443,-120025969.81,有价格涨跌幅限制的连续3个交易日内收盘价格涨幅偏离值累计达到30%的证券,688456,有研粉材
10,瑞银证券有限责任公司上海花园石桥路证券营业部,,,99839712.07,0.024856435762,-99839712.07,有价格涨跌幅限制的连续3个交易日内收盘价格涨幅偏离值累计达到30%的证券,688456,有研粉材
1,高盛(中国)证券有限责任公司上海浦东新区世纪大道证券营业部,36525179.33,0.054077624336,,,36525179.33,有价格涨跌幅限制的日收盘价格涨幅达到15%的前五只证券,688485,九州一轨
2,国泰海通证券股份有限公司上海分公司,34079192.21,0.050456200019,,,34079192.21,有价格涨跌幅限制的日收盘价格涨幅达到15%的前五只证券,688485,九州一轨
3,国泰海通证券股份有限公司总部,30471064.8,0.045114160303,,,30471064.8,有价格涨跌幅限制的日收盘价格涨幅达到15%的前五只证券,688485,九州一轨
4,中信证券股份有限公司深圳前海分公司,27309518.83,0.040433310039,,,27309518.83,有价格涨跌幅限制的日收盘价格涨幅达到15%的前五只证券,688485,九州一轨
5,中信证券股份有限公司上海分公司,16205116.25,0.02399260469,,,16205116.25,有价格涨跌幅限制的日收盘价格涨幅达到15%的前五只证券,688485,九州一轨
1,东方证券股份有限公司上海浦东新区银城中路证券营业部,,,21763387.26,0.032221943933,-21763387.26,有价格涨跌幅限制的日收盘价格涨幅达到15%的前五只证券,688485,九州一轨
2,高盛(中国)证券有限责任公司上海浦东新区世纪大道证券营业部,,,17996426.61,0.026644742489,-17996426.61,有价格涨跌幅限制的日收盘价格涨幅达到15%的前五只证券,688485,九州一轨
3,广发证券股份有限公司郑州农业路证券营业部,,,15399000.0,0.022799103315,-15399000.0,有价格涨跌幅限制的日收盘价格涨幅达到15%的前五只证券,688485,九州一轨
4,中信证券股份有限公司上海分公司,,,15149393.52,0.022429546596,-15149393.52,有价格涨跌幅限制的日收盘价格涨幅达到15%的前五只证券,688485,九州一轨
5,中国国际金融股份有限公司上海分公司,,,11789073.27,0.017454399602,-11789073.27,有价格涨跌幅限制的日收盘价格涨幅达到15%的前五只证券,688485,九州一轨
1,沪股通专用,199213404.99,0.044352089188,,,199213404.99,有价格涨跌幅限制的日换手率达到30%的前五只证券,688549,中巨芯
2,高盛(中国)证券有限责任公司上海浦东新区世纪大道证券营业部,117616661.12,0.026185710968,,,117616661.12,有价格涨跌幅限制的日换手率达到30%的前五只证券,688549,中巨芯
3,中信证券股份有限公司上海分公司,65355317.72,0.014550450963,,,65355317.72,有价格涨跌幅限制的日换手率达到30%的前五只证券,688549,中巨芯
4,国泰海通证券股份有限公司总部,61268873.53,0.013640661096,,,61268873.53,有价格涨跌幅限制的日换手率达到30%的前五只证券,688549,中巨芯
5,中国国际金融股份有限公司上海分公司,44857737.06,0.0099869502,,,44857737.06,有价格涨跌幅限制的日换手率达到30%的前五只证券,688549,中巨芯
1,沪股通专用,,,161467410.33,0.035948469353,-161467410.33,有价格涨跌幅限制的日换手率达到30%的前五只证券,688549,中巨芯
2,中信证券股份有限公司总部(非营业场所),,,127990539.59,0.028495310481,-127990539.59,有价格涨跌幅限制的日换手率达到30%的前五只证券,688549,中巨芯
3,国泰海通证券股份有限公司总部,,,127845001.01,0.028462908343,-127845001.01,有价格涨跌幅限制的日换手率达到30%的前五只证券,688549,中巨芯
4,高盛(中国)证券有限责任公司上海浦东新区世纪大道证券营业部,,,96562297.16,0.021498250161,-96562297.16,有价格涨跌幅限制的日换手率达到30%的前五只证券,688549,中巨芯
5,机构专用,,,93716145.77,0.020864594206,-93716145.77,有价格涨跌幅限制的日换手率达到30%的前五只证券,688549,中巨芯
1,东北证券股份有限公司佛山分公司,37387543.0,0.032754853714,,,37387543.0,有价格涨跌幅限制的日收盘价格涨幅达到15%的前五只证券,688662,富信科技
2,摩根大通证券(中国)有限公司上海银城中路证券营业部,32318315.36,0.028313753913,,,32318315.36,有价格涨跌幅限制的日收盘价格涨幅达到15%的前五只证券,688662,富信科技
3,东方财富证券股份有限公司拉萨东环路第二证券营业部,21964178.02,0.019242597407,,,21964178.02,有价格涨跌幅限制的日收盘价格涨幅达到15%的前五只证券,688662,富信科技
4,华泰证券股份有限公司总部,21838546.74,0.019132533095,,,21838546.74,有价格涨跌幅限制的日收盘价格涨幅达到15%的前五只证券,688662,富信科技
5,华泰证券股份有限公司深圳益田路证券营业部,19847668.66,0.017388344656,,,19847668.66,有价格涨跌幅限制的日收盘价格涨幅达到15%的前五只证券,688662,富信科技
6,中信证券股份有限公司上海分公司,62927095.12,0.032381961514,,,62927095.12,有价格涨跌幅限制的连续3个交易日内收盘价格涨幅偏离值累计达到30%的证券,688662,富信科技
7,摩根大通证券(中国)有限公司上海银城中路证券营业部,58788509.09,0.030252266296,,,58788509.09,有价格涨跌幅限制的连续3个交易日内收盘价格涨幅偏离值累计达到30%的证券,688662,富信科技
8,瑞银证券有限责任公司上海花园石桥路证券营业部,50692260.12,0.026085977958,,,50692260.12,有价格涨跌幅限制的连续3个交易日内收盘价格涨幅偏离值累计达到30%的证券,688662,富信科技
9,高盛(中国)证券有限责任公司上海浦东新区世纪大道证券营业部,45325074.67,0.023324051759,,,45325074.67,有价格涨跌幅限制的连续3个交易日内收盘价格涨幅偏离值累计达到30%的证券,688662,富信科技
10,东北证券股份有限公司佛山分公司,37387543.0,0.019239438532,,,37387543.0,有价格涨跌幅限制的连续3个交易日内收盘价格涨幅偏离值累计达到30%的证券,688662,富信科技
1,中信证券股份有限公司上海分公司,,,36711677.23,0.03216273445,-36711677.23,有价格涨跌幅限制的日收盘价格涨幅达到15%的前五只证券,688662,富信科技
2,国泰海通证券股份有限公司总部,,,25827960.72,0.022627618913,-25827960.72,有价格涨跌幅限制的日收盘价格涨幅达到15%的前五只证券,688662,富信科技
3,国投证券股份有限公司佛山顺德容奇大道证券营业部,,,24729295.69,0.021665089433,-24729295.69,有价格涨跌幅限制的日收盘价格涨幅达到15%的前五只证券,688662,富信科技
4,高盛(中国)证券有限责任公司上海浦东新区世纪大道证券营业部,,,24143297.78,0.021151702506,-24143297.78,有价格涨跌幅限制的日收盘价格涨幅达到15%的前五只证券,688662,富信科技
5,瑞银证券有限责任公司上海花园石桥路证券营业部,,,23689570.71,0.020754196743,-23689570.71,有价格涨跌幅限制的日收盘价格涨幅达到15%的前五只证券,688662,富信科技
6,国泰海通证券股份有限公司总部,,,58029667.94,0.029861770519,-58029667.94,有价格涨跌幅限制的连续3个交易日内收盘价格涨幅偏离值累计达到30%的证券,688662,富信科技
7,中信证券股份有限公司上海分公司,,,48874714.06,0.025150678046,-48874714.06,有价格涨跌幅限制的连续3个交易日内收盘价格涨幅偏离值累计达到30%的证券,688662,富信科技
8,瑞银证券有限责任公司上海花园石桥路证券营业部,,,44436274.87,0.022866679924,-44436274.87,有价格涨跌幅限制的连续3个交易日内收盘价格涨幅偏离值累计达到30%的证券,688662,富信科技
9,高盛(中国)证券有限责任公司上海浦东新区世纪大道证券营业部,,,34181432.67,0.017589590543,-34181432.67,有价格涨跌幅限制的连续3个交易日内收盘价格涨幅偏离值累计达到30%的证券,688662,富信科技
10,摩根大通证券(中国)有限公司上海银城中路证券营业部,,,30932307.29,0.015917607229,-30932307.29,有价格涨跌幅限制的连续3个交易日内收盘价格涨幅偏离值累计达到30%的证券,688662,富信科技
1,东北证券股份有限公司佛山分公司,37387543.0,0.032754853714,,,37387543.0,有价格涨跌幅限制的日收盘价格涨幅达到15%的前五只证券,688662,富信科技
2,摩根大通证券(中国)有限公司上海银城中路证券营业部,32318315.36,0.028313753913,,,32318315.36,有价格涨跌幅限制的日收盘价格涨幅达到15%的前五只证券,688662,富信科技
3,东方财富证券股份有限公司拉萨东环路第二证券营业部,21964178.02,0.019242597407,,,21964178.02,有价格涨跌幅限制的日收盘价格涨幅达到15%的前五只证券,688662,富信科技
4,华泰证券股份有限公司总部,21838546.74,0.019132533095,,,21838546.74,有价格涨跌幅限制的日收盘价格涨幅达到15%的前五只证券,688662,富信科技
5,华泰证券股份有限公司深圳益田路证券营业部,19847668.66,0.017388344656,,,19847668.66,有价格涨跌幅限制的日收盘价格涨幅达到15%的前五只证券,688662,富信科技
6,中信证券股份有限公司上海分公司,62927095.12,0.032381961514,,,62927095.12,有价格涨跌幅限制的连续3个交易日内收盘价格涨幅偏离值累计达到30%的证券,688662,富信科技
7,摩根大通证券(中国)有限公司上海银城中路证券营业部,58788509.09,0.030252266296,,,58788509.09,有价格涨跌幅限制的连续3个交易日内收盘价格涨幅偏离值累计达到30%的证券,688662,富信科技
8,瑞银证券有限责任公司上海花园石桥路证券营业部,50692260.12,0.026085977958,,,50692260.12,有价格涨跌幅限制的连续3个交易日内收盘价格涨幅偏离值累计达到30%的证券,688662,富信科技
9,高盛(中国)证券有限责任公司上海浦东新区世纪大道证券营业部,45325074.67,0.023324051759,,,45325074.67,有价格涨跌幅限制的连续3个交易日内收盘价格涨幅偏离值累计达到30%的证券,688662,富信科技
10,东北证券股份有限公司佛山分公司,37387543.0,0.019239438532,,,37387543.0,有价格涨跌幅限制的连续3个交易日内收盘价格涨幅偏离值累计达到30%的证券,688662,富信科技
1,中信证券股份有限公司上海分公司,,,36711677.23,0.03216273445,-36711677.23,有价格涨跌幅限制的日收盘价格涨幅达到15%的前五只证券,688662,富信科技
2,国泰海通证券股份有限公司总部,,,25827960.72,0.022627618913,-25827960.72,有价格涨跌幅限制的日收盘价格涨幅达到15%的前五只证券,688662,富信科技
3,国投证券股份有限公司佛山顺德容奇大道证券营业部,,,24729295.69,0.021665089433,-24729295.69,有价格涨跌幅限制的日收盘价格涨幅达到15%的前五只证券,688662,富信科技
4,高盛(中国)证券有限责任公司上海浦东新区世纪大道证券营业部,,,24143297.78,0.021151702506,-24143297.78,有价格涨跌幅限制的日收盘价格涨幅达到15%的前五只证券,688662,富信科技
5,瑞银证券有限责任公司上海花园石桥路证券营业部,,,23689570.71,0.020754196743,-23689570.71,有价格涨跌幅限制的日收盘价格涨幅达到15%的前五只证券,688662,富信科技
6,国泰海通证券股份有限公司总部,,,58029667.94,0.029861770519,-58029667.94,有价格涨跌幅限制的连续3个交易日内收盘价格涨幅偏离值累计达到30%的证券,688662,富信科技
7,中信证券股份有限公司上海分公司,,,48874714.06,0.025150678046,-48874714.06,有价格涨跌幅限制的连续3个交易日内收盘价格涨幅偏离值累计达到30%的证券,688662,富信科技
8,瑞银证券有限责任公司上海花园石桥路证券营业部,,,44436274.87,0.022866679924,-44436274.87,有价格涨跌幅限制的连续3个交易日内收盘价格涨幅偏离值累计达到30%的证券,688662,富信科技
9,高盛(中国)证券有限责任公司上海浦东新区世纪大道证券营业部,,,34181432.67,0.017589590543,-34181432.67,有价格涨跌幅限制的连续3个交易日内收盘价格涨幅偏离值累计达到30%的证券,688662,富信科技
10,摩根大通证券(中国)有限公司上海银城中路证券营业部,,,30932307.29,0.015917607229,-30932307.29,有价格涨跌幅限制的连续3个交易日内收盘价格涨幅偏离值累计达到30%的证券,688662,富信科技
1,中信证券股份有限公司上海分公司,204351980.48,0.05358932791,,,204351980.48,有价格涨跌幅限制的连续3个交易日内收盘价格涨幅偏离值累计达到30%的证券,688783,西安奕材
2,国泰海通证券股份有限公司总部,106063843.44,0.027814215806,,,106063843.44,有价格涨跌幅限制的连续3个交易日内收盘价格涨幅偏离值累计达到30%的证券,688783,西安奕材
3,高盛(中国)证券有限责任公司上海浦东新区世纪大道证券营业部,100582566.33,0.026376803966,,,100582566.33,有价格涨跌幅限制的连续3个交易日内收盘价格涨幅偏离值累计达到30%的证券,688783,西安奕材
4,瑞银证券有限责任公司上海花园石桥路证券营业部,82571685.45,0.021653624874,,,82571685.45,有价格涨跌幅限制的连续3个交易日内收盘价格涨幅偏离值累计达到30%的证券,688783,西安奕材
5,国泰海通证券股份有限公司上海长宁区江苏路证券营业部,72248970.92,0.018946592955,,,72248970.92,有价格涨跌幅限制的连续3个交易日内收盘价格涨幅偏离值累计达到30%的证券,688783,西安奕材
1,中信证券股份有限公司上海分公司,,,218551205.34,0.057312937122,-218551205.34,有价格涨跌幅限制的连续3个交易日内收盘价格涨幅偏离值累计达到30%的证券,688783,西安奕材
2,高盛(中国)证券有限责任公司上海浦东新区世纪大道证券营业部,,,110909942.84,0.029085058444,-110909942.84,有价格涨跌幅限制的连续3个交易日内收盘价格涨幅偏离值累计达到30%的证券,688783,西安奕材
3,国泰海通证券股份有限公司总部,,,87646217.93,0.022984371875,-87646217.93,有价格涨跌幅限制的连续3个交易日内收盘价格涨幅偏离值累计达到30%的证券,688783,西安奕材
4,摩根大通证券(中国)有限公司上海银城中路证券营业部,,,85046889.61,0.022302723195,-85046889.61,有价格涨跌幅限制的连续3个交易日内收盘价格涨幅偏离值累计达到30%的证券,688783,西安奕材
5,瑞银证券有限责任公司上海花园石桥路证券营业部,,,67258402.95,0.017637864835,-67258402.95,有价格涨跌幅限制的连续3个交易日内收盘价格涨幅偏离值累计达到30%的证券,688783,西安奕材
1,国泰海通证券股份有限公司总部,76934174.97,0.030339783176,,,76934174.97,有价格涨跌幅限制的连续3个交易日内收盘价格涨幅偏离值累计达到30%的证券,688786,悦安新材
2,机构专用,72597707.71,0.028629652711,,,72597707.71,有价格涨跌幅限制的连续3个交易日内收盘价格涨幅偏离值累计达到30%的证券,688786,悦安新材
3,中信证券股份有限公司上海分公司,69487622.45,0.027403158601,,,69487622.45,有价格涨跌幅限制的连续3个交易日内收盘价格涨幅偏离值累计达到30%的证券,688786,悦安新材
4,高盛(中国)证券有限责任公司上海浦东新区世纪大道证券营业部,61039311.01,0.024071480093,,,61039311.01,有价格涨跌幅限制的连续3个交易日内收盘价格涨幅偏离值累计达到30%的证券,688786,悦安新材
5,瑞银证券有限责任公司上海花园石桥路证券营业部,48348067.2,0.019066557566,,,48348067.2,有价格涨跌幅限制的连续3个交易日内收盘价格涨幅偏离值累计达到30%的证券,688786,悦安新材
1,高盛(中国)证券有限责任公司上海浦东新区世纪大道证券营业部,,,87078739.44,0.034340396513,-87078739.44,有价格涨跌幅限制的连续3个交易日内收盘价格涨幅偏离值累计达到30%的证券,688786,悦安新材
2,国泰海通证券股份有限公司总部,,,74372125.98,0.029329412806,-74372125.98,有价格涨跌幅限制的连续3个交易日内收盘价格涨幅偏离值累计达到30%的证券,688786,悦安新材
3,中信证券股份有限公司上海分公司,,,59081872.66,0.023299544147,-59081872.66,有价格涨跌幅限制的连续3个交易日内收盘价格涨幅偏离值累计达到30%的证券,688786,悦安新材
4,摩根大通证券(中国)有限公司上海银城中路证券营业部,,,46375373.56,0.018288605539,-46375373.56,有价格涨跌幅限制的连续3个交易日内收盘价格涨幅偏离值累计达到30%的证券,688786,悦安新材
5,瑞银证券有限责任公司上海花园石桥路证券营业部,,,46072276.59,0.018169076132,-46072276.59,有价格涨跌幅限制的连续3个交易日内收盘价格涨幅偏离值累计达到30%的证券,688786,悦安新材
1,大通证券股份有限公司大连民意街证券营业部,52926.4,0.174286899768,,,52926.4,有价格涨跌幅限制的日收盘价格涨幅偏离值达到7%的前五只证券,900924,上工B股
2,国泰海通证券股份有限公司上海静安区北京西路证券营业部,25406.6,0.083664060802,,,25406.6,有价格涨跌幅限制的日收盘价格涨幅偏离值达到7%的前五只证券,900924,上工B股
3,国泰海通证券股份有限公司成都人民西路证券营业部,21826.49,0.071874740676,,,21826.49,有价格涨跌幅限制的日收盘价格涨幅偏离值达到7%的前五只证券,900924,上工B股
4,申万宏源证券有限公司上海松江区人民北路证券营业部,17881.7,0.058884527487,,,17881.7,有价格涨跌幅限制的日收盘价格涨幅偏离值达到7%的前五只证券,900924,上工B股
5,广发证券股份有限公司南京水佑岗证券营业部,10640.0,0.035037573187,,,10640.0,有价格涨跌幅限制的日收盘价格涨幅偏离值达到7%的前五只证券,900924,上工B股
1,中信证券股份有限公司上海长宁区红宝石路证券营业部,,,32923.2,0.108416262176,-32923.2,有价格涨跌幅限制的日收盘价格涨幅偏离值达到7%的前五只证券,900924,上工B股
2,中国银河证券股份有限公司上海恒丰路证券营业部,,,18310.0,0.060294921528,-18310.0,有价格涨跌幅限制的日收盘价格涨幅偏离值达到7%的前五只证券,900924,上工B股
3,申万宏源证券有限公司上海长宁区天山路证券营业部,,,17243.0,0.056781285194,-17243.0,有价格涨跌幅限制的日收盘价格涨幅偏离值达到7%的前五只证券,900924,上工B股
4,国泰海通证券股份有限公司上海徐汇区建国西路证券营业部,,,12160.0,0.040042940785,-12160.0,有价格涨跌幅限制的日收盘价格涨幅偏离值达到7%的前五只证券,900924,上工B股
5,渤海证券股份有限公司天津云际道分公司,,,9120.0,0.030032205589,-9120.0,有价格涨跌幅限制的日收盘价格涨幅偏离值达到7%的前五只证券,900924,上工B股
1,国信证券股份有限公司上海分公司,54385.4,0.162355139741,,,54385.4,有价格涨跌幅限制的日收盘价格涨幅偏离值达到7%的前五只证券,900946,天雁B股
2,中国银河证券股份有限公司北京珠市口大街证券营业部,35340.0,0.105499465637,,,35340.0,有价格涨跌幅限制的日收盘价格涨幅偏离值达到7%的前五只证券,900946,天雁B股
3,国泰海通证券股份有限公司南京太平南路证券营业部,21535.97,0.064290699688,,,21535.97,有价格涨跌幅限制的日收盘价格涨幅偏离值达到7%的前五只证券,900946,天雁B股
4,招商证券股份有限公司深圳红岭路证券营业部,15977.6,0.047697460729,,,15977.6,有价格涨跌幅限制的日收盘价格涨幅偏离值达到7%的前五只证券,900946,天雁B股
5,广发证券股份有限公司南京水佑岗证券营业部,11780.0,0.035166488546,,,11780.0,有价格涨跌幅限制的日收盘价格涨幅偏离值达到7%的前五只证券,900946,天雁B股
1,申万宏源证券有限公司杭州密渡桥路证券营业部,,,39705.68,0.118532202115,-39705.68,有价格涨跌幅限制的日收盘价格涨幅偏离值达到7%的前五只证券,900946,天雁B股
2,国泰海通证券股份有限公司上海徐汇区建国西路证券营业部,,,22509.0,0.067195457612,-22509.0,有价格涨跌幅限制的日收盘价格涨幅偏离值达到7%的前五只证券,900946,天雁B股
3,申万宏源证券有限公司上海宝山区同泰路证券营业部,,,20425.0,0.060974153527,-20425.0,有价格涨跌幅限制的日收盘价格涨幅偏离值达到7%的前五只证券,900946,天雁B股
4,招商证券股份有限公司无锡人民中路证券营业部,,,19919.0,0.059463606565,-19919.0,有价格涨跌幅限制的日收盘价格涨幅偏离值达到7%的前五只证券,900946,天雁B股
5,长江证券股份有限公司上海金运路证券营业部,,,12584.67,0.037568646299,-12584.67,有价格涨跌幅限制的日收盘价格涨幅偏离值达到7%的前五只证券,900946,天雁B股
1,国金证券股份有限公司深圳分公司,10196161.24,0.049091022734,2083060.91,0.010029224537,8113100.33,当日换手率达到20%的前5只股票,920091,大鹏工业
2,平安证券股份有限公司浙江分公司,7887424.83,0.037975247991,939152.85,0.004521699179,6948271.98,当日换手率达到20%的前5只股票,920091,大鹏工业
3,国信证券股份有限公司深圳互联网分公司,7880416.84,0.03794150692,3891270.83,0.018735135732,3989146.01,当日换手率达到20%的前5只股票,920091,大鹏工业
4,机构专用,4250265.61,0.020463572591,1695681.92,0.008164127432,2554583.69,当日换手率达到20%的前5只股票,920091,大鹏工业
5,东方证券股份有限公司张家港东环路证券营业部,3765202.17,0.018128158331,0.0,0.0,3765202.17,当日换手率达到20%的前5只股票,920091,大鹏工业
1,国信证券股份有限公司深圳互联网分公司,7880416.84,0.03794150692,3891270.83,0.018735135732,3989146.01,当日换手率达到20%的前5只股票,920091,大鹏工业
2,广发证券股份有限公司新余中山路营业部,867455.67,0.004176501824,3471549.27,0.016714320235,-2604093.6,当日换手率达到20%的前5只股票,920091,大鹏工业
3,华泰证券股份有限公司泰州分公司,772937.79,0.003721430618,3211427.99,0.015461925401,-2438490.2,当日换手率达到20%的前5只股票,920091,大鹏工业
4,湘财证券股份有限公司湘财证券上海陆家嘴证券营业部,292372.96,0.001407675623,2434692.45,0.011722209918,-2142319.49,当日换手率达到20%的前5只股票,920091,大鹏工业
5,东方财富证券股份有限公司林芝广州大道证券营业部,215076.35,0.001035518931,2288219.5,0.011016992852,-2073143.15,当日换手率达到20%的前5只股票,920091,大鹏工业
1,国金证券股份有限公司深圳分公司,13381139.76,0.018738856036,3353001.12,0.004695519694,10028138.64,当日换手率达到20%的前5只股票,920161,龙辰科技
2,东方财富证券股份有限公司拉萨团结路第二证券营业部,7680639.36,0.010755914504,6665672.48,0.00933456187,1014966.88,当日换手率达到20%的前5只股票,920161,龙辰科技
3,东方财富证券股份有限公司拉萨金融城南环路证券营业部,7558537.98,0.010584924572,4978779.21,0.006972248143,2579758.77,当日换手率达到20%的前5只股票,920161,龙辰科技
4,中信证券华南股份有限公司广州增城云曦街证券营业部,7141192.14,0.01000047633,13449.0,1.8833887e-05,7127743.14,当日换手率达到20%的前5只股票,920161,龙辰科技
5,机构专用,6824118.82,0.009556449034,7864400.94,0.011013252956,-1040282.12,当日换手率达到20%的前5只股票,920161,龙辰科技
1,国信证券股份有限公司深圳红岭中路证券营业部,245568.0,0.000343891737,13651975.97,0.0191181332,-13406407.97,当日换手率达到20%的前5只股票,920161,龙辰科技
2,平安证券股份有限公司浙江分公司,455423.22,0.000637771543,9689723.03,0.01356942145,-9234299.81,当日换手率达到20%的前5只股票,920161,龙辰科技
3,中信建投证券股份有限公司北京东城分公司,74255.92,0.000103987479,9400464.3,0.013164345515,-9326208.38,当日换手率达到20%的前5只股票,920161,龙辰科技
4,华泰证券股份有限公司镇江分公司,314149.98,0.00043993347,8527723.14,0.011942164801,-8213573.16,当日换手率达到20%的前5只股票,920161,龙辰科技
5,机构专用,6824118.82,0.009556449034,7864400.94,0.011013252956,-1040282.12,当日换手率达到20%的前5只股票,920161,龙辰科技
1,华西证券股份有限公司成都西玉龙街证券营业部,10110578.0,0.019260569753,31220.0,5.9473849e-05,10079358.0,当日换手率达到20%的前5只股票,920206,彩客科技
2,中航证券有限公司广州营业部,9231261.52,0.017585478932,0.0,0.0,9231261.52,当日换手率达到20%的前5只股票,920206,彩客科技
3,东方财富证券股份有限公司拉萨团结路第一证券营业部,8921690.55,0.016995748725,3497501.48,0.006662712183,5424189.07,当日换手率达到20%的前5只股票,920206,彩客科技
4,国金证券股份有限公司乌鲁木齐南湖路证券营业部,8714795.0,0.016601614366,473586.2,0.000902177901,8241208.8,当日换手率达到20%的前5只股票,920206,彩客科技
5,东方财富证券股份有限公司拉萨东环路第二证券营业部,6543243.94,0.012464827067,6207129.51,0.011824531782,336114.43,当日换手率达到20%的前5只股票,920206,彩客科技
1,机构专用,2116356.16,0.004031641459,10439271.42,0.019886728073,-8322915.26,当日换手率达到20%的前5只股票,920206,彩客科技
2,国金证券股份有限公司深圳分公司,812392.41,0.001547601006,9410050.39,0.017926070291,-8597657.98,当日换手率达到20%的前5只股票,920206,彩客科技
3,平安证券股份有限公司河北分公司,134527.75,0.000256274282,9321582.69,0.017757540034,-9187054.94,当日换手率达到20%的前5只股票,920206,彩客科技
4,东方财富证券股份有限公司拉萨金融城南环路证券营业部,5539475.98,0.010552657178,7688502.35,0.014646535124,-2149026.37,当日换手率达到20%的前5只股票,920206,彩客科技
5,国信证券股份有限公司福建分公司,0.0,0.0,7342739.54,0.013987859753,-7342739.54,当日换手率达到20%的前5只股票,920206,彩客科技
1,机构专用,12369310.05,0.031202923526,8663343.78,0.021854222455,3705966.27,当日换手率达到20%的前5只股票,920211,新睿电子
2,中航证券有限公司福建分公司,9325257.14,0.023523970555,4269066.95,0.01076918349,5056190.19,当日换手率达到20%的前5只股票,920211,新睿电子
3,国金证券股份有限公司深圳分公司,5116617.45,0.01290722137,15520351.92,0.03915176773,-10403734.47,当日换手率达到20%的前5只股票,920211,新睿电子
4,东方财富证券股份有限公司拉萨团结路第二证券营业部,4469339.3,0.011274392171,1476144.63,0.003723734616,2993194.67,当日换手率达到20%的前5只股票,920211,新睿电子
5,东方财富证券股份有限公司拉萨东环路第一证券营业部,4238527.03,0.010692143236,4842729.36,0.012216309015,-604202.33,当日换手率达到20%的前5只股票,920211,新睿电子
1,国金证券股份有限公司深圳分公司,5116617.45,0.01290722137,15520351.92,0.03915176773,-10403734.47,当日换手率达到20%的前5只股票,920211,新睿电子
2,财通证券股份有限公司杭州文二西路证券营业部,29774.6,7.5109651e-05,9142080.68,0.023061888107,-9112306.08,当日换手率达到20%的前5只股票,920211,新睿电子
3,机构专用,12369310.05,0.031202923526,8663343.78,0.021854222455,3705966.27,当日换手率达到20%的前5只股票,920211,新睿电子
4,兴业证券股份有限公司东营分公司,0.0,0.0,6171643.83,0.015568639615,-6171643.83,当日换手率达到20%的前5只股票,920211,新睿电子
5,东方财富证券股份有限公司拉萨团结路第一证券营业部,2457496.24,0.006199300279,5554246.54,0.014011188121,-3096750.3,当日换手率达到20%的前5只股票,920211,新睿电子
1,东吴证券股份有限公司苏州西北街证券营业部,11709445.33,0.058009450043,110743.0,0.000548628935,11598702.33,当日收盘价涨幅达到20%的前5只股票,920271,邦德股份
2,国泰海通证券股份有限公司福建福州华林路营业部,4648273.66,0.023027888262,10353.0,5.1289521e-05,4637920.66,当日收盘价涨幅达到20%的前5只股票,920271,邦德股份
3,东方财富证券股份有限公司拉萨金融城南环路证券营业部,3769265.74,0.018673218627,200254.56,0.000992075762,3569011.18,当日收盘价涨幅达到20%的前5只股票,920271,邦德股份
4,华泰证券股份有限公司靖江人民中路证券营业部,2771632.45,0.013730870218,0.0,0.0,2771632.45,当日收盘价涨幅达到20%的前5只股票,920271,邦德股份
5,国信证券股份有限公司襄阳春园西路证券营业部,2366060.0,0.011721634587,0.0,0.0,2366060.0,当日收盘价涨幅达到20%的前5只股票,920271,邦德股份
1,国投证券股份有限公司揭阳分公司,52094.9,0.000258081951,35805092.19,0.177381049927,-35752997.29,当日收盘价涨幅达到20%的前5只股票,920271,邦德股份
2,方正证券股份有限公司杭州平澜路证券营业部,0.0,0.0,8491300.0,0.042066522305,-8491300.0,当日收盘价涨幅达到20%的前5只股票,920271,邦德股份
3,民生证券股份有限公司深圳第二分公司,0.0,0.0,4834899.27,0.023952445207,-4834899.27,当日收盘价涨幅达到20%的前5只股票,920271,邦德股份
4,申万宏源证券有限公司江苏盐城解放南路证券营业部,1477.0,7.317166e-06,4491619.58,0.022251812472,-4490142.58,当日收盘价涨幅达到20%的前5只股票,920271,邦德股份
5,国信证券股份有限公司深圳互联网分公司,2267653.17,0.011234119941,3633637.06,0.018001304209,-1365983.89,当日收盘价涨幅达到20%的前5只股票,920271,邦德股份
1,平安证券股份有限公司福州长乐北路证券营业部,14910383.79,0.033528910892,124460.72,0.000279874244,14785923.07,当日换手率达到20%的前5只股票,920357,雅葆轩
2,中国中金财富证券有限公司扬州邗江北路证券营业部,6787182.85,0.015262306604,0.0,0.0,6787182.85,当日换手率达到20%的前5只股票,920357,雅葆轩
3,东方财富证券股份有限公司拉萨团结路第一证券营业部,4830805.47,0.010863009861,3311019.53,0.007445474264,1519785.94,当日换手率达到20%的前5只股票,920357,雅葆轩
4,华鑫证券有限责任公司上海金山营业部,4797538.5,0.01078820258,1290339.65,0.002901580788,3507198.85,当日换手率达到20%的前5只股票,920357,雅葆轩
5,中信证券股份有限公司浙江分公司,4794688.96,0.010781794832,403418.26,0.000907164771,4391270.7,当日换手率达到20%的前5只股票,920357,雅葆轩
1,招商证券股份有限公司沈阳惠工街证券营业部,2246.0,5.05057e-06,12868072.92,0.028936375908,-12865826.92,当日换手率达到20%的前5只股票,920357,雅葆轩
2,东吴证券股份有限公司苏州西北街证券营业部,133456.7,0.000300103462,11010811.06,0.024759959775,-10877354.36,当日换手率达到20%的前5只股票,920357,雅葆轩
3,国信证券股份有限公司深圳红岭中路证券营业部,585710.14,0.001317083676,8144255.98,0.018313950659,-7558545.84,当日换手率达到20%的前5只股票,920357,雅葆轩
4,国泰海通证券股份有限公司河南郑州黄河路营业部,0.0,0.0,6462695.18,0.014532632685,-6462695.18,当日换手率达到20%的前5只股票,920357,雅葆轩
5,国金证券股份有限公司成都青白江青江东路证券营业部,398951.48,0.000897120343,6140990.33,0.01380921648,-5742038.85,当日换手率达到20%的前5只股票,920357,雅葆轩
1,财信证券股份有限公司长沙五一大道证券营业部,28090734.82,0.03884886833,12405.0,1.7155842e-05,28078329.82,当日收盘价跌幅达到-20%的前5只股票,920394,民士达
2,华泰证券股份有限公司镇江分公司,23276386.88,0.032190731032,8644669.51,0.011955387771,14631717.37,当日收盘价跌幅达到-20%的前5只股票,920394,民士达
3,国信证券股份有限公司深圳互联网分公司,22951467.58,0.031741374788,26117953.26,0.036120554829,-3166485.68,当日收盘价跌幅达到-20%的前5只股票,920394,民士达
4,国金证券股份有限公司深圳分公司,18159158.01,0.025113716072,15133898.02,0.020929848054,3025259.99,当日收盘价跌幅达到-20%的前5只股票,920394,民士达
5,机构专用,13075642.21,0.018083325545,11847806.92,0.016385256348,1227835.29,当日收盘价跌幅达到-20%的前5只股票,920394,民士达
1,国泰海通证券股份有限公司上海江苏路营业部,0.0,0.0,26576707.11,0.036755001312,-26576707.11,当日收盘价跌幅达到-20%的前5只股票,920394,民士达
2,国信证券股份有限公司深圳互联网分公司,22951467.58,0.031741374788,26117953.26,0.036120554829,-3166485.68,当日收盘价跌幅达到-20%的前5只股票,920394,民士达
3,华创证券有限责任公司北京西直门证券营业部,9463928.23,0.013088404559,17761939.37,0.02456437143,-8298011.14,当日收盘价跌幅达到-20%的前5只股票,920394,民士达
4,机构专用,0.0,0.0,15934685.57,0.02203731962,-15934685.57,当日收盘价跌幅达到-20%的前5只股票,920394,民士达
5,国金证券股份有限公司深圳分公司,18159158.01,0.025113716072,15133898.02,0.020929848054,3025259.99,当日收盘价跌幅达到-20%的前5只股票,920394,民士达
1,渤海证券股份有限公司深圳分公司,5963555.22,0.038146441191,15400.0,9.8507547e-05,5948155.22,当日价格振幅达到30%的前5只股票,920471,美邦科技
2,国信证券股份有限公司深圳互联网分公司,4011372.5,0.025659121031,3202039.51,0.020482146531,809332.99,当日价格振幅达到30%的前5只股票,920471,美邦科技
3,机构专用,3341547.91,0.021374525117,1452947.57,0.009293915624,1888600.34,当日价格振幅达到30%的前5只股票,920471,美邦科技
4,天风证券股份有限公司成都聚龙路营业部,3153241.49,0.020170005412,0.0,0.0,3153241.49,当日价格振幅达到30%的前5只股票,920471,美邦科技
5,东方财富证券股份有限公司拉萨东环路第二证券营业部,2587168.85,0.016549068592,590461.67,0.003776943541,1996707.18,当日价格振幅达到30%的前5只股票,920471,美邦科技
1,国信证券股份有限公司深圳红岭中路证券营业部,86395.41,0.000552636356,3675551.4,0.023511009817,-3589155.99,当日价格振幅达到30%的前5只股票,920471,美邦科技
2,国信证券股份有限公司深圳互联网分公司,4011372.5,0.025659121031,3202039.51,0.020482146531,809332.99,当日价格振幅达到30%的前5只股票,920471,美邦科技
3,中山证券有限责任公司江门建设二路证券营业部,0.0,0.0,2053707.79,0.013136734807,-2053707.79,当日价格振幅达到30%的前5只股票,920471,美邦科技
4,华泰证券股份有限公司深圳后海阿里云大厦证券营业部,0.0,0.0,1952677.33,0.012490483979,-1952677.33,当日价格振幅达到30%的前5只股票,920471,美邦科技
5,中信建投证券股份有限公司上海营口路证券营业部,0.0,0.0,1895038.18,0.012121789741,-1895038.18,当日价格振幅达到30%的前5只股票,920471,美邦科技
