序号,交易营业部名称,买入金额,买入金额-占总成交比例,卖出金额,卖出金额-占总成交比例,净额,类型,代码,名称
1,华林证券股份有限公司淮安淮海东路证券营业部,7279942.0,0.032165353929,0.0,0.0,7279942.0,连续三个交易日内，涨幅偏离值累计达到12%的ST证券、*ST证券和未完成股改证券,000010,*ST美丽
2,中信建投证券股份有限公司上海营口路证券营业部,5773769.0,0.025510549863,7992239.0,0.03531253355,-2218470.0,连续三个交易日内，涨幅偏离值累计达到12%的ST证券、*ST证券和未完成股改证券,000010,*ST美丽
3,东方财富证券股份有限公司拉萨团结路第二证券营业部,3961655.0,0.017503990447,5657058.0,0.02499487946,-1695403.0,连续三个交易日内，涨幅偏离值累计达到12%的ST证券、*ST证券和未完成股改证券,000010,*ST美丽
4,机构专用,3872027.0,0.0171079823,3789678.41,0.016744137156,82348.59,连续三个交易日内，涨幅偏离值累计达到12%的ST证券、*ST证券和未完成股改证券,000010,*ST美丽
5,东兴证券股份有限公司惠安建设南路证券营业部,3846597.0,0.016995623582,2564895.0,0.011332611642,1281702.0,连续三个交易日内，涨幅偏离值累计达到12%的ST证券、*ST证券和未完成股改证券,000010,*ST美丽
1,中信建投证券股份有限公司上海营口路证券营业部,5773769.0,0.025510549863,7992239.0,0.03531253355,-2218470.0,连续三个交易日内，涨幅偏离值累计达到12%的ST证券、*ST证券和未完成股改证券,000010,*ST美丽
2,东方财富证券股份有限公司拉萨团结路第二证券营业部,3961655.0,0.017503990447,5657058.0,0.02499487946,-1695403.0,连续三个交易日内，涨幅偏离值累计达到12%的ST证券、*ST证券和未完成股改证券,000010,*ST美丽
3,机构专用,3872027.0,0.0171079823,3789678.41,0.016744137156,82348.59,连续三个交易日内，涨幅偏离值累计达到12%的ST证券、*ST证券和未完成股改证券,000010,*ST美丽
4,联储证券股份有限公司陕西分公司,1558773.0,0.006887209437,3155917.0,0.013943955498,-1597144.0,连续三个交易日内，涨幅偏离值累计达到12%的ST证券、*ST证券和未完成股改证券,000010,*ST美丽
5,东方财富证券股份有限公司昌都两江大道证券营业部,1203232.0,0.005316303775,3051296.0,0.013481702984,-1848064.0,连续三个交易日内，涨幅偏离值累计达到12%的ST证券、*ST证券和未完成股改证券,000010,*ST美丽
1,华泰证券股份有限公司张家港金港镇长江中路证券营业部,9224298.0,0.040320466365,1054559.75,0.004609601829,8169738.25,日跌幅偏离值达到7%的前5只证券,000411,英特集团
2,深股通专用,6943506.0,0.030350862486,7807955.68,0.034129471357,-864449.68,日跌幅偏离值达到7%的前5只证券,000411,英特集团
3,东方证券股份有限公司上海浦东新区北门大街证券营业部,4302685.0,0.018807530483,1003721.0,0.004387379811,3298964.0,日跌幅偏离值达到7%的前5只证券,000411,英特集团
4,华泰证券股份有限公司张家港杨舍东街证券营业部,4249263.98,0.018574021067,1211238.0,0.005294460461,3038025.98,日跌幅偏离值达到7%的前5只证券,000411,英特集团
5,中信证券股份有限公司上海浦东新区东方路证券营业部,3717004.0,0.016247451542,164424.0,0.000718716195,3552580.0,日跌幅偏离值达到7%的前5只证券,000411,英特集团
1,山西证券股份有限公司晋城黄华街证券营业部,0.0,0.0,24668465.2,0.107828695623,-24668465.2,日跌幅偏离值达到7%的前5只证券,000411,英特集团
2,中国银河证券股份有限公司北京安贞门证券营业部,246299.0,0.001076601227,10571350.0,0.046208585424,-10325051.0,日跌幅偏离值达到7%的前5只证券,000411,英特集团
3,兴业证券股份有限公司北京曙光西里证券营业部,26685.0,0.000116643201,9891344.0,0.04323620107,-9864659.0,日跌幅偏离值达到7%的前5只证券,000411,英特集团
4,深股通专用,6943506.0,0.030350862486,7807955.68,0.034129471357,-864449.68,日跌幅偏离值达到7%的前5只证券,000411,英特集团
5,渤海证券股份有限公司湖南分公司,0.0,0.0,5275796.0,0.023061110468,-5275796.0,日跌幅偏离值达到7%的前5只证券,000411,英特集团
1,深股通专用,5441748.0,0.019372340011,9764910.24,0.034762572862,-4323162.24,日振幅值达到15%的前5只证券,000517,荣安地产
2,国泰海通证券股份有限公司深圳雅宝路证券营业部,4675993.0,0.016646292016,110147.0,0.000392117594,4565846.0,日振幅值达到15%的前5只证券,000517,荣安地产
3,东方财富证券股份有限公司拉萨金融城南环路证券营业部,3447128.0,0.012271596494,1509865.0,0.005375040915,1937263.0,日振幅值达到15%的前5只证券,000517,荣安地产
4,国金证券股份有限公司深圳分公司,2851526.0,0.010151284334,633085.0,0.002253749691,2218441.0,日振幅值达到15%的前5只证券,000517,荣安地产
5,东方财富证券股份有限公司拉萨东环路第二证券营业部,2766144.0,0.009847328852,688837.0,0.002452223913,2077307.0,日振幅值达到15%的前5只证券,000517,荣安地产
6,深股通专用,5441748.0,0.019372340011,9764910.24,0.034762572862,-4323162.24,日跌幅偏离值达到7%的前5只证券,000517,荣安地产
7,国泰海通证券股份有限公司深圳雅宝路证券营业部,4675993.0,0.016646292016,110147.0,0.000392117594,4565846.0,日跌幅偏离值达到7%的前5只证券,000517,荣安地产
8,东方财富证券股份有限公司拉萨金融城南环路证券营业部,3447128.0,0.012271596494,1509865.0,0.005375040915,1937263.0,日跌幅偏离值达到7%的前5只证券,000517,荣安地产
9,国金证券股份有限公司深圳分公司,2851526.0,0.010151284334,633085.0,0.002253749691,2218441.0,日跌幅偏离值达到7%的前5只证券,000517,荣安地产
10,东方财富证券股份有限公司拉萨东环路第二证券营业部,2766144.0,0.009847328852,688837.0,0.002452223913,2077307.0,日跌幅偏离值达到7%的前5只证券,000517,荣安地产
1,国新证券股份有限公司北京中关村大街证券营业部,0.0,0.0,15216300.0,0.054169237038,-15216300.0,日振幅值达到15%的前5只证券,000517,荣安地产
2,深股通专用,5441748.0,0.019372340011,9764910.24,0.034762572862,-4323162.24,日振幅值达到15%的前5只证券,000517,荣安地产
3,国新证券股份有限公司北京分公司,0.0,0.0,6970491.0,0.024814585625,-6970491.0,日振幅值达到15%的前5只证券,000517,荣安地产
4,中国银河证券股份有限公司太原迎泽桥西证券营业部,1321730.0,0.004705290095,5639036.0,0.020074675036,-4317306.0,日振幅值达到15%的前5只证券,000517,荣安地产
5,机构专用,916208.0,0.003261652854,3999286.0,0.014237250272,-3083078.0,日振幅值达到15%的前5只证券,000517,荣安地产
6,国新证券股份有限公司北京中关村大街证券营业部,0.0,0.0,15216300.0,0.054169237038,-15216300.0,日跌幅偏离值达到7%的前5只证券,000517,荣安地产
7,深股通专用,5441748.0,0.019372340011,9764910.24,0.034762572862,-4323162.24,日跌幅偏离值达到7%的前5只证券,000517,荣安地产
8,国新证券股份有限公司北京分公司,0.0,0.0,6970491.0,0.024814585625,-6970491.0,日跌幅偏离值达到7%的前5只证券,000517,荣安地产
9,中国银河证券股份有限公司太原迎泽桥西证券营业部,1321730.0,0.004705290095,5639036.0,0.020074675036,-4317306.0,日跌幅偏离值达到7%的前5只证券,000517,荣安地产
10,机构专用,916208.0,0.003261652854,3999286.0,0.014237250272,-3083078.0,日跌幅偏离值达到7%的前5只证券,000517,荣安地产
1,深股通专用,5441748.0,0.019372340011,9764910.24,0.034762572862,-4323162.24,日振幅值达到15%的前5只证券,000517,荣安地产
2,国泰海通证券股份有限公司深圳雅宝路证券营业部,4675993.0,0.016646292016,110147.0,0.000392117594,4565846.0,日振幅值达到15%的前5只证券,000517,荣安地产
3,东方财富证券股份有限公司拉萨金融城南环路证券营业部,3447128.0,0.012271596494,1509865.0,0.005375040915,1937263.0,日振幅值达到15%的前5只证券,000517,荣安地产
4,国金证券股份有限公司深圳分公司,2851526.0,0.010151284334,633085.0,0.002253749691,2218441.0,日振幅值达到15%的前5只证券,000517,荣安地产
5,东方财富证券股份有限公司拉萨东环路第二证券营业部,2766144.0,0.009847328852,688837.0,0.002452223913,2077307.0,日振幅值达到15%的前5只证券,000517,荣安地产
6,深股通专用,5441748.0,0.019372340011,9764910.24,0.034762572862,-4323162.24,日跌幅偏离值达到7%的前5只证券,000517,荣安地产
7,国泰海通证券股份有限公司深圳雅宝路证券营业部,4675993.0,0.016646292016,110147.0,0.000392117594,4565846.0,日跌幅偏离值达到7%的前5只证券,000517,荣安地产
8,东方财富证券股份有限公司拉萨金融城南环路证券营业部,3447128.0,0.012271596494,1509865.0,0.005375040915,1937263.0,日跌幅偏离值达到7%的前5只证券,000517,荣安地产
9,国金证券股份有限公司深圳分公司,2851526.0,0.010151284334,633085.0,0.002253749691,2218441.0,日跌幅偏离值达到7%的前5只证券,000517,荣安地产
10,东方财富证券股份有限公司拉萨东环路第二证券营业部,2766144.0,0.009847328852,688837.0,0.002452223913,2077307.0,日跌幅偏离值达到7%的前5只证券,000517,荣安地产
1,国新证券股份有限公司北京中关村大街证券营业部,0.0,0.0,15216300.0,0.054169237038,-15216300.0,日振幅值达到15%的前5只证券,000517,荣安地产
2,深股通专用,5441748.0,0.019372340011,9764910.24,0.034762572862,-4323162.24,日振幅值达到15%的前5只证券,000517,荣安地产
3,国新证券股份有限公司北京分公司,0.0,0.0,6970491.0,0.024814585625,-6970491.0,日振幅值达到15%的前5只证券,000517,荣安地产
4,中国银河证券股份有限公司太原迎泽桥西证券营业部,1321730.0,0.004705290095,5639036.0,0.020074675036,-4317306.0,日振幅值达到15%的前5只证券,000517,荣安地产
5,机构专用,916208.0,0.003261652854,3999286.0,0.014237250272,-3083078.0,日振幅值达到15%的前5只证券,000517,荣安地产
6,国新证券股份有限公司北京中关村大街证券营业部,0.0,0.0,15216300.0,0.054169237038,-15216300.0,日跌幅偏离值达到7%的前5只证券,000517,荣安地产
7,深股通专用,5441748.0,0.019372340011,9764910.24,0.034762572862,-4323162.24,日跌幅偏离值达到7%的前5只证券,000517,荣安地产
8,国新证券股份有限公司北京分公司,0.0,0.0,6970491.0,0.024814585625,-6970491.0,日跌幅偏离值达到7%的前5只证券,000517,荣安地产
9,中国银河证券股份有限公司太原迎泽桥西证券营业部,1321730.0,0.004705290095,5639036.0,0.020074675036,-4317306.0,日跌幅偏离值达到7%的前5只证券,000517,荣安地产
10,机构专用,916208.0,0.003261652854,3999286.0,0.014237250272,-3083078.0,日跌幅偏离值达到7%的前5只证券,000517,荣安地产
1,深股通专用,411902828.66,0.044191971037,533114373.59,0.057196438864,-121211544.93,日涨幅偏离值达到7%的前5只证券,000636,风华高科
2,国泰海通证券股份有限公司余姚舜水南路证券营业部,350363407.52,0.037589568413,4338802.0,0.000465498654,346024605.52,日涨幅偏离值达到7%的前5只证券,000636,风华高科
3,机构专用,256011176.98,0.027466765778,226029997.07,0.024250163847,29981179.91,日涨幅偏离值达到7%的前5只证券,000636,风华高科
4,长城证券股份有限公司深圳华为稼先路证券营业部,253729683.8,0.027221990376,0.0,0.0,253729683.8,日涨幅偏离值达到7%的前5只证券,000636,风华高科
5,国泰海通证券股份有限公司无锡湖滨路证券营业部,210539751.64,0.02258825616,727563.0,7.8058321e-05,209812188.64,日涨幅偏离值达到7%的前5只证券,000636,风华高科
1,深股通专用,411902828.66,0.044191971037,533114373.59,0.057196438864,-121211544.93,日涨幅偏离值达到7%的前5只证券,000636,风华高科
2,机构专用,185448230.97,0.019896252906,270026808.41,0.028970466009,-84578577.44,日涨幅偏离值达到7%的前5只证券,000636,风华高科
3,机构专用,256011176.98,0.027466765778,226029997.07,0.024250163847,29981179.91,日涨幅偏离值达到7%的前5只证券,000636,风华高科
4,机构专用,0.0,0.0,178744655.11,0.019177043885,-178744655.11,日涨幅偏离值达到7%的前5只证券,000636,风华高科
5,机构专用,93879517.01,0.010072086444,140185273.64,0.015040109272,-46305756.63,日涨幅偏离值达到7%的前5只证券,000636,风华高科
1,机构专用,6602455.0,0.036142818078,7433357.0,0.040691298882,-830902.0,日跌幅偏离值达到7%的前5只证券,000668,荣丰控股
2,国信证券股份有限公司深圳泰然九路证券营业部,6234283.0,0.034127389935,0.0,0.0,6234283.0,日跌幅偏离值达到7%的前5只证券,000668,荣丰控股
3,机构专用,4367967.0,0.023910899302,4792975.0,0.02623745614,-425008.0,日跌幅偏离值达到7%的前5只证券,000668,荣丰控股
4,平安证券股份有限公司济南解放路证券营业部,3947554.0,0.021609496176,1955147.0,0.010702764704,1992407.0,日跌幅偏离值达到7%的前5只证券,000668,荣丰控股
5,东方财富证券股份有限公司拉萨金融城南环路证券营业部,3421261.0,0.018728490224,762810.0,0.004175735095,2658451.0,日跌幅偏离值达到7%的前5只证券,000668,荣丰控股
1,广发证券股份有限公司广州中山三路中华广场证券营业部,37810.0,0.000206977549,16245618.0,0.088930922806,-16207808.0,日跌幅偏离值达到7%的前5只证券,000668,荣丰控股
2,机构专用,6602455.0,0.036142818078,7433357.0,0.040691298882,-830902.0,日跌幅偏离值达到7%的前5只证券,000668,荣丰控股
3,国泰海通证券股份有限公司杭州延安路证券营业部,0.0,0.0,5575372.0,0.030520413378,-5575372.0,日跌幅偏离值达到7%的前5只证券,000668,荣丰控股
4,机构专用,4367967.0,0.023910899302,4792975.0,0.02623745614,-425008.0,日跌幅偏离值达到7%的前5只证券,000668,荣丰控股
5,东方财富证券股份有限公司昌都两江大道证券营业部,1275055.0,0.006979840212,4079966.0,0.022334339106,-2804911.0,日跌幅偏离值达到7%的前5只证券,000668,荣丰控股
1,深股通专用,22797396.09,0.064585198746,41192257.5,0.116697982828,-18394861.41,日振幅值达到15%的前5只证券,000718,苏宁环球
2,国泰海通证券股份有限公司深圳分公司,21251454.0,0.060205532896,0.0,0.0,21251454.0,日振幅值达到15%的前5只证券,000718,苏宁环球
3,机构专用,4958294.0,0.014046885099,8115349.0,0.022990846235,-3157055.0,日振幅值达到15%的前5只证券,000718,苏宁环球
4,国泰海通证券股份有限公司南京太平南路证券营业部,4673870.0,0.013241109716,11983.0,3.3947931e-05,4661887.0,日振幅值达到15%的前5只证券,000718,苏宁环球
5,机构专用,4532226.0,0.012839831173,8306679.0,0.023532885599,-3774453.0,日振幅值达到15%的前5只证券,000718,苏宁环球
1,深股通专用,22797396.09,0.064585198746,41192257.5,0.116697982828,-18394861.41,日振幅值达到15%的前5只证券,000718,苏宁环球
2,广发证券股份有限公司荆州江津路证券营业部,1505.0,4.263677e-06,12267303.0,0.034753363902,-12265798.0,日振幅值达到15%的前5只证券,000718,苏宁环球
3,机构专用,4532226.0,0.012839831173,8306679.0,0.023532885599,-3774453.0,日振幅值达到15%的前5只证券,000718,苏宁环球
4,机构专用,4958294.0,0.014046885099,8115349.0,0.022990846235,-3157055.0,日振幅值达到15%的前5只证券,000718,苏宁环球
5,机构专用,2404803.0,0.006812825425,6369178.5,0.018043931756,-3964375.5,日振幅值达到15%的前5只证券,000718,苏宁环球
1,国泰海通证券股份有限公司南京太平南路证券营业部,314474770.93,0.085468892386,338777611.52,0.09207399098,-24302840.59,连续三个交易日内，涨幅偏离值累计达到20%的证券,000970,中科三环
2,深股通专用,151995992.39,0.04130992473,152089381.94,0.041335306421,-93389.55,连续三个交易日内，涨幅偏离值累计达到20%的证券,000970,中科三环
3,浙商证券股份有限公司杭州五星路证券营业部,60966721.76,0.01656971771,13030.0,3.541332e-06,60953691.76,连续三个交易日内，涨幅偏离值累计达到20%的证券,000970,中科三环
4,国泰海通证券股份有限公司济南经十路证券营业部,42640564.0,0.011588979825,408014.0,0.000110891263,42232550.0,连续三个交易日内，涨幅偏离值累计达到20%的证券,000970,中科三环
5,机构专用,42590301.5,0.011575319333,19596869.0,0.005326095581,22993432.5,连续三个交易日内，涨幅偏离值累计达到20%的证券,000970,中科三环
1,国泰海通证券股份有限公司南京太平南路证券营业部,314474770.93,0.085468892386,338777611.52,0.09207399098,-24302840.59,连续三个交易日内，涨幅偏离值累计达到20%的证券,000970,中科三环
2,深股通专用,151995992.39,0.04130992473,152089381.94,0.041335306421,-93389.55,连续三个交易日内，涨幅偏离值累计达到20%的证券,000970,中科三环
3,方正证券股份有限公司上海杨高南路证券营业部,41521.0,1.1284701e-05,46625559.0,0.012672033667,-46584038.0,连续三个交易日内，涨幅偏离值累计达到20%的证券,000970,中科三环
4,机构专用,38888936.06,0.01056935118,41954974.63,0.011402648299,-3066038.57,连续三个交易日内，涨幅偏离值累计达到20%的证券,000970,中科三环
5,机构专用,41023528.5,0.011149497088,33983959.0,0.009236261866,7039569.5,连续三个交易日内，涨幅偏离值累计达到20%的证券,000970,中科三环
1,华泰证券股份有限公司深圳前海证券营业部,290420827.27,0.159741070676,368430.0,0.000202648699,290052397.27,连续三个交易日内，涨幅偏离值累计达到20%的证券,001696,宗申动力
2,开源证券股份有限公司西安太华路证券营业部,51537866.9,0.028347533186,17115507.0,0.009414095535,34422359.9,连续三个交易日内，涨幅偏离值累计达到20%的证券,001696,宗申动力
3,华福证券股份有限公司江苏分公司,50151474.0,0.027584971188,0.0,0.0,50151474.0,连续三个交易日内，涨幅偏离值累计达到20%的证券,001696,宗申动力
4,深股通专用,48774979.06,0.026827853396,103251260.75,0.056791612006,-54476281.69,连续三个交易日内，涨幅偏离值累计达到20%的证券,001696,宗申动力
5,平安证券股份有限公司杭州曙光路证券营业部,29539087.0,0.016247475873,1048945.0,0.00057695448,28490142.0,连续三个交易日内，涨幅偏离值累计达到20%的证券,001696,宗申动力
1,深股通专用,48774979.06,0.026827853396,103251260.75,0.056791612006,-54476281.69,连续三个交易日内，涨幅偏离值累计达到20%的证券,001696,宗申动力
2,机构专用,11021713.0,0.006062307073,26948913.0,0.014822794414,-15927200.0,连续三个交易日内，涨幅偏离值累计达到20%的证券,001696,宗申动力
3,机构专用,12306038.0,0.006768728346,20318417.0,0.011175802082,-8012379.0,连续三个交易日内，涨幅偏离值累计达到20%的证券,001696,宗申动力
4,机构专用,9952430.54,0.005474166317,20051082.96,0.011028759509,-10098652.42,连续三个交易日内，涨幅偏离值累计达到20%的证券,001696,宗申动力
5,华鑫证券有限责任公司南京清凉门大街证券营业部,17541097.0,0.009648184126,18293296.0,0.010061918481,-752199.0,连续三个交易日内，涨幅偏离值累计达到20%的证券,001696,宗申动力
1,深股通专用,313729794.67,0.055657076986,101767835.45,0.018054071843,211961959.22,日振幅值达到15%的前5只证券,001896,豫能控股
2,国泰海通证券股份有限公司成都北一环路证券营业部,154219296.34,0.027359196974,459277.0,8.1477806e-05,153760019.34,日振幅值达到15%的前5只证券,001896,豫能控股
3,华泰证券股份有限公司深圳彩田路证券营业部,146302883.53,0.025954789727,972222.0,0.000172476557,145330661.53,日振幅值达到15%的前5只证券,001896,豫能控股
4,华泰证券股份有限公司岳阳岳阳大道证券营业部,99130406.69,0.017586180116,201784.0,3.5797389e-05,98928622.69,日振幅值达到15%的前5只证券,001896,豫能控股
5,开源证券股份有限公司西安高新成章路证券营业部,98408299.0,0.017458074963,134174.0,2.3803071e-05,98274125.0,日振幅值达到15%的前5只证券,001896,豫能控股
6,深股通专用,313729794.67,0.055657076986,101767835.45,0.018054071843,211961959.22,日涨幅偏离值达到7%的前5只证券,001896,豫能控股
7,国泰海通证券股份有限公司成都北一环路证券营业部,154219296.34,0.027359196974,459277.0,8.1477806e-05,153760019.34,日涨幅偏离值达到7%的前5只证券,001896,豫能控股
8,华泰证券股份有限公司深圳彩田路证券营业部,146302883.53,0.025954789727,972222.0,0.000172476557,145330661.53,日涨幅偏离值达到7%的前5只证券,001896,豫能控股
9,华泰证券股份有限公司岳阳岳阳大道证券营业部,99130406.69,0.017586180116,201784.0,3.5797389e-05,98928622.69,日涨幅偏离值达到7%的前5只证券,001896,豫能控股
10,开源证券股份有限公司西安高新成章路证券营业部,98408299.0,0.017458074963,134174.0,2.3803071e-05,98274125.0,日涨幅偏离值达到7%的前5只证券,001896,豫能控股
1,机构专用,32793958.35,0.005817795745,113300612.73,0.020100038416,-80506654.38,日振幅值达到15%的前5只证券,001896,豫能控股
2,深股通专用,313729794.67,0.055657076986,101767835.45,0.018054071843,211961959.22,日振幅值达到15%的前5只证券,001896,豫能控股
3,机构专用,14871706.07,0.002638307562,94893490.84,0.016834532183,-80021784.77,日振幅值达到15%的前5只证券,001896,豫能控股
4,国信证券股份有限公司浙江互联网分公司,65376748.01,0.011598129215,60919549.45,0.010807402138,4457198.56,日振幅值达到15%的前5只证券,001896,豫能控股
5,中信建投证券股份有限公司长沙金星中路证券营业部,10257593.0,0.001819743145,59646382.8,0.010581536647,-49388789.8,日振幅值达到15%的前5只证券,001896,豫能控股
6,机构专用,32793958.35,0.005817795745,113300612.73,0.020100038416,-80506654.38,日涨幅偏离值达到7%的前5只证券,001896,豫能控股
7,深股通专用,313729794.67,0.055657076986,101767835.45,0.018054071843,211961959.22,日涨幅偏离值达到7%的前5只证券,001896,豫能控股
8,机构专用,14871706.07,0.002638307562,94893490.84,0.016834532183,-80021784.77,日涨幅偏离值达到7%的前5只证券,001896,豫能控股
9,国信证券股份有限公司浙江互联网分公司,65376748.01,0.011598129215,60919549.45,0.010807402138,4457198.56,日涨幅偏离值达到7%的前5只证券,001896,豫能控股
10,中信建投证券股份有限公司长沙金星中路证券营业部,10257593.0,0.001819743145,59646382.8,0.010581536647,-49388789.8,日涨幅偏离值达到7%的前5只证券,001896,豫能控股
1,深股通专用,313729794.67,0.055657076986,101767835.45,0.018054071843,211961959.22,日振幅值达到15%的前5只证券,001896,豫能控股
2,国泰海通证券股份有限公司成都北一环路证券营业部,154219296.34,0.027359196974,459277.0,8.1477806e-05,153760019.34,日振幅值达到15%的前5只证券,001896,豫能控股
3,华泰证券股份有限公司深圳彩田路证券营业部,146302883.53,0.025954789727,972222.0,0.000172476557,145330661.53,日振幅值达到15%的前5只证券,001896,豫能控股
4,华泰证券股份有限公司岳阳岳阳大道证券营业部,99130406.69,0.017586180116,201784.0,3.5797389e-05,98928622.69,日振幅值达到15%的前5只证券,001896,豫能控股
5,开源证券股份有限公司西安高新成章路证券营业部,98408299.0,0.017458074963,134174.0,2.3803071e-05,98274125.0,日振幅值达到15%的前5只证券,001896,豫能控股
6,深股通专用,313729794.67,0.055657076986,101767835.45,0.018054071843,211961959.22,日涨幅偏离值达到7%的前5只证券,001896,豫能控股
7,国泰海通证券股份有限公司成都北一环路证券营业部,154219296.34,0.027359196974,459277.0,8.1477806e-05,153760019.34,日涨幅偏离值达到7%的前5只证券,001896,豫能控股
8,华泰证券股份有限公司深圳彩田路证券营业部,146302883.53,0.025954789727,972222.0,0.000172476557,145330661.53,日涨幅偏离值达到7%的前5只证券,001896,豫能控股
9,华泰证券股份有限公司岳阳岳阳大道证券营业部,99130406.69,0.017586180116,201784.0,3.5797389e-05,98928622.69,日涨幅偏离值达到7%的前5只证券,001896,豫能控股
10,开源证券股份有限公司西安高新成章路证券营业部,98408299.0,0.017458074963,134174.0,2.3803071e-05,98274125.0,日涨幅偏离值达到7%的前5只证券,001896,豫能控股
1,机构专用,32793958.35,0.005817795745,113300612.73,0.020100038416,-80506654.38,日振幅值达到15%的前5只证券,001896,豫能控股
2,深股通专用,313729794.67,0.055657076986,101767835.45,0.018054071843,211961959.22,日振幅值达到15%的前5只证券,001896,豫能控股
3,机构专用,14871706.07,0.002638307562,94893490.84,0.016834532183,-80021784.77,日振幅值达到15%的前5只证券,001896,豫能控股
4,国信证券股份有限公司浙江互联网分公司,65376748.01,0.011598129215,60919549.45,0.010807402138,4457198.56,日振幅值达到15%的前5只证券,001896,豫能控股
5,中信建投证券股份有限公司长沙金星中路证券营业部,10257593.0,0.001819743145,59646382.8,0.010581536647,-49388789.8,日振幅值达到15%的前5只证券,001896,豫能控股
6,机构专用,32793958.35,0.005817795745,113300612.73,0.020100038416,-80506654.38,日涨幅偏离值达到7%的前5只证券,001896,豫能控股
7,深股通专用,313729794.67,0.055657076986,101767835.45,0.018054071843,211961959.22,日涨幅偏离值达到7%的前5只证券,001896,豫能控股
8,机构专用,14871706.07,0.002638307562,94893490.84,0.016834532183,-80021784.77,日涨幅偏离值达到7%的前5只证券,001896,豫能控股
9,国信证券股份有限公司浙江互联网分公司,65376748.01,0.011598129215,60919549.45,0.010807402138,4457198.56,日涨幅偏离值达到7%的前5只证券,001896,豫能控股
10,中信建投证券股份有限公司长沙金星中路证券营业部,10257593.0,0.001819743145,59646382.8,0.010581536647,-49388789.8,日涨幅偏离值达到7%的前5只证券,001896,豫能控股
1,国泰海通证券股份有限公司成都北一环路证券营业部,222261074.0,0.076528769757,836777.0,0.000288118442,221424297.0,日振幅值达到15%的前5只证券,002129,TCL中环
2,国泰海通证券股份有限公司武汉紫阳东路证券营业部,190411902.25,0.065562486332,729662.0,0.000251236684,189682240.25,日振幅值达到15%的前5只证券,002129,TCL中环
3,深股通专用,149440174.33,0.051455131067,101041783.68,0.034790632745,48398390.65,日振幅值达到15%的前5只证券,002129,TCL中环
4,开源证券股份有限公司西安太华路证券营业部,104455899.0,0.035966178425,2772.0,9.54453e-07,104453127.0,日振幅值达到15%的前5只证券,002129,TCL中环
5,国泰海通证券股份有限公司上海长宁区江苏路证券营业部,69213909.25,0.023831682398,3476041.6,0.001196868091,65737867.65,日振幅值达到15%的前5只证券,002129,TCL中环
1,机构专用,0.0,0.0,169767936.0,0.058454371035,-169767936.0,日振幅值达到15%的前5只证券,002129,TCL中环
2,深股通专用,149440174.33,0.051455131067,101041783.68,0.034790632745,48398390.65,日振幅值达到15%的前5只证券,002129,TCL中环
3,国泰海通证券股份有限公司三亚迎宾路证券营业部,0.0,0.0,70128597.02,0.024146627019,-70128597.02,日振幅值达到15%的前5只证券,002129,TCL中环
4,中信建投证券股份有限公司北京燕山燕房路证券营业部,25102.0,8.643102e-06,49130650.0,0.016916629323,-49105548.0,日振幅值达到15%的前5只证券,002129,TCL中环
5,机构专用,27231611.25,0.009376368385,45074473.0,0.015520009438,-17842861.75,日振幅值达到15%的前5只证券,002129,TCL中环
1,深股通专用,497707094.13,0.08646437276,305558894.13,0.053083346478,192148200.0,日涨幅偏离值达到7%的前5只证券,002138,顺络电子
2,机构专用,158357348.27,0.027510696455,0.0,0.0,158357348.27,日涨幅偏离值达到7%的前5只证券,002138,顺络电子
3,中国国际金融股份有限公司上海分公司,147092634.91,0.025553729423,69240754.48,0.012028878986,77851880.43,日涨幅偏离值达到7%的前5只证券,002138,顺络电子
4,机构专用,137145045.91,0.02382558037,36248178.94,0.006297230023,100896866.97,日涨幅偏离值达到7%的前5只证券,002138,顺络电子
5,机构专用,117811952.36,0.02046693062,99225648.0,0.017238017133,18586304.36,日涨幅偏离值达到7%的前5只证券,002138,顺络电子
1,深股通专用,497707094.13,0.08646437276,305558894.13,0.053083346478,192148200.0,日涨幅偏离值达到7%的前5只证券,002138,顺络电子
2,机构专用,0.0,0.0,210776784.61,0.036617284923,-210776784.61,日涨幅偏离值达到7%的前5只证券,002138,顺络电子
3,机构专用,0.0,0.0,144166663.64,0.025045413842,-144166663.64,日涨幅偏离值达到7%的前5只证券,002138,顺络电子
4,机构专用,35423207.85,0.006153911576,109504008.62,0.019023629624,-74080800.77,日涨幅偏离值达到7%的前5只证券,002138,顺络电子
5,机构专用,117811952.36,0.02046693062,99225648.0,0.017238017133,18586304.36,日涨幅偏离值达到7%的前5只证券,002138,顺络电子
1,深股通专用,79763579.0,0.072581010404,71283253.0,0.064864322696,8480326.0,连续三个交易日内，涨幅偏离值累计达到20%的证券,002225,濮耐股份
2,机构专用,43958846.04,0.040000430043,0.0,0.0,43958846.04,连续三个交易日内，涨幅偏离值累计达到20%的证券,002225,濮耐股份
3,机构专用,35617005.54,0.032409757462,27596349.0,0.025111346795,8020656.54,连续三个交易日内，涨幅偏离值累计达到20%的证券,002225,濮耐股份
4,机构专用,35189332.51,0.032020595628,23279153.0,0.021182906626,11910179.51,连续三个交易日内，涨幅偏离值累计达到20%的证券,002225,濮耐股份
5,国投证券股份有限公司连云港郁州北路证券营业部,30159450.0,0.027443645103,62064.0,5.6475247e-05,30097386.0,连续三个交易日内，涨幅偏离值累计达到20%的证券,002225,濮耐股份
1,深股通专用,79763579.0,0.072581010404,71283253.0,0.064864322696,8480326.0,连续三个交易日内，涨幅偏离值累计达到20%的证券,002225,濮耐股份
2,机构专用,35617005.54,0.032409757462,27596349.0,0.025111346795,8020656.54,连续三个交易日内，涨幅偏离值累计达到20%的证券,002225,濮耐股份
3,机构专用,35189332.51,0.032020595628,23279153.0,0.021182906626,11910179.51,连续三个交易日内，涨幅偏离值累计达到20%的证券,002225,濮耐股份
4,机构专用,13581739.0,0.01235872753,13125795.0,0.011943840477,455944.0,连续三个交易日内，涨幅偏离值累计达到20%的证券,002225,濮耐股份
5,机构专用,8157658.51,0.007423075853,12021162.0,0.010938677716,-3863503.49,连续三个交易日内，涨幅偏离值累计达到20%的证券,002225,濮耐股份
1,深股通专用,11437219.4,0.024670984479,6920279.25,0.014927588253,4516940.15,日跌幅偏离值达到7%的前5只证券,002243,力合科创
2,国泰海通证券股份有限公司太原长治路证券营业部,7438271.63,0.016044938679,4260.0,9.189156e-06,7434011.63,日跌幅偏离值达到7%的前5只证券,002243,力合科创
3,中国银河证券股份有限公司深圳深南大道证券营业部,6653957.0,0.014353110151,0.0,0.0,6653957.0,日跌幅偏离值达到7%的前5只证券,002243,力合科创
4,国投证券股份有限公司汕尾陆丰东海大道证券营业部,6444630.0,0.013901575299,1938359.52,0.004181194393,4506270.48,日跌幅偏离值达到7%的前5只证券,002243,力合科创
5,华泰证券股份有限公司深圳益田路证券营业部,5928138.0,0.012787461311,0.0,0.0,5928138.0,日跌幅偏离值达到7%的前5只证券,002243,力合科创
1,中信证券股份有限公司沧州解放西路证券营业部,0.0,0.0,47856028.0,0.103229227551,-47856028.0,日跌幅偏离值达到7%的前5只证券,002243,力合科创
2,招商证券股份有限公司深圳科技园高新南一道证券营业部,198972.0,0.0004291983,22278817.01,0.04805716577,-22079845.01,日跌幅偏离值达到7%的前5只证券,002243,力合科创
3,深股通专用,11437219.4,0.024670984479,6920279.25,0.014927588253,4516940.15,日跌幅偏离值达到7%的前5只证券,002243,力合科创
4,东吴证券股份有限公司广州临江大道证券营业部,21120.0,4.5557506e-05,6442521.45,0.01389702699,-6421401.45,日跌幅偏离值达到7%的前5只证券,002243,力合科创
5,中泰证券股份有限公司北京总部证券营业部,42200.0,9.1028729e-05,4761928.0,0.010271854344,-4719728.0,日跌幅偏离值达到7%的前5只证券,002243,力合科创
1,深股通专用,108065541.0,0.028516748074,109648323.0,0.028934418638,-1582782.0,日换手率达到20%的前5只证券,002354,天娱数科
2,机构专用,67275753.2,0.017752982937,8708980.0,0.002298158935,58566773.2,日换手率达到20%的前5只证券,002354,天娱数科
3,国新证券股份有限公司北京分公司,59411612.0,0.015677763294,3160.0,8.33873e-07,59408452.0,日换手率达到20%的前5只证券,002354,天娱数科
4,东亚前海证券有限责任公司上海分公司,36024350.0,0.009506243192,1560.0,4.11659e-07,36022790.0,日换手率达到20%的前5只证券,002354,天娱数科
5,广发证券股份有限公司广州马场路广发证券大厦证券营业部,35071509.0,0.009254803867,1549206.0,0.000408810402,33522303.0,日换手率达到20%的前5只证券,002354,天娱数科
1,太平洋证券股份有限公司北京西直门外大街证券营业部,994838.0,0.000262521655,185975249.0,0.049075859655,-184980411.0,日换手率达到20%的前5只证券,002354,天娱数科
2,深股通专用,108065541.0,0.028516748074,109648323.0,0.028934418638,-1582782.0,日换手率达到20%的前5只证券,002354,天娱数科
3,华源证券股份有限公司深圳分公司,0.0,0.0,38075704.0,0.010047562328,-38075704.0,日换手率达到20%的前5只证券,002354,天娱数科
4,华鑫证券有限责任公司绍兴胜利东路证券营业部,15314.0,4.041117e-06,32846918.0,0.00866777029,-32831604.0,日换手率达到20%的前5只证券,002354,天娱数科
5,东北证券股份有限公司武汉香港路证券营业部,4075086.0,0.001075349272,32069800.0,0.008462701421,-27994714.0,日换手率达到20%的前5只证券,002354,天娱数科
1,深股通专用,228179486.02,0.044333238495,176336787.12,0.034260664599,51842698.9,日换手率达到20%的前5只证券,002361,神剑股份
2,机构专用,122072268.68,0.023717552772,72441465.0,0.014074730384,49630803.68,日换手率达到20%的前5只证券,002361,神剑股份
3,机构专用,105679633.52,0.020532610002,27084781.2,0.005262331358,78594852.32,日换手率达到20%的前5只证券,002361,神剑股份
4,国信证券股份有限公司浙江互联网分公司,64715552.39,0.012573654488,35837668.83,0.006962939338,28877883.56,日换手率达到20%的前5只证券,002361,神剑股份
5,中国银河证券股份有限公司广州粤海金融中心证券营业部,57790518.25,0.011228182134,180487.0,3.5067014e-05,57610031.25,日换手率达到20%的前5只证券,002361,神剑股份
1,深股通专用,228179486.02,0.044333238495,176336787.12,0.034260664599,51842698.9,日换手率达到20%的前5只证券,002361,神剑股份
2,开源证券股份有限公司西安高新成章路证券营业部,34242.0,6.652915e-06,163061226.0,0.031681341507,-163026984.0,日换手率达到20%的前5只证券,002361,神剑股份
3,开源证券股份有限公司西安太华路证券营业部,345651.0,6.7156906e-05,101361019.0,0.019693541728,-101015368.0,日换手率达到20%的前5只证券,002361,神剑股份
4,机构专用,122072268.68,0.023717552772,72441465.0,0.014074730384,49630803.68,日换手率达到20%的前5只证券,002361,神剑股份
5,机构专用,18014066.0,0.003499972316,68314371.24,0.013272872885,-50300305.24,日换手率达到20%的前5只证券,002361,神剑股份
1,开源证券股份有限公司西安太华路证券营业部,31422724.0,0.050952209788,24159912.0,0.039175499384,7262812.0,连续三个交易日内，涨幅偏离值累计达到20%的证券,002362,汉王科技
2,深股通专用,31049327.53,0.050346744289,29871827.22,0.048437417688,1177500.31,连续三个交易日内，涨幅偏离值累计达到20%的证券,002362,汉王科技
3,平安证券股份有限公司杭州曙光路证券营业部,8386149.0,0.013598210746,960131.0,0.001556860447,7426018.0,连续三个交易日内，涨幅偏离值累计达到20%的证券,002362,汉王科技
4,中国银河证券股份有限公司台州黄岩委羽街证券营业部,7289292.0,0.011819647946,5591069.0,0.009065965148,1698223.0,连续三个交易日内，涨幅偏离值累计达到20%的证券,002362,汉王科技
5,国泰海通证券股份有限公司上海长宁区江苏路证券营业部,6680692.0,0.010832797956,646131.0,0.001047706821,6034561.0,连续三个交易日内，涨幅偏离值累计达到20%的证券,002362,汉王科技
1,深股通专用,31049327.53,0.050346744289,29871827.22,0.048437417688,1177500.31,连续三个交易日内，涨幅偏离值累计达到20%的证券,002362,汉王科技
2,开源证券股份有限公司西安太华路证券营业部,31422724.0,0.050952209788,24159912.0,0.039175499384,7262812.0,连续三个交易日内，涨幅偏离值累计达到20%的证券,002362,汉王科技
3,中信证券股份有限公司上海静安区南京西路证券营业部,60707.0,9.8436908e-05,5679838.96,0.00920990638,-5619131.96,连续三个交易日内，涨幅偏离值累计达到20%的证券,002362,汉王科技
4,中国银河证券股份有限公司台州黄岩委羽街证券营业部,7289292.0,0.011819647946,5591069.0,0.009065965148,1698223.0,连续三个交易日内，涨幅偏离值累计达到20%的证券,002362,汉王科技
5,国信证券股份有限公司深圳互联网分公司,4846984.0,0.007859425097,5443588.0,0.008826823473,-596604.0,连续三个交易日内，涨幅偏离值累计达到20%的证券,002362,汉王科技
1,深股通专用,385822674.46,0.068808311471,249779168.58,0.044546067322,136043505.88,日换手率达到20%的前5只证券,002421,达实智能
2,国信证券股份有限公司浙江互联网分公司,69223591.89,0.0123454602,31001771.27,0.00552891179,38221820.62,日换手率达到20%的前5只证券,002421,达实智能
3,东方财富证券股份有限公司拉萨金融城南环路证券营业部,52036125.0,0.009280216363,40353595.71,0.007196733024,11682529.29,日换手率达到20%的前5只证券,002421,达实智能
4,机构专用,48156431.28,0.008588304789,64677444.66,0.011534692106,-16521013.38,日换手率达到20%的前5只证券,002421,达实智能
5,东方财富证券股份有限公司山南香曲东路证券营业部,46649279.0,0.008319516534,32704732.23,0.005832620918,13944546.77,日换手率达到20%的前5只证券,002421,达实智能
1,深股通专用,385822674.46,0.068808311471,249779168.58,0.044546067322,136043505.88,日换手率达到20%的前5只证券,002421,达实智能
2,开源证券股份有限公司西安太华路证券营业部,489766.0,8.7345752e-05,118425504.0,0.021120217926,-117935738.0,日换手率达到20%的前5只证券,002421,达实智能
3,机构专用,28101619.26,0.005011693451,108282496.75,0.019311295723,-80180877.49,日换手率达到20%的前5只证券,002421,达实智能
4,机构专用,37931792.9,0.006764824344,87974971.44,0.015689615041,-50043178.54,日换手率达到20%的前5只证券,002421,达实智能
5,机构专用,17917956.72,0.003195520711,80950673.99,0.014436889168,-63032717.27,日换手率达到20%的前5只证券,002421,达实智能
1,深股通专用,421585394.01,0.074990610953,650356931.93,0.115683950052,-228771537.92,日涨幅偏离值达到7%的前5只证券,002484,江海股份
2,国泰海通证券股份有限公司南京太平南路证券营业部,278707267.0,0.049575788266,209252.0,3.722125e-05,278498015.0,日涨幅偏离值达到7%的前5只证券,002484,江海股份
3,机构专用,186715518.44,0.033212514004,0.0,0.0,186715518.44,日涨幅偏离值达到7%的前5只证券,002484,江海股份
4,机构专用,139856427.01,0.024877329851,147419313.1,0.026222598109,-7562886.09,日涨幅偏离值达到7%的前5只证券,002484,江海股份
5,机构专用,117920250.81,0.020975374806,85454746.0,0.015200487736,32465504.81,日涨幅偏离值达到7%的前5只证券,002484,江海股份
1,深股通专用,421585394.01,0.074990610953,650356931.93,0.115683950052,-228771537.92,日涨幅偏离值达到7%的前5只证券,002484,江海股份
2,机构专用,94005973.42,0.016721559808,176064786.96,0.031317987125,-82058813.54,日涨幅偏离值达到7%的前5只证券,002484,江海股份
3,机构专用,139856427.01,0.024877329851,147419313.1,0.026222598109,-7562886.09,日涨幅偏离值达到7%的前5只证券,002484,江海股份
4,机构专用,45152841.98,0.008031680543,144777276.0,0.02575263881,-99624434.02,日涨幅偏离值达到7%的前5只证券,002484,江海股份
5,机构专用,89526488.34,0.015924759616,142407265.0,0.025331066869,-52880776.66,日涨幅偏离值达到7%的前5只证券,002484,江海股份
1,机构投资者,17409232378.6,0.462691491614,16660155243.26,0.442782996538,749077135.34,严重异常期间日收盘价格涨幅偏离值累计达到200%的证券,002552,宝鼎科技
2,自然人,17366125569.07,0.461545826281,17983567586.64,0.477955807025,-617442017.57,严重异常期间日收盘价格涨幅偏离值累计达到200%的证券,002552,宝鼎科技
3,中小投资者,11098509988.68,0.294969130728,10934774215.59,0.290617465621,163735773.09,严重异常期间日收盘价格涨幅偏离值累计达到200%的证券,002552,宝鼎科技
4,其他自然人,6267615580.39,0.166576695554,7048793371.05,0.187338341404,-781177790.66,严重异常期间日收盘价格涨幅偏离值累计达到200%的证券,002552,宝鼎科技
5,深股通投资者,2850647055.96,0.075762682105,2982282173.73,0.079261196437,-131635117.77,严重异常期间日收盘价格涨幅偏离值累计达到200%的证券,002552,宝鼎科技
1,自然人,17366125569.07,0.461545826281,17983567586.64,0.477955807025,-617442017.57,严重异常期间日收盘价格涨幅偏离值累计达到200%的证券,002552,宝鼎科技
2,机构投资者,17409232378.6,0.462691491614,16660155243.26,0.442782996538,749077135.34,严重异常期间日收盘价格涨幅偏离值累计达到200%的证券,002552,宝鼎科技
3,中小投资者,11098509988.68,0.294969130728,10934774215.59,0.290617465621,163735773.09,严重异常期间日收盘价格涨幅偏离值累计达到200%的证券,002552,宝鼎科技
4,其他自然人,6267615580.39,0.166576695554,7048793371.05,0.187338341404,-781177790.66,严重异常期间日收盘价格涨幅偏离值累计达到200%的证券,002552,宝鼎科技
5,深股通投资者,2850647055.96,0.075762682105,2982282173.73,0.079261196437,-131635117.77,严重异常期间日收盘价格涨幅偏离值累计达到200%的证券,002552,宝鼎科技
1,深股通专用,165622765.13,0.068117694546,82044130.8,0.033743290282,83578634.33,日换手率达到20%的前5只证券,002579,中京电子
2,机构专用,48165083.47,0.019809441299,27925234.35,0.011485151707,20239849.12,日换手率达到20%的前5只证券,002579,中京电子
3,东方财富证券股份有限公司拉萨金融城南环路证券营业部,26986247.94,0.011098963314,26980324.0,0.011096526903,5923.94,日换手率达到20%的前5只证券,002579,中京电子
4,东方财富证券股份有限公司拉萨团结路第一证券营业部,24919625.6,0.01024899834,27352712.7,0.011249683745,-2433087.1,日换手率达到20%的前5只证券,002579,中京电子
5,国信证券股份有限公司浙江互联网分公司,24127216.35,0.009923094523,33334683.24,0.013709961725,-9207466.89,日换手率达到20%的前5只证券,002579,中京电子
1,深股通专用,165622765.13,0.068117694546,82044130.8,0.033743290282,83578634.33,日换手率达到20%的前5只证券,002579,中京电子
2,机构专用,21461145.0,0.008826586844,41411503.52,0.017031814106,-19950358.52,日换手率达到20%的前5只证券,002579,中京电子
3,机构专用,15472945.46,0.006363746987,39973153.6,0.016440246393,-24500208.14,日换手率达到20%的前5只证券,002579,中京电子
4,国信证券股份有限公司浙江互联网分公司,24127216.35,0.009923094523,33334683.24,0.013709961725,-9207466.89,日换手率达到20%的前5只证券,002579,中京电子
5,机构专用,48165083.47,0.019809441299,27925234.35,0.011485151707,20239849.12,日换手率达到20%的前5只证券,002579,中京电子
1,机构专用,48201285.3,0.032427584107,18955355.56,0.012752282079,29245929.74,日换手率达到20%的前5只证券,002613,北玻股份
2,机构专用,43946935.0,0.029565454989,20127179.0,0.013540630417,23819756.0,日换手率达到20%的前5只证券,002613,北玻股份
3,机构专用,32349144.0,0.021763000329,18096675.22,0.012174601862,14252468.78,日换手率达到20%的前5只证券,002613,北玻股份
4,机构专用,27725462.8,0.01865240255,14350226.0,0.009654164981,13375236.8,日换手率达到20%的前5只证券,002613,北玻股份
5,机构专用,24121590.0,0.016227884457,9852882.0,0.006628560997,14268708.0,日换手率达到20%的前5只证券,002613,北玻股份
1,国泰海通证券股份有限公司武汉紫阳东路证券营业部,1037164.0,0.000697755726,143617973.6,0.096619496538,-142580809.6,日换手率达到20%的前5只证券,002613,北玻股份
2,国泰海通证券股份有限公司北京知春路证券营业部,1027694.0,0.000691384751,78220456.0,0.052623086709,-77192762.0,日换手率达到20%的前5只证券,002613,北玻股份
3,国新证券股份有限公司北京分公司,21630.0,1.4551659e-05,59702884.0,0.040165325059,-59681254.0,日换手率达到20%的前5只证券,002613,北玻股份
4,国新证券股份有限公司北京中关村大街证券营业部,25800.0,1.7357041e-05,24850695.0,0.016718392408,-24824895.0,日换手率达到20%的前5只证券,002613,北玻股份
5,华鑫证券有限责任公司绍兴胜利东路证券营业部,0.0,0.0,21916310.0,0.014744274586,-21916310.0,日换手率达到20%的前5只证券,002613,北玻股份
1,深股通专用,522902772.35,0.113673588967,150262526.55,0.032665500325,372640245.8,日涨幅偏离值达到7%的前5只证券,002837,英维克
2,中国国际金融股份有限公司上海分公司,194649266.81,0.042314713018,27106170.53,0.005892597726,167543096.28,日涨幅偏离值达到7%的前5只证券,002837,英维克
3,机构专用,181575884.97,0.039472696658,38195237.0,0.008303244696,143380647.97,日涨幅偏离值达到7%的前5只证券,002837,英维克
4,机构专用,168330172.4,0.036593217401,30145834.3,0.00655338881,138184338.1,日涨幅偏离值达到7%的前5只证券,002837,英维克
5,机构专用,105411089.37,0.022915267387,45510476.0,0.009893501079,59900613.37,日涨幅偏离值达到7%的前5只证券,002837,英维克
1,深股通专用,522902772.35,0.113673588967,150262526.55,0.032665500325,372640245.8,日涨幅偏离值达到7%的前5只证券,002837,英维克
2,机构专用,105411089.37,0.022915267387,45510476.0,0.009893501079,59900613.37,日涨幅偏离值达到7%的前5只证券,002837,英维克
3,机构专用,0.0,0.0,42438564.0,0.009225699567,-42438564.0,日涨幅偏离值达到7%的前5只证券,002837,英维克
4,信达证券股份有限公司青岛珠江路证券营业部,0.0,0.0,38229843.8,0.008310767852,-38229843.8,日涨幅偏离值达到7%的前5只证券,002837,英维克
5,机构专用,181575884.97,0.039472696658,38195237.0,0.008303244696,143380647.97,日涨幅偏离值达到7%的前5只证券,002837,英维克
1,深股通专用,30107881.0,0.043971790679,24636981.65,0.035981682008,5470899.35,日跌幅偏离值达到7%的前5只证券,002951,金时科技
2,东方财富证券股份有限公司拉萨团结路第一证券营业部,8530743.2,0.012458932408,6117617.0,0.00893462327,2413126.2,日跌幅偏离值达到7%的前5只证券,002951,金时科技
3,东方财富证券股份有限公司山南香曲东路证券营业部,8503429.0,0.012419040717,5525526.45,0.008069890154,2977902.55,日跌幅偏离值达到7%的前5只证券,002951,金时科技
4,机构专用,8367096.0,0.012219929855,4239886.0,0.006192245137,4127210.0,日跌幅偏离值达到7%的前5只证券,002951,金时科技
5,国信证券股份有限公司浙江互联网分公司,8289587.0,0.012106729942,3473601.0,0.005073105479,4815986.0,日跌幅偏离值达到7%的前5只证券,002951,金时科技
6,深股通专用,44488995.0,0.040437912731,30457376.65,0.027683986545,14031618.35,连续三个交易日内，跌幅偏离值累计达到20%的证券,002951,金时科技
7,东方财富证券股份有限公司拉萨团结路第一证券营业部,13607260.2,0.012368209272,8134142.0,0.007393462683,5473118.2,连续三个交易日内，跌幅偏离值累计达到20%的证券,002951,金时科技
8,东方财富证券股份有限公司山南香曲东路证券营业部,12412061.0,0.011281842611,7659900.45,0.006962404656,4752160.55,连续三个交易日内，跌幅偏离值累计达到20%的证券,002951,金时科技
9,国信证券股份有限公司浙江互联网分公司,11093917.0,0.010083726267,6282959.0,0.005710844845,4810958.0,连续三个交易日内，跌幅偏离值累计达到20%的证券,002951,金时科技
10,机构专用,10577148.0,0.009614013258,7850610.0,0.007135748561,2726538.0,连续三个交易日内，跌幅偏离值累计达到20%的证券,002951,金时科技
1,深股通专用,30107881.0,0.043971790679,24636981.65,0.035981682008,5470899.35,日跌幅偏离值达到7%的前5只证券,002951,金时科技
2,国新证券股份有限公司北京分公司,1890.0,2.760297e-06,15437555.0,0.022546154512,-15435665.0,日跌幅偏离值达到7%的前5只证券,002951,金时科技
3,国新证券股份有限公司北京中关村大街证券营业部,72046.0,0.000105221342,13369699.0,0.019526103676,-13297653.0,日跌幅偏离值达到7%的前5只证券,002951,金时科技
4,中国国际金融股份有限公司上海分公司,847618.0,0.001237924425,8494177.2,0.0124055287,-7646559.2,日跌幅偏离值达到7%的前5只证券,002951,金时科技
5,机构专用,1362906.0,0.001990489379,8016788.99,0.01170831542,-6653882.99,日跌幅偏离值达到7%的前5只证券,002951,金时科技
6,深股通专用,44488995.0,0.040437912731,30457376.65,0.027683986545,14031618.35,连续三个交易日内，跌幅偏离值累计达到20%的证券,002951,金时科技
7,国新证券股份有限公司北京分公司,1890.0,1.7179e-06,20603118.0,0.018727037724,-20601228.0,连续三个交易日内，跌幅偏离值累计达到20%的证券,002951,金时科技
8,国新证券股份有限公司北京中关村大街证券营业部,162396.0,0.000147608533,17896473.0,0.016266854609,-17734077.0,连续三个交易日内，跌幅偏离值累计达到20%的证券,002951,金时科技
9,机构专用,4330387.0,0.003936070293,11970571.99,0.010880554741,-7640184.99,连续三个交易日内，跌幅偏离值累计达到20%的证券,002951,金时科技
10,国泰海通证券股份有限公司长沙五一大道第二证券营业部,29828.0,2.711192e-05,9834660.0,0.008939134786,-9804832.0,连续三个交易日内，跌幅偏离值累计达到20%的证券,002951,金时科技
1,深股通专用,30107881.0,0.043971790679,24636981.65,0.035981682008,5470899.35,日跌幅偏离值达到7%的前5只证券,002951,金时科技
2,东方财富证券股份有限公司拉萨团结路第一证券营业部,8530743.2,0.012458932408,6117617.0,0.00893462327,2413126.2,日跌幅偏离值达到7%的前5只证券,002951,金时科技
3,东方财富证券股份有限公司山南香曲东路证券营业部,8503429.0,0.012419040717,5525526.45,0.008069890154,2977902.55,日跌幅偏离值达到7%的前5只证券,002951,金时科技
4,机构专用,8367096.0,0.012219929855,4239886.0,0.006192245137,4127210.0,日跌幅偏离值达到7%的前5只证券,002951,金时科技
5,国信证券股份有限公司浙江互联网分公司,8289587.0,0.012106729942,3473601.0,0.005073105479,4815986.0,日跌幅偏离值达到7%的前5只证券,002951,金时科技
6,深股通专用,44488995.0,0.040437912731,30457376.65,0.027683986545,14031618.35,连续三个交易日内，跌幅偏离值累计达到20%的证券,002951,金时科技
7,东方财富证券股份有限公司拉萨团结路第一证券营业部,13607260.2,0.012368209272,8134142.0,0.007393462683,5473118.2,连续三个交易日内，跌幅偏离值累计达到20%的证券,002951,金时科技
8,东方财富证券股份有限公司山南香曲东路证券营业部,12412061.0,0.011281842611,7659900.45,0.006962404656,4752160.55,连续三个交易日内，跌幅偏离值累计达到20%的证券,002951,金时科技
9,国信证券股份有限公司浙江互联网分公司,11093917.0,0.010083726267,6282959.0,0.005710844845,4810958.0,连续三个交易日内，跌幅偏离值累计达到20%的证券,002951,金时科技
10,机构专用,10577148.0,0.009614013258,7850610.0,0.007135748561,2726538.0,连续三个交易日内，跌幅偏离值累计达到20%的证券,002951,金时科技
1,深股通专用,30107881.0,0.043971790679,24636981.65,0.035981682008,5470899.35,日跌幅偏离值达到7%的前5只证券,002951,金时科技
2,国新证券股份有限公司北京分公司,1890.0,2.760297e-06,15437555.0,0.022546154512,-15435665.0,日跌幅偏离值达到7%的前5只证券,002951,金时科技
3,国新证券股份有限公司北京中关村大街证券营业部,72046.0,0.000105221342,13369699.0,0.019526103676,-13297653.0,日跌幅偏离值达到7%的前5只证券,002951,金时科技
4,中国国际金融股份有限公司上海分公司,847618.0,0.001237924425,8494177.2,0.0124055287,-7646559.2,日跌幅偏离值达到7%的前5只证券,002951,金时科技
5,机构专用,1362906.0,0.001990489379,8016788.99,0.01170831542,-6653882.99,日跌幅偏离值达到7%的前5只证券,002951,金时科技
6,深股通专用,44488995.0,0.040437912731,30457376.65,0.027683986545,14031618.35,连续三个交易日内，跌幅偏离值累计达到20%的证券,002951,金时科技
7,国新证券股份有限公司北京分公司,1890.0,1.7179e-06,20603118.0,0.018727037724,-20601228.0,连续三个交易日内，跌幅偏离值累计达到20%的证券,002951,金时科技
8,国新证券股份有限公司北京中关村大街证券营业部,162396.0,0.000147608533,17896473.0,0.016266854609,-17734077.0,连续三个交易日内，跌幅偏离值累计达到20%的证券,002951,金时科技
9,机构专用,4330387.0,0.003936070293,11970571.99,0.010880554741,-7640184.99,连续三个交易日内，跌幅偏离值累计达到20%的证券,002951,金时科技
10,国泰海通证券股份有限公司长沙五一大道第二证券营业部,29828.0,2.711192e-05,9834660.0,0.008939134786,-9804832.0,连续三个交易日内，跌幅偏离值累计达到20%的证券,002951,金时科技
1,华宝证券股份有限公司上海东大名路证券营业部,128740630.0,0.038749512575,,,128740630.0,"非上市首日,当日收盘价涨幅达15%的前五只可转债",111001,山玻转债
2,华鑫证券有限责任公司上海陆家嘴证券营业部,123024700.0,0.03702908056,,,123024700.0,"非上市首日,当日收盘价涨幅达15%的前五只可转债",111001,山玻转债
3,国泰海通证券股份有限公司成都双庆路证券营业部,103871210.0,0.031264090894,,,103871210.0,"非上市首日,当日收盘价涨幅达15%的前五只可转债",111001,山玻转债
4,华鑫证券有限责任公司上海分公司,95611880.0,0.028778123475,,,95611880.0,"非上市首日,当日收盘价涨幅达15%的前五只可转债",111001,山玻转债
5,东方证券股份有限公司上海松江区沪亭北路证券营业部,60046610.0,0.018073368674,,,60046610.0,"非上市首日,当日收盘价涨幅达15%的前五只可转债",111001,山玻转债
1,华宝证券股份有限公司上海东大名路证券营业部,,,124863640.0,0.037582581259,-124863640.0,"非上市首日,当日收盘价涨幅达15%的前五只可转债",111001,山玻转债
2,华鑫证券有限责任公司上海陆家嘴证券营业部,,,122568400.0,0.036891739283,-122568400.0,"非上市首日,当日收盘价涨幅达15%的前五只可转债",111001,山玻转债
3,国泰海通证券股份有限公司成都双庆路证券营业部,,,103138350.0,0.0310435081,-103138350.0,"非上市首日,当日收盘价涨幅达15%的前五只可转债",111001,山玻转债
4,华鑫证券有限责任公司上海分公司,,,95783320.0,0.028829725028,-95783320.0,"非上市首日,当日收盘价涨幅达15%的前五只可转债",111001,山玻转债
5,中信证券股份有限公司上海分公司,,,59693860.0,0.017967194806,-59693860.0,"非上市首日,当日收盘价涨幅达15%的前五只可转债",111001,山玻转债
1,华宝证券股份有限公司上海东大名路证券营业部,146609610.0,0.061074194842,,,146609610.0,"非上市首日,当日收盘价涨幅达15%的前五只可转债",118016,京源转债
2,国泰海通证券股份有限公司天津高新区梅苑路证券营业部,99842200.0,0.041591966422,,,99842200.0,"非上市首日,当日收盘价涨幅达15%的前五只可转债",118016,京源转债
3,国泰海通证券股份有限公司成都双庆路证券营业部,96147310.0,0.040052760146,,,96147310.0,"非上市首日,当日收盘价涨幅达15%的前五只可转债",118016,京源转债
4,华鑫证券有限责任公司上海陆家嘴证券营业部,86535190.0,0.036048571814,,,86535190.0,"非上市首日,当日收盘价涨幅达15%的前五只可转债",118016,京源转债
5,华鑫证券有限责任公司上海分公司,70028020.0,0.029172064082,,,70028020.0,"非上市首日,当日收盘价涨幅达15%的前五只可转债",118016,京源转债
1,华宝证券股份有限公司上海东大名路证券营业部,,,144396640.0,0.060152322388,-144396640.0,"非上市首日,当日收盘价涨幅达15%的前五只可转债",118016,京源转债
2,国泰海通证券股份有限公司天津高新区梅苑路证券营业部,,,99910850.0,0.041620564435,-99910850.0,"非上市首日,当日收盘价涨幅达15%的前五只可转债",118016,京源转债
3,国泰海通证券股份有限公司成都双庆路证券营业部,,,96287990.0,0.040111364202,-96287990.0,"非上市首日,当日收盘价涨幅达15%的前五只可转债",118016,京源转债
4,华鑫证券有限责任公司上海陆家嘴证券营业部,,,86701750.0,0.036117956883,-86701750.0,"非上市首日,当日收盘价涨幅达15%的前五只可转债",118016,京源转债
5,华鑫证券有限责任公司上海分公司,,,69289110.0,0.028864251154,-69289110.0,"非上市首日,当日收盘价涨幅达15%的前五只可转债",118016,京源转债
1,华宝证券股份有限公司上海东大名路证券营业部,252878430.0,0.067158945751,,,252878430.0,"非上市首日,当日收盘价涨幅达15%的前五只可转债",118018,瑞科转债
2,国泰海通证券股份有限公司成都双庆路证券营业部,173549180.0,0.046090842801,,,173549180.0,"非上市首日,当日收盘价涨幅达15%的前五只可转债",118018,瑞科转债
3,华鑫证券有限责任公司上海陆家嘴证券营业部,155166950.0,0.041208927062,,,155166950.0,"非上市首日,当日收盘价涨幅达15%的前五只可转债",118018,瑞科转债
4,国泰海通证券股份有限公司天津高新区梅苑路证券营业部,123095750.0,0.032691522153,,,123095750.0,"非上市首日,当日收盘价涨幅达15%的前五只可转债",118018,瑞科转债
5,华鑫证券有限责任公司上海分公司,122414580.0,0.032510618392,,,122414580.0,"非上市首日,当日收盘价涨幅达15%的前五只可转债",118018,瑞科转债
1,华宝证券股份有限公司上海东大名路证券营业部,,,251251780.0,0.06672694331,-251251780.0,"非上市首日,当日收盘价涨幅达15%的前五只可转债",118018,瑞科转债
2,国泰海通证券股份有限公司成都双庆路证券营业部,,,173356440.0,0.046039655298,-173356440.0,"非上市首日,当日收盘价涨幅达15%的前五只可转债",118018,瑞科转债
3,华鑫证券有限责任公司上海陆家嘴证券营业部,,,155235910.0,0.041227241321,-155235910.0,"非上市首日,当日收盘价涨幅达15%的前五只可转债",118018,瑞科转债
4,国泰海通证券股份有限公司天津高新区梅苑路证券营业部,,,123271310.0,0.032738147026,-123271310.0,"非上市首日,当日收盘价涨幅达15%的前五只可转债",118018,瑞科转债
5,华鑫证券有限责任公司上海分公司,,,122505170.0,0.032534677103,-122505170.0,"非上市首日,当日收盘价涨幅达15%的前五只可转债",118018,瑞科转债
1,华宝证券股份有限公司上海东大名路证券营业部,254697640.17,0.141556374071,248450987.1,0.138084596484,6246653.07,日涨幅达到15%的前5只可转债,127079,华亚转债
2,东方证券股份有限公司上海松江区沪亭北路证券营业部,62612888.27,0.034799118781,62948406.38,0.034985593721,-335518.11,日涨幅达到15%的前5只可转债,127079,华亚转债
3,国泰海通证券股份有限公司成都双庆路证券营业部,60186370.45,0.033450503757,61992094.6,0.034454092809,-1805724.15,日涨幅达到15%的前5只可转债,127079,华亚转债
4,华鑫证券有限责任公司上海陆家嘴证券营业部,42377541.89,0.023552676687,42351878.64,0.023538413514,25663.25,日涨幅达到15%的前5只可转债,127079,华亚转债
5,机构专用,36588446.18,0.020335201263,33414782.18,0.018571335811,3173664.0,日涨幅达到15%的前5只可转债,127079,华亚转债
1,华宝证券股份有限公司上海东大名路证券营业部,254697640.17,0.141556374071,248450987.1,0.138084596484,6246653.07,日涨幅达到15%的前5只可转债,127079,华亚转债
2,东方证券股份有限公司上海松江区沪亭北路证券营业部,62612888.27,0.034799118781,62948406.38,0.034985593721,-335518.11,日涨幅达到15%的前5只可转债,127079,华亚转债
3,国泰海通证券股份有限公司成都双庆路证券营业部,60186370.45,0.033450503757,61992094.6,0.034454092809,-1805724.15,日涨幅达到15%的前5只可转债,127079,华亚转债
4,华鑫证券有限责任公司上海陆家嘴证券营业部,42377541.89,0.023552676687,42351878.64,0.023538413514,25663.25,日涨幅达到15%的前5只可转债,127079,华亚转债
5,机构专用,36588446.18,0.020335201263,33414782.18,0.018571335811,3173664.0,日涨幅达到15%的前5只可转债,127079,华亚转债
1,华宝证券股份有限公司上海东大名路证券营业部,825614885.74,0.143844547363,814545397.62,0.141915941743,11069488.12,日涨幅达到15%的前5只可转债,127096,泰坦转债
2,东方证券股份有限公司上海松江区沪亭北路证券营业部,139535992.8,0.024310961529,139598644.12,0.024321877092,-62651.32,日涨幅达到15%的前5只可转债,127096,泰坦转债
3,国泰海通证券股份有限公司成都双庆路证券营业部,119893026.84,0.020888623105,121385300.22,0.021148617677,-1492273.38,日涨幅达到15%的前5只可转债,127096,泰坦转债
4,机构专用,114209052.59,0.019898320341,108530440.02,0.018908951727,5678612.57,日涨幅达到15%的前5只可转债,127096,泰坦转债
5,华鑫证券有限责任公司上海陆家嘴证券营业部,84619207.69,0.01474296532,84637372.2,0.014746130071,-18164.51,日涨幅达到15%的前5只可转债,127096,泰坦转债
1,华宝证券股份有限公司上海东大名路证券营业部,825614885.74,0.143844547363,814545397.62,0.141915941743,11069488.12,日涨幅达到15%的前5只可转债,127096,泰坦转债
2,东方证券股份有限公司上海松江区沪亭北路证券营业部,139535992.8,0.024310961529,139598644.12,0.024321877092,-62651.32,日涨幅达到15%的前5只可转债,127096,泰坦转债
3,国泰海通证券股份有限公司成都双庆路证券营业部,119893026.84,0.020888623105,121385300.22,0.021148617677,-1492273.38,日涨幅达到15%的前5只可转债,127096,泰坦转债
4,机构专用,114209052.59,0.019898320341,108530440.02,0.018908951727,5678612.57,日涨幅达到15%的前5只可转债,127096,泰坦转债
5,华鑫证券有限责任公司上海陆家嘴证券营业部,84619207.69,0.01474296532,84637372.2,0.014746130071,-18164.51,日涨幅达到15%的前5只可转债,127096,泰坦转债
1,中银国际证券股份有限公司上海新华路证券营业部,1256129.64,0.209346810366,0.0,0.0,1256129.64,日涨幅偏离值达到7%的前5只证券,200037,深南电B
2,中泰证券股份有限公司厦门厦禾路证券营业部,468859.06,0.078140142224,0.0,0.0,468859.06,日涨幅偏离值达到7%的前5只证券,200037,深南电B
3,华泰证券股份有限公司深圳深南大道证券营业部,410192.03,0.068362683582,2436.14,0.000406007567,407755.89,日涨幅偏离值达到7%的前5只证券,200037,深南电B
4,上海证券有限责任公司临平路证券营业部,242559.76,0.040425056827,0.0,0.0,242559.76,日涨幅偏离值达到7%的前5只证券,200037,深南电B
5,平安证券股份有限公司深圳金田路证券营业部,216642.45,0.036105672896,18940.99,0.003156709081,197701.46,日涨幅偏离值达到7%的前5只证券,200037,深南电B
1,南京证券股份有限公司深圳科园路证券营业部,14642.94,0.002440395231,933474.3,0.155573008582,-918831.36,日涨幅偏离值达到7%的前5只证券,200037,深南电B
2,广发证券股份有限公司东莞长安证券营业部,28987.89,0.004831127391,279035.48,0.046504107424,-250047.59,日涨幅偏离值达到7%的前5只证券,200037,深南电B
3,华泰证券股份有限公司吴江盛泽广州路证券营业部,0.0,0.0,211857.18,0.035308158866,-211857.18,日涨幅偏离值达到7%的前5只证券,200037,深南电B
4,招商证券股份有限公司深圳壹海城证券营业部,0.0,0.0,164101.87,0.027349249604,-164101.87,日涨幅偏离值达到7%的前5只证券,200037,深南电B
5,英大证券有限责任公司深圳华侨城证券营业部,24913.01,0.004152007097,146168.4,0.024360454002,-121255.39,日涨幅偏离值达到7%的前5只证券,200037,深南电B
1,开源证券股份有限公司西安太华路证券营业部,69479027.0,0.039950608511,0.0,0.0,69479027.0,日涨幅达到15%的前5只证券,300221,银禧科技
2,机构专用,69195361.0,0.039787499875,35924396.98,0.020656615121,33270964.02,日涨幅达到15%的前5只证券,300221,银禧科技
3,机构专用,68568650.46,0.0394271398,16910540.0,0.009723601386,51658110.46,日涨幅达到15%的前5只证券,300221,银禧科技
4,机构专用,26032225.0,0.014968592316,9785461.0,0.005626663734,16246764.0,日涨幅达到15%的前5只证券,300221,银禧科技
5,招商证券股份有限公司深圳益田路免税商务大厦证券营业部,25276239.0,0.014533898538,6047494.0,0.003477323672,19228745.0,日涨幅达到15%的前5只证券,300221,银禧科技
1,机构专用,69195361.0,0.039787499875,35924396.98,0.020656615121,33270964.02,日涨幅达到15%的前5只证券,300221,银禧科技
2,机构专用,24394509.0,0.014026901656,17804039.0,0.010237365472,6590470.0,日涨幅达到15%的前5只证券,300221,银禧科技
3,机构专用,68568650.46,0.0394271398,16910540.0,0.009723601386,51658110.46,日涨幅达到15%的前5只证券,300221,银禧科技
4,华泰证券股份有限公司上海浦东新区世纪大道证券营业部,3167782.0,0.001821482309,11481897.0,0.006602118536,-8314115.0,日涨幅达到15%的前5只证券,300221,银禧科技
5,中国国际金融股份有限公司上海分公司,14273938.0,0.008207548862,11481596.0,0.00660194546,2792342.0,日涨幅达到15%的前5只证券,300221,银禧科技
1,深股通专用,308222652.76,0.109049401509,182068566.0,0.064415992719,126154086.76,日涨幅达到15%的前5只证券,300260,新莱应材
2,国泰海通证券股份有限公司武汉紫阳东路证券营业部,127667827.0,0.045168971202,4300013.0,0.001521347766,123367814.0,日涨幅达到15%的前5只证券,300260,新莱应材
3,机构专用,73773759.75,0.026101210523,55660050.35,0.0196925668,18113709.4,日涨幅达到15%的前5只证券,300260,新莱应材
4,机构专用,67095276.56,0.023738358253,0.0,0.0,67095276.56,日涨幅达到15%的前5只证券,300260,新莱应材
5,机构专用,58927817.63,0.020848705269,93765746.86,0.033174390284,-34837929.23,日涨幅达到15%的前5只证券,300260,新莱应材
1,深股通专用,308222652.76,0.109049401509,182068566.0,0.064415992719,126154086.76,日涨幅达到15%的前5只证券,300260,新莱应材
2,机构专用,58927817.63,0.020848705269,93765746.86,0.033174390284,-34837929.23,日涨幅达到15%的前5只证券,300260,新莱应材
3,机构专用,73773759.75,0.026101210523,55660050.35,0.0196925668,18113709.4,日涨幅达到15%的前5只证券,300260,新莱应材
4,机构专用,26824653.0,0.009490581984,48420346.58,0.017131154275,-21595693.58,日涨幅达到15%的前5只证券,300260,新莱应材
5,机构专用,32233368.0,0.011404189334,43874391.74,0.015522792105,-11641023.74,日涨幅达到15%的前5只证券,300260,新莱应材
1,深股通专用,138671238.94,0.073626500619,187840788.03,0.099732720367,-49169549.09,日涨幅达到15%的前5只证券,300593,新雷能
2,国投证券股份有限公司上海黄浦区中山南路证券营业部,73789550.0,0.039178032808,0.0,0.0,73789550.0,日涨幅达到15%的前5只证券,300593,新雷能
3,开源证券股份有限公司西安太华路证券营业部,66166113.88,0.035130424029,14731.0,7.821319e-06,66151382.88,日涨幅达到15%的前5只证券,300593,新雷能
4,机构专用,58537919.0,0.031080288619,64211710.0,0.034092747293,-5673791.0,日涨幅达到15%的前5只证券,300593,新雷能
5,机构专用,58391912.56,0.031002767546,22627472.42,0.012013894336,35764440.14,日涨幅达到15%的前5只证券,300593,新雷能
1,深股通专用,138671238.94,0.073626500619,187840788.03,0.099732720367,-49169549.09,日涨幅达到15%的前5只证券,300593,新雷能
2,机构专用,58537919.0,0.031080288619,64211710.0,0.034092747293,-5673791.0,日涨幅达到15%的前5只证券,300593,新雷能
3,招商证券股份有限公司深圳深南大道车公庙证券营业部,11273301.0,0.005985478383,60639462.22,0.032196087933,-49366161.22,日涨幅达到15%的前5只证券,300593,新雷能
4,机构专用,43695172.9,0.023199638938,41753180.7,0.022168552096,1941992.2,日涨幅达到15%的前5只证券,300593,新雷能
5,机构专用,33207192.0,0.017631120635,41167767.0,0.021857730887,-7960575.0,日涨幅达到15%的前5只证券,300593,新雷能
1,中信建投证券股份有限公司上海营口路证券营业部,19795292.0,0.019740704845,4117251.0,0.00410589734,15678041.0,日换手率达到30%的前5只证券,300831,ST派瑞
2,中信证券股份有限公司杭州延安路证券营业部,16926764.0,0.016880087048,360225.0,0.00035923165,16566539.0,日换手率达到30%的前5只证券,300831,ST派瑞
3,华泰证券股份有限公司深圳益田路荣超商务中心证券营业部,11839749.0,0.011807099913,1165814.0,0.001162599171,10673935.0,日换手率达到30%的前5只证券,300831,ST派瑞
4,金融街证券股份有限公司上海第一分公司,10132540.0,0.010104598683,635806.0,0.000634052712,9496734.0,日换手率达到30%的前5只证券,300831,ST派瑞
5,平安证券股份有限公司江苏分公司,10128077.0,0.01010014799,546740.0,0.000545232319,9581337.0,日换手率达到30%的前5只证券,300831,ST派瑞
1,机构专用,8374719.0,0.00835162502,22610035.0,0.022547685958,-14235316.0,日换手率达到30%的前5只证券,300831,ST派瑞
2,机构专用,8735637.95,0.008711548706,19081738.0,0.019029118529,-10346100.05,日换手率达到30%的前5只证券,300831,ST派瑞
3,机构专用,5216302.0,0.005201917616,18166746.0,0.018116649695,-12950444.0,日换手率达到30%的前5只证券,300831,ST派瑞
4,机构专用,0.0,0.0,17234195.95,0.017186671229,-17234195.95,日换手率达到30%的前5只证券,300831,ST派瑞
5,机构专用,0.0,0.0,16964783.55,0.016918001756,-16964783.55,日换手率达到30%的前5只证券,300831,ST派瑞
1,深股通专用,217323627.82,0.075354980003,211273144.15,0.073257030137,6050483.67,日涨幅达到15%的前5只证券,301013,利和兴
2,机构专用,85932019.72,0.029796141784,0.0,0.0,85932019.72,日涨幅达到15%的前5只证券,301013,利和兴
3,机构专用,56426120.85,0.019565241253,0.0,0.0,56426120.85,日涨幅达到15%的前5只证券,301013,利和兴
4,机构专用,52150049.02,0.018082552461,47633767.6,0.016516573191,4516281.42,日涨幅达到15%的前5只证券,301013,利和兴
5,机构专用,51473986.9,0.017848134105,0.0,0.0,51473986.9,日涨幅达到15%的前5只证券,301013,利和兴
1,深股通专用,217323627.82,0.075354980003,211273144.15,0.073257030137,6050483.67,日涨幅达到15%的前5只证券,301013,利和兴
2,机构专用,33201259.36,0.011512232978,57958149.87,0.020096458302,-24756890.51,日涨幅达到15%的前5只证券,301013,利和兴
3,机构专用,52150049.02,0.018082552461,47633767.6,0.016516573191,4516281.42,日涨幅达到15%的前5只证券,301013,利和兴
4,国泰海通证券股份有限公司济南舜华路证券营业部,0.0,0.0,45625379.87,0.015820183117,-45625379.87,日涨幅达到15%的前5只证券,301013,利和兴
5,机构专用,0.0,0.0,44681723.68,0.015492978965,-44681723.68,日涨幅达到15%的前5只证券,301013,利和兴
1,东方财富证券股份有限公司拉萨东环路第二证券营业部,2809724.0,0.017051035363,2133521.62,0.012947447006,676202.38,日换手率达到30%的前5只证券,301139,*ST元道
2,机构专用,2390862.0,0.014509137734,3003208.0,0.01822520853,-612346.0,日换手率达到30%的前5只证券,301139,*ST元道
3,东方财富证券股份有限公司拉萨团结路第二证券营业部,2084717.0,0.012651272257,1892600.0,0.011485394839,192117.0,日换手率达到30%的前5只证券,301139,*ST元道
4,东方财富证券股份有限公司拉萨金融城南环路证券营业部,1962980.0,0.011912501512,2279236.21,0.013831727678,-316256.21,日换手率达到30%的前5只证券,301139,*ST元道
5,中国银河证券股份有限公司宁波宁穿路证券营业部,1856656.0,0.011267265793,458800.0,0.002784264584,1397856.0,日换手率达到30%的前5只证券,301139,*ST元道
1,机构专用,1497758.0,0.009089264506,3540451.0,0.021485510749,-2042693.0,日换手率达到30%的前5只证券,301139,*ST元道
2,国金证券股份有限公司深圳分公司,539021.0,0.003271092154,3523007.0,0.021379650436,-2983986.0,日换手率达到30%的前5只证券,301139,*ST元道
3,机构专用,2390862.0,0.014509137734,3003208.0,0.01822520853,-612346.0,日换手率达到30%的前5只证券,301139,*ST元道
4,中信建投证券股份有限公司北京五路居证券营业部,3185.0,1.9328428e-05,2944176.0,0.017866968105,-2940991.0,日换手率达到30%的前5只证券,301139,*ST元道
5,平安证券股份有限公司浙江分公司,351681.0,0.002134204345,2575878.0,0.015631922164,-2224197.0,日换手率达到30%的前5只证券,301139,*ST元道
1,机构专用,51680561.87,0.022216127251,55077754.3,0.023676491779,-3397192.43,日换手率达到30%的前5只证券,301313,凡拓数创
2,机构专用,42256206.83,0.018164842527,25227920.85,0.010844825977,17028285.98,日换手率达到30%的前5只证券,301313,凡拓数创
3,机构专用,41080492.13,0.017659433405,24829967.89,0.010673756367,16250524.24,日换手率达到30%的前5只证券,301313,凡拓数创
4,机构专用,37471810.96,0.016108155378,17332043.0,0.00745059378,20139767.96,日换手率达到30%的前5只证券,301313,凡拓数创
5,中国银河证券股份有限公司北京学院南路证券营业部,24261688.0,0.010429467646,11529888.29,0.004956398618,12731799.71,日换手率达到30%的前5只证券,301313,凡拓数创
1,机构专用,51680561.87,0.022216127251,55077754.3,0.023676491779,-3397192.43,日换手率达到30%的前5只证券,301313,凡拓数创
2,平安证券股份有限公司杭州曙光路证券营业部,1485615.0,0.000638627188,41832054.0,0.017982510275,-40346439.0,日换手率达到30%的前5只证券,301313,凡拓数创
3,东方证券股份有限公司成都万象南路证券营业部,74531.0,3.2038935e-05,37089487.0,0.015943804267,-37014956.0,日换手率达到30%的前5只证券,301313,凡拓数创
4,招商证券股份有限公司深圳建安路证券营业部,2458732.0,0.001056944836,30965053.8,0.013311069978,-28506321.8,日换手率达到30%的前5只证券,301313,凡拓数创
5,平安证券股份有限公司浙江分公司,3751756.0,0.00161278217,30895410.31,0.013281132056,-27143654.31,日换手率达到30%的前5只证券,301313,凡拓数创
1,兴业证券股份有限公司海南分公司,13694304.0,0.029473478456,20402597.4,0.043911360148,-6708293.4,日换手率达到30%的前5只证券,301418,协昌科技
2,机构专用,7741188.0,0.016660922508,3250858.0,0.0069966384,4490330.0,日换手率达到30%的前5只证券,301418,协昌科技
3,中国中金财富证券有限公司北京亚运村证券营业部,7204414.0,0.015505654089,0.0,0.0,7204414.0,日换手率达到30%的前5只证券,301418,协昌科技
4,机构专用,5860622.0,0.012613486327,11110347.8,0.023912175202,-5249725.8,日换手率达到30%的前5只证券,301418,协昌科技
5,财通证券股份有限公司湖南分公司,4673150.0,0.010057757287,4717455.0,0.010153112441,-44305.0,日换手率达到30%的前5只证券,301418,协昌科技
1,兴业证券股份有限公司海南分公司,13694304.0,0.029473478456,20402597.4,0.043911360148,-6708293.4,日换手率达到30%的前5只证券,301418,协昌科技
2,机构专用,5860622.0,0.012613486327,11110347.8,0.023912175202,-5249725.8,日换手率达到30%的前5只证券,301418,协昌科技
3,东方财富证券股份有限公司拉萨东环路第二证券营业部,3503861.4,0.007541163354,4788354.0,0.010305704361,-1284492.6,日换手率达到30%的前5只证券,301418,协昌科技
4,财通证券股份有限公司湖南分公司,4673150.0,0.010057757287,4717455.0,0.010153112441,-44305.0,日换手率达到30%的前5只证券,301418,协昌科技
5,机构专用,2978903.0,0.006411324985,4084832.0,0.008791553623,-1105929.0,日换手率达到30%的前5只证券,301418,协昌科技
1,深股通专用,93860398.84,0.068839765954,121662749.48,0.089230765083,-27802350.64,日换手率达到30%的前5只证券,301563,云汉芯城
2,方正证券股份有限公司哈尔滨赣水路证券营业部,21681671.0,0.015901926431,81316.0,5.9639363e-05,21600355.0,日换手率达到30%的前5只证券,301563,云汉芯城
3,机构专用,21013250.16,0.015411688431,52690507.4,0.038644649311,-31677257.24,日换手率达到30%的前5只证券,301563,云汉芯城
4,中信建投证券股份有限公司上海浦东南路证券营业部,20341533.0,0.014919032821,20360.0,1.4932577e-05,20321173.0,日换手率达到30%的前5只证券,301563,云汉芯城
5,东方证券股份有限公司杭州市心北路证券营业部,19611733.8,0.014383778265,19461202.64,0.014273374623,150531.16,日换手率达到30%的前5只证券,301563,云汉芯城
1,深股通专用,93860398.84,0.068839765954,121662749.48,0.089230765083,-27802350.64,日换手率达到30%的前5只证券,301563,云汉芯城
2,机构专用,21013250.16,0.015411688431,52690507.4,0.038644649311,-31677257.24,日换手率达到30%的前5只证券,301563,云汉芯城
3,机构专用,0.0,0.0,41264556.6,0.030264546642,-41264556.6,日换手率达到30%的前5只证券,301563,云汉芯城
4,机构专用,12760459.5,0.009358867598,39776609.64,0.029173245926,-27016150.14,日换手率达到30%的前5只证券,301563,云汉芯城
5,机构专用,19109079.87,0.014015118219,28060694.64,0.020580475636,-8951614.77,日换手率达到30%的前5只证券,301563,云汉芯城
1,深股通专用,60447189.04,0.095162085413,41997350.0,0.066116480705,18449839.04,日涨幅达到15%的前5只证券,301630,同宇新材
2,国新证券股份有限公司北京分公司,59288314.0,0.093337666986,0.0,0.0,59288314.0,日涨幅达到15%的前5只证券,301630,同宇新材
3,机构专用,19191499.0,0.030213200912,2870411.0,0.004518891632,16321088.0,日涨幅达到15%的前5只证券,301630,同宇新材
4,机构专用,14418101.0,0.022698434462,3969113.0,0.006248579567,10448988.0,日涨幅达到15%的前5只证券,301630,同宇新材
5,国信证券股份有限公司北京分公司,12693447.0,0.01998330951,603095.0,0.000949453214,12090352.0,日涨幅达到15%的前5只证券,301630,同宇新材
1,深股通专用,60447189.04,0.095162085413,41997350.0,0.066116480705,18449839.04,日涨幅达到15%的前5只证券,301630,同宇新材
2,广发证券股份有限公司杭州延安路证券营业部,25612.0,4.0321004e-05,16417030.0,0.025845350891,-16391418.0,日涨幅达到15%的前5只证券,301630,同宇新材
3,湘财证券股份有限公司上海陆家嘴证券营业部,774749.0,0.001219688321,13160041.0,0.020717869029,-12385292.0,日涨幅达到15%的前5只证券,301630,同宇新材
4,招商证券股份有限公司济南经十路证券营业部,584351.0,0.000919944511,11512483.0,0.018124116406,-10928132.0,日涨幅达到15%的前5只证券,301630,同宇新材
5,财通证券股份有限公司杭州丽水路证券营业部,0.0,0.0,10581432.0,0.01665836165,-10581432.0,日涨幅达到15%的前5只证券,301630,同宇新材
1,东方财富证券股份有限公司拉萨东环路第二证券营业部,44979347.79,0.013031669778,13111718.96,0.003798801008,31867628.83,无价格涨跌幅限制的证券,301669,高特电子
2,东方财富证券股份有限公司杭州城星路证券营业部,39776594.82,0.011524298908,166150.0,4.8137913e-05,39610444.82,无价格涨跌幅限制的证券,301669,高特电子
3,东方财富证券股份有限公司拉萨金融城南环路证券营业部,37237057.34,0.010788529817,10570363.95,0.003062505332,26666693.39,无价格涨跌幅限制的证券,301669,高特电子
4,东方财富证券股份有限公司拉萨团结路第一证券营业部,36679732.4,0.010627058499,11085991.89,0.003211895961,25593740.51,无价格涨跌幅限制的证券,301669,高特电子
5,东方财富证券股份有限公司拉萨东环路第一证券营业部,29994825.97,0.008690269786,9585771.63,0.002777243704,20409054.34,无价格涨跌幅限制的证券,301669,高特电子
1,东方财富证券股份有限公司拉萨东环路第二证券营业部,44979347.79,0.013031669778,13111718.96,0.003798801008,31867628.83,无价格涨跌幅限制的证券,301669,高特电子
2,机构专用,0.0,0.0,11289830.85,0.003270953331,-11289830.85,无价格涨跌幅限制的证券,301669,高特电子
3,东方财富证券股份有限公司拉萨团结路第一证券营业部,36679732.4,0.010627058499,11085991.89,0.003211895961,25593740.51,无价格涨跌幅限制的证券,301669,高特电子
4,东方财富证券股份有限公司拉萨团结路第二证券营业部,24774153.97,0.007177707313,10680424.87,0.003094392801,14093729.1,无价格涨跌幅限制的证券,301669,高特电子
5,东方财富证券股份有限公司拉萨金融城南环路证券营业部,37237057.34,0.010788529817,10570363.95,0.003062505332,26666693.39,无价格涨跌幅限制的证券,301669,高特电子
1,沪股通专用,49078159.32,0.031903726694,,,49078159.32,有价格涨跌幅限制的日价格振幅达到15%的前五只证券,600162,香江控股
2,东莞证券股份有限公司南京分公司,33398085.0,0.021710744468,,,33398085.0,有价格涨跌幅限制的日价格振幅达到15%的前五只证券,600162,香江控股
3,国信证券股份有限公司浙江互联网分公司,21611782.99,0.014048946159,,,21611782.99,有价格涨跌幅限制的日价格振幅达到15%的前五只证券,600162,香江控股
4,高盛(中国)证券有限责任公司上海浦东新区世纪大道证券营业部,17778612.54,0.01155715706,,,17778612.54,有价格涨跌幅限制的日价格振幅达到15%的前五只证券,600162,香江控股
5,东方财富证券股份有限公司拉萨团结路第一证券营业部,13458376.0,0.008748745992,,,13458376.0,有价格涨跌幅限制的日价格振幅达到15%的前五只证券,600162,香江控股
1,沪股通专用,,,50650081.81,0.032925569937,-50650081.81,有价格涨跌幅限制的日价格振幅达到15%的前五只证券,600162,香江控股
2,财达证券股份有限公司湖南分公司,,,42711258.9,0.027764862203,-42711258.9,有价格涨跌幅限制的日价格振幅达到15%的前五只证券,600162,香江控股
3,广发证券股份有限公司上海浦东新区东方路证券营业部,,,18867175.0,0.012264787495,-18867175.0,有价格涨跌幅限制的日价格振幅达到15%的前五只证券,600162,香江控股
4,中信证券股份有限公司上海分公司,,,16972519.0,0.011033148247,-16972519.0,有价格涨跌幅限制的日价格振幅达到15%的前五只证券,600162,香江控股
5,中信证券股份有限公司深圳深南中路中信大厦证券营业部,,,15935153.73,0.010358799035,-15935153.73,有价格涨跌幅限制的日价格振幅达到15%的前五只证券,600162,香江控股
1,沪股通专用,260880131.62,0.057306632099,,,260880131.62,有价格涨跌幅限制的日换手率达到20%的前五只证券,600186,莲花控股
2,高盛(中国)证券有限责任公司上海浦东新区世纪大道证券营业部,175962258.84,0.038653018028,,,175962258.84,有价格涨跌幅限制的日换手率达到20%的前五只证券,600186,莲花控股
3,国泰海通证券股份有限公司总部,97351342.54,0.021384831174,,,97351342.54,有价格涨跌幅限制的日换手率达到20%的前五只证券,600186,莲花控股
4,中信证券股份有限公司上海分公司,83534471.22,0.018349727057,,,83534471.22,有价格涨跌幅限制的日换手率达到20%的前五只证券,600186,莲花控股
5,开源证券股份有限公司西安太华路证券营业部,73996140.0,0.016254474978,,,73996140.0,有价格涨跌幅限制的日换手率达到20%的前五只证券,600186,莲花控股
6,沪股通专用,850387998.62,0.075564580885,,,850387998.62,非ST、*ST和S证券连续三个交易日内收盘价格涨幅偏离值累计达到20%的证券,600186,莲花控股
7,高盛(中国)证券有限责任公司上海浦东新区世纪大道证券营业部,275153475.13,0.024449847671,,,275153475.13,非ST、*ST和S证券连续三个交易日内收盘价格涨幅偏离值累计达到20%的证券,600186,莲花控股
8,广发证券股份有限公司北京鲁谷路证券营业部,255027979.36,0.022661517337,,,255027979.36,非ST、*ST和S证券连续三个交易日内收盘价格涨幅偏离值累计达到20%的证券,600186,莲花控股
9,国泰海通证券股份有限公司总部,231333491.3,0.020556050113,,,231333491.3,非ST、*ST和S证券连续三个交易日内收盘价格涨幅偏离值累计达到20%的证券,600186,莲花控股
10,中信证券股份有限公司上海分公司,188953779.53,0.016790233611,,,188953779.53,非ST、*ST和S证券连续三个交易日内收盘价格涨幅偏离值累计达到20%的证券,600186,莲花控股
1,沪股通专用,,,181119231.75,0.039785832349,-181119231.75,有价格涨跌幅限制的日换手率达到20%的前五只证券,600186,莲花控股
2,申万宏源证券有限公司证券投资总部,,,115407678.0,0.025351203648,-115407678.0,有价格涨跌幅限制的日换手率达到20%的前五只证券,600186,莲花控股
3,国泰海通证券股份有限公司总部,,,66928556.75,0.014701963522,-66928556.75,有价格涨跌幅限制的日换手率达到20%的前五只证券,600186,莲花控股
4,中信证券股份有限公司上海分公司,,,65268393.21,0.014337281165,-65268393.21,有价格涨跌幅限制的日换手率达到20%的前五只证券,600186,莲花控股
5,摩根大通证券(中国)有限公司上海银城中路证券营业部,,,54662975.0,0.012007625795,-54662975.0,有价格涨跌幅限制的日换手率达到20%的前五只证券,600186,莲花控股
6,沪股通专用,,,748775975.06,0.066535443614,-748775975.06,非ST、*ST和S证券连续三个交易日内收盘价格涨幅偏离值累计达到20%的证券,600186,莲花控股
7,国泰海通证券股份有限公司总部,,,243087410.35,0.021600490966,-243087410.35,非ST、*ST和S证券连续三个交易日内收盘价格涨幅偏离值累计达到20%的证券,600186,莲花控股
8,瑞银证券有限责任公司上海花园石桥路证券营业部,,,164310261.59,0.014600436592,-164310261.59,非ST、*ST和S证券连续三个交易日内收盘价格涨幅偏离值累计达到20%的证券,600186,莲花控股
9,中国国际金融股份有限公司上海分公司,,,149339399.5,0.013270141572,-149339399.5,非ST、*ST和S证券连续三个交易日内收盘价格涨幅偏离值累计达到20%的证券,600186,莲花控股
10,中信证券股份有限公司上海分公司,,,144543777.45,0.012844007653,-144543777.45,非ST、*ST和S证券连续三个交易日内收盘价格涨幅偏离值累计达到20%的证券,600186,莲花控股
1,沪股通专用,260880131.62,0.057306632099,,,260880131.62,有价格涨跌幅限制的日换手率达到20%的前五只证券,600186,莲花控股
2,高盛(中国)证券有限责任公司上海浦东新区世纪大道证券营业部,175962258.84,0.038653018028,,,175962258.84,有价格涨跌幅限制的日换手率达到20%的前五只证券,600186,莲花控股
3,国泰海通证券股份有限公司总部,97351342.54,0.021384831174,,,97351342.54,有价格涨跌幅限制的日换手率达到20%的前五只证券,600186,莲花控股
4,中信证券股份有限公司上海分公司,83534471.22,0.018349727057,,,83534471.22,有价格涨跌幅限制的日换手率达到20%的前五只证券,600186,莲花控股
5,开源证券股份有限公司西安太华路证券营业部,73996140.0,0.016254474978,,,73996140.0,有价格涨跌幅限制的日换手率达到20%的前五只证券,600186,莲花控股
6,沪股通专用,850387998.62,0.075564580885,,,850387998.62,非ST、*ST和S证券连续三个交易日内收盘价格涨幅偏离值累计达到20%的证券,600186,莲花控股
7,高盛(中国)证券有限责任公司上海浦东新区世纪大道证券营业部,275153475.13,0.024449847671,,,275153475.13,非ST、*ST和S证券连续三个交易日内收盘价格涨幅偏离值累计达到20%的证券,600186,莲花控股
8,广发证券股份有限公司北京鲁谷路证券营业部,255027979.36,0.022661517337,,,255027979.36,非ST、*ST和S证券连续三个交易日内收盘价格涨幅偏离值累计达到20%的证券,600186,莲花控股
9,国泰海通证券股份有限公司总部,231333491.3,0.020556050113,,,231333491.3,非ST、*ST和S证券连续三个交易日内收盘价格涨幅偏离值累计达到20%的证券,600186,莲花控股
10,中信证券股份有限公司上海分公司,188953779.53,0.016790233611,,,188953779.53,非ST、*ST和S证券连续三个交易日内收盘价格涨幅偏离值累计达到20%的证券,600186,莲花控股
1,沪股通专用,,,181119231.75,0.039785832349,-181119231.75,有价格涨跌幅限制的日换手率达到20%的前五只证券,600186,莲花控股
2,申万宏源证券有限公司证券投资总部,,,115407678.0,0.025351203648,-115407678.0,有价格涨跌幅限制的日换手率达到20%的前五只证券,600186,莲花控股
3,国泰海通证券股份有限公司总部,,,66928556.75,0.014701963522,-66928556.75,有价格涨跌幅限制的日换手率达到20%的前五只证券,600186,莲花控股
4,中信证券股份有限公司上海分公司,,,65268393.21,0.014337281165,-65268393.21,有价格涨跌幅限制的日换手率达到20%的前五只证券,600186,莲花控股
5,摩根大通证券(中国)有限公司上海银城中路证券营业部,,,54662975.0,0.012007625795,-54662975.0,有价格涨跌幅限制的日换手率达到20%的前五只证券,600186,莲花控股
6,沪股通专用,,,748775975.06,0.066535443614,-748775975.06,非ST、*ST和S证券连续三个交易日内收盘价格涨幅偏离值累计达到20%的证券,600186,莲花控股
7,国泰海通证券股份有限公司总部,,,243087410.35,0.021600490966,-243087410.35,非ST、*ST和S证券连续三个交易日内收盘价格涨幅偏离值累计达到20%的证券,600186,莲花控股
8,瑞银证券有限责任公司上海花园石桥路证券营业部,,,164310261.59,0.014600436592,-164310261.59,非ST、*ST和S证券连续三个交易日内收盘价格涨幅偏离值累计达到20%的证券,600186,莲花控股
9,中国国际金融股份有限公司上海分公司,,,149339399.5,0.013270141572,-149339399.5,非ST、*ST和S证券连续三个交易日内收盘价格涨幅偏离值累计达到20%的证券,600186,莲花控股
10,中信证券股份有限公司上海分公司,,,144543777.45,0.012844007653,-144543777.45,非ST、*ST和S证券连续三个交易日内收盘价格涨幅偏离值累计达到20%的证券,600186,莲花控股
1,中信建投证券股份有限公司北京望京证券营业部,170000.0,0.028406684126,,,170000.0,有价格涨跌幅限制的日收盘价格跌幅偏离值达到7%的前五只证券,600193,退市创兴
2,长江证券股份有限公司昌吉北京南路证券营业部,170000.0,0.028406684126,,,170000.0,有价格涨跌幅限制的日收盘价格跌幅偏离值达到7%的前五只证券,600193,退市创兴
3,华泰证券股份有限公司宁波柳汀街证券营业部,169779.0,0.028369755437,,,169779.0,有价格涨跌幅限制的日收盘价格跌幅偏离值达到7%的前五只证券,600193,退市创兴
4,国金证券股份有限公司上海互联网证券分公司,167234.0,0.027944490666,,,167234.0,有价格涨跌幅限制的日收盘价格跌幅偏离值达到7%的前五只证券,600193,退市创兴
5,中信建投证券股份有限公司佛山顺德东乐路证券营业部,164798.0,0.027537439592,,,164798.0,有价格涨跌幅限制的日收盘价格跌幅偏离值达到7%的前五只证券,600193,退市创兴
6,长江证券股份有限公司昌吉北京南路证券营业部,170000.0,0.028406684126,,,170000.0,退市整理的证券,600193,退市创兴
7,中信建投证券股份有限公司北京望京证券营业部,170000.0,0.028406684126,,,170000.0,退市整理的证券,600193,退市创兴
8,华泰证券股份有限公司宁波柳汀街证券营业部,169779.0,0.028369755437,,,169779.0,退市整理的证券,600193,退市创兴
9,国金证券股份有限公司上海互联网证券分公司,167234.0,0.027944490666,,,167234.0,退市整理的证券,600193,退市创兴
10,中信建投证券股份有限公司佛山顺德东乐路证券营业部,164798.0,0.027537439592,,,164798.0,退市整理的证券,600193,退市创兴
1,东方财富证券股份有限公司拉萨东环路第二证券营业部,,,454851.74,0.076004880603,-454851.74,有价格涨跌幅限制的日收盘价格跌幅偏离值达到7%的前五只证券,600193,退市创兴
2,申万宏源证券有限公司上海浦东新区川沙路证券营业部,,,409088.0,0.068357844681,-409088.0,有价格涨跌幅限制的日收盘价格跌幅偏离值达到7%的前五只证券,600193,退市创兴
3,华泰证券股份有限公司金坛南环一路证券营业部,,,340000.0,0.056813368252,-340000.0,有价格涨跌幅限制的日收盘价格跌幅偏离值达到7%的前五只证券,600193,退市创兴
4,东方财富证券股份有限公司拉萨东环路第一证券营业部,,,339793.0,0.056778778937,-339793.0,有价格涨跌幅限制的日收盘价格跌幅偏离值达到7%的前五只证券,600193,退市创兴
5,中国中金财富证券有限公司北京望京启阳路证券营业部,,,306000.0,0.051132031427,-306000.0,有价格涨跌幅限制的日收盘价格跌幅偏离值达到7%的前五只证券,600193,退市创兴
6,东方财富证券股份有限公司拉萨东环路第二证券营业部,,,454851.74,0.076004880603,-454851.74,退市整理的证券,600193,退市创兴
7,申万宏源证券有限公司上海浦东新区川沙路证券营业部,,,409088.0,0.068357844681,-409088.0,退市整理的证券,600193,退市创兴
8,华泰证券股份有限公司金坛南环一路证券营业部,,,340000.0,0.056813368252,-340000.0,退市整理的证券,600193,退市创兴
9,东方财富证券股份有限公司拉萨东环路第一证券营业部,,,339793.0,0.056778778937,-339793.0,退市整理的证券,600193,退市创兴
10,中国中金财富证券有限公司北京望京启阳路证券营业部,,,306000.0,0.051132031427,-306000.0,退市整理的证券,600193,退市创兴
1,中信建投证券股份有限公司北京望京证券营业部,170000.0,0.028406684126,,,170000.0,有价格涨跌幅限制的日收盘价格跌幅偏离值达到7%的前五只证券,600193,退市创兴
2,长江证券股份有限公司昌吉北京南路证券营业部,170000.0,0.028406684126,,,170000.0,有价格涨跌幅限制的日收盘价格跌幅偏离值达到7%的前五只证券,600193,退市创兴
3,华泰证券股份有限公司宁波柳汀街证券营业部,169779.0,0.028369755437,,,169779.0,有价格涨跌幅限制的日收盘价格跌幅偏离值达到7%的前五只证券,600193,退市创兴
4,国金证券股份有限公司上海互联网证券分公司,167234.0,0.027944490666,,,167234.0,有价格涨跌幅限制的日收盘价格跌幅偏离值达到7%的前五只证券,600193,退市创兴
5,中信建投证券股份有限公司佛山顺德东乐路证券营业部,164798.0,0.027537439592,,,164798.0,有价格涨跌幅限制的日收盘价格跌幅偏离值达到7%的前五只证券,600193,退市创兴
6,长江证券股份有限公司昌吉北京南路证券营业部,170000.0,0.028406684126,,,170000.0,退市整理的证券,600193,退市创兴
7,中信建投证券股份有限公司北京望京证券营业部,170000.0,0.028406684126,,,170000.0,退市整理的证券,600193,退市创兴
8,华泰证券股份有限公司宁波柳汀街证券营业部,169779.0,0.028369755437,,,169779.0,退市整理的证券,600193,退市创兴
9,国金证券股份有限公司上海互联网证券分公司,167234.0,0.027944490666,,,167234.0,退市整理的证券,600193,退市创兴
10,中信建投证券股份有限公司佛山顺德东乐路证券营业部,164798.0,0.027537439592,,,164798.0,退市整理的证券,600193,退市创兴
1,东方财富证券股份有限公司拉萨东环路第二证券营业部,,,454851.74,0.076004880603,-454851.74,有价格涨跌幅限制的日收盘价格跌幅偏离值达到7%的前五只证券,600193,退市创兴
2,申万宏源证券有限公司上海浦东新区川沙路证券营业部,,,409088.0,0.068357844681,-409088.0,有价格涨跌幅限制的日收盘价格跌幅偏离值达到7%的前五只证券,600193,退市创兴
3,华泰证券股份有限公司金坛南环一路证券营业部,,,340000.0,0.056813368252,-340000.0,有价格涨跌幅限制的日收盘价格跌幅偏离值达到7%的前五只证券,600193,退市创兴
4,东方财富证券股份有限公司拉萨东环路第一证券营业部,,,339793.0,0.056778778937,-339793.0,有价格涨跌幅限制的日收盘价格跌幅偏离值达到7%的前五只证券,600193,退市创兴
5,中国中金财富证券有限公司北京望京启阳路证券营业部,,,306000.0,0.051132031427,-306000.0,有价格涨跌幅限制的日收盘价格跌幅偏离值达到7%的前五只证券,600193,退市创兴
6,东方财富证券股份有限公司拉萨东环路第二证券营业部,,,454851.74,0.076004880603,-454851.74,退市整理的证券,600193,退市创兴
7,申万宏源证券有限公司上海浦东新区川沙路证券营业部,,,409088.0,0.068357844681,-409088.0,退市整理的证券,600193,退市创兴
8,华泰证券股份有限公司金坛南环一路证券营业部,,,340000.0,0.056813368252,-340000.0,退市整理的证券,600193,退市创兴
9,东方财富证券股份有限公司拉萨东环路第一证券营业部,,,339793.0,0.056778778937,-339793.0,退市整理的证券,600193,退市创兴
10,中国中金财富证券有限公司北京望京启阳路证券营业部,,,306000.0,0.051132031427,-306000.0,退市整理的证券,600193,退市创兴
1,沪股通专用,92270898.0,0.058606420366,,,92270898.0,有价格涨跌幅限制的日收盘价格涨幅偏离值达到7%的前五只证券,600226,亨通股份
2,开源证券股份有限公司西安太华路证券营业部,70137394.51,0.044548191414,,,70137394.51,有价格涨跌幅限制的日收盘价格涨幅偏离值达到7%的前五只证券,600226,亨通股份
3,中信证券股份有限公司上海分公司,36254183.0,0.023027064166,,,36254183.0,有价格涨跌幅限制的日收盘价格涨幅偏离值达到7%的前五只证券,600226,亨通股份
4,东吴证券股份有限公司吴江体育路证券营业部,31068507.0,0.019733350611,,,31068507.0,有价格涨跌幅限制的日收盘价格涨幅偏离值达到7%的前五只证券,600226,亨通股份
5,摩根大通证券(中国)有限公司上海银城中路证券营业部,28347600.0,0.018005150031,,,28347600.0,有价格涨跌幅限制的日收盘价格涨幅偏离值达到7%的前五只证券,600226,亨通股份
1,沪股通专用,,,116045433.78,0.073706960928,-116045433.78,有价格涨跌幅限制的日收盘价格涨幅偏离值达到7%的前五只证券,600226,亨通股份
2,国泰海通证券股份有限公司总部,,,58631829.72,0.037240362171,-58631829.72,有价格涨跌幅限制的日收盘价格涨幅偏离值达到7%的前五只证券,600226,亨通股份
3,高盛(中国)证券有限责任公司上海浦东新区世纪大道证券营业部,,,35758017.24,0.022711921475,-35758017.24,有价格涨跌幅限制的日收盘价格涨幅偏离值达到7%的前五只证券,600226,亨通股份
4,东吴证券股份有限公司吴江体育路证券营业部,,,33850935.0,0.021500626627,-33850935.0,有价格涨跌幅限制的日收盘价格涨幅偏离值达到7%的前五只证券,600226,亨通股份
5,中信证券股份有限公司上海分公司,,,25593534.16,0.016255888413,-25593534.16,有价格涨跌幅限制的日收盘价格涨幅偏离值达到7%的前五只证券,600226,亨通股份
1,沪股通专用,71983018.09,0.040678964605,,,71983018.09,有价格涨跌幅限制的日换手率达到20%的前五只证券,600255,鑫科材料
2,中信证券股份有限公司上海分公司,42028842.4,0.023751293537,,,42028842.4,有价格涨跌幅限制的日换手率达到20%的前五只证券,600255,鑫科材料
3,国泰海通证券股份有限公司总部,27533924.16,0.015559941165,,,27533924.16,有价格涨跌幅限制的日换手率达到20%的前五只证券,600255,鑫科材料
4,高盛(中国)证券有限责任公司上海浦东新区世纪大道证券营业部,27487476.74,0.015533692849,,,27487476.74,有价格涨跌幅限制的日换手率达到20%的前五只证券,600255,鑫科材料
5,瑞银证券有限责任公司上海花园石桥路证券营业部,27048520.37,0.015285630305,,,27048520.37,有价格涨跌幅限制的日换手率达到20%的前五只证券,600255,鑫科材料
1,沪股通专用,,,95923312.86,0.054208077851,-95923312.86,有价格涨跌幅限制的日换手率达到20%的前五只证券,600255,鑫科材料
2,中泰证券股份有限公司宁波分公司,,,33680975.0,0.019033755825,-33680975.0,有价格涨跌幅限制的日换手率达到20%的前五只证券,600255,鑫科材料
3,广发证券股份有限公司西安南广济街证券营业部,,,26434582.37,0.014938682332,-26434582.37,有价格涨跌幅限制的日换手率达到20%的前五只证券,600255,鑫科材料
4,东方财富证券股份有限公司拉萨金融城南环路证券营业部,,,20004594.0,0.011304974324,-20004594.0,有价格涨跌幅限制的日换手率达到20%的前五只证券,600255,鑫科材料
5,中信证券股份有限公司上海分公司,,,19551515.0,0.011048930814,-19551515.0,有价格涨跌幅限制的日换手率达到20%的前五只证券,600255,鑫科材料
1,沪股通专用,3033603.0,0.021134080708,,,3033603.0,有价格涨跌幅限制的日收盘价格跌幅偏离值达到7%的前五只证券,600279,重庆港
2,机构专用,1929164.0,0.013439829692,,,1929164.0,有价格涨跌幅限制的日收盘价格跌幅偏离值达到7%的前五只证券,600279,重庆港
3,中信证券股份有限公司上海浦东新区东方路证券营业部,1859473.0,0.01295431619,,,1859473.0,有价格涨跌幅限制的日收盘价格跌幅偏离值达到7%的前五只证券,600279,重庆港
4,中信证券股份有限公司深圳深南中路中信大厦证券营业部,1727485.0,0.012034800668,,,1727485.0,有价格涨跌幅限制的日收盘价格跌幅偏离值达到7%的前五只证券,600279,重庆港
5,中国国际金融股份有限公司上海分公司,1646336.0,0.011469463175,,,1646336.0,有价格涨跌幅限制的日收盘价格跌幅偏离值达到7%的前五只证券,600279,重庆港
1,华泰证券股份有限公司上海黄浦区来福士广场证券营业部,,,17907615.03,0.124756265513,-17907615.03,有价格涨跌幅限制的日收盘价格跌幅偏离值达到7%的前五只证券,600279,重庆港
2,沪股通专用,,,7972346.0,0.055540624068,-7972346.0,有价格涨跌幅限制的日收盘价格跌幅偏离值达到7%的前五只证券,600279,重庆港
3,中信证券股份有限公司深圳深南中路中信大厦证券营业部,,,4857273.0,0.033838969569,-4857273.0,有价格涨跌幅限制的日收盘价格跌幅偏离值达到7%的前五只证券,600279,重庆港
4,华泰证券股份有限公司莱阳昌山路证券营业部,,,4767015.0,0.03321017277,-4767015.0,有价格涨跌幅限制的日收盘价格跌幅偏离值达到7%的前五只证券,600279,重庆港
5,信达证券股份有限公司广东分公司,,,3636738.0,0.025335917193,-3636738.0,有价格涨跌幅限制的日收盘价格跌幅偏离值达到7%的前五只证券,600279,重庆港
1,东方财富证券股份有限公司拉萨东环路第二证券营业部,437229.0,0.091523194944,,,437229.0,退市整理的证券,600421,退市华嵘
2,浙商证券股份有限公司昆明顺城街证券营业部,193680.0,0.040542169885,,,193680.0,退市整理的证券,600421,退市华嵘
3,申万宏源证券有限公司上海静安区洛川东路证券营业部,192000.0,0.040190502984,,,192000.0,退市整理的证券,600421,退市华嵘
4,华泰证券股份有限公司淮安富誉路证券营业部,156437.0,0.032746258934,,,156437.0,退市整理的证券,600421,退市华嵘
5,东方财富证券股份有限公司拉萨达孜区虎峰大道证券营业部,155000.0,0.032445458138,,,155000.0,退市整理的证券,600421,退市华嵘
1,国信证券股份有限公司深圳泰然九路证券营业部,,,919900.0,0.192558560912,-919900.0,退市整理的证券,600421,退市华嵘
2,华泰证券股份有限公司上海武定路证券营业部,,,562856.0,0.117820134102,-562856.0,退市整理的证券,600421,退市华嵘
3,中国银河证券股份有限公司营口金牛山大街证券营业部,,,520021.6,0.108853800347,-520021.6,退市整理的证券,600421,退市华嵘
4,东方财富证券股份有限公司拉萨东环路第二证券营业部,,,350421.1,0.073352084715,-350421.1,退市整理的证券,600421,退市华嵘
5,华泰证券股份有限公司绍兴府山证券营业部,,,243141.0,0.05089562024,-243141.0,退市整理的证券,600421,退市华嵘
1,华泰证券股份有限公司深圳深南大道证券营业部,499920.0,0.179401034807,,,499920.0,退市整理的证券,600599,退市熊猫
2,华泰证券股份有限公司姜堰东大街证券营业部,247710.0,0.088893083558,,,247710.0,退市整理的证券,600599,退市熊猫
3,东方财富证券股份有限公司拉萨团结路第一证券营业部,140317.0,0.050354086656,,,140317.0,退市整理的证券,600599,退市熊猫
4,中国中金财富证券有限公司中山博爱五路证券营业部,134000.0,0.048087171276,,,134000.0,退市整理的证券,600599,退市熊猫
5,兴业证券股份有限公司武汉新华路证券营业部,128064.0,0.04595698136,,,128064.0,退市整理的证券,600599,退市熊猫
1,金融街证券股份有限公司通化东昌路证券营业部,,,269614.45,0.09675370325,-269614.45,退市整理的证券,600599,退市熊猫
2,东方财富证券股份有限公司北京分公司,,,229908.0,0.082504666968,-229908.0,退市整理的证券,600599,退市熊猫
3,东方财富证券股份有限公司拉萨东环路第二证券营业部,,,190883.0,0.068500175482,-190883.0,退市整理的证券,600599,退市熊猫
4,东方财富证券股份有限公司昌都两江大道证券营业部,,,166379.28,0.05970678309,-166379.28,退市整理的证券,600599,退市熊猫
5,中国银河证券股份有限公司大同万金街证券营业部,,,159720.0,0.057317037285,-159720.0,退市整理的证券,600599,退市熊猫
1,万联证券股份有限公司内江兰桂大道证券营业部,503515.0,0.062601148818,,,503515.0,有价格涨跌幅限制的日收盘价格跌幅偏离值达到7%的前五只证券,600608,退市沪科
2,国金证券股份有限公司深圳分公司,495099.0,0.061554802099,,,495099.0,有价格涨跌幅限制的日收盘价格跌幅偏离值达到7%的前五只证券,600608,退市沪科
3,华泰证券股份有限公司宁波柳汀街证券营业部,311503.02,0.038728631545,,,311503.02,有价格涨跌幅限制的日收盘价格跌幅偏离值达到7%的前五只证券,600608,退市沪科
4,东方财富证券股份有限公司拉萨团结路第二证券营业部,266254.0,0.033102899174,,,266254.0,有价格涨跌幅限制的日收盘价格跌幅偏离值达到7%的前五只证券,600608,退市沪科
5,国泰海通证券股份有限公司哈尔滨兴江路证券营业部,190000.0,0.023622371281,,,190000.0,有价格涨跌幅限制的日收盘价格跌幅偏离值达到7%的前五只证券,600608,退市沪科
6,万联证券股份有限公司内江兰桂大道证券营业部,503515.0,0.062601148818,,,503515.0,退市整理的证券,600608,退市沪科
7,国金证券股份有限公司深圳分公司,495099.0,0.061554802099,,,495099.0,退市整理的证券,600608,退市沪科
8,华泰证券股份有限公司宁波柳汀街证券营业部,311503.02,0.038728631545,,,311503.02,退市整理的证券,600608,退市沪科
9,东方财富证券股份有限公司拉萨团结路第二证券营业部,266254.0,0.033102899174,,,266254.0,退市整理的证券,600608,退市沪科
10,国泰海通证券股份有限公司哈尔滨兴江路证券营业部,190000.0,0.023622371281,,,190000.0,退市整理的证券,600608,退市沪科
1,东方财富证券股份有限公司拉萨东环路第二证券营业部,,,822035.81,0.102202290052,-822035.81,有价格涨跌幅限制的日收盘价格跌幅偏离值达到7%的前五只证券,600608,退市沪科
2,东方财富证券股份有限公司拉萨团结路第一证券营业部,,,598818.0,0.074450005924,-598818.0,有价格涨跌幅限制的日收盘价格跌幅偏离值达到7%的前五只证券,600608,退市沪科
3,长江证券股份有限公司上海锦绣路证券营业部,,,558000.0,0.069375174604,-558000.0,有价格涨跌幅限制的日收盘价格跌幅偏离值达到7%的前五只证券,600608,退市沪科
4,广发证券股份有限公司中山兴中道证券营业部,,,324108.0,0.0402957869,-324108.0,有价格涨跌幅限制的日收盘价格跌幅偏离值达到7%的前五只证券,600608,退市沪科
5,华泰证券股份有限公司上海武定路证券营业部,,,292634.0,0.036382678934,-292634.0,有价格涨跌幅限制的日收盘价格跌幅偏离值达到7%的前五只证券,600608,退市沪科
6,东方财富证券股份有限公司拉萨东环路第二证券营业部,,,822035.81,0.102202290052,-822035.81,退市整理的证券,600608,退市沪科
7,东方财富证券股份有限公司拉萨团结路第一证券营业部,,,598818.0,0.074450005924,-598818.0,退市整理的证券,600608,退市沪科
8,长江证券股份有限公司上海锦绣路证券营业部,,,558000.0,0.069375174604,-558000.0,退市整理的证券,600608,退市沪科
9,广发证券股份有限公司中山兴中道证券营业部,,,324108.0,0.0402957869,-324108.0,退市整理的证券,600608,退市沪科
10,华泰证券股份有限公司上海武定路证券营业部,,,292634.0,0.036382678934,-292634.0,退市整理的证券,600608,退市沪科
1,万联证券股份有限公司内江兰桂大道证券营业部,503515.0,0.062601148818,,,503515.0,有价格涨跌幅限制的日收盘价格跌幅偏离值达到7%的前五只证券,600608,退市沪科
2,国金证券股份有限公司深圳分公司,495099.0,0.061554802099,,,495099.0,有价格涨跌幅限制的日收盘价格跌幅偏离值达到7%的前五只证券,600608,退市沪科
3,华泰证券股份有限公司宁波柳汀街证券营业部,311503.02,0.038728631545,,,311503.02,有价格涨跌幅限制的日收盘价格跌幅偏离值达到7%的前五只证券,600608,退市沪科
4,东方财富证券股份有限公司拉萨团结路第二证券营业部,266254.0,0.033102899174,,,266254.0,有价格涨跌幅限制的日收盘价格跌幅偏离值达到7%的前五只证券,600608,退市沪科
5,国泰海通证券股份有限公司哈尔滨兴江路证券营业部,190000.0,0.023622371281,,,190000.0,有价格涨跌幅限制的日收盘价格跌幅偏离值达到7%的前五只证券,600608,退市沪科
6,万联证券股份有限公司内江兰桂大道证券营业部,503515.0,0.062601148818,,,503515.0,退市整理的证券,600608,退市沪科
7,国金证券股份有限公司深圳分公司,495099.0,0.061554802099,,,495099.0,退市整理的证券,600608,退市沪科
8,华泰证券股份有限公司宁波柳汀街证券营业部,311503.02,0.038728631545,,,311503.02,退市整理的证券,600608,退市沪科
9,东方财富证券股份有限公司拉萨团结路第二证券营业部,266254.0,0.033102899174,,,266254.0,退市整理的证券,600608,退市沪科
10,国泰海通证券股份有限公司哈尔滨兴江路证券营业部,190000.0,0.023622371281,,,190000.0,退市整理的证券,600608,退市沪科
1,东方财富证券股份有限公司拉萨东环路第二证券营业部,,,822035.81,0.102202290052,-822035.81,有价格涨跌幅限制的日收盘价格跌幅偏离值达到7%的前五只证券,600608,退市沪科
2,东方财富证券股份有限公司拉萨团结路第一证券营业部,,,598818.0,0.074450005924,-598818.0,有价格涨跌幅限制的日收盘价格跌幅偏离值达到7%的前五只证券,600608,退市沪科
3,长江证券股份有限公司上海锦绣路证券营业部,,,558000.0,0.069375174604,-558000.0,有价格涨跌幅限制的日收盘价格跌幅偏离值达到7%的前五只证券,600608,退市沪科
4,广发证券股份有限公司中山兴中道证券营业部,,,324108.0,0.0402957869,-324108.0,有价格涨跌幅限制的日收盘价格跌幅偏离值达到7%的前五只证券,600608,退市沪科
5,华泰证券股份有限公司上海武定路证券营业部,,,292634.0,0.036382678934,-292634.0,有价格涨跌幅限制的日收盘价格跌幅偏离值达到7%的前五只证券,600608,退市沪科
6,东方财富证券股份有限公司拉萨东环路第二证券营业部,,,822035.81,0.102202290052,-822035.81,退市整理的证券,600608,退市沪科
7,东方财富证券股份有限公司拉萨团结路第一证券营业部,,,598818.0,0.074450005924,-598818.0,退市整理的证券,600608,退市沪科
8,长江证券股份有限公司上海锦绣路证券营业部,,,558000.0,0.069375174604,-558000.0,退市整理的证券,600608,退市沪科
9,广发证券股份有限公司中山兴中道证券营业部,,,324108.0,0.0402957869,-324108.0,退市整理的证券,600608,退市沪科
10,华泰证券股份有限公司上海武定路证券营业部,,,292634.0,0.036382678934,-292634.0,退市整理的证券,600608,退市沪科
1,沪股通专用,37838435.34,0.10300811358,,,37838435.34,有价格涨跌幅限制的日收盘价格涨幅偏离值达到7%的前五只证券,600611,大众交通
2,华泰证券股份有限公司总部,17218268.0,0.046873537181,,,17218268.0,有价格涨跌幅限制的日收盘价格涨幅偏离值达到7%的前五只证券,600611,大众交通
3,华鑫证券有限责任公司绍兴胜利东路证券营业部,13387952.0,0.036446213165,,,13387952.0,有价格涨跌幅限制的日收盘价格涨幅偏离值达到7%的前五只证券,600611,大众交通
4,国新证券股份有限公司海南分公司,8454208.0,0.023015011326,,,8454208.0,有价格涨跌幅限制的日收盘价格涨幅偏离值达到7%的前五只证券,600611,大众交通
5,华鑫证券有限责任公司上海徐汇区瑞平路证券营业部,4446400.0,0.012104498299,,,4446400.0,有价格涨跌幅限制的日收盘价格涨幅偏离值达到7%的前五只证券,600611,大众交通
1,沪股通专用,,,17379499.0,0.047312458638,-17379499.0,有价格涨跌幅限制的日收盘价格涨幅偏离值达到7%的前五只证券,600611,大众交通
2,东方财富证券股份有限公司拉萨东城区江苏大道证券营业部,,,5865126.0,0.015966716376,-5865126.0,有价格涨跌幅限制的日收盘价格涨幅偏离值达到7%的前五只证券,600611,大众交通
3,高盛(中国)证券有限责任公司上海浦东新区世纪大道证券营业部,,,4555494.0,0.012401486455,-4555494.0,有价格涨跌幅限制的日收盘价格涨幅偏离值达到7%的前五只证券,600611,大众交通
4,国泰海通证券股份有限公司上海徐汇区宛平南路证券营业部,,,4521410.0,0.012308699095,-4521410.0,有价格涨跌幅限制的日收盘价格涨幅偏离值达到7%的前五只证券,600611,大众交通
5,东方财富证券股份有限公司拉萨金融城南环路证券营业部,,,4277611.0,0.011645001591,-4277611.0,有价格涨跌幅限制的日收盘价格涨幅偏离值达到7%的前五只证券,600611,大众交通
1,中信证券股份有限公司北京天通苑证券营业部,3803922.45,0.096078620434,,,3803922.45,有价格涨跌幅限制的日收盘价格跌幅偏离值达到7%的前五只证券,600636,退市国化
2,中国中金财富证券有限公司广州番禺东兴路证券营业部,2004400.0,0.05062668583,,,2004400.0,有价格涨跌幅限制的日收盘价格跌幅偏离值达到7%的前五只证券,600636,退市国化
3,东方财富证券股份有限公司拉萨东环路第二证券营业部,1953709.0,0.049346343917,,,1953709.0,有价格涨跌幅限制的日收盘价格跌幅偏离值达到7%的前五只证券,600636,退市国化
4,招商证券股份有限公司福州六一中路证券营业部,1413368.0,0.035698532079,,,1413368.0,有价格涨跌幅限制的日收盘价格跌幅偏离值达到7%的前五只证券,600636,退市国化
5,中国中金财富证券有限公司北京望京启阳路证券营业部,1197500.0,0.03024618653,,,1197500.0,有价格涨跌幅限制的日收盘价格跌幅偏离值达到7%的前五只证券,600636,退市国化
6,中信证券股份有限公司北京天通苑证券营业部,3803922.45,0.096078620434,,,3803922.45,退市整理的证券,600636,退市国化
7,中国中金财富证券有限公司广州番禺东兴路证券营业部,2004400.0,0.05062668583,,,2004400.0,退市整理的证券,600636,退市国化
8,东方财富证券股份有限公司拉萨东环路第二证券营业部,1953709.0,0.049346343917,,,1953709.0,退市整理的证券,600636,退市国化
9,招商证券股份有限公司福州六一中路证券营业部,1413368.0,0.035698532079,,,1413368.0,退市整理的证券,600636,退市国化
10,中国中金财富证券有限公司北京望京启阳路证券营业部,1197500.0,0.03024618653,,,1197500.0,退市整理的证券,600636,退市国化
1,国泰海通证券股份有限公司青岛福州南路证券营业部,,,1949018.0,0.04922785969,-1949018.0,有价格涨跌幅限制的日收盘价格跌幅偏离值达到7%的前五只证券,600636,退市国化
2,东方财富证券股份有限公司昌都两江大道证券营业部,,,1736770.0,0.043866947291,-1736770.0,有价格涨跌幅限制的日收盘价格跌幅偏离值达到7%的前五只证券,600636,退市国化
3,财通证券股份有限公司台州临海杜桥滨海西路证券营业部,,,1728204.0,0.043650589183,-1728204.0,有价格涨跌幅限制的日收盘价格跌幅偏离值达到7%的前五只证券,600636,退市国化
4,国信证券股份有限公司佛山南海大道证券营业部,,,1710000.0,0.043190796632,-1710000.0,有价格涨跌幅限制的日收盘价格跌幅偏离值达到7%的前五只证券,600636,退市国化
5,东北证券股份有限公司襄阳春园路证券营业部,,,1703040.3,0.04301501009,-1703040.3,有价格涨跌幅限制的日收盘价格跌幅偏离值达到7%的前五只证券,600636,退市国化
6,国泰海通证券股份有限公司青岛福州南路证券营业部,,,1949018.0,0.04922785969,-1949018.0,退市整理的证券,600636,退市国化
7,东方财富证券股份有限公司昌都两江大道证券营业部,,,1736770.0,0.043866947291,-1736770.0,退市整理的证券,600636,退市国化
8,财通证券股份有限公司台州临海杜桥滨海西路证券营业部,,,1728204.0,0.043650589183,-1728204.0,退市整理的证券,600636,退市国化
9,国信证券股份有限公司佛山南海大道证券营业部,,,1710000.0,0.043190796632,-1710000.0,退市整理的证券,600636,退市国化
10,东北证券股份有限公司襄阳春园路证券营业部,,,1703040.3,0.04301501009,-1703040.3,退市整理的证券,600636,退市国化
1,中信证券股份有限公司北京天通苑证券营业部,3803922.45,0.096078620434,,,3803922.45,有价格涨跌幅限制的日收盘价格跌幅偏离值达到7%的前五只证券,600636,退市国化
2,中国中金财富证券有限公司广州番禺东兴路证券营业部,2004400.0,0.05062668583,,,2004400.0,有价格涨跌幅限制的日收盘价格跌幅偏离值达到7%的前五只证券,600636,退市国化
3,东方财富证券股份有限公司拉萨东环路第二证券营业部,1953709.0,0.049346343917,,,1953709.0,有价格涨跌幅限制的日收盘价格跌幅偏离值达到7%的前五只证券,600636,退市国化
4,招商证券股份有限公司福州六一中路证券营业部,1413368.0,0.035698532079,,,1413368.0,有价格涨跌幅限制的日收盘价格跌幅偏离值达到7%的前五只证券,600636,退市国化
5,中国中金财富证券有限公司北京望京启阳路证券营业部,1197500.0,0.03024618653,,,1197500.0,有价格涨跌幅限制的日收盘价格跌幅偏离值达到7%的前五只证券,600636,退市国化
6,中信证券股份有限公司北京天通苑证券营业部,3803922.45,0.096078620434,,,3803922.45,退市整理的证券,600636,退市国化
7,中国中金财富证券有限公司广州番禺东兴路证券营业部,2004400.0,0.05062668583,,,2004400.0,退市整理的证券,600636,退市国化
8,东方财富证券股份有限公司拉萨东环路第二证券营业部,1953709.0,0.049346343917,,,1953709.0,退市整理的证券,600636,退市国化
9,招商证券股份有限公司福州六一中路证券营业部,1413368.0,0.035698532079,,,1413368.0,退市整理的证券,600636,退市国化
10,中国中金财富证券有限公司北京望京启阳路证券营业部,1197500.0,0.03024618653,,,1197500.0,退市整理的证券,600636,退市国化
1,国泰海通证券股份有限公司青岛福州南路证券营业部,,,1949018.0,0.04922785969,-1949018.0,有价格涨跌幅限制的日收盘价格跌幅偏离值达到7%的前五只证券,600636,退市国化
2,东方财富证券股份有限公司昌都两江大道证券营业部,,,1736770.0,0.043866947291,-1736770.0,有价格涨跌幅限制的日收盘价格跌幅偏离值达到7%的前五只证券,600636,退市国化
3,财通证券股份有限公司台州临海杜桥滨海西路证券营业部,,,1728204.0,0.043650589183,-1728204.0,有价格涨跌幅限制的日收盘价格跌幅偏离值达到7%的前五只证券,600636,退市国化
4,国信证券股份有限公司佛山南海大道证券营业部,,,1710000.0,0.043190796632,-1710000.0,有价格涨跌幅限制的日收盘价格跌幅偏离值达到7%的前五只证券,600636,退市国化
5,东北证券股份有限公司襄阳春园路证券营业部,,,1703040.3,0.04301501009,-1703040.3,有价格涨跌幅限制的日收盘价格跌幅偏离值达到7%的前五只证券,600636,退市国化
6,国泰海通证券股份有限公司青岛福州南路证券营业部,,,1949018.0,0.04922785969,-1949018.0,退市整理的证券,600636,退市国化
7,东方财富证券股份有限公司昌都两江大道证券营业部,,,1736770.0,0.043866947291,-1736770.0,退市整理的证券,600636,退市国化
8,财通证券股份有限公司台州临海杜桥滨海西路证券营业部,,,1728204.0,0.043650589183,-1728204.0,退市整理的证券,600636,退市国化
9,国信证券股份有限公司佛山南海大道证券营业部,,,1710000.0,0.043190796632,-1710000.0,退市整理的证券,600636,退市国化
10,东北证券股份有限公司襄阳春园路证券营业部,,,1703040.3,0.04301501009,-1703040.3,退市整理的证券,600636,退市国化
1,东方财富证券股份有限公司拉萨东环路第二证券营业部,229321.0,0.104054391914,,,229321.0,退市整理的证券,600696,退市岩石
2,中国中金财富证券有限公司上海徐汇区淮海中路证券营业部,192600.0,0.087392240059,,,192600.0,退市整理的证券,600696,退市岩石
3,国泰海通证券股份有限公司宁波和济街证券营业部,160018.55,0.072608408803,,,160018.55,退市整理的证券,600696,退市岩石
4,长江证券股份有限公司上海东明路证券营业部,120950.0,0.054881056257,,,120950.0,退市整理的证券,600696,退市岩石
5,华泰证券股份有限公司郑州农业路证券营业部,107836.0,0.048930579434,,,107836.0,退市整理的证券,600696,退市岩石
1,东方证券股份有限公司上海浦东新区源深路证券营业部,,,387511.73,0.175833427486,-387511.73,退市整理的证券,600696,退市岩石
2,国海证券股份有限公司钦州扬帆北大道证券营业部,,,209092.79,0.09487584267,-209092.79,退市整理的证券,600696,退市岩石
3,申万宏源证券有限公司杭州华浙广场证券营业部,,,158643.96,0.071984688662,-158643.96,退市整理的证券,600696,退市岩石
4,华泰证券股份有限公司郑州农业路证券营业部,,,108808.0,0.049371624384,-108808.0,退市整理的证券,600696,退市岩石
5,中国银河证券股份有限公司莆田幸福路证券营业部,,,101813.0,0.046197643495,-101813.0,退市整理的证券,600696,退市岩石
1,沪股通专用,118106408.54,0.042973423962,,,118106408.54,有价格涨跌幅限制的日价格振幅达到15%的前五只证券,603011,合锻智能
2,国泰海通证券股份有限公司总部,55933825.0,0.020351715079,,,55933825.0,有价格涨跌幅限制的日价格振幅达到15%的前五只证券,603011,合锻智能
3,瑞银证券有限责任公司上海花园石桥路证券营业部,54737317.0,0.019916361517,,,54737317.0,有价格涨跌幅限制的日价格振幅达到15%的前五只证券,603011,合锻智能
4,国联民生证券股份有限公司江阴大桥北路证券营业部,40051661.0,0.014572934948,,,40051661.0,有价格涨跌幅限制的日价格振幅达到15%的前五只证券,603011,合锻智能
5,机构专用,37889715.0,0.013786303441,,,37889715.0,有价格涨跌幅限制的日价格振幅达到15%的前五只证券,603011,合锻智能
1,沪股通专用,,,186218106.22,0.067756100003,-186218106.22,有价格涨跌幅限制的日价格振幅达到15%的前五只证券,603011,合锻智能
2,中信证券股份有限公司上海分公司,,,89676173.0,0.032628984737,-89676173.0,有价格涨跌幅限制的日价格振幅达到15%的前五只证券,603011,合锻智能
3,高盛(中国)证券有限责任公司上海浦东新区世纪大道证券营业部,,,77045228.0,0.028033171849,-77045228.0,有价格涨跌幅限制的日价格振幅达到15%的前五只证券,603011,合锻智能
4,国泰海通证券股份有限公司总部,,,72206306.69,0.026272513647,-72206306.69,有价格涨跌幅限制的日价格振幅达到15%的前五只证券,603011,合锻智能
5,摩根大通证券(中国)有限公司上海银城中路证券营业部,,,63558630.17,0.023126026729,-63558630.17,有价格涨跌幅限制的日价格振幅达到15%的前五只证券,603011,合锻智能
1,国泰海通证券股份有限公司总部,35367367.0,0.076503581091,,,35367367.0,非ST、*ST和S证券连续三个交易日内收盘价格涨幅偏离值累计达到20%的证券,603020,爱普股份
2,高盛(中国)证券有限责任公司上海浦东新区世纪大道证券营业部,26433130.75,0.057177826153,,,26433130.75,非ST、*ST和S证券连续三个交易日内收盘价格涨幅偏离值累计达到20%的证券,603020,爱普股份
3,华泰证券股份有限公司总部,17812869.5,0.038531234351,,,17812869.5,非ST、*ST和S证券连续三个交易日内收盘价格涨幅偏离值累计达到20%的证券,603020,爱普股份
4,摩根大通证券(中国)有限公司上海银城中路证券营业部,13723367.0,0.029685181827,,,13723367.0,非ST、*ST和S证券连续三个交易日内收盘价格涨幅偏离值累计达到20%的证券,603020,爱普股份
5,瑞银证券有限责任公司上海花园石桥路证券营业部,13258089.0,0.028678733334,,,13258089.0,非ST、*ST和S证券连续三个交易日内收盘价格涨幅偏离值累计达到20%的证券,603020,爱普股份
1,财通证券股份有限公司绍兴县柯桥湖西路证券营业部,,,22796622.0,0.049311649911,-22796622.0,非ST、*ST和S证券连续三个交易日内收盘价格涨幅偏离值累计达到20%的证券,603020,爱普股份
2,国泰海通证券股份有限公司总部,,,19648922.0,0.042502821812,-19648922.0,非ST、*ST和S证券连续三个交易日内收盘价格涨幅偏离值累计达到20%的证券,603020,爱普股份
3,高盛(中国)证券有限责任公司上海浦东新区世纪大道证券营业部,,,11270391.0,0.02437911965,-11270391.0,非ST、*ST和S证券连续三个交易日内收盘价格涨幅偏离值累计达到20%的证券,603020,爱普股份
4,机构专用,,,10344162.0,0.022375582451,-10344162.0,非ST、*ST和S证券连续三个交易日内收盘价格涨幅偏离值累计达到20%的证券,603020,爱普股份
5,华泰证券股份有限公司总部,,,9651793.0,0.020877910658,-9651793.0,非ST、*ST和S证券连续三个交易日内收盘价格涨幅偏离值累计达到20%的证券,603020,爱普股份
1,沪股通专用,171187878.34,0.057507346062,,,171187878.34,非ST、*ST和S证券连续三个交易日内收盘价格涨幅偏离值累计达到20%的证券,603039,泛微网络
2,开源证券股份有限公司西安太华路证券营业部,105509851.0,0.035444048804,,,105509851.0,非ST、*ST和S证券连续三个交易日内收盘价格涨幅偏离值累计达到20%的证券,603039,泛微网络
3,高盛(中国)证券有限责任公司上海浦东新区世纪大道证券营业部,82825959.8,0.027823822454,,,82825959.8,非ST、*ST和S证券连续三个交易日内收盘价格涨幅偏离值累计达到20%的证券,603039,泛微网络
4,中信证券股份有限公司上海分公司,38635692.32,0.012978933731,,,38635692.32,非ST、*ST和S证券连续三个交易日内收盘价格涨幅偏离值累计达到20%的证券,603039,泛微网络
5,国泰海通证券股份有限公司总部,36649906.94,0.012311846505,,,36649906.94,非ST、*ST和S证券连续三个交易日内收盘价格涨幅偏离值累计达到20%的证券,603039,泛微网络
1,沪股通专用,,,187928547.59,0.063131058846,-187928547.59,非ST、*ST和S证券连续三个交易日内收盘价格涨幅偏离值累计达到20%的证券,603039,泛微网络
2,高盛(中国)证券有限责任公司上海浦东新区世纪大道证券营业部,,,63059522.8,0.021183659938,-63059522.8,非ST、*ST和S证券连续三个交易日内收盘价格涨幅偏离值累计达到20%的证券,603039,泛微网络
3,中信证券股份有限公司上海分公司,,,45159310.26,0.015170420407,-45159310.26,非ST、*ST和S证券连续三个交易日内收盘价格涨幅偏离值累计达到20%的证券,603039,泛微网络
4,瑞银证券有限责任公司上海花园石桥路证券营业部,,,39582215.2,0.01329690028,-39582215.2,非ST、*ST和S证券连续三个交易日内收盘价格涨幅偏离值累计达到20%的证券,603039,泛微网络
5,国泰海通证券股份有限公司总部,,,37289790.45,0.012526803327,-37289790.45,非ST、*ST和S证券连续三个交易日内收盘价格涨幅偏离值累计达到20%的证券,603039,泛微网络
1,东海证券股份有限公司青岛南京路证券营业部,10271040.0,0.180634305154,,,10271040.0,有价格涨跌幅限制的日收盘价格涨幅偏离值达到7%的前五只证券,603065,宿迁联盛
2,东亚前海证券有限责任公司浙江分公司,10078640.0,0.177250612723,,,10078640.0,有价格涨跌幅限制的日收盘价格涨幅偏离值达到7%的前五只证券,603065,宿迁联盛
3,开源证券股份有限公司西安阎良人民路证券营业部,9978800.0,0.175494750704,,,9978800.0,有价格涨跌幅限制的日收盘价格涨幅偏离值达到7%的前五只证券,603065,宿迁联盛
4,东亚前海证券有限责任公司苏州分公司,9243520.0,0.162563558547,,,9243520.0,有价格涨跌幅限制的日收盘价格涨幅偏离值达到7%的前五只证券,603065,宿迁联盛
5,江海证券有限公司哈尔滨世茂大道证券营业部,5748080.0,0.10109009767,,,5748080.0,有价格涨跌幅限制的日收盘价格涨幅偏离值达到7%的前五只证券,603065,宿迁联盛
1,中国国际金融股份有限公司上海分公司,,,15614560.0,0.274609503603,-15614560.0,有价格涨跌幅限制的日收盘价格涨幅偏离值达到7%的前五只证券,603065,宿迁联盛
2,长江证券股份有限公司汉川人民大道证券营业部,,,2275520.0,0.040019021839,-2275520.0,有价格涨跌幅限制的日收盘价格涨幅偏离值达到7%的前五只证券,603065,宿迁联盛
3,高盛(中国)证券有限责任公司上海浦东新区世纪大道证券营业部,,,1804400.0,0.031733547939,-1804400.0,有价格涨跌幅限制的日收盘价格涨幅偏离值达到7%的前五只证券,603065,宿迁联盛
4,招商证券股份有限公司深圳南山南油大道证券营业部,,,1040000.0,0.018290229359,-1040000.0,有价格涨跌幅限制的日收盘价格涨幅偏离值达到7%的前五只证券,603065,宿迁联盛
5,方正证券股份有限公司邵阳隆回桃洪中路证券营业部,,,1040000.0,0.018290229359,-1040000.0,有价格涨跌幅限制的日收盘价格涨幅偏离值达到7%的前五只证券,603065,宿迁联盛
1,沪股通专用,492095007.52,0.080956246046,,,492095007.52,非ST、*ST和S证券连续三个交易日内收盘价格涨幅偏离值累计达到20%的证券,603186,华正新材
2,机构专用,194806685.72,0.032048319409,,,194806685.72,非ST、*ST和S证券连续三个交易日内收盘价格涨幅偏离值累计达到20%的证券,603186,华正新材
3,国泰海通证券股份有限公司武汉紫阳东路证券营业部,142413010.0,0.023428855204,,,142413010.0,非ST、*ST和S证券连续三个交易日内收盘价格涨幅偏离值累计达到20%的证券,603186,华正新材
4,国泰海通证券股份有限公司总部,140334024.0,0.02308683405,,,140334024.0,非ST、*ST和S证券连续三个交易日内收盘价格涨幅偏离值累计达到20%的证券,603186,华正新材
5,高盛(中国)证券有限责任公司上海浦东新区世纪大道证券营业部,112832566.0,0.018562474391,,,112832566.0,非ST、*ST和S证券连续三个交易日内收盘价格涨幅偏离值累计达到20%的证券,603186,华正新材
1,沪股通专用,,,494736534.26,0.081390812716,-494736534.26,非ST、*ST和S证券连续三个交易日内收盘价格涨幅偏离值累计达到20%的证券,603186,华正新材
2,国泰海通证券股份有限公司武汉紫阳东路证券营业部,,,149814308.0,0.024646468252,-149814308.0,非ST、*ST和S证券连续三个交易日内收盘价格涨幅偏离值累计达到20%的证券,603186,华正新材
3,国泰海通证券股份有限公司总部,,,134135635.71,0.022067115826,-134135635.71,非ST、*ST和S证券连续三个交易日内收盘价格涨幅偏离值累计达到20%的证券,603186,华正新材
4,高盛(中国)证券有限责任公司上海浦东新区世纪大道证券营业部,,,90252129.0,0.014847688861,-90252129.0,非ST、*ST和S证券连续三个交易日内收盘价格涨幅偏离值累计达到20%的证券,603186,华正新材
5,中国国际金融股份有限公司深圳分公司,,,89969743.0,0.014801232566,-89969743.0,非ST、*ST和S证券连续三个交易日内收盘价格涨幅偏离值累计达到20%的证券,603186,华正新材
1,沪股通专用,132130850.58,0.102880043119,,,132130850.58,有价格涨跌幅限制的日收盘价格跌幅偏离值达到7%的前五只证券,603319,美湖股份
2,国投证券股份有限公司西安曲江池南路证券营业部,35883354.0,0.027939584061,,,35883354.0,有价格涨跌幅限制的日收盘价格跌幅偏离值达到7%的前五只证券,603319,美湖股份
3,国泰海通证券股份有限公司总部,34083476.4,0.026538159001,,,34083476.4,有价格涨跌幅限制的日收盘价格跌幅偏离值达到7%的前五只证券,603319,美湖股份
4,瑞银证券有限责任公司上海花园石桥路证券营业部,31360256.2,0.024417798689,,,31360256.2,有价格涨跌幅限制的日收盘价格跌幅偏离值达到7%的前五只证券,603319,美湖股份
5,华泰证券股份有限公司上海静安区威海路证券营业部,24019901.0,0.018702433533,,,24019901.0,有价格涨跌幅限制的日收盘价格跌幅偏离值达到7%的前五只证券,603319,美湖股份
1,沪股通专用,,,95025460.98,0.073988954738,-95025460.98,有价格涨跌幅限制的日收盘价格跌幅偏离值达到7%的前五只证券,603319,美湖股份
2,东方证券股份有限公司深圳金田路证券营业部,,,49664297.9,0.038669736,-49664297.9,有价格涨跌幅限制的日收盘价格跌幅偏离值达到7%的前五只证券,603319,美湖股份
3,中国银河证券股份有限公司深圳滨河大道证券营业部,,,48901893.88,0.038076111135,-48901893.88,有价格涨跌幅限制的日收盘价格跌幅偏离值达到7%的前五只证券,603319,美湖股份
4,华泰证券股份有限公司南京江宁苏源大道证券营业部,,,40695478.34,0.031686411977,-40695478.34,有价格涨跌幅限制的日收盘价格跌幅偏离值达到7%的前五只证券,603319,美湖股份
5,中信建投证券股份有限公司杭州庆春路证券营业部,,,36457810.0,0.028386868384,-36457810.0,有价格涨跌幅限制的日收盘价格跌幅偏离值达到7%的前五只证券,603319,美湖股份
1,国泰海通证券股份有限公司总部,41071470.15,0.057554714469,,,41071470.15,有价格涨跌幅限制的日价格振幅达到15%的前五只证券,603330,天洋新材
2,国新证券股份有限公司北京中关村大街证券营业部,23680161.0,0.033183738005,,,23680161.0,有价格涨跌幅限制的日价格振幅达到15%的前五只证券,603330,天洋新材
3,高盛(中国)证券有限责任公司上海浦东新区世纪大道证券营业部,22358062.0,0.031331040009,,,22358062.0,有价格涨跌幅限制的日价格振幅达到15%的前五只证券,603330,天洋新材
4,摩根大通证券(中国)有限公司上海银城中路证券营业部,21029614.74,0.029469446001,,,21029614.74,有价格涨跌幅限制的日价格振幅达到15%的前五只证券,603330,天洋新材
5,国新证券股份有限公司北京分公司,19744391.0,0.027668422441,,,19744391.0,有价格涨跌幅限制的日价格振幅达到15%的前五只证券,603330,天洋新材
6,国泰海通证券股份有限公司总部,41071470.15,0.057554714469,,,41071470.15,有价格涨跌幅限制的日换手率达到20%的前五只证券,603330,天洋新材
7,国新证券股份有限公司北京中关村大街证券营业部,23680161.0,0.033183738005,,,23680161.0,有价格涨跌幅限制的日换手率达到20%的前五只证券,603330,天洋新材
8,高盛(中国)证券有限责任公司上海浦东新区世纪大道证券营业部,22358062.0,0.031331040009,,,22358062.0,有价格涨跌幅限制的日换手率达到20%的前五只证券,603330,天洋新材
9,摩根大通证券(中国)有限公司上海银城中路证券营业部,21029614.74,0.029469446001,,,21029614.74,有价格涨跌幅限制的日换手率达到20%的前五只证券,603330,天洋新材
10,国新证券股份有限公司北京分公司,19744391.0,0.027668422441,,,19744391.0,有价格涨跌幅限制的日换手率达到20%的前五只证券,603330,天洋新材
11,国泰海通证券股份有限公司总部,41071470.15,0.057554714469,,,41071470.15,有价格涨跌幅限制的日收盘价格涨幅偏离值达到7%的前五只证券,603330,天洋新材
12,国新证券股份有限公司北京中关村大街证券营业部,23680161.0,0.033183738005,,,23680161.0,有价格涨跌幅限制的日收盘价格涨幅偏离值达到7%的前五只证券,603330,天洋新材
13,高盛(中国)证券有限责任公司上海浦东新区世纪大道证券营业部,22358062.0,0.031331040009,,,22358062.0,有价格涨跌幅限制的日收盘价格涨幅偏离值达到7%的前五只证券,603330,天洋新材
14,摩根大通证券(中国)有限公司上海银城中路证券营业部,21029614.74,0.029469446001,,,21029614.74,有价格涨跌幅限制的日收盘价格涨幅偏离值达到7%的前五只证券,603330,天洋新材
15,国新证券股份有限公司北京分公司,19744391.0,0.027668422441,,,19744391.0,有价格涨跌幅限制的日收盘价格涨幅偏离值达到7%的前五只证券,603330,天洋新材
1,东北证券股份有限公司武汉香港路证券营业部,,,20762251.0,0.029094780968,-20762251.0,有价格涨跌幅限制的日价格振幅达到15%的前五只证券,603330,天洋新材
2,国泰海通证券股份有限公司总部,,,19387876.41,0.027168827579,-19387876.41,有价格涨跌幅限制的日价格振幅达到15%的前五只证券,603330,天洋新材
3,高盛(中国)证券有限责任公司上海浦东新区世纪大道证券营业部,,,9428693.0,0.013212717525,-9428693.0,有价格涨跌幅限制的日价格振幅达到15%的前五只证券,603330,天洋新材
4,平安证券股份有限公司深圳蛇口招商路招商大厦证券营业部,,,9339950.0,0.013088359229,-9339950.0,有价格涨跌幅限制的日价格振幅达到15%的前五只证券,603330,天洋新材
5,广发证券股份有限公司广州寺右新马路证券营业部,,,8725582.22,0.012227426762,-8725582.22,有价格涨跌幅限制的日价格振幅达到15%的前五只证券,603330,天洋新材
6,东北证券股份有限公司武汉香港路证券营业部,,,20762251.0,0.029094780968,-20762251.0,有价格涨跌幅限制的日换手率达到20%的前五只证券,603330,天洋新材
7,国泰海通证券股份有限公司总部,,,19387876.41,0.027168827579,-19387876.41,有价格涨跌幅限制的日换手率达到20%的前五只证券,603330,天洋新材
8,高盛(中国)证券有限责任公司上海浦东新区世纪大道证券营业部,,,9428693.0,0.013212717525,-9428693.0,有价格涨跌幅限制的日换手率达到20%的前五只证券,603330,天洋新材
9,平安证券股份有限公司深圳蛇口招商路招商大厦证券营业部,,,9339950.0,0.013088359229,-9339950.0,有价格涨跌幅限制的日换手率达到20%的前五只证券,603330,天洋新材
10,广发证券股份有限公司广州寺右新马路证券营业部,,,8725582.22,0.012227426762,-8725582.22,有价格涨跌幅限制的日换手率达到20%的前五只证券,603330,天洋新材
11,东北证券股份有限公司武汉香港路证券营业部,,,20762251.0,0.029094780968,-20762251.0,有价格涨跌幅限制的日收盘价格涨幅偏离值达到7%的前五只证券,603330,天洋新材
12,国泰海通证券股份有限公司总部,,,19387876.41,0.027168827579,-19387876.41,有价格涨跌幅限制的日收盘价格涨幅偏离值达到7%的前五只证券,603330,天洋新材
13,高盛(中国)证券有限责任公司上海浦东新区世纪大道证券营业部,,,9428693.0,0.013212717525,-9428693.0,有价格涨跌幅限制的日收盘价格涨幅偏离值达到7%的前五只证券,603330,天洋新材
14,平安证券股份有限公司深圳蛇口招商路招商大厦证券营业部,,,9339950.0,0.013088359229,-9339950.0,有价格涨跌幅限制的日收盘价格涨幅偏离值达到7%的前五只证券,603330,天洋新材
15,广发证券股份有限公司广州寺右新马路证券营业部,,,8725582.22,0.012227426762,-8725582.22,有价格涨跌幅限制的日收盘价格涨幅偏离值达到7%的前五只证券,603330,天洋新材
1,国泰海通证券股份有限公司总部,41071470.15,0.057554714469,,,41071470.15,有价格涨跌幅限制的日价格振幅达到15%的前五只证券,603330,天洋新材
2,国新证券股份有限公司北京中关村大街证券营业部,23680161.0,0.033183738005,,,23680161.0,有价格涨跌幅限制的日价格振幅达到15%的前五只证券,603330,天洋新材
3,高盛(中国)证券有限责任公司上海浦东新区世纪大道证券营业部,22358062.0,0.031331040009,,,22358062.0,有价格涨跌幅限制的日价格振幅达到15%的前五只证券,603330,天洋新材
4,摩根大通证券(中国)有限公司上海银城中路证券营业部,21029614.74,0.029469446001,,,21029614.74,有价格涨跌幅限制的日价格振幅达到15%的前五只证券,603330,天洋新材
5,国新证券股份有限公司北京分公司,19744391.0,0.027668422441,,,19744391.0,有价格涨跌幅限制的日价格振幅达到15%的前五只证券,603330,天洋新材
6,国泰海通证券股份有限公司总部,41071470.15,0.057554714469,,,41071470.15,有价格涨跌幅限制的日换手率达到20%的前五只证券,603330,天洋新材
7,国新证券股份有限公司北京中关村大街证券营业部,23680161.0,0.033183738005,,,23680161.0,有价格涨跌幅限制的日换手率达到20%的前五只证券,603330,天洋新材
8,高盛(中国)证券有限责任公司上海浦东新区世纪大道证券营业部,22358062.0,0.031331040009,,,22358062.0,有价格涨跌幅限制的日换手率达到20%的前五只证券,603330,天洋新材
9,摩根大通证券(中国)有限公司上海银城中路证券营业部,21029614.74,0.029469446001,,,21029614.74,有价格涨跌幅限制的日换手率达到20%的前五只证券,603330,天洋新材
10,国新证券股份有限公司北京分公司,19744391.0,0.027668422441,,,19744391.0,有价格涨跌幅限制的日换手率达到20%的前五只证券,603330,天洋新材
11,国泰海通证券股份有限公司总部,41071470.15,0.057554714469,,,41071470.15,有价格涨跌幅限制的日收盘价格涨幅偏离值达到7%的前五只证券,603330,天洋新材
12,国新证券股份有限公司北京中关村大街证券营业部,23680161.0,0.033183738005,,,23680161.0,有价格涨跌幅限制的日收盘价格涨幅偏离值达到7%的前五只证券,603330,天洋新材
13,高盛(中国)证券有限责任公司上海浦东新区世纪大道证券营业部,22358062.0,0.031331040009,,,22358062.0,有价格涨跌幅限制的日收盘价格涨幅偏离值达到7%的前五只证券,603330,天洋新材
14,摩根大通证券(中国)有限公司上海银城中路证券营业部,21029614.74,0.029469446001,,,21029614.74,有价格涨跌幅限制的日收盘价格涨幅偏离值达到7%的前五只证券,603330,天洋新材
15,国新证券股份有限公司北京分公司,19744391.0,0.027668422441,,,19744391.0,有价格涨跌幅限制的日收盘价格涨幅偏离值达到7%的前五只证券,603330,天洋新材
1,东北证券股份有限公司武汉香港路证券营业部,,,20762251.0,0.029094780968,-20762251.0,有价格涨跌幅限制的日价格振幅达到15%的前五只证券,603330,天洋新材
2,国泰海通证券股份有限公司总部,,,19387876.41,0.027168827579,-19387876.41,有价格涨跌幅限制的日价格振幅达到15%的前五只证券,603330,天洋新材
3,高盛(中国)证券有限责任公司上海浦东新区世纪大道证券营业部,,,9428693.0,0.013212717525,-9428693.0,有价格涨跌幅限制的日价格振幅达到15%的前五只证券,603330,天洋新材
4,平安证券股份有限公司深圳蛇口招商路招商大厦证券营业部,,,9339950.0,0.013088359229,-9339950.0,有价格涨跌幅限制的日价格振幅达到15%的前五只证券,603330,天洋新材
5,广发证券股份有限公司广州寺右新马路证券营业部,,,8725582.22,0.012227426762,-8725582.22,有价格涨跌幅限制的日价格振幅达到15%的前五只证券,603330,天洋新材
6,东北证券股份有限公司武汉香港路证券营业部,,,20762251.0,0.029094780968,-20762251.0,有价格涨跌幅限制的日换手率达到20%的前五只证券,603330,天洋新材
7,国泰海通证券股份有限公司总部,,,19387876.41,0.027168827579,-19387876.41,有价格涨跌幅限制的日换手率达到20%的前五只证券,603330,天洋新材
8,高盛(中国)证券有限责任公司上海浦东新区世纪大道证券营业部,,,9428693.0,0.013212717525,-9428693.0,有价格涨跌幅限制的日换手率达到20%的前五只证券,603330,天洋新材
9,平安证券股份有限公司深圳蛇口招商路招商大厦证券营业部,,,9339950.0,0.013088359229,-9339950.0,有价格涨跌幅限制的日换手率达到20%的前五只证券,603330,天洋新材
10,广发证券股份有限公司广州寺右新马路证券营业部,,,8725582.22,0.012227426762,-8725582.22,有价格涨跌幅限制的日换手率达到20%的前五只证券,603330,天洋新材
11,东北证券股份有限公司武汉香港路证券营业部,,,20762251.0,0.029094780968,-20762251.0,有价格涨跌幅限制的日收盘价格涨幅偏离值达到7%的前五只证券,603330,天洋新材
12,国泰海通证券股份有限公司总部,,,19387876.41,0.027168827579,-19387876.41,有价格涨跌幅限制的日收盘价格涨幅偏离值达到7%的前五只证券,603330,天洋新材
13,高盛(中国)证券有限责任公司上海浦东新区世纪大道证券营业部,,,9428693.0,0.013212717525,-9428693.0,有价格涨跌幅限制的日收盘价格涨幅偏离值达到7%的前五只证券,603330,天洋新材
14,平安证券股份有限公司深圳蛇口招商路招商大厦证券营业部,,,9339950.0,0.013088359229,-9339950.0,有价格涨跌幅限制的日收盘价格涨幅偏离值达到7%的前五只证券,603330,天洋新材
15,广发证券股份有限公司广州寺右新马路证券营业部,,,8725582.22,0.012227426762,-8725582.22,有价格涨跌幅限制的日收盘价格涨幅偏离值达到7%的前五只证券,603330,天洋新材
1,国泰海通证券股份有限公司总部,41071470.15,0.057554714469,,,41071470.15,有价格涨跌幅限制的日价格振幅达到15%的前五只证券,603330,天洋新材
2,国新证券股份有限公司北京中关村大街证券营业部,23680161.0,0.033183738005,,,23680161.0,有价格涨跌幅限制的日价格振幅达到15%的前五只证券,603330,天洋新材
3,高盛(中国)证券有限责任公司上海浦东新区世纪大道证券营业部,22358062.0,0.031331040009,,,22358062.0,有价格涨跌幅限制的日价格振幅达到15%的前五只证券,603330,天洋新材
4,摩根大通证券(中国)有限公司上海银城中路证券营业部,21029614.74,0.029469446001,,,21029614.74,有价格涨跌幅限制的日价格振幅达到15%的前五只证券,603330,天洋新材
5,国新证券股份有限公司北京分公司,19744391.0,0.027668422441,,,19744391.0,有价格涨跌幅限制的日价格振幅达到15%的前五只证券,603330,天洋新材
6,国泰海通证券股份有限公司总部,41071470.15,0.057554714469,,,41071470.15,有价格涨跌幅限制的日换手率达到20%的前五只证券,603330,天洋新材
7,国新证券股份有限公司北京中关村大街证券营业部,23680161.0,0.033183738005,,,23680161.0,有价格涨跌幅限制的日换手率达到20%的前五只证券,603330,天洋新材
8,高盛(中国)证券有限责任公司上海浦东新区世纪大道证券营业部,22358062.0,0.031331040009,,,22358062.0,有价格涨跌幅限制的日换手率达到20%的前五只证券,603330,天洋新材
9,摩根大通证券(中国)有限公司上海银城中路证券营业部,21029614.74,0.029469446001,,,21029614.74,有价格涨跌幅限制的日换手率达到20%的前五只证券,603330,天洋新材
10,国新证券股份有限公司北京分公司,19744391.0,0.027668422441,,,19744391.0,有价格涨跌幅限制的日换手率达到20%的前五只证券,603330,天洋新材
11,国泰海通证券股份有限公司总部,41071470.15,0.057554714469,,,41071470.15,有价格涨跌幅限制的日收盘价格涨幅偏离值达到7%的前五只证券,603330,天洋新材
12,国新证券股份有限公司北京中关村大街证券营业部,23680161.0,0.033183738005,,,23680161.0,有价格涨跌幅限制的日收盘价格涨幅偏离值达到7%的前五只证券,603330,天洋新材
13,高盛(中国)证券有限责任公司上海浦东新区世纪大道证券营业部,22358062.0,0.031331040009,,,22358062.0,有价格涨跌幅限制的日收盘价格涨幅偏离值达到7%的前五只证券,603330,天洋新材
14,摩根大通证券(中国)有限公司上海银城中路证券营业部,21029614.74,0.029469446001,,,21029614.74,有价格涨跌幅限制的日收盘价格涨幅偏离值达到7%的前五只证券,603330,天洋新材
15,国新证券股份有限公司北京分公司,19744391.0,0.027668422441,,,19744391.0,有价格涨跌幅限制的日收盘价格涨幅偏离值达到7%的前五只证券,603330,天洋新材
1,东北证券股份有限公司武汉香港路证券营业部,,,20762251.0,0.029094780968,-20762251.0,有价格涨跌幅限制的日价格振幅达到15%的前五只证券,603330,天洋新材
2,国泰海通证券股份有限公司总部,,,19387876.41,0.027168827579,-19387876.41,有价格涨跌幅限制的日价格振幅达到15%的前五只证券,603330,天洋新材
3,高盛(中国)证券有限责任公司上海浦东新区世纪大道证券营业部,,,9428693.0,0.013212717525,-9428693.0,有价格涨跌幅限制的日价格振幅达到15%的前五只证券,603330,天洋新材
4,平安证券股份有限公司深圳蛇口招商路招商大厦证券营业部,,,9339950.0,0.013088359229,-9339950.0,有价格涨跌幅限制的日价格振幅达到15%的前五只证券,603330,天洋新材
5,广发证券股份有限公司广州寺右新马路证券营业部,,,8725582.22,0.012227426762,-8725582.22,有价格涨跌幅限制的日价格振幅达到15%的前五只证券,603330,天洋新材
6,东北证券股份有限公司武汉香港路证券营业部,,,20762251.0,0.029094780968,-20762251.0,有价格涨跌幅限制的日换手率达到20%的前五只证券,603330,天洋新材
7,国泰海通证券股份有限公司总部,,,19387876.41,0.027168827579,-19387876.41,有价格涨跌幅限制的日换手率达到20%的前五只证券,603330,天洋新材
8,高盛(中国)证券有限责任公司上海浦东新区世纪大道证券营业部,,,9428693.0,0.013212717525,-9428693.0,有价格涨跌幅限制的日换手率达到20%的前五只证券,603330,天洋新材
9,平安证券股份有限公司深圳蛇口招商路招商大厦证券营业部,,,9339950.0,0.013088359229,-9339950.0,有价格涨跌幅限制的日换手率达到20%的前五只证券,603330,天洋新材
10,广发证券股份有限公司广州寺右新马路证券营业部,,,8725582.22,0.012227426762,-8725582.22,有价格涨跌幅限制的日换手率达到20%的前五只证券,603330,天洋新材
11,东北证券股份有限公司武汉香港路证券营业部,,,20762251.0,0.029094780968,-20762251.0,有价格涨跌幅限制的日收盘价格涨幅偏离值达到7%的前五只证券,603330,天洋新材
12,国泰海通证券股份有限公司总部,,,19387876.41,0.027168827579,-19387876.41,有价格涨跌幅限制的日收盘价格涨幅偏离值达到7%的前五只证券,603330,天洋新材
13,高盛(中国)证券有限责任公司上海浦东新区世纪大道证券营业部,,,9428693.0,0.013212717525,-9428693.0,有价格涨跌幅限制的日收盘价格涨幅偏离值达到7%的前五只证券,603330,天洋新材
14,平安证券股份有限公司深圳蛇口招商路招商大厦证券营业部,,,9339950.0,0.013088359229,-9339950.0,有价格涨跌幅限制的日收盘价格涨幅偏离值达到7%的前五只证券,603330,天洋新材
15,广发证券股份有限公司广州寺右新马路证券营业部,,,8725582.22,0.012227426762,-8725582.22,有价格涨跌幅限制的日收盘价格涨幅偏离值达到7%的前五只证券,603330,天洋新材
1,国泰海通证券股份有限公司总部,13317454.0,0.060207407153,,,13317454.0,有价格涨跌幅限制的日收盘价格涨幅偏离值达到7%的前五只证券,603335,迪生力
2,高盛(中国)证券有限责任公司上海浦东新区世纪大道证券营业部,11538008.0,0.052162638999,,,11538008.0,有价格涨跌幅限制的日收盘价格涨幅偏离值达到7%的前五只证券,603335,迪生力
3,摩根大通证券(中国)有限公司上海银城中路证券营业部,7194047.0,0.032523853043,,,7194047.0,有价格涨跌幅限制的日收盘价格涨幅偏离值达到7%的前五只证券,603335,迪生力
4,瑞银证券有限责任公司上海花园石桥路证券营业部,6497518.75,0.029374890791,,,6497518.75,有价格涨跌幅限制的日收盘价格涨幅偏离值达到7%的前五只证券,603335,迪生力
5,华鑫证券有限责任公司西安科技路证券营业部,5602560.0,0.025328836204,,,5602560.0,有价格涨跌幅限制的日收盘价格涨幅偏离值达到7%的前五只证券,603335,迪生力
1,国泰海通证券股份有限公司总部,,,11636522.0,0.052608014858,-11636522.0,有价格涨跌幅限制的日收盘价格涨幅偏离值达到7%的前五只证券,603335,迪生力
2,中信证券股份有限公司上海分公司,,,5961034.0,0.02694947556,-5961034.0,有价格涨跌幅限制的日收盘价格涨幅偏离值达到7%的前五只证券,603335,迪生力
3,高盛(中国)证券有限责任公司上海浦东新区世纪大道证券营业部,,,4552042.0,0.02057950762,-4552042.0,有价格涨跌幅限制的日收盘价格涨幅偏离值达到7%的前五只证券,603335,迪生力
4,瑞银证券有限责任公司上海花园石桥路证券营业部,,,4504936.0,0.020366544232,-4504936.0,有价格涨跌幅限制的日收盘价格涨幅偏离值达到7%的前五只证券,603335,迪生力
5,中国银河证券股份有限公司金华八一南街证券营业部,,,3116053.18,0.014087488684,-3116053.18,有价格涨跌幅限制的日收盘价格涨幅偏离值达到7%的前五只证券,603335,迪生力
1,国泰海通证券股份有限公司总部,12538089.0,0.056123927269,,,12538089.0,有价格涨跌幅限制的日价格振幅达到15%的前五只证券,603578,三星新材
2,高盛(中国)证券有限责任公司上海浦东新区世纪大道证券营业部,5937418.0,0.02657751241,,,5937418.0,有价格涨跌幅限制的日价格振幅达到15%的前五只证券,603578,三星新材
3,国信证券股份有限公司深圳互联网分公司,5655121.0,0.025313873566,,,5655121.0,有价格涨跌幅限制的日价格振幅达到15%的前五只证券,603578,三星新材
4,中泰证券股份有限公司深圳分公司,5458968.0,0.024435838906,,,5458968.0,有价格涨跌幅限制的日价格振幅达到15%的前五只证券,603578,三星新材
5,国盛证券股份有限公司德清曲园南路证券营业部,5000021.0,0.022381466183,,,5000021.0,有价格涨跌幅限制的日价格振幅达到15%的前五只证券,603578,三星新材
1,高盛(中国)证券有限责任公司上海浦东新区世纪大道证券营业部,,,35701418.0,0.159809344729,-35701418.0,有价格涨跌幅限制的日价格振幅达到15%的前五只证券,603578,三星新材
2,国泰海通证券股份有限公司总部,,,26438077.47,0.118344090321,-26438077.47,有价格涨跌幅限制的日价格振幅达到15%的前五只证券,603578,三星新材
3,中国国际金融股份有限公司上海分公司,,,9642172.0,0.043161008033,-9642172.0,有价格涨跌幅限制的日价格振幅达到15%的前五只证券,603578,三星新材
4,瑞银证券有限责任公司上海花园石桥路证券营业部,,,9508226.0,0.042561428977,-9508226.0,有价格涨跌幅限制的日价格振幅达到15%的前五只证券,603578,三星新材
5,中信证券股份有限公司上海分公司,,,9097937.0,0.040724862815,-9097937.0,有价格涨跌幅限制的日价格振幅达到15%的前五只证券,603578,三星新材
1,中国中金财富证券有限公司南昌红谷中大道证券营业部,8236018.05,0.063983655537,,,8236018.05,非ST、*ST和S证券连续三个交易日内收盘价格涨幅偏离值累计达到20%的证券,603616,韩建河山
2,国金证券股份有限公司深圳湾一号证券营业部,6647226.0,0.051640709877,,,6647226.0,非ST、*ST和S证券连续三个交易日内收盘价格涨幅偏离值累计达到20%的证券,603616,韩建河山
3,东北证券股份有限公司宁波甬江大道证券营业部,6565689.0,0.051007268414,,,6565689.0,非ST、*ST和S证券连续三个交易日内收盘价格涨幅偏离值累计达到20%的证券,603616,韩建河山
4,国融证券股份有限公司绍兴中兴南路证券营业部,6259383.0,0.048627650318,,,6259383.0,非ST、*ST和S证券连续三个交易日内收盘价格涨幅偏离值累计达到20%的证券,603616,韩建河山
5,国融证券股份有限公司浙江分公司,3647163.0,0.028333937549,,,3647163.0,非ST、*ST和S证券连续三个交易日内收盘价格涨幅偏离值累计达到20%的证券,603616,韩建河山
1,国新证券股份有限公司沈阳北站路证券营业部,,,5203200.0,0.040422417055,-5203200.0,非ST、*ST和S证券连续三个交易日内收盘价格涨幅偏离值累计达到20%的证券,603616,韩建河山
2,浙商证券股份有限公司深圳后海大道证券营业部,,,4996566.0,0.038817126902,-4996566.0,非ST、*ST和S证券连续三个交易日内收盘价格涨幅偏离值累计达到20%的证券,603616,韩建河山
3,东吴证券股份有限公司苏州相城区珍珠湖路证券营业部,,,2135970.0,0.016593840359,-2135970.0,非ST、*ST和S证券连续三个交易日内收盘价格涨幅偏离值累计达到20%的证券,603616,韩建河山
4,浙商证券股份有限公司泉州东海大街证券营业部,,,2117016.0,0.016446591264,-2117016.0,非ST、*ST和S证券连续三个交易日内收盘价格涨幅偏离值累计达到20%的证券,603616,韩建河山
5,华金证券股份有限公司深圳前海分公司,,,2024139.0,0.015725052052,-2024139.0,非ST、*ST和S证券连续三个交易日内收盘价格涨幅偏离值累计达到20%的证券,603616,韩建河山
1,瑞银证券有限责任公司上海花园石桥路证券营业部,126332171.28,0.027859160445,,,126332171.28,有价格涨跌幅限制的日价格振幅达到15%的前五只证券,603678,火炬电子
2,沪股通专用,116021690.45,0.02558546138,,,116021690.45,有价格涨跌幅限制的日价格振幅达到15%的前五只证券,603678,火炬电子
3,机构专用,96679822.63,0.021320132973,,,96679822.63,有价格涨跌幅限制的日价格振幅达到15%的前五只证券,603678,火炬电子
4,中信证券股份有限公司深圳深南中路中信大厦证券营业部,95510976.0,0.021062375306,,,95510976.0,有价格涨跌幅限制的日价格振幅达到15%的前五只证券,603678,火炬电子
5,国泰海通证券股份有限公司总部,81642068.9,0.018003961093,,,81642068.9,有价格涨跌幅限制的日价格振幅达到15%的前五只证券,603678,火炬电子
1,瑞银证券有限责任公司上海花园石桥路证券营业部,,,252894363.0,0.055769045708,-252894363.0,有价格涨跌幅限制的日价格振幅达到15%的前五只证券,603678,火炬电子
2,国泰海通证券股份有限公司上海分公司,,,152551185.12,0.033641058325,-152551185.12,有价格涨跌幅限制的日价格振幅达到15%的前五只证券,603678,火炬电子
3,沪股通专用,,,113340971.0,0.024994300851,-113340971.0,有价格涨跌幅限制的日价格振幅达到15%的前五只证券,603678,火炬电子
4,国泰海通证券股份有限公司总部,,,112393721.0,0.024785410356,-112393721.0,有价格涨跌幅限制的日价格振幅达到15%的前五只证券,603678,火炬电子
5,中信证券股份有限公司深圳深南中路中信大厦证券营业部,,,88853892.0,0.019594334589,-88853892.0,有价格涨跌幅限制的日价格振幅达到15%的前五只证券,603678,火炬电子
1,中信证券股份有限公司上海分公司,864392879.74,0.059067687261,,,864392879.74,非ST、*ST和S证券连续三个交易日内收盘价格涨幅偏离值累计达到20%的证券,603773,沃格光电
2,沪股通专用,846257324.2,0.057828406665,,,846257324.2,非ST、*ST和S证券连续三个交易日内收盘价格涨幅偏离值累计达到20%的证券,603773,沃格光电
3,国泰海通证券股份有限公司总部,234876255.83,0.01605010586,,,234876255.83,非ST、*ST和S证券连续三个交易日内收盘价格涨幅偏离值累计达到20%的证券,603773,沃格光电
4,国投证券股份有限公司青岛东海西路证券营业部,116916150.42,0.00798938396,,,116916150.42,非ST、*ST和S证券连续三个交易日内收盘价格涨幅偏离值累计达到20%的证券,603773,沃格光电
5,中信证券股份有限公司深圳滨海大道证券营业部,95568156.76,0.006530583636,,,95568156.76,非ST、*ST和S证券连续三个交易日内收盘价格涨幅偏离值累计达到20%的证券,603773,沃格光电
1,中信证券股份有限公司上海分公司,,,883106106.99,0.060346442652,-883106106.99,非ST、*ST和S证券连续三个交易日内收盘价格涨幅偏离值累计达到20%的证券,603773,沃格光电
2,沪股通专用,,,765696801.71,0.052323359297,-765696801.71,非ST、*ST和S证券连续三个交易日内收盘价格涨幅偏离值累计达到20%的证券,603773,沃格光电
3,国泰海通证券股份有限公司总部,,,219182979.13,0.014977716693,-219182979.13,非ST、*ST和S证券连续三个交易日内收盘价格涨幅偏离值累计达到20%的证券,603773,沃格光电
4,广发证券股份有限公司海口龙昆北路证券营业部,,,138644472.2,0.009474173742,-138644472.2,非ST、*ST和S证券连续三个交易日内收盘价格涨幅偏离值累计达到20%的证券,603773,沃格光电
5,中信证券股份有限公司深圳滨海大道证券营业部,,,104490723.0,0.007140301005,-104490723.0,非ST、*ST和S证券连续三个交易日内收盘价格涨幅偏离值累计达到20%的证券,603773,沃格光电
1,沪股通专用,98409766.08,0.03616936595,,,98409766.08,有价格涨跌幅限制的日换手率达到20%的前五只证券,603859,能科科技
2,华鑫证券有限责任公司上海宛平南路证券营业部,72650560.75,0.026701869366,,,72650560.75,有价格涨跌幅限制的日换手率达到20%的前五只证券,603859,能科科技
3,机构专用,69040981.52,0.025375210466,,,69040981.52,有价格涨跌幅限制的日换手率达到20%的前五只证券,603859,能科科技
4,国泰海通证券股份有限公司总部,42828534.64,0.015741130217,,,42828534.64,有价格涨跌幅限制的日换手率达到20%的前五只证券,603859,能科科技
5,高盛(中国)证券有限责任公司上海浦东新区世纪大道证券营业部,41943048.0,0.015415679892,,,41943048.0,有价格涨跌幅限制的日换手率达到20%的前五只证券,603859,能科科技
1,沪股通专用,,,74423653.24,0.027353548907,-74423653.24,有价格涨跌幅限制的日换手率达到20%的前五只证券,603859,能科科技
2,开源证券股份有限公司西安太华路证券营业部,,,56232682.0,0.020667668816,-56232682.0,有价格涨跌幅限制的日换手率达到20%的前五只证券,603859,能科科技
3,平安证券股份有限公司杭州曙光路证券营业部,,,48481314.56,0.017818743789,-48481314.56,有价格涨跌幅限制的日换手率达到20%的前五只证券,603859,能科科技
4,平安证券股份有限公司浙江分公司,,,44799407.0,0.016465501451,-44799407.0,有价格涨跌幅限制的日换手率达到20%的前五只证券,603859,能科科技
5,东亚前海证券有限责任公司深圳分公司,,,42093048.68,0.015470810899,-42093048.68,有价格涨跌幅限制的日换手率达到20%的前五只证券,603859,能科科技
1,沪股通专用,76009540.96,0.028458960485,,,76009540.96,有价格涨跌幅限制的日换手率达到20%的前五只证券,603890,春秋电子
2,东方财富证券股份有限公司山南香曲东路证券营业部,30000081.28,0.011232420521,,,30000081.28,有价格涨跌幅限制的日换手率达到20%的前五只证券,603890,春秋电子
3,东方财富证券股份有限公司拉萨金融城南环路证券营业部,28443349.0,0.010649559714,,,28443349.0,有价格涨跌幅限制的日换手率达到20%的前五只证券,603890,春秋电子
4,国信证券股份有限公司浙江互联网分公司,28136416.76,0.010534640292,,,28136416.76,有价格涨跌幅限制的日换手率达到20%的前五只证券,603890,春秋电子
5,东方财富证券股份有限公司拉萨东环路第一证券营业部,23723053.0,0.008882219513,,,23723053.0,有价格涨跌幅限制的日换手率达到20%的前五只证券,603890,春秋电子
1,国信证券股份有限公司浙江互联网分公司,,,38078266.82,0.014256998228,-38078266.82,有价格涨跌幅限制的日换手率达到20%的前五只证券,603890,春秋电子
2,东方财富证券股份有限公司拉萨东环路第二证券营业部,,,36333571.38,0.013603761569,-36333571.38,有价格涨跌幅限制的日换手率达到20%的前五只证券,603890,春秋电子
3,东方财富证券股份有限公司拉萨金融城南环路证券营业部,,,34058075.38,0.012751786278,-34058075.38,有价格涨跌幅限制的日换手率达到20%的前五只证券,603890,春秋电子
4,沪股通专用,,,30716944.6,0.01150082347,-30716944.6,有价格涨跌幅限制的日换手率达到20%的前五只证券,603890,春秋电子
5,东方财富证券股份有限公司山南香曲东路证券营业部,,,30233256.68,0.011319724423,-30233256.68,有价格涨跌幅限制的日换手率达到20%的前五只证券,603890,春秋电子
1,国金证券股份有限公司深圳分公司,789668.0,0.131069383278,,,789668.0,退市整理的证券,605081,退市太和
2,万联证券股份有限公司广州寺右新马路证券营业部,440000.0,0.073031360828,,,440000.0,退市整理的证券,605081,退市太和
3,平安证券股份有限公司江苏分公司,391072.0,0.064910273504,,,391072.0,退市整理的证券,605081,退市太和
4,财信证券股份有限公司长沙湘江中路证券营业部,338625.0,0.056205101274,,,338625.0,退市整理的证券,605081,退市太和
5,中信证券股份有限公司浦江中山北路证券营业部,308000.0,0.05112195258,,,308000.0,退市整理的证券,605081,退市太和
1,华泰证券股份有限公司上海武定路证券营业部,,,943183.0,0.156549859091,-943183.0,退市整理的证券,605081,退市太和
2,湘财证券股份有限公司上海陆家嘴证券营业部,,,647790.72,0.107520540485,-647790.72,退市整理的证券,605081,退市太和
3,东方财富证券股份有限公司山南香曲东路证券营业部,,,290447.4,0.048208565616,-290447.4,退市整理的证券,605081,退市太和
4,东方财富证券股份有限公司拉萨东环路第二证券营业部,,,257307.0,0.042707909911,-257307.0,退市整理的证券,605081,退市太和
5,招商证券股份有限公司东莞鸿福路证券营业部,,,183071.24,0.030386231331,-183071.24,退市整理的证券,605081,退市太和
1,沪股通专用,361267838.33,0.055446553057,,,361267838.33,有价格涨跌幅限制的日收盘价格涨幅达到15%的前五只证券,688126,沪硅产业
2,高盛(中国)证券有限责任公司上海浦东新区世纪大道证券营业部,137960132.9,0.021173802417,,,137960132.9,有价格涨跌幅限制的日收盘价格涨幅达到15%的前五只证券,688126,沪硅产业
3,国泰海通证券股份有限公司总部,134013499.16,0.02056808219,,,134013499.16,有价格涨跌幅限制的日收盘价格涨幅达到15%的前五只证券,688126,沪硅产业
4,东方证券股份有限公司上海浦东新区源深路证券营业部,115011328.02,0.017651672872,,,115011328.02,有价格涨跌幅限制的日收盘价格涨幅达到15%的前五只证券,688126,沪硅产业
5,国泰海通证券股份有限公司武汉紫阳东路证券营业部,109950770.46,0.01687499019,,,109950770.46,有价格涨跌幅限制的日收盘价格涨幅达到15%的前五只证券,688126,沪硅产业
1,沪股通专用,,,227037499.58,0.034845190827,-227037499.58,有价格涨跌幅限制的日收盘价格涨幅达到15%的前五只证券,688126,沪硅产业
2,中信建投证券股份有限公司北京大兴金星西路证券营业部,,,107094316.0,0.01643658816,-107094316.0,有价格涨跌幅限制的日收盘价格涨幅达到15%的前五只证券,688126,沪硅产业
3,瑞银证券有限责任公司上海花园石桥路证券营业部,,,104869775.09,0.016095170762,-104869775.09,有价格涨跌幅限制的日收盘价格涨幅达到15%的前五只证券,688126,沪硅产业
4,中信证券股份有限公司上海分公司,,,96474176.35,0.014806633666,-96474176.35,有价格涨跌幅限制的日收盘价格涨幅达到15%的前五只证券,688126,沪硅产业
5,华宝证券股份有限公司上海东大名路证券营业部,,,64743026.5,0.009936610108,-64743026.5,有价格涨跌幅限制的日收盘价格涨幅达到15%的前五只证券,688126,沪硅产业
1,华泰证券股份有限公司总部,31757939.45,0.033972170804,,,31757939.45,有价格涨跌幅限制的日收盘价格涨幅达到15%的前五只证券,688207,格灵深瞳
2,高盛(中国)证券有限责任公司上海浦东新区世纪大道证券营业部,31646688.49,0.03385316319,,,31646688.49,有价格涨跌幅限制的日收盘价格涨幅达到15%的前五只证券,688207,格灵深瞳
3,开源证券股份有限公司西安太华路证券营业部,23556715.0,0.025199139473,,,23556715.0,有价格涨跌幅限制的日收盘价格涨幅达到15%的前五只证券,688207,格灵深瞳
4,中国银河证券股份有限公司宜昌新世纪证券营业部,21346678.82,0.022835014851,,,21346678.82,有价格涨跌幅限制的日收盘价格涨幅达到15%的前五只证券,688207,格灵深瞳
5,国盛证券股份有限公司杭州建设三路证券营业部,20949815.72,0.022410481608,,,20949815.72,有价格涨跌幅限制的日收盘价格涨幅达到15%的前五只证券,688207,格灵深瞳
6,华泰证券股份有限公司总部,52013332.64,0.04046613805,,,52013332.64,有价格涨跌幅限制的连续3个交易日内收盘价格涨幅偏离值累计达到30%的证券,688207,格灵深瞳
7,开源证券股份有限公司西安太华路证券营业部,45909743.46,0.035717573214,,,45909743.46,有价格涨跌幅限制的连续3个交易日内收盘价格涨幅偏离值累计达到30%的证券,688207,格灵深瞳
8,高盛(中国)证券有限责任公司上海浦东新区世纪大道证券营业部,45377978.22,0.035303862257,,,45377978.22,有价格涨跌幅限制的连续3个交易日内收盘价格涨幅偏离值累计达到30%的证券,688207,格灵深瞳
9,中国银河证券股份有限公司宜昌新世纪证券营业部,39616308.72,0.03082130939,,,39616308.72,有价格涨跌幅限制的连续3个交易日内收盘价格涨幅偏离值累计达到30%的证券,688207,格灵深瞳
10,国泰海通证券股份有限公司总部,26999945.61,0.02100583583,,,26999945.61,有价格涨跌幅限制的连续3个交易日内收盘价格涨幅偏离值累计达到30%的证券,688207,格灵深瞳
1,高盛(中国)证券有限责任公司上海浦东新区世纪大道证券营业部,,,27677190.65,0.029606903484,-27677190.65,有价格涨跌幅限制的日收盘价格涨幅达到15%的前五只证券,688207,格灵深瞳
2,浙商证券股份有限公司杭州杭大路证券营业部,,,27408529.69,0.029319510908,-27408529.69,有价格涨跌幅限制的日收盘价格涨幅达到15%的前五只证券,688207,格灵深瞳
3,华金证券股份有限公司山东分公司,,,26596418.62,0.02845077772,-26596418.62,有价格涨跌幅限制的日收盘价格涨幅达到15%的前五只证券,688207,格灵深瞳
4,开源证券股份有限公司西安太华路证券营业部,,,25303576.27,0.027067795641,-25303576.27,有价格涨跌幅限制的日收盘价格涨幅达到15%的前五只证券,688207,格灵深瞳
5,中国银河证券股份有限公司泉州崇福路证券营业部,,,19050452.24,0.02037869045,-19050452.24,有价格涨跌幅限制的日收盘价格涨幅达到15%的前五只证券,688207,格灵深瞳
6,高盛(中国)证券有限责任公司上海浦东新区世纪大道证券营业部,,,39300676.51,0.030575748955,-39300676.51,有价格涨跌幅限制的连续3个交易日内收盘价格涨幅偏离值累计达到30%的证券,688207,格灵深瞳
7,浙商证券股份有限公司杭州杭大路证券营业部,,,27414262.41,0.02132817243,-27414262.41,有价格涨跌幅限制的连续3个交易日内收盘价格涨幅偏离值累计达到30%的证券,688207,格灵深瞳
8,国泰海通证券股份有限公司总部,,,27381047.96,0.021302331738,-27381047.96,有价格涨跌幅限制的连续3个交易日内收盘价格涨幅偏离值累计达到30%的证券,688207,格灵深瞳
9,华金证券股份有限公司山东分公司,,,26596418.62,0.020691893653,-26596418.62,有价格涨跌幅限制的连续3个交易日内收盘价格涨幅偏离值累计达到30%的证券,688207,格灵深瞳
10,开源证券股份有限公司西安太华路证券营业部,,,25303576.27,0.019686068139,-25303576.27,有价格涨跌幅限制的连续3个交易日内收盘价格涨幅偏离值累计达到30%的证券,688207,格灵深瞳
1,华泰证券股份有限公司总部,31757939.45,0.033972170804,,,31757939.45,有价格涨跌幅限制的日收盘价格涨幅达到15%的前五只证券,688207,格灵深瞳
2,高盛(中国)证券有限责任公司上海浦东新区世纪大道证券营业部,31646688.49,0.03385316319,,,31646688.49,有价格涨跌幅限制的日收盘价格涨幅达到15%的前五只证券,688207,格灵深瞳
3,开源证券股份有限公司西安太华路证券营业部,23556715.0,0.025199139473,,,23556715.0,有价格涨跌幅限制的日收盘价格涨幅达到15%的前五只证券,688207,格灵深瞳
4,中国银河证券股份有限公司宜昌新世纪证券营业部,21346678.82,0.022835014851,,,21346678.82,有价格涨跌幅限制的日收盘价格涨幅达到15%的前五只证券,688207,格灵深瞳
5,国盛证券股份有限公司杭州建设三路证券营业部,20949815.72,0.022410481608,,,20949815.72,有价格涨跌幅限制的日收盘价格涨幅达到15%的前五只证券,688207,格灵深瞳
6,华泰证券股份有限公司总部,52013332.64,0.04046613805,,,52013332.64,有价格涨跌幅限制的连续3个交易日内收盘价格涨幅偏离值累计达到30%的证券,688207,格灵深瞳
7,开源证券股份有限公司西安太华路证券营业部,45909743.46,0.035717573214,,,45909743.46,有价格涨跌幅限制的连续3个交易日内收盘价格涨幅偏离值累计达到30%的证券,688207,格灵深瞳
8,高盛(中国)证券有限责任公司上海浦东新区世纪大道证券营业部,45377978.22,0.035303862257,,,45377978.22,有价格涨跌幅限制的连续3个交易日内收盘价格涨幅偏离值累计达到30%的证券,688207,格灵深瞳
9,中国银河证券股份有限公司宜昌新世纪证券营业部,39616308.72,0.03082130939,,,39616308.72,有价格涨跌幅限制的连续3个交易日内收盘价格涨幅偏离值累计达到30%的证券,688207,格灵深瞳
10,国泰海通证券股份有限公司总部,26999945.61,0.02100583583,,,26999945.61,有价格涨跌幅限制的连续3个交易日内收盘价格涨幅偏离值累计达到30%的证券,688207,格灵深瞳
1,高盛(中国)证券有限责任公司上海浦东新区世纪大道证券营业部,,,27677190.65,0.029606903484,-27677190.65,有价格涨跌幅限制的日收盘价格涨幅达到15%的前五只证券,688207,格灵深瞳
2,浙商证券股份有限公司杭州杭大路证券营业部,,,27408529.69,0.029319510908,-27408529.69,有价格涨跌幅限制的日收盘价格涨幅达到15%的前五只证券,688207,格灵深瞳
3,华金证券股份有限公司山东分公司,,,26596418.62,0.02845077772,-26596418.62,有价格涨跌幅限制的日收盘价格涨幅达到15%的前五只证券,688207,格灵深瞳
4,开源证券股份有限公司西安太华路证券营业部,,,25303576.27,0.027067795641,-25303576.27,有价格涨跌幅限制的日收盘价格涨幅达到15%的前五只证券,688207,格灵深瞳
5,中国银河证券股份有限公司泉州崇福路证券营业部,,,19050452.24,0.02037869045,-19050452.24,有价格涨跌幅限制的日收盘价格涨幅达到15%的前五只证券,688207,格灵深瞳
6,高盛(中国)证券有限责任公司上海浦东新区世纪大道证券营业部,,,39300676.51,0.030575748955,-39300676.51,有价格涨跌幅限制的连续3个交易日内收盘价格涨幅偏离值累计达到30%的证券,688207,格灵深瞳
7,浙商证券股份有限公司杭州杭大路证券营业部,,,27414262.41,0.02132817243,-27414262.41,有价格涨跌幅限制的连续3个交易日内收盘价格涨幅偏离值累计达到30%的证券,688207,格灵深瞳
8,国泰海通证券股份有限公司总部,,,27381047.96,0.021302331738,-27381047.96,有价格涨跌幅限制的连续3个交易日内收盘价格涨幅偏离值累计达到30%的证券,688207,格灵深瞳
9,华金证券股份有限公司山东分公司,,,26596418.62,0.020691893653,-26596418.62,有价格涨跌幅限制的连续3个交易日内收盘价格涨幅偏离值累计达到30%的证券,688207,格灵深瞳
10,开源证券股份有限公司西安太华路证券营业部,,,25303576.27,0.019686068139,-25303576.27,有价格涨跌幅限制的连续3个交易日内收盘价格涨幅偏离值累计达到30%的证券,688207,格灵深瞳
1,沪股通专用,227791520.04,0.122717219876,,,227791520.04,有价格涨跌幅限制的连续3个交易日内收盘价格涨幅偏离值累计达到30%的证券,688325,赛微微电
2,光大证券股份有限公司上海浦东新区世纪大道证券营业部,112946803.47,0.060847382349,,,112946803.47,有价格涨跌幅限制的连续3个交易日内收盘价格涨幅偏离值累计达到30%的证券,688325,赛微微电
3,中信证券股份有限公司上海分公司,87116138.32,0.046931730817,,,87116138.32,有价格涨跌幅限制的连续3个交易日内收盘价格涨幅偏离值累计达到30%的证券,688325,赛微微电
4,国泰海通证券股份有限公司总部,73986480.33,0.039858442373,,,73986480.33,有价格涨跌幅限制的连续3个交易日内收盘价格涨幅偏离值累计达到30%的证券,688325,赛微微电
5,高盛(中国)证券有限责任公司上海浦东新区世纪大道证券营业部,62539451.85,0.033691630234,,,62539451.85,有价格涨跌幅限制的连续3个交易日内收盘价格涨幅偏离值累计达到30%的证券,688325,赛微微电
1,沪股通专用,,,171160871.57,0.092208815793,-171160871.57,有价格涨跌幅限制的连续3个交易日内收盘价格涨幅偏离值累计达到30%的证券,688325,赛微微电
2,国泰海通证券股份有限公司总部,,,64008038.13,0.034482795881,-64008038.13,有价格涨跌幅限制的连续3个交易日内收盘价格涨幅偏离值累计达到30%的证券,688325,赛微微电
3,中信证券股份有限公司上海分公司,,,55424381.22,0.029858556523,-55424381.22,有价格涨跌幅限制的连续3个交易日内收盘价格涨幅偏离值累计达到30%的证券,688325,赛微微电
4,高盛(中国)证券有限责任公司上海浦东新区世纪大道证券营业部,,,47415767.38,0.025544107832,-47415767.38,有价格涨跌幅限制的连续3个交易日内收盘价格涨幅偏离值累计达到30%的证券,688325,赛微微电
5,国泰海通证券股份有限公司东莞体育路证券营业部,,,36429885.07,0.019625727136,-36429885.07,有价格涨跌幅限制的连续3个交易日内收盘价格涨幅偏离值累计达到30%的证券,688325,赛微微电
1,沪股通专用,142251287.91,0.035542551172,,,142251287.91,有价格涨跌幅限制的日换手率达到30%的前五只证券,688549,中巨芯
2,国泰海通证券股份有限公司总部,103111061.64,0.025763072086,,,103111061.64,有价格涨跌幅限制的日换手率达到30%的前五只证券,688549,中巨芯
3,高盛(中国)证券有限责任公司上海浦东新区世纪大道证券营业部,82368422.12,0.020580368032,,,82368422.12,有价格涨跌幅限制的日换手率达到30%的前五只证券,688549,中巨芯
4,机构专用,78593291.02,0.019637123213,,,78593291.02,有价格涨跌幅限制的日换手率达到30%的前五只证券,688549,中巨芯
5,机构专用,46544767.72,0.011629559302,,,46544767.72,有价格涨跌幅限制的日换手率达到30%的前五只证券,688549,中巨芯
1,高盛(中国)证券有限责任公司上海浦东新区世纪大道证券营业部,,,162963684.07,0.040717698696,-162963684.07,有价格涨跌幅限制的日换手率达到30%的前五只证券,688549,中巨芯
2,沪股通专用,,,155735445.8,0.038911669152,-155735445.8,有价格涨跌幅限制的日换手率达到30%的前五只证券,688549,中巨芯
3,开源证券股份有限公司西安太华路证券营业部,,,112437639.98,0.028093387634,-112437639.98,有价格涨跌幅限制的日换手率达到30%的前五只证券,688549,中巨芯
4,中国国际金融股份有限公司北京建国门外大街证券营业部,,,90220561.6,0.022542283972,-90220561.6,有价格涨跌幅限制的日换手率达到30%的前五只证券,688549,中巨芯
5,瑞银证券有限责任公司上海花园石桥路证券营业部,,,56245179.03,0.014053279821,-56245179.03,有价格涨跌幅限制的日换手率达到30%的前五只证券,688549,中巨芯
1,沪股通专用,157586720.98,0.127575864029,,,157586720.98,有价格涨跌幅限制的日收盘价格涨幅达到15%的前五只证券,688596,正帆科技
2,机构专用,74081760.54,0.059973610409,,,74081760.54,有价格涨跌幅限制的日收盘价格涨幅达到15%的前五只证券,688596,正帆科技
3,机构专用,55396065.76,0.0448464243,,,55396065.76,有价格涨跌幅限制的日收盘价格涨幅达到15%的前五只证券,688596,正帆科技
4,国泰海通证券股份有限公司总部,27038490.04,0.021889272823,,,27038490.04,有价格涨跌幅限制的日收盘价格涨幅达到15%的前五只证券,688596,正帆科技
5,华鑫证券有限责任公司绍兴胜利东路证券营业部,25892944.42,0.020961885215,,,25892944.42,有价格涨跌幅限制的日收盘价格涨幅达到15%的前五只证券,688596,正帆科技
1,沪股通专用,,,131897704.36,0.106779070549,-131897704.36,有价格涨跌幅限制的日收盘价格涨幅达到15%的前五只证券,688596,正帆科技
2,国泰海通证券股份有限公司总部,,,35315915.15,0.0285903429,-35315915.15,有价格涨跌幅限制的日收盘价格涨幅达到15%的前五只证券,688596,正帆科技
3,中信证券股份有限公司上海分公司,,,30071985.22,0.024345068377,-30071985.22,有价格涨跌幅限制的日收盘价格涨幅达到15%的前五只证券,688596,正帆科技
4,东方财富证券股份有限公司山南香曲东路证券营业部,,,29145225.67,0.023594801161,-29145225.67,有价格涨跌幅限制的日收盘价格涨幅达到15%的前五只证券,688596,正帆科技
5,机构专用,,,27572855.83,0.022321873851,-27572855.83,有价格涨跌幅限制的日收盘价格涨幅达到15%的前五只证券,688596,正帆科技
1,沪股通专用,97541831.41,0.110162299891,,,97541831.41,有价格涨跌幅限制的日收盘价格涨幅达到15%的前五只证券,688711,宏微科技
2,高盛(中国)证券有限责任公司上海浦东新区世纪大道证券营业部,31448682.56,0.035517676358,,,31448682.56,有价格涨跌幅限制的日收盘价格涨幅达到15%的前五只证券,688711,宏微科技
3,国泰海通证券股份有限公司北京德外大街证券营业部,30319388.7,0.034242268596,,,30319388.7,有价格涨跌幅限制的日收盘价格涨幅达到15%的前五只证券,688711,宏微科技
4,华泰证券股份有限公司总部,22952931.97,0.025922701455,,,22952931.97,有价格涨跌幅限制的日收盘价格涨幅达到15%的前五只证券,688711,宏微科技
5,机构专用,19928354.07,0.022506787966,,,19928354.07,有价格涨跌幅限制的日收盘价格涨幅达到15%的前五只证券,688711,宏微科技
1,沪股通专用,,,71089183.71,0.080287071318,-71089183.71,有价格涨跌幅限制的日收盘价格涨幅达到15%的前五只证券,688711,宏微科技
2,中信证券股份有限公司上海分公司,,,12336719.18,0.013932907947,-12336719.18,有价格涨跌幅限制的日收盘价格涨幅达到15%的前五只证券,688711,宏微科技
3,东海证券股份有限公司常州金坛分公司,,,11893192.65,0.013431995652,-11893192.65,有价格涨跌幅限制的日收盘价格涨幅达到15%的前五只证券,688711,宏微科技
4,申万宏源证券有限公司上海静安区洛川东路证券营业部,,,11057287.82,0.012487937116,-11057287.82,有价格涨跌幅限制的日收盘价格涨幅达到15%的前五只证券,688711,宏微科技
5,瑞银证券有限责任公司上海花园石桥路证券营业部,,,9865796.99,0.011142285017,-9865796.99,有价格涨跌幅限制的日收盘价格涨幅达到15%的前五只证券,688711,宏微科技
1,中信证券股份有限公司上海分公司,95445667.18,0.069185616205,,,95445667.18,有价格涨跌幅限制的日收盘价格涨幅达到15%的前五只证券,688783,西安奕材
2,国泰海通证券股份有限公司上海长宁区江苏路证券营业部,63235058.64,0.045837140931,,,63235058.64,有价格涨跌幅限制的日收盘价格涨幅达到15%的前五只证券,688783,西安奕材
3,高盛(中国)证券有限责任公司上海浦东新区世纪大道证券营业部,50872843.99,0.03687615335,,,50872843.99,有价格涨跌幅限制的日收盘价格涨幅达到15%的前五只证券,688783,西安奕材
4,兴业证券股份有限公司深圳分公司,45855287.03,0.033239081282,,,45855287.03,有价格涨跌幅限制的日收盘价格涨幅达到15%的前五只证券,688783,西安奕材
5,国泰海通证券股份有限公司总部,43238005.54,0.031341894767,,,43238005.54,有价格涨跌幅限制的日收盘价格涨幅达到15%的前五只证券,688783,西安奕材
1,中信证券股份有限公司上海分公司,,,81667116.18,0.059197970149,-81667116.18,有价格涨跌幅限制的日收盘价格涨幅达到15%的前五只证券,688783,西安奕材
2,上海证券有限责任公司徐汇区高安路证券营业部,,,38966709.27,0.028245764024,-38966709.27,有价格涨跌幅限制的日收盘价格涨幅达到15%的前五只证券,688783,西安奕材
3,华泰证券股份有限公司北京东三环北路证券营业部,,,31752759.91,0.023016594943,-31752759.91,有价格涨跌幅限制的日收盘价格涨幅达到15%的前五只证券,688783,西安奕材
4,摩根大通证券(中国)有限公司上海银城中路证券营业部,,,31747146.81,0.02301252618,-31747146.81,有价格涨跌幅限制的日收盘价格涨幅达到15%的前五只证券,688783,西安奕材
5,国泰海通证券股份有限公司总部,,,23289213.32,0.016881631425,-23289213.32,有价格涨跌幅限制的日收盘价格涨幅达到15%的前五只证券,688783,西安奕材
1,国信证券股份有限公司深圳互联网分公司,9331526.33,0.052211499366,3905875.93,0.021854049534,5425650.4,当日换手率达到20%的前5只股票,920036,觅睿科技
2,国信证券股份有限公司深圳红岭中路证券营业部,5995383.71,0.033545205972,2174356.19,0.012165897927,3821027.52,当日换手率达到20%的前5只股票,920036,觅睿科技
3,机构专用,4924167.82,0.027551568299,6077063.86,0.0340022205,-1152896.04,当日换手率达到20%的前5只股票,920036,觅睿科技
4,国金证券股份有限公司深圳分公司,4560362.98,0.025516017468,5200652.8,0.029098549452,-640289.82,当日换手率达到20%的前5只股票,920036,觅睿科技
5,中信建投证券股份有限公司北京东城分公司,4100937.73,0.02294545395,908985.66,0.005085931554,3191952.07,当日换手率达到20%的前5只股票,920036,觅睿科技
1,中国银河证券股份有限公司许昌文峰路证券营业部,0.0,0.0,7999998.38,0.044761370817,-7999998.38,当日换手率达到20%的前5只股票,920036,觅睿科技
2,机构专用,4924167.82,0.027551568299,6077063.86,0.0340022205,-1152896.04,当日换手率达到20%的前5只股票,920036,觅睿科技
3,国金证券股份有限公司深圳分公司,4560362.98,0.025516017468,5200652.8,0.029098549452,-640289.82,当日换手率达到20%的前5只股票,920036,觅睿科技
4,财通证券股份有限公司江山中山路证券营业部,0.0,0.0,4302423.02,0.024072798901,-4302423.02,当日换手率达到20%的前5只股票,920036,觅睿科技
5,国信证券股份有限公司深圳互联网分公司,9331526.33,0.052211499366,3905875.93,0.021854049534,5425650.4,当日换手率达到20%的前5只股票,920036,觅睿科技
1,东方财富证券股份有限公司昌都两江大道证券营业部,13148972.38,0.013800093932,2315140.81,0.002429783843,10833831.57,当日换手率达到20%的前5只股票,920161,龙辰科技
2,平安证券股份有限公司浙江分公司,12370783.82,0.012983370395,2296162.22,0.002409865456,10074621.6,当日换手率达到20%的前5只股票,920161,龙辰科技
3,机构专用,9441687.96,0.009909229175,16042166.44,0.016836555538,-6600478.48,当日换手率达到20%的前5只股票,920161,龙辰科技
4,东方财富证券股份有限公司拉萨团结路第二证券营业部,8411549.96,0.00882807996,10909284.42,0.011449499275,-2497734.46,当日换手率达到20%的前5只股票,920161,龙辰科技
5,东方财富证券股份有限公司拉萨团结路第一证券营业部,7867789.79,0.00825739343,10561543.23,0.011084538352,-2693753.44,当日换手率达到20%的前5只股票,920161,龙辰科技
1,国信证券股份有限公司深圳红岭中路证券营业部,2171334.52,0.002278856436,28439448.47,0.029847736303,-26268113.95,当日换手率达到20%的前5只股票,920161,龙辰科技
2,中信建投证券股份有限公司北京东城分公司,478479.18,0.000502172903,22704434.71,0.023828731449,-22225955.53,当日换手率达到20%的前5只股票,920161,龙辰科技
3,广发证券股份有限公司郑州农业路营业部,970272.0,0.001018318721,19685107.45,0.020659890676,-18714835.45,当日换手率达到20%的前5只股票,920161,龙辰科技
4,机构专用,9441687.96,0.009909229175,16042166.44,0.016836555538,-6600478.48,当日换手率达到20%的前5只股票,920161,龙辰科技
5,国信证券股份有限公司北京分公司,1015890.58,0.001066196279,15435239.18,0.016199573958,-14419348.6,当日换手率达到20%的前5只股票,920161,龙辰科技
1,机构专用,11772876.81,0.015528201543,0.0,0.0,11772876.81,当日换手率达到20%的前5只股票,920206,彩客科技
2,国金证券股份有限公司深圳分公司,10535456.29,0.013896067313,1866204.36,0.002461488206,8669251.93,当日换手率达到20%的前5只股票,920206,彩客科技
3,国金证券股份有限公司乌鲁木齐南湖路证券营业部,10286543.06,0.013567755477,42615.0,5.6208378e-05,10243928.06,当日换手率达到20%的前5只股票,920206,彩客科技
4,中航证券有限公司广州营业部,10030475.22,0.013230006846,0.0,0.0,10030475.22,当日换手率达到20%的前5只股票,920206,彩客科技
5,东方财富证券股份有限公司拉萨金融城南环路证券营业部,9939304.55,0.013109754458,9199002.09,0.012133309535,740302.46,当日换手率达到20%的前5只股票,920206,彩客科技
1,东方财富证券股份有限公司拉萨团结路第一证券营业部,7127271.79,0.009400736506,12671225.67,0.016713106675,-5543953.88,当日换手率达到20%的前5只股票,920206,彩客科技
2,国金证券股份有限公司上海浦东新区云鹃北路证券营业部,3284575.34,0.004332292666,12513250.48,0.016504740392,-9228675.14,当日换手率达到20%的前5只股票,920206,彩客科技
3,华西证券股份有限公司成都西玉龙街证券营业部,73735.8,9.7256124e-05,11930032.28,0.015735486631,-11856296.48,当日换手率达到20%的前5只股票,920206,彩客科技
4,国信证券股份有限公司西安科技二路证券营业部,370127.26,0.000488190846,11315075.73,0.014924370589,-10944948.47,当日换手率达到20%的前5只股票,920206,彩客科技
5,财通证券股份有限公司杭州龙井路证券营业部,0.0,0.0,10993313.73,0.014499972605,-10993313.73,当日换手率达到20%的前5只股票,920206,彩客科技
1,国金证券股份有限公司深圳分公司,19175711.71,0.035581674698,2689967.87,0.004991395529,16485743.84,当日换手率达到20%的前5只股票,920211,新睿电子
2,机构专用,10853914.25,0.020140084075,19411927.63,0.036019987401,-8558013.38,当日换手率达到20%的前5只股票,920211,新睿电子
3,方正证券股份有限公司杭州平澜路证券营业部,7473416.27,0.013867368817,0.0,0.0,7473416.27,当日换手率达到20%的前5只股票,920211,新睿电子
4,东方财富证券股份有限公司拉萨团结路第一证券营业部,6545324.48,0.012145239247,3626886.76,0.006729904309,2918437.72,当日换手率达到20%的前5只股票,920211,新睿电子
5,东方财富证券股份有限公司拉萨东环路第一证券营业部,6085161.11,0.011291378718,6215657.41,0.011533522372,-130496.3,当日换手率达到20%的前5只股票,920211,新睿电子
1,机构专用,10853914.25,0.020140084075,19411927.63,0.036019987401,-8558013.38,当日换手率达到20%的前5只股票,920211,新睿电子
2,国信证券股份有限公司福建分公司,19488.0,3.6161144e-05,10653462.75,0.019768134383,-10633974.75,当日换手率达到20%的前5只股票,920211,新睿电子
3,东莞证券股份有限公司四川分公司,97500.0,0.000180917055,9077226.33,0.016843333865,-8979726.33,当日换手率达到20%的前5只股票,920211,新睿电子
4,东莞证券股份有限公司浙江分公司,0.0,0.0,7347132.03,0.013633040891,-7347132.03,当日换手率达到20%的前5只股票,920211,新睿电子
5,中国中金财富证券有限公司上海黄浦区湖滨路证券营业部,0.0,0.0,6746684.47,0.012518874696,-6746684.47,当日换手率达到20%的前5只股票,920211,新睿电子
1,东吴证券股份有限公司苏州西北街证券营业部,11297435.58,0.038270523517,0.0,0.0,11297435.58,当日收盘价涨幅达到20%的前5只股票,920357,雅葆轩
2,国泰海通证券股份有限公司河南郑州黄河路营业部,6313183.71,0.021386167147,319290.0,0.001081607889,5993893.71,当日收盘价涨幅达到20%的前5只股票,920357,雅葆轩
3,广发证券股份有限公司深圳东滨路营业部,5589890.0,0.018935980222,0.0,0.0,5589890.0,当日收盘价涨幅达到20%的前5只股票,920357,雅葆轩
4,甬兴证券有限公司宁波和源路证券营业部,5503625.06,0.018643754222,0.0,0.0,5503625.06,当日收盘价涨幅达到20%的前5只股票,920357,雅葆轩
5,国泰海通证券股份有限公司深圳前海分公司,4882000.0,0.016537973993,0.0,0.0,4882000.0,当日收盘价涨幅达到20%的前5只股票,920357,雅葆轩
1,国泰海通证券股份有限公司山东济南泉城路营业部,20230.0,6.852995e-05,34361811.63,0.116402037504,-34341581.63,当日收盘价涨幅达到20%的前5只股票,920357,雅葆轩
2,中信证券股份有限公司温岭万昌中路证券营业部,197725.8,0.000669804207,8936935.13,0.030274232028,-8739209.33,当日收盘价涨幅达到20%的前5只股票,920357,雅葆轩
3,华鑫证券有限责任公司上海金山营业部,396529.04,0.001343258286,7910574.0,0.026797391865,-7514044.96,当日收盘价涨幅达到20%的前5只股票,920357,雅葆轩
4,中信建投证券股份有限公司上海营口路证券营业部,1452232.58,0.004919497059,3316033.8,0.011233199661,-1863801.22,当日收盘价涨幅达到20%的前5只股票,920357,雅葆轩
5,国信证券股份有限公司成都二环路营业部,61762.93,0.000209224443,3168805.82,0.010734458878,-3107042.89,当日收盘价涨幅达到20%的前5只股票,920357,雅葆轩
1,财信证券股份有限公司长沙五一大道证券营业部,36537965.09,0.027961822479,1587091.34,0.00121457137,34950873.75,北交所股票最近3个有成交的交易日以内收盘价涨跌幅偏离值累计达到+40%(-40%),920394,民士达
2,国泰海通证券股份有限公司上海江苏路营业部,35261384.99,0.026984879564,10590431.19,0.008104659255,24670953.8,北交所股票最近3个有成交的交易日以内收盘价涨跌幅偏离值累计达到+40%(-40%),920394,民士达
3,国信证券股份有限公司深圳互联网分公司,34083462.4,0.026083437399,24720267.48,0.018917959148,9363194.92,北交所股票最近3个有成交的交易日以内收盘价涨跌幅偏离值累计达到+40%(-40%),920394,民士达
4,国信证券股份有限公司深圳红岭中路证券营业部,31060310.13,0.023769875412,14241501.67,0.010898755323,16818808.46,北交所股票最近3个有成交的交易日以内收盘价涨跌幅偏离值累计达到+40%(-40%),920394,民士达
5,华泰证券股份有限公司岳阳平江天岳大道证券营业部,30583910.17,0.023405295418,0.0,0.0,30583910.17,北交所股票最近3个有成交的交易日以内收盘价涨跌幅偏离值累计达到+40%(-40%),920394,民士达
6,财信证券股份有限公司长沙五一大道证券营业部,35069403.47,0.044990807928,1581057.34,0.002028350644,33488346.13,当日价格振幅达到30%的前5只股票,920394,民士达
7,华泰证券股份有限公司岳阳平江天岳大道证券营业部,30583910.17,0.039236334012,0.0,0.0,30583910.17,当日价格振幅达到30%的前5只股票,920394,民士达
8,国信证券股份有限公司深圳互联网分公司,27535247.87,0.035325181657,7525937.56,0.009655083284,20009310.31,当日价格振幅达到30%的前5只股票,920394,民士达
9,东北证券股份有限公司佛山分公司,18644605.49,0.023919308043,0.0,0.0,18644605.49,当日价格振幅达到30%的前5只股票,920394,民士达
10,国信证券股份有限公司深圳红岭中路证券营业部,15683587.54,0.0201205953,9227733.86,0.01183833087,6455853.68,当日价格振幅达到30%的前5只股票,920394,民士达
11,财信证券股份有限公司长沙五一大道证券营业部,35069403.47,0.044990807928,1581057.34,0.002028350644,33488346.13,当日收盘价涨幅达到20%的前5只股票,920394,民士达
12,华泰证券股份有限公司岳阳平江天岳大道证券营业部,30583910.17,0.039236334012,0.0,0.0,30583910.17,当日收盘价涨幅达到20%的前5只股票,920394,民士达
13,国信证券股份有限公司深圳互联网分公司,27535247.87,0.035325181657,7525937.56,0.009655083284,20009310.31,当日收盘价涨幅达到20%的前5只股票,920394,民士达
14,东北证券股份有限公司佛山分公司,18644605.49,0.023919308043,0.0,0.0,18644605.49,当日收盘价涨幅达到20%的前5只股票,920394,民士达
15,国信证券股份有限公司深圳红岭中路证券营业部,15683587.54,0.0201205953,9227733.86,0.01183833087,6455853.68,当日收盘价涨幅达到20%的前5只股票,920394,民士达
1,中信证券股份有限公司上海黄浦区淮海中路证券营业部,0.0,0.0,54409719.72,0.041638742612,-54409719.72,北交所股票最近3个有成交的交易日以内收盘价涨跌幅偏离值累计达到+40%(-40%),920394,民士达
2,中信建投证券股份有限公司济南经四路证券营业部,2019207.29,0.001545261638,31354958.74,0.023995364492,-29335751.45,北交所股票最近3个有成交的交易日以内收盘价涨跌幅偏离值累计达到+40%(-40%),920394,民士达
3,国信证券股份有限公司深圳互联网分公司,34083462.4,0.026083437399,24720267.48,0.018917959148,9363194.92,北交所股票最近3个有成交的交易日以内收盘价涨跌幅偏离值累计达到+40%(-40%),920394,民士达
4,国金证券股份有限公司深圳分公司,24217519.51,0.018533215513,23053712.51,0.017642575746,1163807.0,北交所股票最近3个有成交的交易日以内收盘价涨跌幅偏离值累计达到+40%(-40%),920394,民士达
5,中信证券(山东)有限责任公司潍坊分公司,150124.0,0.000114887094,22446681.13,0.017178025964,-22296557.13,北交所股票最近3个有成交的交易日以内收盘价涨跌幅偏离值累计达到+40%(-40%),920394,民士达
6,中信证券股份有限公司上海黄浦区淮海中路证券营业部,0.0,0.0,36986590.95,0.047450382518,-36986590.95,当日价格振幅达到30%的前5只股票,920394,民士达
7,中信证券(山东)有限责任公司潍坊分公司,60600.0,7.7744207e-05,21790796.8,0.027955581117,-21730196.8,当日价格振幅达到30%的前5只股票,920394,民士达
8,中信建投证券股份有限公司济南经四路证券营业部,1128583.95,0.001447869045,13624133.84,0.01747850628,-12495549.89,当日价格振幅达到30%的前5只股票,920394,民士达
9,华泰证券股份有限公司成都蜀金路证券营业部,279621.38,0.000358728423,13442152.62,0.01724504117,-13162531.24,当日价格振幅达到30%的前5只股票,920394,民士达
10,国金证券股份有限公司深圳分公司,14580058.58,0.018704869494,10883830.31,0.013962949767,3696228.27,当日价格振幅达到30%的前5只股票,920394,民士达
11,中信证券股份有限公司上海黄浦区淮海中路证券营业部,0.0,0.0,36986590.95,0.047450382518,-36986590.95,当日收盘价涨幅达到20%的前5只股票,920394,民士达
12,中信证券(山东)有限责任公司潍坊分公司,60600.0,7.7744207e-05,21790796.8,0.027955581117,-21730196.8,当日收盘价涨幅达到20%的前5只股票,920394,民士达
13,中信建投证券股份有限公司济南经四路证券营业部,1128583.95,0.001447869045,13624133.84,0.01747850628,-12495549.89,当日收盘价涨幅达到20%的前5只股票,920394,民士达
14,华泰证券股份有限公司成都蜀金路证券营业部,279621.38,0.000358728423,13442152.62,0.01724504117,-13162531.24,当日收盘价涨幅达到20%的前5只股票,920394,民士达
15,国金证券股份有限公司深圳分公司,14580058.58,0.018704869494,10883830.31,0.013962949767,3696228.27,当日收盘价涨幅达到20%的前5只股票,920394,民士达
1,财信证券股份有限公司长沙五一大道证券营业部,36537965.09,0.027961822479,1587091.34,0.00121457137,34950873.75,北交所股票最近3个有成交的交易日以内收盘价涨跌幅偏离值累计达到+40%(-40%),920394,民士达
2,国泰海通证券股份有限公司上海江苏路营业部,35261384.99,0.026984879564,10590431.19,0.008104659255,24670953.8,北交所股票最近3个有成交的交易日以内收盘价涨跌幅偏离值累计达到+40%(-40%),920394,民士达
3,国信证券股份有限公司深圳互联网分公司,34083462.4,0.026083437399,24720267.48,0.018917959148,9363194.92,北交所股票最近3个有成交的交易日以内收盘价涨跌幅偏离值累计达到+40%(-40%),920394,民士达
4,国信证券股份有限公司深圳红岭中路证券营业部,31060310.13,0.023769875412,14241501.67,0.010898755323,16818808.46,北交所股票最近3个有成交的交易日以内收盘价涨跌幅偏离值累计达到+40%(-40%),920394,民士达
5,华泰证券股份有限公司岳阳平江天岳大道证券营业部,30583910.17,0.023405295418,0.0,0.0,30583910.17,北交所股票最近3个有成交的交易日以内收盘价涨跌幅偏离值累计达到+40%(-40%),920394,民士达
6,财信证券股份有限公司长沙五一大道证券营业部,35069403.47,0.044990807928,1581057.34,0.002028350644,33488346.13,当日价格振幅达到30%的前5只股票,920394,民士达
7,华泰证券股份有限公司岳阳平江天岳大道证券营业部,30583910.17,0.039236334012,0.0,0.0,30583910.17,当日价格振幅达到30%的前5只股票,920394,民士达
8,国信证券股份有限公司深圳互联网分公司,27535247.87,0.035325181657,7525937.56,0.009655083284,20009310.31,当日价格振幅达到30%的前5只股票,920394,民士达
9,东北证券股份有限公司佛山分公司,18644605.49,0.023919308043,0.0,0.0,18644605.49,当日价格振幅达到30%的前5只股票,920394,民士达
10,国信证券股份有限公司深圳红岭中路证券营业部,15683587.54,0.0201205953,9227733.86,0.01183833087,6455853.68,当日价格振幅达到30%的前5只股票,920394,民士达
11,财信证券股份有限公司长沙五一大道证券营业部,35069403.47,0.044990807928,1581057.34,0.002028350644,33488346.13,当日收盘价涨幅达到20%的前5只股票,920394,民士达
12,华泰证券股份有限公司岳阳平江天岳大道证券营业部,30583910.17,0.039236334012,0.0,0.0,30583910.17,当日收盘价涨幅达到20%的前5只股票,920394,民士达
13,国信证券股份有限公司深圳互联网分公司,27535247.87,0.035325181657,7525937.56,0.009655083284,20009310.31,当日收盘价涨幅达到20%的前5只股票,920394,民士达
14,东北证券股份有限公司佛山分公司,18644605.49,0.023919308043,0.0,0.0,18644605.49,当日收盘价涨幅达到20%的前5只股票,920394,民士达
15,国信证券股份有限公司深圳红岭中路证券营业部,15683587.54,0.0201205953,9227733.86,0.01183833087,6455853.68,当日收盘价涨幅达到20%的前5只股票,920394,民士达
1,中信证券股份有限公司上海黄浦区淮海中路证券营业部,0.0,0.0,54409719.72,0.041638742612,-54409719.72,北交所股票最近3个有成交的交易日以内收盘价涨跌幅偏离值累计达到+40%(-40%),920394,民士达
2,中信建投证券股份有限公司济南经四路证券营业部,2019207.29,0.001545261638,31354958.74,0.023995364492,-29335751.45,北交所股票最近3个有成交的交易日以内收盘价涨跌幅偏离值累计达到+40%(-40%),920394,民士达
3,国信证券股份有限公司深圳互联网分公司,34083462.4,0.026083437399,24720267.48,0.018917959148,9363194.92,北交所股票最近3个有成交的交易日以内收盘价涨跌幅偏离值累计达到+40%(-40%),920394,民士达
4,国金证券股份有限公司深圳分公司,24217519.51,0.018533215513,23053712.51,0.017642575746,1163807.0,北交所股票最近3个有成交的交易日以内收盘价涨跌幅偏离值累计达到+40%(-40%),920394,民士达
5,中信证券(山东)有限责任公司潍坊分公司,150124.0,0.000114887094,22446681.13,0.017178025964,-22296557.13,北交所股票最近3个有成交的交易日以内收盘价涨跌幅偏离值累计达到+40%(-40%),920394,民士达
6,中信证券股份有限公司上海黄浦区淮海中路证券营业部,0.0,0.0,36986590.95,0.047450382518,-36986590.95,当日价格振幅达到30%的前5只股票,920394,民士达
7,中信证券(山东)有限责任公司潍坊分公司,60600.0,7.7744207e-05,21790796.8,0.027955581117,-21730196.8,当日价格振幅达到30%的前5只股票,920394,民士达
8,中信建投证券股份有限公司济南经四路证券营业部,1128583.95,0.001447869045,13624133.84,0.01747850628,-12495549.89,当日价格振幅达到30%的前5只股票,920394,民士达
9,华泰证券股份有限公司成都蜀金路证券营业部,279621.38,0.000358728423,13442152.62,0.01724504117,-13162531.24,当日价格振幅达到30%的前5只股票,920394,民士达
10,国金证券股份有限公司深圳分公司,14580058.58,0.018704869494,10883830.31,0.013962949767,3696228.27,当日价格振幅达到30%的前5只股票,920394,民士达
11,中信证券股份有限公司上海黄浦区淮海中路证券营业部,0.0,0.0,36986590.95,0.047450382518,-36986590.95,当日收盘价涨幅达到20%的前5只股票,920394,民士达
12,中信证券(山东)有限责任公司潍坊分公司,60600.0,7.7744207e-05,21790796.8,0.027955581117,-21730196.8,当日收盘价涨幅达到20%的前5只股票,920394,民士达
13,中信建投证券股份有限公司济南经四路证券营业部,1128583.95,0.001447869045,13624133.84,0.01747850628,-12495549.89,当日收盘价涨幅达到20%的前5只股票,920394,民士达
14,华泰证券股份有限公司成都蜀金路证券营业部,279621.38,0.000358728423,13442152.62,0.01724504117,-13162531.24,当日收盘价涨幅达到20%的前5只股票,920394,民士达
15,国金证券股份有限公司深圳分公司,14580058.58,0.018704869494,10883830.31,0.013962949767,3696228.27,当日收盘价涨幅达到20%的前5只股票,920394,民士达
1,财信证券股份有限公司长沙五一大道证券营业部,36537965.09,0.027961822479,1587091.34,0.00121457137,34950873.75,北交所股票最近3个有成交的交易日以内收盘价涨跌幅偏离值累计达到+40%(-40%),920394,民士达
2,国泰海通证券股份有限公司上海江苏路营业部,35261384.99,0.026984879564,10590431.19,0.008104659255,24670953.8,北交所股票最近3个有成交的交易日以内收盘价涨跌幅偏离值累计达到+40%(-40%),920394,民士达
3,国信证券股份有限公司深圳互联网分公司,34083462.4,0.026083437399,24720267.48,0.018917959148,9363194.92,北交所股票最近3个有成交的交易日以内收盘价涨跌幅偏离值累计达到+40%(-40%),920394,民士达
4,国信证券股份有限公司深圳红岭中路证券营业部,31060310.13,0.023769875412,14241501.67,0.010898755323,16818808.46,北交所股票最近3个有成交的交易日以内收盘价涨跌幅偏离值累计达到+40%(-40%),920394,民士达
5,华泰证券股份有限公司岳阳平江天岳大道证券营业部,30583910.17,0.023405295418,0.0,0.0,30583910.17,北交所股票最近3个有成交的交易日以内收盘价涨跌幅偏离值累计达到+40%(-40%),920394,民士达
6,财信证券股份有限公司长沙五一大道证券营业部,35069403.47,0.044990807928,1581057.34,0.002028350644,33488346.13,当日价格振幅达到30%的前5只股票,920394,民士达
7,华泰证券股份有限公司岳阳平江天岳大道证券营业部,30583910.17,0.039236334012,0.0,0.0,30583910.17,当日价格振幅达到30%的前5只股票,920394,民士达
8,国信证券股份有限公司深圳互联网分公司,27535247.87,0.035325181657,7525937.56,0.009655083284,20009310.31,当日价格振幅达到30%的前5只股票,920394,民士达
9,东北证券股份有限公司佛山分公司,18644605.49,0.023919308043,0.0,0.0,18644605.49,当日价格振幅达到30%的前5只股票,920394,民士达
10,国信证券股份有限公司深圳红岭中路证券营业部,15683587.54,0.0201205953,9227733.86,0.01183833087,6455853.68,当日价格振幅达到30%的前5只股票,920394,民士达
11,财信证券股份有限公司长沙五一大道证券营业部,35069403.47,0.044990807928,1581057.34,0.002028350644,33488346.13,当日收盘价涨幅达到20%的前5只股票,920394,民士达
12,华泰证券股份有限公司岳阳平江天岳大道证券营业部,30583910.17,0.039236334012,0.0,0.0,30583910.17,当日收盘价涨幅达到20%的前5只股票,920394,民士达
13,国信证券股份有限公司深圳互联网分公司,27535247.87,0.035325181657,7525937.56,0.009655083284,20009310.31,当日收盘价涨幅达到20%的前5只股票,920394,民士达
14,东北证券股份有限公司佛山分公司,18644605.49,0.023919308043,0.0,0.0,18644605.49,当日收盘价涨幅达到20%的前5只股票,920394,民士达
15,国信证券股份有限公司深圳红岭中路证券营业部,15683587.54,0.0201205953,9227733.86,0.01183833087,6455853.68,当日收盘价涨幅达到20%的前5只股票,920394,民士达
1,中信证券股份有限公司上海黄浦区淮海中路证券营业部,0.0,0.0,54409719.72,0.041638742612,-54409719.72,北交所股票最近3个有成交的交易日以内收盘价涨跌幅偏离值累计达到+40%(-40%),920394,民士达
2,中信建投证券股份有限公司济南经四路证券营业部,2019207.29,0.001545261638,31354958.74,0.023995364492,-29335751.45,北交所股票最近3个有成交的交易日以内收盘价涨跌幅偏离值累计达到+40%(-40%),920394,民士达
3,国信证券股份有限公司深圳互联网分公司,34083462.4,0.026083437399,24720267.48,0.018917959148,9363194.92,北交所股票最近3个有成交的交易日以内收盘价涨跌幅偏离值累计达到+40%(-40%),920394,民士达
4,国金证券股份有限公司深圳分公司,24217519.51,0.018533215513,23053712.51,0.017642575746,1163807.0,北交所股票最近3个有成交的交易日以内收盘价涨跌幅偏离值累计达到+40%(-40%),920394,民士达
5,中信证券(山东)有限责任公司潍坊分公司,150124.0,0.000114887094,22446681.13,0.017178025964,-22296557.13,北交所股票最近3个有成交的交易日以内收盘价涨跌幅偏离值累计达到+40%(-40%),920394,民士达
6,中信证券股份有限公司上海黄浦区淮海中路证券营业部,0.0,0.0,36986590.95,0.047450382518,-36986590.95,当日价格振幅达到30%的前5只股票,920394,民士达
7,中信证券(山东)有限责任公司潍坊分公司,60600.0,7.7744207e-05,21790796.8,0.027955581117,-21730196.8,当日价格振幅达到30%的前5只股票,920394,民士达
8,中信建投证券股份有限公司济南经四路证券营业部,1128583.95,0.001447869045,13624133.84,0.01747850628,-12495549.89,当日价格振幅达到30%的前5只股票,920394,民士达
9,华泰证券股份有限公司成都蜀金路证券营业部,279621.38,0.000358728423,13442152.62,0.01724504117,-13162531.24,当日价格振幅达到30%的前5只股票,920394,民士达
10,国金证券股份有限公司深圳分公司,14580058.58,0.018704869494,10883830.31,0.013962949767,3696228.27,当日价格振幅达到30%的前5只股票,920394,民士达
11,中信证券股份有限公司上海黄浦区淮海中路证券营业部,0.0,0.0,36986590.95,0.047450382518,-36986590.95,当日收盘价涨幅达到20%的前5只股票,920394,民士达
12,中信证券(山东)有限责任公司潍坊分公司,60600.0,7.7744207e-05,21790796.8,0.027955581117,-21730196.8,当日收盘价涨幅达到20%的前5只股票,920394,民士达
13,中信建投证券股份有限公司济南经四路证券营业部,1128583.95,0.001447869045,13624133.84,0.01747850628,-12495549.89,当日收盘价涨幅达到20%的前5只股票,920394,民士达
14,华泰证券股份有限公司成都蜀金路证券营业部,279621.38,0.000358728423,13442152.62,0.01724504117,-13162531.24,当日收盘价涨幅达到20%的前5只股票,920394,民士达
15,国金证券股份有限公司深圳分公司,14580058.58,0.018704869494,10883830.31,0.013962949767,3696228.27,当日收盘价涨幅达到20%的前5只股票,920394,民士达
1,东方财富证券股份有限公司拉萨团结路第二证券营业部,7961926.62,0.031148010042,1084261.84,0.004241762113,6877664.78,当日换手率达到20%的前5只股票,920578,巨能股份
2,东方财富证券股份有限公司拉萨团结路第一证券营业部,6511712.35,0.025474598216,2127611.55,0.008323471075,4384100.8,当日换手率达到20%的前5只股票,920578,巨能股份
3,东方财富证券股份有限公司拉萨东环路第一证券营业部,4467535.22,0.017477532579,1686829.3,0.006599078148,2780705.92,当日换手率达到20%的前5只股票,920578,巨能股份
4,东方财富证券股份有限公司拉萨东环路第二证券营业部,3322219.1,0.012996918815,5294610.86,0.02071315149,-1972391.76,当日换手率达到20%的前5只股票,920578,巨能股份
5,平安证券股份有限公司四川分公司,2819484.21,0.011030159744,536187.8,0.002097630859,2283296.41,当日换手率达到20%的前5只股票,920578,巨能股份
1,机构专用,0.0,0.0,9393295.18,0.036747695194,-9393295.18,当日换手率达到20%的前5只股票,920578,巨能股份
2,甬兴证券有限公司宁波和源路证券营业部,0.0,0.0,5449659.04,0.021319718531,-5449659.04,当日换手率达到20%的前5只股票,920578,巨能股份
3,东方财富证券股份有限公司拉萨东环路第二证券营业部,3322219.1,0.012996918815,5294610.86,0.02071315149,-1972391.76,当日换手率达到20%的前5只股票,920578,巨能股份
4,长城证券股份有限公司西北分公司,0.0,0.0,4849149.09,0.018970451721,-4849149.09,当日换手率达到20%的前5只股票,920578,巨能股份
5,财通证券股份有限公司深圳华南大道证券营业部,0.0,0.0,4670685.54,0.01827228095,-4670685.54,当日换手率达到20%的前5只股票,920578,巨能股份
